<?xml version="1.0" encoding="UTF-8"?>
<kml xmlns="http://www.opengis.net/kml/2.2">
  <Document>
    <name>RSD - Czuczor sziget + Duna-Tisza Csatorna</name>
    <Style id="line-FF0014-4000-normal">
      <LineStyle>
        <color>ff1400ff</color>
        <width>4</width>
      </LineStyle>
    </Style>
    <Style id="line-FF0014-4000-highlight">
      <LineStyle>
        <color>ff1400ff</color>
        <width>6</width>
      </LineStyle>
    </Style>
    <StyleMap id="line-FF0014-4000">
      <Pair>
        <key>normal</key>
        <styleUrl>#line-FF0014-4000-normal</styleUrl>
      </Pair>
      <Pair>
        <key>highlight</key>
        <styleUrl>#line-FF0014-4000-highlight</styleUrl>
      </Pair>
    </StyleMap>
    <Placemark>
      <name>Track no. 1</name>
      <description>No info available</description>
      <styleUrl>#line-FF0014-4000</styleUrl>
      <LineString>
        <tessellate>1</tessellate>
        <coordinates>
          19.080168,47.359766,101
          19.080153,47.359748,100.93
          19.080156,47.359746,101.11
          19.080149,47.359728,101.04
          19.080137,47.359696,101.27
          19.080122,47.359667,101.31
          19.080101,47.359632,101.47
          19.080089,47.359611,101.52
          19.080068,47.35959,102.1
          19.080042,47.35957,102.09
          19.080014,47.359551,101.96
          19.07996,47.359544,100.78
          19.079928,47.359538,101.2
          19.079903,47.35953,100.88
          19.079869,47.359521,101.04
          19.079839,47.359524,100.41
          19.079823,47.359536,100.04
          19.079797,47.35955,100.27
          19.079765,47.359545,99.91
          19.079764,47.359523,99.93
          19.079771,47.359511,100.02
          19.079764,47.359516,99.22
          19.079761,47.359533,98.81
          19.079746,47.359535,99.37
          19.079747,47.359542,100.27
          19.079726,47.359556,99.91
          19.079707,47.35956,99.08
          19.079687,47.359566,98.93
          19.079658,47.359564,99.51
          19.079657,47.359556,98.47
          19.07967,47.359548,97.88
          19.079691,47.359537,98.88
          19.079719,47.359523,98.92
          19.079715,47.359504,101.82
          19.0797,47.359508,101.82
          19.079684,47.359519,101.31
          19.079656,47.359532,101.17
          19.079624,47.359548,100.98
          19.079606,47.359559,100.65
          19.079593,47.359572,101.4
          19.079577,47.359589,100.22
          19.079574,47.359574,98.99
          19.079575,47.359558,98.83
          19.07958,47.359542,99.74
          19.079589,47.359528,99.65
          19.079606,47.359516,99.53
          19.079624,47.359514,99.13
          19.079647,47.359517,99.89
          19.079667,47.359521,100.31
          19.079686,47.359526,100.76
          19.0797,47.359536,100.32
          19.079697,47.359549,99.9
          19.07968,47.359554,100.17
          19.079653,47.359554,100.21
          19.079655,47.359547,100
          19.07966,47.359535,99.68
          19.079651,47.359529,99.47
          19.079631,47.359526,98.76
          19.079612,47.359531,99.38
          19.07959,47.359538,98.97
          19.079572,47.35955,99.03
          19.079574,47.359565,100.17
          19.079572,47.359578,99.77
          19.079566,47.359589,99.53
          19.079568,47.3596,100.34
          19.079575,47.359612,99.6
          19.079591,47.359635,98.87
          19.079597,47.35966,98.65
          19.079602,47.359679,98.65
          19.079617,47.35969,99.72
          19.079634,47.359702,99.61
          19.079658,47.359715,98.96
          19.079687,47.359727,99.76
          19.079715,47.359741,100.01
          19.079751,47.359766,99.08
          19.079794,47.3598,99.26
          19.079826,47.359826,98.95
          19.079838,47.359833,99.18
          19.079852,47.359841,99.39
          19.079864,47.359851,100.02
          19.079888,47.359878,99.83
          19.079917,47.359915,100.87
          19.079921,47.359933,99.75
          19.079937,47.359962,100.24
          19.079962,47.359985,100.04
          19.07998,47.360007,100.3
          19.079995,47.360026,98.48
          19.080005,47.360034,98.34
          19.080021,47.360048,98.34
          19.080038,47.360061,98.54
          19.080046,47.360067,98.91
          19.080051,47.360076,98.31
          19.080058,47.360087,98.57
          19.080071,47.360116,98.25
          19.080085,47.360148,98.35
          19.080109,47.360174,99.06
          19.080128,47.360196,98.44
          19.080149,47.360207,99.8
          19.08017,47.360225,98.41
          19.080187,47.360249,98.32
          19.080199,47.36027,98.58
          19.080211,47.36029,98.15
          19.080218,47.360305,98.03
          19.080224,47.360318,97.83
          19.080249,47.360337,98.35
          19.080261,47.360352,98.11
          19.080286,47.360383,99.33
          19.080303,47.360411,99.78
          19.080323,47.360427,99.32
          19.080339,47.36044,98.73
          19.080351,47.360454,98.78
          19.080361,47.360466,99.38
          19.080377,47.360477,99.7
          19.080406,47.3605,99.25
          19.080426,47.360517,98.27
          19.080441,47.360528,98.93
          19.080471,47.360557,98.23
          19.080498,47.360577,98.19
          19.08052,47.360599,98.34
          19.080551,47.360617,98.56
          19.080576,47.360635,98.58
          19.080596,47.360649,98.37
          19.080625,47.360666,98.9
          19.080654,47.36069,98.83
          19.080701,47.360706,97.94
          19.080715,47.360712,98.1
          19.080735,47.36073,97.93
          19.08077,47.360752,97.89
          19.080814,47.360787,97.34
          19.080836,47.360803,97.14
          19.08087,47.360821,97.03
          19.080888,47.360828,97.09
          19.080905,47.360839,96.6
          19.080937,47.360852,97.33
          19.080974,47.360877,97.41
          19.080987,47.360888,97.79
          19.080999,47.360896,97.61
          19.081031,47.360908,98.25
          19.081077,47.360929,97.66
          19.081109,47.360948,96.96
          19.08115,47.360974,97.79
          19.08117,47.360998,97.62
          19.081192,47.361024,98.81
          19.081207,47.361031,98.41
          19.081233,47.36104,99.06
          19.081247,47.361052,98.3
          19.081278,47.36108,98.51
          19.081296,47.361093,98.25
          19.08132,47.361102,98.24
          19.081352,47.361128,97.92
          19.081372,47.361138,97.64
          19.081406,47.361153,97.22
          19.081441,47.361164,97.5
          19.081453,47.361175,97.55
          19.081486,47.361186,96.58
          19.081517,47.361198,96.49
          19.081538,47.361211,96.48
          19.081549,47.361227,96.72
          19.081567,47.361247,97.59
          19.081591,47.361268,97.08
          19.081618,47.361288,98.25
          19.081649,47.36131,98.44
          19.081684,47.361321,99.08
          19.081721,47.361332,98.63
          19.081738,47.361342,98.43
          19.081761,47.36136,98.47
          19.081791,47.361381,97.96
          19.081819,47.3614,98.57
          19.081841,47.361424,97.55
          19.081861,47.361439,98.03
          19.081888,47.361458,98.2
          19.081895,47.361463,98.25
          19.081911,47.361479,98.53
          19.081929,47.361498,97.69
          19.08195,47.361508,98.19
          19.081964,47.36152,98
          19.081984,47.361539,97.95
          19.082007,47.361564,97.29
          19.082023,47.361577,97.58
          19.082046,47.361593,97.43
          19.082072,47.361615,97.06
          19.082111,47.361651,97.24
          19.082146,47.361687,98.28
          19.082166,47.361707,98.22
          19.082191,47.361723,98.06
          19.082219,47.361736,98.59
          19.082227,47.361739,98.25
          19.082243,47.361754,98.78
          19.082263,47.361774,97.61
          19.082276,47.361787,97.73
          19.082307,47.361817,97.31
          19.082326,47.361836,97.36
          19.082337,47.361845,97.2
          19.082349,47.361856,96.82
          19.082362,47.361867,96.78
          19.082375,47.361881,96.92
          19.082393,47.361897,96.83
          19.082409,47.361912,96.86
          19.082425,47.361927,96.73
          19.082441,47.361942,97.02
          19.082471,47.361969,96.98
          19.082539,47.362035,97.81
          19.082571,47.362076,99.02
          19.082596,47.362105,98.07
          19.082621,47.362134,97.64
          19.08265,47.362156,98.82
          19.082664,47.362182,98.36
          19.082673,47.362198,98.05
          19.082687,47.362214,97.77
          19.082707,47.362238,97.03
          19.082735,47.36227,97.14
          19.082742,47.362282,97.72
          19.082758,47.362307,97.07
          19.082773,47.362333,97.03
          19.082794,47.362351,96.78
          19.082807,47.362364,97.28
          19.082819,47.362386,97.45
          19.082837,47.362425,98.07
          19.082862,47.362456,97.94
          19.082886,47.362496,97.91
          19.0829,47.362518,98.16
          19.082913,47.362534,98.33
          19.082923,47.362553,97.77
          19.082938,47.362576,97.22
          19.08295,47.362592,97.57
          19.08297,47.362616,97.5
          19.082977,47.362624,97.57
          19.08299,47.362642,97.73
          19.082998,47.362668,97.4
          19.083009,47.362695,96.77
          19.083023,47.362723,96.74
          19.083041,47.362742,97.15
          19.083077,47.362777,97.89
          19.083094,47.362797,98.63
          19.083104,47.362811,99.1
          19.083121,47.362831,98.18
          19.083131,47.362838,98.37
          19.08315,47.362864,98.28
          19.083166,47.362896,98.48
          19.08318,47.362922,98.14
          19.0832,47.362945,98.23
          19.083222,47.362963,98.01
          19.083244,47.362975,98.01
          19.083272,47.362999,98.73
          19.083293,47.363022,98.58
          19.083321,47.363033,98.6
          19.083347,47.363046,98.11
          19.083361,47.363056,98.1
          19.083386,47.363068,97.94
          19.083401,47.36308,97.72
          19.08342,47.363101,97.92
          19.083433,47.363119,97.69
          19.083452,47.363145,97.53
          19.083482,47.363164,97.68
          19.083509,47.363194,97.33
          19.083525,47.363202,96.61
          19.083538,47.363214,97.51
          19.083556,47.363233,97.3
          19.083577,47.363259,98.67
          19.083595,47.363289,97.99
          19.083617,47.363314,98.63
          19.083641,47.363342,98.19
          19.083654,47.363362,98.63
          19.083676,47.363375,98.55
          19.083705,47.363386,98.78
          19.08373,47.363403,97.92
          19.083736,47.363419,97.94
          19.08375,47.363431,97.67
          19.08378,47.363452,97.34
          19.083808,47.363466,97.91
          19.083822,47.363478,97.71
          19.083852,47.363491,97.77
          19.08388,47.363508,98.75
          19.083904,47.363526,97.6
          19.083926,47.363543,97.31
          19.083942,47.363556,97.09
          19.083966,47.363578,96.78
          19.083985,47.3636,97.14
          19.084012,47.363628,97.83
          19.084029,47.363647,98.29
          19.084044,47.36367,98.23
          19.084049,47.363686,98.28
          19.08407,47.363709,97.67
          19.084098,47.363734,97.45
          19.084113,47.363749,98.04
          19.084144,47.363772,97.66
          19.084173,47.363791,97.67
          19.084188,47.363798,97.49
          19.084197,47.363804,97.05
          19.084215,47.363818,96.76
          19.08424,47.36384,96.69
          19.08427,47.363865,97.13
          19.084301,47.363886,97.35
          19.084322,47.363896,97.21
          19.084347,47.363916,96.62
          19.084359,47.363928,96.76
          19.084379,47.363951,96.97
          19.084398,47.363978,98.44
          19.084414,47.364008,98.76
          19.084432,47.364032,98.68
          19.084452,47.364056,98.67
          19.084464,47.364081,98.57
          19.084481,47.364107,98.14
          19.084499,47.364126,98.32
          19.084514,47.364144,97.55
          19.084528,47.364172,97.58
          19.084549,47.364196,97.55
          19.08457,47.36422,97.51
          19.084589,47.364243,97.62
          19.084613,47.364266,97.54
          19.084641,47.364292,97.41
          19.084673,47.364308,96.84
          19.0847,47.364327,97.96
          19.084729,47.364351,98.44
          19.084755,47.364375,97.42
          19.084784,47.364398,97.43
          19.084814,47.364413,97.93
          19.084843,47.36443,97.72
          19.084866,47.364453,97.63
          19.084885,47.364473,97.09
          19.084902,47.364493,96.8
          19.084921,47.364514,97.16
          19.08494,47.364537,97.75
          19.084965,47.364556,97.97
          19.084971,47.364568,98.27
          19.084988,47.364593,97.57
          19.085008,47.364614,98.31
          19.085032,47.364639,97.91
          19.085057,47.36466,98.42
          19.085078,47.364685,98.2
          19.085114,47.364709,98.29
          19.085145,47.364725,98.07
          19.085173,47.364747,97.31
          19.085205,47.364762,97.59
          19.085214,47.364783,98.01
          19.08522,47.364804,97.66
          19.085244,47.364831,97.69
          19.085273,47.364847,97.59
          19.085282,47.364857,97.81
          19.085304,47.364882,98.03
          19.085338,47.364905,98.15
          19.085364,47.364928,98.67
          19.085384,47.364938,98.99
          19.085408,47.36496,99.06
          19.085428,47.364976,97.28
          19.085452,47.364995,97.52
          19.085461,47.365013,97.46
          19.085488,47.365028,97.55
          19.085495,47.365031,97.82
          19.08551,47.365042,98
          19.085517,47.365057,98.63
          19.085539,47.365081,97.61
          19.085558,47.365105,98.11
          19.085576,47.365116,98.34
          19.085601,47.365138,97.99
          19.085627,47.365163,98.67
          19.085656,47.365186,98.76
          19.085666,47.365201,98.46
          19.085691,47.365223,98.65
          19.085717,47.365242,98.71
          19.08574,47.365256,98.29
          19.085746,47.36527,97.91
          19.085759,47.365282,97.75
          19.08577,47.365292,97.88
          19.085785,47.365307,97.31
          19.085814,47.365329,98.95
          19.085844,47.365352,98.28
          19.085877,47.365363,98.15
          19.085906,47.365377,97.91
          19.085933,47.365397,97.54
          19.085953,47.365416,97.47
          19.08597,47.365428,98.02
          19.085999,47.365463,98.54
          19.086007,47.365476,97.65
          19.086026,47.365497,97.72
          19.086038,47.365518,98.28
          19.086047,47.365534,97.99
          19.086065,47.365559,98.77
          19.086087,47.365582,98.62
          19.08611,47.3656,98.85
          19.086125,47.365609,98.77
          19.08614,47.36563,99.18
          19.086169,47.365654,98.67
          19.086187,47.365667,98.67
          19.086229,47.365698,98.93
          19.086239,47.365709,98.61
          19.086262,47.365723,98.68
          19.086278,47.365736,98.72
          19.086302,47.365759,98.35
          19.086325,47.365779,99.04
          19.086349,47.365792,98.74
          19.086373,47.365809,98.69
          19.086393,47.365834,97.47
          19.086409,47.365863,98.25
          19.08643,47.365886,97.71
          19.086448,47.365898,98.48
          19.086475,47.365917,98.16
          19.086506,47.365936,97.49
          19.086538,47.365954,97.26
          19.086564,47.36597,97.98
          19.086589,47.365989,97.74
          19.086615,47.366009,97.22
          19.086645,47.366025,96.91
          19.086672,47.366043,96.82
          19.086682,47.366059,97.42
          19.086705,47.366077,97.75
          19.086731,47.366086,97.45
          19.086762,47.366106,97.26
          19.086793,47.366126,97.54
          19.086819,47.366147,97.52
          19.086841,47.366164,97.99
          19.086861,47.366171,98.25
          19.086878,47.366179,98.05
          19.086907,47.366194,97.52
          19.086941,47.366216,98.12
          19.086981,47.366233,97.53
          19.087007,47.366251,98.05
          19.087032,47.366266,97.56
          19.087055,47.36628,97.6
          19.087081,47.366298,97.45
          19.087109,47.366316,97.72
          19.08713,47.366324,97.83
          19.087156,47.366332,98.5
          19.087192,47.366338,99.28
          19.087235,47.366358,98.75
          19.08726,47.36637,98.09
          19.087289,47.366382,97.87
          19.087325,47.366396,98.32
          19.087373,47.366411,98.01
          19.0874,47.36642,97.7
          19.087424,47.366431,97.71
          19.087448,47.366443,97.33
          19.087465,47.366449,97.61
          19.087495,47.366465,97.13
          19.087525,47.366481,97.16
          19.087549,47.366496,97.01
          19.087571,47.366512,97.16
          19.087587,47.366523,97.36
          19.087627,47.366557,98.11
          19.08763,47.366572,97.15
          19.087636,47.366591,97.42
          19.087655,47.366617,97.36
          19.087686,47.366644,96.92
          19.087698,47.366649,97.06
          19.087706,47.366658,96.69
          19.087728,47.366678,97.22
          19.087762,47.366712,97.12
          19.087789,47.366736,97.46
          19.087814,47.366761,96.88
          19.087846,47.366776,97.07
          19.087866,47.366783,97.52
          19.087883,47.366793,97.37
          19.087908,47.366817,98.18
          19.087931,47.366847,97.7
          19.087953,47.366873,97.23
          19.087974,47.366894,98.06
          19.087981,47.366908,98.48
          19.088001,47.366931,98.14
          19.088019,47.366953,98.09
          19.088045,47.366986,97.79
          19.088052,47.367007,96.88
          19.088062,47.367021,98.2
          19.088076,47.367041,98.1
          19.0881,47.367057,97.77
          19.088138,47.367094,97.82
          19.088155,47.367117,97.57
          19.088187,47.367143,96.89
          19.088205,47.367159,96.33
          19.088217,47.367168,96.58
          19.088231,47.367189,96.4
          19.088249,47.367213,96.19
          19.08827,47.367234,97.49
          19.088288,47.367256,97.06
          19.088306,47.367282,97.49
          19.088316,47.367296,97.6
          19.088324,47.367306,97.08
          19.088345,47.367333,97.55
          19.088358,47.367359,95.6
          19.088374,47.367383,96.74
          19.088386,47.367407,98.75
          19.0884,47.367433,98.8
          19.08842,47.36746,97.95
          19.088448,47.36749,97.46
          19.088472,47.367508,98.08
          19.088483,47.36752,97.29
          19.088503,47.367543,97.82
          19.088518,47.36757,97.33
          19.088539,47.36759,97.22
          19.088548,47.367601,97.28
          19.088561,47.367619,98.23
          19.088573,47.367642,97.74
          19.088592,47.367665,99.39
          19.088601,47.367681,99.41
          19.08862,47.367705,98.9
          19.088625,47.367718,98.37
          19.088636,47.367736,98.43
          19.088656,47.367765,98.72
          19.088669,47.367801,99.35
          19.088683,47.367824,99.37
          19.088695,47.36784,98.7
          19.08871,47.367864,98.39
          19.088723,47.367878,98.66
          19.088737,47.367885,98.74
          19.088749,47.367893,98.3
          19.088767,47.367917,97.92
          19.088796,47.36795,97.74
          19.088814,47.367984,97.84
          19.088831,47.368011,98.04
          19.088846,47.368038,98.2
          19.088863,47.368048,98.97
          19.088893,47.368076,98.98
          19.088907,47.368095,98.45
          19.088926,47.368114,97.84
          19.088947,47.368131,97.63
          19.088972,47.368155,97.54
          19.088999,47.368175,97.62
          19.089017,47.368186,98.39
          19.089046,47.368204,98.4
          19.089076,47.368222,98.34
          19.089098,47.368244,98.66
          19.089114,47.368255,98.38
          19.089145,47.368277,97.86
          19.089164,47.368288,98.65
          19.089193,47.368302,98.17
          19.089224,47.368322,97.69
          19.089251,47.368348,96.8
          19.089273,47.368371,96.41
          19.089295,47.368389,96.8
          19.089306,47.368414,97.6
          19.089318,47.368428,98.51
          19.089337,47.368454,98.16
          19.089355,47.368483,97.33
          19.089377,47.368502,97.05
          19.089398,47.36852,97.49
          19.089408,47.368528,97.4
          19.089412,47.368534,97.92
          19.089435,47.368552,97.22
          19.089463,47.368575,97.22
          19.089477,47.368604,97.49
          19.089495,47.368629,97.18
          19.08951,47.368656,97.15
          19.089524,47.368671,97.45
          19.089544,47.368696,97.32
          19.08956,47.368727,97.84
          19.089578,47.368753,98.3
          19.089621,47.368777,97.3
          19.089654,47.368797,96.88
          19.089665,47.368805,96.54
          19.089683,47.368823,96.84
          19.089697,47.368846,96.88
          19.089712,47.368868,96.86
          19.089724,47.36889,97.33
          19.089727,47.368913,98.23
          19.089744,47.36894,97.94
          19.089756,47.368961,97.39
          19.08976,47.368977,97.57
          19.089767,47.369002,98.27
          19.089773,47.369018,97.97
          19.089789,47.369035,97.74
          19.089793,47.36905,97.75
          19.089804,47.369076,98.16
          19.089815,47.369091,98.4
          19.089828,47.369115,97.49
          19.089849,47.369132,97.72
          19.089859,47.369154,97.5
          19.089872,47.369165,97.76
          19.089886,47.369185,97.62
          19.089889,47.369201,97.83
          19.089911,47.369229,98.32
          19.089916,47.369243,97.92
          19.089927,47.369262,98.65
          19.089944,47.369286,98.63
          19.089965,47.369297,97.9
          19.089989,47.369318,97.46
          19.089994,47.369334,97.01
          19.090011,47.369357,96.92
          19.090022,47.369369,97.2
          19.090031,47.369379,97.9
          19.090044,47.369394,96.99
          19.090057,47.36942,96.15
          19.090073,47.369438,97.09
          19.090103,47.369457,96.42
          19.090117,47.369472,96.7
          19.090136,47.369493,97.15
          19.090136,47.369513,97.56
          19.090142,47.369542,97.41
          19.090161,47.369566,97.35
          19.090173,47.369579,97.04
          19.090183,47.369604,97.6
          19.090194,47.369632,97.69
          19.090211,47.369655,97.81
          19.090236,47.36969,97.93
          19.090246,47.369705,97.7
          19.090258,47.369731,97.49
          19.090277,47.369766,98.53
          19.09029,47.369776,97.95
          19.090303,47.369783,97.87
          19.090319,47.369805,97.86
          19.090339,47.369836,96.27
          19.090356,47.36986,97.71
          19.090378,47.369876,98.14
          19.090399,47.369895,97.83
          19.090414,47.369914,98.18
          19.090433,47.369943,98.36
          19.090451,47.36997,98.93
          19.090473,47.369984,97.86
          19.090498,47.369994,98.57
          19.090519,47.370019,97.92
          19.090532,47.370048,98.03
          19.090542,47.370062,98.37
          19.090562,47.370079,98.39
          19.090596,47.370114,98.24
          19.090616,47.370144,98.2
          19.09064,47.370161,98.3
          19.090662,47.370189,97.16
          19.090674,47.370208,97.06
          19.090686,47.370231,97.39
          19.090709,47.370254,98.43
          19.090717,47.370268,98.49
          19.09074,47.370289,97.6
          19.090767,47.370304,97.28
          19.090791,47.370321,97.26
          19.090811,47.370328,97.83
          19.090842,47.370344,97.09
          19.09085,47.370357,97.21
          19.090865,47.37037,97.62
          19.090885,47.370387,97.15
          19.090906,47.370409,96.93
          19.090942,47.37044,98.75
          19.090974,47.37046,99.5
          19.090987,47.370481,99.66
          19.090989,47.370501,98.07
          19.090999,47.370522,97.98
          19.091011,47.370536,98.21
          19.091031,47.370558,98.89
          19.091047,47.370579,98.82
          19.091065,47.370599,97.77
          19.091106,47.370629,98.66
          19.091135,47.370643,97.96
          19.09116,47.370668,98.33
          19.091171,47.370681,97.86
          19.091197,47.370696,97.83
          19.091221,47.370716,98.6
          19.091248,47.370732,98.23
          19.091277,47.370744,98.33
          19.091303,47.370762,98.6
          19.091326,47.370778,98.44
          19.091362,47.370801,98.94
          19.091399,47.370819,97.83
          19.091424,47.37084,97.76
          19.091446,47.370859,97.65
          19.091456,47.370866,97.33
          19.091476,47.370882,97.32
          19.091496,47.370897,97.76
          19.091518,47.370909,97.99
          19.091532,47.370919,97.75
          19.091558,47.370932,98.2
          19.09158,47.370948,97.59
          19.091604,47.370963,97.55
          19.091638,47.370987,98.58
          19.091675,47.371001,97.87
          19.091712,47.371015,97.81
          19.09176,47.37103,97.74
          19.091776,47.37104,98.63
          19.09181,47.371058,98.09
          19.091831,47.371065,99.01
          19.091847,47.37107,99.22
          19.091876,47.371081,99.36
          19.091911,47.371097,98.92
          19.091936,47.371104,99.88
          19.091988,47.371126,100.06
          19.092016,47.37114,99.75
          19.092041,47.371153,99.38
          19.092078,47.371165,100.56
          19.092111,47.371171,100.28
          19.092126,47.37117,99.75
          19.092155,47.371174,101.03
          19.092187,47.371191,100.48
          19.092208,47.371199,99.51
          19.092241,47.371209,98.93
          19.09227,47.371224,98.9
          19.092306,47.371248,98.58
          19.092331,47.371267,98.1
          19.092361,47.371295,98.26
          19.092377,47.371315,97.55
          19.092393,47.371342,97.53
          19.092417,47.371378,97.67
          19.092426,47.371392,97.95
          19.092433,47.371407,97.12
          19.092637,47.371556,99.47
          19.092702,47.371572,99.4
          19.092746,47.371588,98.99
          19.092779,47.371606,98.5
          19.092804,47.371627,98.59
          19.092812,47.371644,98.92
          19.092831,47.371669,98.4
          19.092853,47.371688,98.17
          19.092879,47.371705,99.06
          19.092896,47.371716,99.8
          19.092906,47.371729,99.04
          19.092939,47.371758,98.69
          19.092953,47.371765,99.01
          19.092959,47.371772,99.42
          19.092969,47.371781,99.42
          19.092983,47.37179,99.21
          19.093012,47.371807,99.35
          19.09304,47.371828,99.23
          19.093068,47.371845,98.67
          19.093081,47.371862,98.63
          19.093099,47.371884,98.57
          19.093121,47.371903,98.12
          19.093133,47.371916,98.31
          19.093153,47.371937,97.89
          19.093165,47.371953,97.38
          19.093187,47.371979,97.83
          19.093207,47.372016,98.66
          19.093224,47.372046,98.63
          19.093243,47.372066,98.45
          19.093267,47.372078,97.9
          19.0933,47.372093,98.92
          19.093318,47.372103,98.7
          19.093327,47.372112,98.05
          19.093335,47.372121,98.02
          19.093351,47.372147,99.02
          19.093368,47.37217,98.44
          19.09339,47.372195,98.96
          19.09341,47.372223,98.73
          19.093427,47.372241,99.16
          19.093441,47.372265,98.8
          19.093452,47.37228,98.54
          19.093462,47.372291,98.43
          19.093482,47.372316,97.61
          19.093501,47.372351,97.68
          19.093512,47.372386,98.76
          19.093526,47.372408,99.85
          19.093538,47.372427,99.47
          19.093543,47.372446,98.3
          19.093553,47.372464,98.08
          19.093562,47.372475,97.8
          19.093573,47.372485,97.82
          19.093584,47.372498,97.49
          19.093589,47.372515,98.39
          19.093586,47.372533,98.55
          19.093577,47.37255,99.07
          19.093565,47.372564,99.33
          19.093552,47.372577,99.73
          19.093526,47.372595,99.92
          19.093489,47.372611,99.55
          19.093432,47.372631,99.29
          19.093411,47.372641,99.23
          19.093396,47.372648,99.21
          19.093362,47.372658,99.91
          19.093322,47.37267,100.03
          19.093284,47.372683,99.59
          19.093262,47.372693,99.84
          19.093238,47.372697,100.54
          19.093209,47.372703,100.97
          19.093184,47.372705,100.54
          19.093152,47.372711,100.69
          19.093124,47.372714,101.09
          19.093088,47.372718,100.87
          19.093026,47.372728,102.09
          19.092988,47.372738,101.24
          19.092959,47.372744,100.43
          19.092935,47.372747,100.66
          19.092917,47.372751,99.97
          19.092874,47.37276,100.97
          19.092846,47.372765,101.19
          19.092824,47.372766,100.78
          19.092798,47.372769,100.61
          19.092775,47.372775,101.5
          19.092741,47.372779,102.24
          19.092702,47.372785,101.6
          19.092658,47.372786,101.41
          19.092619,47.372794,101.33
          19.092596,47.372798,101.48
          19.092568,47.372804,101.33
          19.092533,47.372815,100.41
          19.092509,47.372822,100.55
          19.092488,47.372827,101.3
          19.092468,47.372829,100.46
          19.092429,47.372835,100.54
          19.092385,47.372841,101.97
          19.092352,47.372848,101.66
          19.092334,47.372855,101.2
          19.092313,47.372862,100.98
          19.092275,47.372867,100.28
          19.092247,47.372873,101.4
          19.092208,47.372871,100.99
          19.092159,47.372876,100.14
          19.092114,47.37288,100.58
          19.09209,47.372877,99.54
          19.092061,47.372879,99.77
          19.092038,47.37288,100.02
          19.092018,47.372882,100.34
          19.091994,47.372886,100.01
          19.091953,47.37289,99.91
          19.091911,47.372892,99.63
          19.091883,47.37289,100.37
          19.091845,47.372885,100.24
          19.091799,47.372881,100.23
          19.091767,47.37288,99.44
          19.091734,47.372877,98.91
          19.091707,47.372875,99.64
          19.091684,47.372874,100.02
          19.091656,47.372874,100.42
          19.091619,47.372872,99.64
          19.091577,47.372875,99.57
          19.09153,47.372881,99.87
          19.091486,47.372886,99.54
          19.091459,47.37289,99.34
          19.091426,47.372899,99.03
          19.091399,47.372905,98.99
          19.091385,47.372902,99.04
          19.091362,47.372898,99.54
          19.091324,47.372894,98.54
          19.091281,47.372892,99.41
          19.091244,47.372894,100.72
          19.0912,47.372895,100.04
          19.09117,47.372899,99.35
          19.091127,47.372908,100.08
          19.091088,47.372911,99.47
          19.091064,47.372911,100.58
          19.091038,47.37291,101.11
          19.090998,47.372917,101.31
          19.090956,47.372923,101.7
          19.090923,47.37293,102.63
          19.090895,47.372939,102.64
          19.09085,47.372945,103.02
          19.090823,47.372943,102.97
          19.090816,47.372944,102.89
          19.090798,47.372946,102.75
          19.090777,47.372949,103.83
          19.090753,47.372953,104.27
          19.090721,47.372955,104.28
          19.090696,47.372967,103.81
          19.090717,47.372982,106.04
          19.090725,47.373002,102.67
          19.090735,47.373007,102.82
          19.090778,47.373016,103.9
          19.090822,47.373027,102.47
          19.090832,47.373035,102.2
          19.090847,47.373042,101.57
          19.090881,47.373061,100.75
          19.090916,47.373094,101.41
          19.090935,47.373125,102.07
          19.090939,47.373149,100.42
          19.090949,47.373165,100.83
          19.09096,47.37317,100.68
          19.090976,47.373175,100.67
          19.091001,47.373182,99.62
          19.091023,47.373191,99.72
          19.091052,47.373212,98.8
          19.091072,47.373235,98.62
          19.091089,47.373256,98.52
          19.091105,47.373286,98.23
          19.091111,47.37331,98.83
          19.09111,47.373327,98.58
          19.091117,47.373342,98.1
          19.091129,47.373358,97.93
          19.091142,47.373372,98.19
          19.091162,47.373399,98.07
          19.091186,47.373419,98.26
          19.091212,47.37344,97.54
          19.091236,47.373455,97.95
          19.09126,47.37347,97.86
          19.091284,47.373477,97.55
          19.091307,47.373486,97.93
          19.091331,47.3735,98.45
          19.091359,47.373516,99.27
          19.091377,47.373526,98.58
          19.091394,47.373541,98.94
          19.091412,47.37355,99.11
          19.091424,47.373563,99.28
          19.091442,47.373582,98.77
          19.091459,47.373606,98.05
          19.091472,47.373631,98.84
          19.091486,47.37365,98.8
          19.091499,47.373666,98.32
          19.091506,47.373683,98.23
          19.091513,47.373702,98.13
          19.09153,47.37372,98.61
          19.091532,47.373726,98.39
          19.091539,47.373745,98.42
          19.09155,47.373771,98.28
          19.091561,47.373786,99.7
          19.091572,47.37381,100.1
          19.091585,47.373832,99.51
          19.091593,47.373843,99.09
          19.091607,47.373856,99.6
          19.091625,47.373873,98.49
          19.091645,47.373891,98.12
          19.091661,47.373903,98.1
          19.09168,47.373917,98.12
          19.0917,47.373932,98.06
          19.091722,47.373948,98.06
          19.09175,47.373963,97.52
          19.091777,47.373985,98.49
          19.091789,47.374004,97.99
          19.091792,47.374017,98.2
          19.091797,47.374033,98.5
          19.091796,47.374058,98.63
          19.091782,47.374072,98.77
          19.091765,47.374074,98.43
          19.091748,47.374069,98.25
          19.091734,47.374062,98.05
          19.09172,47.374052,97.71
          19.091706,47.374039,97.54
          19.091695,47.374026,97.45
          19.091685,47.374012,97.42
          19.091675,47.373995,97.14
          19.091665,47.373979,97.15
          19.091653,47.373953,97.25
          19.091622,47.373917,97.41
          19.091607,47.3739,98.16
          19.091598,47.373884,98.1
          19.091595,47.373863,97.83
          19.091572,47.373838,98.86
          19.091565,47.373828,98.8
          19.091557,47.373819,98.15
          19.091544,47.373807,97.92
          19.091533,47.373796,98
          19.091519,47.37378,97.61
          19.091504,47.37376,97.5
          19.091489,47.37374,97.5
          19.091475,47.373718,97.74
          19.091461,47.373698,98.37
          19.091451,47.37368,99.33
          19.091443,47.373666,99.06
          19.091434,47.373649,98.83
          19.091418,47.373619,99.4
          19.091394,47.373592,98.56
          19.091371,47.37357,98.15
          19.091353,47.373555,98.83
          19.091334,47.373538,98.46
          19.091314,47.373521,98.25
          19.091291,47.373505,97.72
          19.091274,47.373491,97.9
          19.091258,47.373478,97.53
          19.091241,47.373464,98.36
          19.091229,47.373449,98.15
          19.09121,47.37343,98.26
          19.091188,47.37341,98.05
          19.091164,47.373384,98.46
          19.091134,47.373353,98.94
          19.091115,47.373329,98.11
          19.091098,47.373304,97.94
          19.09108,47.373283,97.73
          19.091066,47.373274,97.97
          19.091054,47.373265,97.72
          19.091038,47.373253,97.79
          19.091022,47.373236,97.68
          19.091005,47.373221,98.42
          19.090968,47.373196,98.92
          19.090937,47.373177,98.79
          19.090921,47.373167,99.13
          19.090905,47.37316,99.51
          19.090884,47.373148,100
          19.090867,47.373118,101.25
          19.090844,47.37308,100.96
          19.090827,47.373058,101
          19.090816,47.373049,101.68
          19.090803,47.373039,101.14
          19.090785,47.37303,101.46
          19.09076,47.37302,101.53
          19.09073,47.373009,102.4
          19.090704,47.373002,102.72
          19.090661,47.372994,103.38
          19.090633,47.372982,102.55
          19.090609,47.372972,102.98
          19.090582,47.372963,103.2
          19.090555,47.372957,102.99
          19.090531,47.372949,102.66
          19.090493,47.372938,100.86
          19.090461,47.372926,101.53
          19.090433,47.372918,101.61
          19.090409,47.37291,102.35
          19.09038,47.372903,102.51
          19.090362,47.372894,102.4
          19.090337,47.37289,102.63
          19.090296,47.372883,102.8
          19.090275,47.372876,102.74
          19.090244,47.372859,102.84
          19.090209,47.372839,102.06
          19.090187,47.372825,102.81
          19.090173,47.372814,102.68
          19.09015,47.372802,102.48
          19.090123,47.372789,101.52
          19.090087,47.372769,101.81
          19.090054,47.372752,101.92
          19.090033,47.372738,101.41
          19.090011,47.372724,101.94
          19.089992,47.372714,102.94
          19.089973,47.372706,103.76
          19.089946,47.372696,103.47
          19.089921,47.372688,103.69
          19.089889,47.372683,103.3
          19.08986,47.372676,103.23
          19.089824,47.372669,102.88
          19.089784,47.372663,102.53
          19.089734,47.372656,102.09
          19.089699,47.372648,101.79
          19.08967,47.37264,100.92
          19.089651,47.372636,100.17
          19.089614,47.372635,100.2
          19.089584,47.372633,100.3
          19.089563,47.372634,100.58
          19.089541,47.37263,100.12
          19.088916,47.372027,100.11
          19.088886,47.371999,99.94
          19.088868,47.371986,100.1
          19.088851,47.371975,100.2
          19.088836,47.371964,100.53
          19.088819,47.371949,99.27
          19.0888,47.371936,99.9
          19.088777,47.371923,100.08
          19.088758,47.371913,99.88
          19.088735,47.371902,99.44
          19.088705,47.371887,98.83
          19.088682,47.371875,99.64
          19.088664,47.371863,99.29
          19.088638,47.371838,98.18
          19.088601,47.371807,98.66
          19.088581,47.371792,98.9
          19.088563,47.371779,98.29
          19.088549,47.371769,98.88
          19.088524,47.371743,98.77
          19.088491,47.371723,99.92
          19.088455,47.371704,100.17
          19.088438,47.371699,99.71
          19.088417,47.371693,99.24
          19.088394,47.371689,98.41
          19.088372,47.371684,98.93
          19.088345,47.371675,98.93
          19.088302,47.371654,98.59
          19.088271,47.371636,98.56
          19.088245,47.371619,98.15
          19.088221,47.371599,98.36
          19.088211,47.371586,99.36
          19.088201,47.371572,99.6
          19.088185,47.371544,100.12
          19.088171,47.371516,99.88
          19.088161,47.371495,99.97
          19.088151,47.371465,101.3
          19.088143,47.37144,101.39
          19.088123,47.371416,101.02
          19.088122,47.371399,100.66
          19.088111,47.371372,99.67
          19.088111,47.371343,100.69
          19.088102,47.371318,102.59
          19.088089,47.371305,101.06
          19.088078,47.371295,101.58
          19.088064,47.371282,101.61
          19.088051,47.371271,100.95
          19.088025,47.371237,100.8
          19.08801,47.371221,100.39
          19.087997,47.371209,100.36
          19.087984,47.371186,101.18
          19.087962,47.371162,100.77
          19.087946,47.37115,100.65
          19.087937,47.371136,99.72
          19.087924,47.37112,100.1
          19.087911,47.3711,99.75
          19.087896,47.371081,99.81
          19.087879,47.371066,100.19
          19.087862,47.371047,101.07
          19.087829,47.371018,101.5
          19.087812,47.371001,100.89
          19.087802,47.370985,100.39
          19.08779,47.370965,101.2
          19.087778,47.37095,101.67
          19.087743,47.37093,100.57
          19.08772,47.370911,100.59
          19.087709,47.370897,100.46
          19.087694,47.370883,100.77
          19.08767,47.370863,100.08
          19.087652,47.370848,100.77
          19.087617,47.370823,100.68
          19.087579,47.370796,101.27
          19.087561,47.370782,101.9
          19.087547,47.37077,101.51
          19.087536,47.370757,101.37
          19.087526,47.370743,102.43
          19.087506,47.370713,101.84
          19.08748,47.370678,100.69
          19.087469,47.370656,100.06
          19.087466,47.370643,100.12
          19.087462,47.370628,100.29
          19.087457,47.37061,100.62
          19.087451,47.370589,100.91
          19.087449,47.370564,100.32
          19.087437,47.370539,101.95
          19.08742,47.370516,101.94
          19.087393,47.370483,101.57
          19.08738,47.370453,100.33
          19.087376,47.370444,100.2
          19.087366,47.370431,101.34
          19.087357,47.370417,101.25
          19.087344,47.370395,102.61
          19.087341,47.370357,101.68
          19.087341,47.370322,101.44
          19.08734,47.370293,100.9
          19.087331,47.370267,100.52
          19.087314,47.370257,100.93
          19.087292,47.370235,100.7
          19.08728,47.370211,101.32
          19.087269,47.37019,100.64
          19.087246,47.370177,100.33
          19.08722,47.370159,100.77
          19.087219,47.370145,100.63
          19.087212,47.370118,100.77
          19.087201,47.370093,101.2
          19.087186,47.37007,101.31
          19.087167,47.370047,101.15
          19.087146,47.370022,101.28
          19.08713,47.369992,101.16
          19.087115,47.369966,99.79
          19.087106,47.369959,100.86
          19.087091,47.369942,99.67
          19.08708,47.369924,100.5
          19.087076,47.369909,101.92
          19.087071,47.369897,101.64
          19.08706,47.369877,102.63
          19.087039,47.369848,101.07
          19.087026,47.369835,101.61
          19.087026,47.369802,103.46
          19.087018,47.369782,102.48
          19.086999,47.369766,102.55
          19.086981,47.369743,101.83
          19.08696,47.369722,101.67
          19.086942,47.369705,102.27
          19.086932,47.369694,101.53
          19.086921,47.369683,102.1
          19.086905,47.369669,101.44
          19.086888,47.369653,101.94
          19.086873,47.369639,101.43
          19.086865,47.369628,101.58
          19.086829,47.369606,102
          19.086792,47.369582,101.63
          19.086739,47.369553,101.77
          19.086701,47.369534,102.18
          19.086657,47.369507,102.02
          19.086643,47.369495,101.63
          19.086633,47.369481,102.11
          19.086628,47.369466,102.1
          19.086627,47.369449,101.52
          19.086619,47.369434,101.04
          19.086606,47.369413,101.49
          19.086593,47.369395,101.82
          19.086581,47.369379,101.9
          19.086564,47.369366,102.46
          19.086547,47.369351,101.81
          19.086529,47.369339,101.64
          19.086512,47.369325,101.62
          19.086494,47.369306,101.08
          19.086476,47.369286,101.29
          19.086455,47.369264,101.18
          19.086428,47.369239,100.41
          19.086397,47.36921,101.44
          19.08638,47.369196,101.19
          19.08636,47.369176,101.27
          19.08634,47.369166,101.19
          19.086321,47.369153,100.43
          19.086301,47.36914,100.52
          19.086278,47.36913,100.21
          19.086259,47.36912,101.32
          19.086239,47.36911,100.65
          19.086217,47.369097,100.79
          19.086185,47.369074,100.52
          19.086163,47.369055,101.06
          19.086144,47.36903,100.54
          19.08613,47.368999,101.62
          19.086109,47.368971,102.4
          19.086099,47.368955,101.46
          19.086089,47.368924,101.3
          19.086082,47.368894,101.25
          19.086072,47.368867,100.36
          19.086052,47.368835,99.93
          19.086044,47.368825,100.39
          19.086041,47.368812,100.58
          19.086034,47.368797,100.14
          19.086031,47.368764,100.56
          19.086022,47.368718,101.49
          19.086011,47.368699,101.13
          19.086002,47.368682,100.93
          19.08599,47.368664,100.48
          19.085971,47.368637,100.19
          19.085957,47.368618,100.17
          19.085943,47.368601,100.21
          19.08593,47.368585,100.62
          19.085912,47.368572,100.36
          19.085896,47.368559,100.75
          19.085877,47.368543,100.87
          19.085863,47.368527,101.37
          19.085843,47.368509,101.14
          19.085825,47.368491,100.75
          19.085817,47.368473,101.14
          19.08581,47.36845,100.35
          19.085799,47.368412,100.08
          19.085797,47.368391,100.28
          19.085786,47.368367,100.43
          19.085774,47.368356,101.44
          19.085765,47.368344,100.93
          19.08576,47.368316,100.66
          19.085747,47.368291,101.15
          19.085736,47.368279,100.89
          19.085721,47.368268,101.54
          19.085705,47.368255,101.62
          19.085688,47.368243,101.8
          19.085661,47.368212,102.86
          19.085638,47.368184,101.99
          19.085627,47.368169,102.15
          19.085612,47.368142,101.51
          19.085597,47.368117,101.65
          19.085574,47.368084,101.57
          19.085554,47.368058,100.87
          19.08554,47.36805,101.25
          19.085529,47.368044,101.77
          19.085516,47.368034,102.58
          19.085501,47.36802,101.77
          19.085486,47.368003,101.16
          19.08547,47.367986,100.88
          19.085453,47.367965,101.44
          19.085442,47.367941,102.22
          19.085424,47.367914,102.59
          19.085407,47.367889,101.51
          19.085399,47.367875,101.14
          19.085388,47.367858,101.11
          19.085379,47.367841,100.59
          19.085366,47.36781,102.1
          19.085356,47.367786,101.61
          19.085348,47.367774,101.5
          19.085333,47.367752,100.93
          19.085325,47.367732,101.15
          19.085317,47.367713,100.45
          19.085307,47.367696,99.94
          19.085293,47.367677,100.73
          19.08528,47.36766,100.78
          19.085263,47.36764,100.53
          19.085248,47.367613,101.8
          19.085238,47.367594,101.62
          19.08523,47.367577,101.91
          19.085224,47.367558,100.96
          19.085216,47.367528,100.87
          19.085205,47.367502,100.89
          19.085195,47.367481,101.04
          19.085183,47.367462,100.52
          19.085169,47.367436,100.71
          19.085154,47.367414,101.16
          19.085147,47.367404,101.29
          19.085138,47.367393,100.7
          19.085123,47.367374,100.51
          19.085104,47.367338,100.75
          19.085089,47.367308,100.46
          19.085076,47.367293,101.25
          19.085071,47.36727,100.99
          19.085063,47.367245,100.4
          19.085052,47.367228,100.59
          19.085042,47.367211,100.65
          19.085033,47.36719,100.14
          19.085029,47.36717,99.54
          19.085016,47.367143,99.3
          19.085,47.367122,99.67
          19.084981,47.367109,99.9
          19.084953,47.367094,100.68
          19.084929,47.367081,101.12
          19.084898,47.367061,101.39
          19.084873,47.367045,101.27
          19.084859,47.367031,101.43
          19.084863,47.367022,97.42
          19.084869,47.367009,99.59
          19.084869,47.366991,100.9
          19.084883,47.366979,100.56
          19.084897,47.366961,101.01
          19.084908,47.366938,100.82
          19.084912,47.366922,99.87
          19.084916,47.366907,100.72
          19.084908,47.366886,100.56
          19.084897,47.36687,100.34
          19.084881,47.366846,101.62
          19.084855,47.36682,100.74
          19.084845,47.366811,100.65
          19.084824,47.366796,100.86
          19.084803,47.366779,100.57
          19.084783,47.366763,100.91
          19.084763,47.366742,101.11
          19.084745,47.366713,99.81
          19.084731,47.366686,100.75
          19.084712,47.366646,100.58
          19.084708,47.366605,100.96
          19.084704,47.366583,100.99
          19.084696,47.366563,100.24
          19.084685,47.36655,100.25
          19.084681,47.366545,101.58
          19.084671,47.366539,101.39
          19.084662,47.366529,101.07
          19.084645,47.366513,100.97
          19.084635,47.366493,101.72
          19.08464,47.366469,102.13
          19.084662,47.36644,101.12
          19.084687,47.366411,101.88
          19.084693,47.366396,101.2
          19.084693,47.36638,101.66
          19.084684,47.366365,102.13
          19.084675,47.366353,102.47
          19.084661,47.366337,101.75
          19.084648,47.366319,101.56
          19.08463,47.366301,102.87
          19.084621,47.366285,101.61
          19.084611,47.366267,102.18
          19.084612,47.366252,102.66
          19.084619,47.366236,101.71
          19.084622,47.366216,100.81
          19.084623,47.366198,101.45
          19.084617,47.366172,101.22
          19.084609,47.366143,102.69
          19.084605,47.366116,102.14
          19.08459,47.366095,101.32
          19.084581,47.366081,101.41
          19.084571,47.366055,101.99
          19.084547,47.366025,101.79
          19.084531,47.366014,101.77
          19.084511,47.365998,101.58
          19.084492,47.365985,101.81
          19.084487,47.365971,101.73
          19.084482,47.365949,101.11
          19.084477,47.365931,101.22
          19.084465,47.365918,101.86
          19.084456,47.365899,102.23
          19.08444,47.365886,101.8
          19.084423,47.365873,102.3
          19.084415,47.365856,102.21
          19.084408,47.365829,102.01
          19.084399,47.365799,102.21
          19.084388,47.365781,102.41
          19.084385,47.365759,102.59
          19.084376,47.365736,102.89
          19.084361,47.365703,101.92
          19.084338,47.365673,102.65
          19.084327,47.365653,102.36
          19.084309,47.365638,102.81
          19.084285,47.365625,103.02
          19.084271,47.365612,102.21
          19.084257,47.365599,101.33
          19.084246,47.365581,101.5
          19.084237,47.365563,100.51
          19.084228,47.365546,100.64
          19.084215,47.36553,101.15
          19.084199,47.365513,101.35
          19.084186,47.365497,101.5
          19.084172,47.365481,101.57
          19.084149,47.365453,100.93
          19.084131,47.365425,101.17
          19.08412,47.365405,100.96
          19.084107,47.365392,100.31
          19.084085,47.365371,100.5
          19.084074,47.365353,99.88
          19.084058,47.365333,101.23
          19.084021,47.365306,100.77
          19.084014,47.365292,100.65
          19.084012,47.365277,100.46
          19.084003,47.365253,99.24
          19.08399,47.365237,100.43
          19.08398,47.365226,99.69
          19.083971,47.365209,99.2
          19.083963,47.365188,99.49
          19.083946,47.365167,99.55
          19.083927,47.365146,99.71
          19.083886,47.365116,99.31
          19.083855,47.365089,99
          19.083847,47.365076,99.84
          19.083836,47.365059,99.77
          19.083821,47.365049,99.63
          19.083791,47.365027,98.7
          19.08377,47.36501,99.29
          19.083763,47.364997,100
          19.083758,47.36498,99.82
          19.083747,47.36497,99.61
          19.083738,47.364958,99.2
          19.083714,47.364931,99.33
          19.083688,47.364901,99.59
          19.083669,47.364883,99.93
          19.083656,47.364868,99.66
          19.083648,47.364852,99.6
          19.083643,47.364819,100.64
          19.083633,47.364783,100.83
          19.083624,47.364756,100.62
          19.083597,47.364725,100.94
          19.083581,47.364706,100.16
          19.083566,47.364691,100.06
          19.083549,47.364675,98.8
          19.083539,47.364664,98.42
          19.083526,47.364651,98.97
          19.083511,47.364631,98.9
          19.083496,47.364604,98.72
          19.083489,47.364591,100.15
          19.08349,47.364578,99.4
          19.083498,47.364561,98.95
          19.083506,47.364546,100.05
          19.083507,47.364525,100.01
          19.083503,47.364508,100.27
          19.083493,47.36449,100.22
          19.083499,47.364478,100.28
          19.083495,47.364459,100.86
          19.08348,47.36444,101.33
          19.083465,47.364419,100.11
          19.083446,47.364402,99.05
          19.083431,47.364389,99.27
          19.08341,47.364378,99.38
          19.083395,47.364368,100.64
          19.083372,47.364352,100.28
          19.083341,47.364336,99.9
          19.083307,47.364317,100.51
          19.083286,47.364309,100.65
          19.083265,47.3643,101.19
          19.083252,47.364284,100.86
          19.08326,47.364266,101.91
          19.083261,47.36425,101.14
          19.083261,47.364231,101.99
          19.083271,47.364214,101.94
          19.083276,47.364195,101.64
          19.083249,47.364182,101.03
          19.083263,47.364169,101.36
          19.083294,47.364174,100.72
          19.083274,47.364188,101.65
          19.083248,47.364184,101.54
          19.08326,47.36419,100.52
          19.083287,47.364197,101.22
          19.08327,47.364202,101.61
          19.083245,47.364205,101.58
          19.083223,47.364216,101.75
          19.083219,47.36423,101.48
          19.08322,47.364235,101.85
          19.083228,47.364246,102.24
          19.083249,47.364261,101.56
          19.083245,47.36425,101.96
          19.083237,47.364224,102.88
          19.083239,47.364238,101.82
          19.083247,47.364252,101.69
          19.083232,47.36426,100.75
          19.083226,47.364251,100.41
          19.08322,47.364238,100.67
          19.083221,47.364221,101.36
          19.083219,47.364201,100.54
          19.083214,47.364182,101.24
          19.083208,47.364163,100.63
          19.083203,47.364145,100.81
          19.083195,47.36412,100.97
          19.083198,47.36409,100.19
          19.083199,47.364093,100.64
          19.083199,47.364088,101.44
          19.083202,47.364089,101.95
          19.083211,47.364092,100.97
          19.083212,47.364087,100.45
          19.083211,47.36408,100.37
          19.083207,47.364071,101.37
          19.083203,47.364059,100.72
          19.083197,47.364045,100.48
          19.083185,47.364025,101.05
          19.083173,47.364004,101.42
          19.083168,47.363982,101.43
          19.083166,47.363961,100.37
          19.08316,47.363946,100.5
          19.083158,47.363924,100.29
          19.083155,47.363898,100.28
          19.08315,47.363874,99.79
          19.083143,47.363847,98.96
          19.083142,47.363801,99.46
          19.08315,47.363775,99.16
          19.08316,47.363765,99.19
          19.083176,47.363747,99.98
          19.083192,47.363733,99.65
          19.083209,47.363721,98.99
          19.083232,47.363707,98.55
          19.08326,47.363683,99.21
          19.083281,47.363663,99.23
          19.083293,47.363645,98.8
          19.083304,47.363623,99.04
          19.083319,47.363584,98.24
          19.083334,47.363556,98.85
          19.083345,47.363539,98.19
          19.083369,47.363508,98.2
          19.08339,47.363492,98.9
          19.083407,47.363483,98.84
          19.083438,47.363473,98.91
          19.083466,47.363462,98.28
          19.083486,47.363452,98.42
          19.083502,47.363436,98.4
          19.083516,47.363417,98.67
          19.083519,47.363399,98.27
          19.08351,47.36338,98.19
          19.083503,47.363364,98.72
          19.083493,47.36334,98.6
          19.083477,47.363317,97.95
          19.083466,47.363296,98.35
          19.083452,47.363272,98.12
          19.083423,47.363227,97.02
          19.083405,47.363208,97.79
          19.083391,47.363197,97.86
          19.083372,47.363176,97.77
          19.083351,47.363144,97.92
          19.083333,47.363118,97.65
          19.08332,47.363098,97.65
          19.083305,47.363064,97.88
          19.083297,47.363038,99.32
          19.083291,47.363015,100.33
          19.083282,47.362992,99.83
          19.08327,47.362971,98.64
          19.083259,47.362951,97.76
          19.083243,47.36293,97.96
          19.08323,47.362914,98.28
          19.083228,47.362893,97.13
          19.083217,47.362868,97.28
          19.083203,47.362852,97.19
          19.083189,47.36283,97.53
          19.083166,47.362805,97.47
          19.083143,47.362774,96.99
          19.08313,47.362759,97.26
          19.083108,47.362741,97.18
          19.083098,47.362726,96.55
          19.083074,47.362706,97.18
          19.083055,47.362674,95.53
          19.083039,47.362644,95.97
          19.083039,47.362627,95.4
          19.083034,47.362609,95.26
          19.083026,47.362577,96.6
          19.083027,47.362548,95.97
          19.08301,47.362519,96.11
          19.083006,47.362508,96.45
          19.083,47.362484,96.46
          19.082985,47.362458,96.95
          19.082968,47.362429,96.69
          19.082944,47.362405,95.74
          19.082935,47.362396,95.56
          19.082917,47.362378,95.27
          19.082902,47.36235,96.92
          19.082891,47.362321,96.23
          19.082878,47.362295,97.1
          19.082862,47.362262,97.21
          19.082851,47.362236,96.94
          19.082837,47.362214,97.08
          19.082818,47.362194,97.44
          19.082809,47.362178,97.09
          19.082799,47.362156,96.67
          19.082787,47.362137,96.61
          19.082765,47.362118,96.75
          19.082743,47.362097,96.68
          19.082721,47.362079,96.01
          19.0827,47.362048,97.33
          19.082682,47.362049,95.82
          19.082664,47.362034,96.51
          19.08265,47.36201,95.32
          19.082626,47.361976,96.57
          19.082611,47.361956,96.03
          19.082605,47.361937,94.65
          19.082599,47.361923,94.47
          19.082589,47.361895,94.93
          19.082579,47.361871,97.12
          19.082576,47.361845,97.16
          19.082572,47.36183,97.13
          19.082564,47.361811,96.52
          19.082549,47.361788,96.94
          19.082529,47.361763,96.89
          19.082508,47.361739,97.22
          19.08249,47.361713,96.75
          19.082471,47.361697,97.07
          19.082458,47.361686,96.58
          19.08243,47.361662,97.15
          19.082406,47.361644,97.08
          19.082391,47.361633,97.59
          19.082376,47.361618,97.53
          19.082354,47.361589,97.3
          19.082323,47.361563,97.12
          19.082296,47.36154,96.31
          19.082272,47.36152,96.81
          19.082263,47.361504,96.88
          19.082245,47.361477,97.09
          19.082233,47.361453,97.74
          19.082222,47.361442,97
          19.082194,47.361428,96.9
          19.082163,47.361406,97.24
          19.082148,47.361392,97.13
          19.082121,47.36137,97.61
          19.0821,47.361351,96.8
          19.082069,47.361335,96.6
          19.082035,47.361325,97.41
          19.081997,47.36131,97.64
          19.081967,47.36129,97.22
          19.081936,47.361274,97.64
          19.081905,47.361256,98
          19.081876,47.361238,97.35
          19.081857,47.361227,97.56
          19.081839,47.361215,97.65
          19.081808,47.361197,98.15
          19.081795,47.361183,96.31
          19.081767,47.361154,97.82
          19.081745,47.361131,97.06
          19.081729,47.361112,97.34
          19.081705,47.361088,97.24
          19.081677,47.361067,97.06
          19.081645,47.361056,98.12
          19.081601,47.361037,98.92
          19.081571,47.361025,98.91
          19.081546,47.361012,97.7
          19.081516,47.360997,97.69
          19.081491,47.360984,97.51
          19.081464,47.360973,97.72
          19.081426,47.360957,97.82
          19.081411,47.360949,97.7
          19.081374,47.360937,97.23
          19.081337,47.360923,97.75
          19.081308,47.360904,97.68
          19.08128,47.360874,96.21
          19.081257,47.360856,96.67
          19.081233,47.360846,100.22
          19.081219,47.360838,98.99
          19.08119,47.360823,99.1
          19.08116,47.360807,99.14
          19.081149,47.360793,98.45
          19.081123,47.360773,98.64
          19.081098,47.36075,98.66
          19.08107,47.360727,98.26
          19.081043,47.360704,98.2
          19.081017,47.360683,98.54
          19.080991,47.360664,97.71
          19.080965,47.360644,97.81
          19.080939,47.360625,97.86
          19.080908,47.36061,98.21
          19.080869,47.360595,97.98
          19.08084,47.36058,97.23
          19.080823,47.360572,98.75
          19.080808,47.360562,98.52
          19.080774,47.360544,98.04
          19.080748,47.360526,97.63
          19.080713,47.360509,97.39
          19.080683,47.360492,97.08
          19.080673,47.360479,97.3
          19.080664,47.360465,97.25
          19.08064,47.360442,98.02
          19.080612,47.360417,97.88
          19.080597,47.360402,97.46
          19.080571,47.360372,98.15
          19.080543,47.360343,99.21
          19.080509,47.360323,98.71
          19.080481,47.36031,99.06
          19.080459,47.36028,98.35
          19.080439,47.36026,98.14
          19.080427,47.360249,98.56
          19.080406,47.360237,98.25
          19.080387,47.360224,98.7
          19.080365,47.360204,97.37
          19.08034,47.360183,98.13
          19.080313,47.360165,97.8
          19.080284,47.360146,97.8
          19.080256,47.360128,97.41
          19.080226,47.360114,98.29
          19.080179,47.360088,97.43
          19.080153,47.360079,98.13
          19.080125,47.360066,97.86
          19.080101,47.360051,97.91
          19.08007,47.360041,97.99
          19.080039,47.360025,99.32
          19.080014,47.360008,97.98
          19.079995,47.359997,98.55
          19.07997,47.359981,98.13
          19.079941,47.35996,97.82
          19.079917,47.359934,97.09
          19.079893,47.359906,99.13
          19.079869,47.359877,97.14
          19.079844,47.359857,97.17
          19.079805,47.359843,98.31
          19.079772,47.359832,98.74
          19.079755,47.359821,99.08
          19.079728,47.359803,98.38
          19.079703,47.359778,98.23
          19.079688,47.359762,98.06
          19.079675,47.359749,97.92
          19.079659,47.359734,98.34
          19.079633,47.359713,98.54
          19.079594,47.359688,97.73
          19.079549,47.35967,97.44
          19.079512,47.359661,98.98
          19.079473,47.359642,98.18
          19.079431,47.359627,98.94
          19.079404,47.359604,99.06
          19.079381,47.359576,98.76
          19.079356,47.359549,98.58
          19.079326,47.359518,98.71
          19.079296,47.359483,98.45
          19.079279,47.359447,98.8
          19.079243,47.359424,98.73
          19.079207,47.359405,98.62
          19.079172,47.35939,99.05
          19.079135,47.359369,99.01
          19.079102,47.35935,99
          19.079068,47.359327,97.31
          19.079053,47.359308,97.84
          19.079024,47.359279,97.62
          19.079002,47.359257,96.99
          19.078974,47.359243,97.33
          19.078942,47.359228,97.63
          19.078917,47.359208,97.29
          19.078891,47.359195,98.15
          19.078863,47.359182,98.07
          19.078837,47.359163,98.26
          19.078805,47.359144,98.42
          19.078778,47.359126,97.37
          19.078771,47.359112,96.91
          19.078749,47.359094,96.84
          19.078732,47.359085,97.12
          19.078702,47.359061,97.03
          19.078672,47.359037,97.63
          19.078651,47.359028,97.72
          19.078616,47.359012,97.75
          19.07858,47.358994,97.7
          19.078568,47.358973,97.3
          19.078546,47.358947,96.53
          19.078525,47.358922,96.44
          19.078506,47.3589,95.51
          19.078483,47.358885,97.78
          19.078476,47.358873,97.42
          19.078463,47.358858,97.71
          19.078441,47.358837,96.92
          19.078415,47.358815,97.26
          19.078388,47.358795,97.41
          19.078361,47.358777,96.52
          19.078332,47.358758,96.66
          19.078302,47.358743,96.43
          19.078274,47.358725,96.19
          19.078222,47.358697,96.99
          19.078199,47.358685,97.12
          19.07817,47.358674,96.24
          19.07816,47.358661,97.48
          19.078143,47.358639,97.62
          19.078124,47.358613,96.85
          19.078106,47.358588,97.54
          19.078094,47.358564,98.31
          19.078088,47.358548,97.08
          19.078068,47.358523,96.95
          19.078041,47.358503,96.88
          19.078011,47.358482,97.47
          19.07798,47.358465,96.22
          19.077948,47.358453,96.82
          19.077923,47.358441,97.15
          19.077891,47.358429,97.12
          19.077856,47.358416,97.5
          19.077823,47.358401,98.12
          19.077793,47.358388,98.33
          19.077768,47.358374,97.99
          19.077736,47.358368,98.22
          19.077708,47.358356,97.65
          19.077682,47.358343,96.74
          19.077662,47.35833,96.33
          19.077643,47.358312,97.14
          19.077621,47.35829,96.19
          19.077601,47.358267,96.56
          19.077582,47.358244,96.38
          19.077565,47.358217,97.88
          19.077535,47.358203,98.01
          19.077505,47.358198,97.93
          19.077472,47.358187,98.16
          19.07743,47.358169,97.23
          19.07741,47.358153,97.17
          19.077393,47.358143,96.74
          19.077363,47.358125,97.2
          19.077318,47.358105,97.32
          19.077278,47.358092,96.52
          19.07724,47.358083,96.54
          19.077211,47.358076,96.78
          19.077198,47.358063,95.95
          19.077171,47.358046,96.12
          19.077138,47.358028,95.92
          19.077108,47.358012,96.2
          19.07708,47.357999,97.78
          19.077057,47.357989,96.57
          19.077042,47.35798,96.35
          19.077019,47.357957,96.53
          19.076992,47.357944,96.06
          19.076972,47.357938,97.22
          19.076928,47.357919,96.52
          19.076907,47.357912,97.12
          19.076867,47.357896,97.21
          19.076835,47.357877,97.47
          19.076811,47.357861,97.71
          19.07678,47.357849,97.49
          19.076764,47.357837,97.25
          19.076724,47.357817,96.77
          19.076689,47.357802,96.86
          19.076658,47.357807,97.29
          19.076621,47.357798,97.54
          19.076586,47.357784,96.76
          19.076553,47.357776,97.04
          19.076529,47.357763,95.88
          19.076515,47.35775,96.46
          19.0765,47.357737,96.74
          19.076483,47.357723,95.91
          19.076444,47.357698,96.26
          19.07641,47.357674,97.67
          19.076388,47.35765,99.49
          19.076354,47.357635,97.93
          19.076323,47.357625,97.99
          19.076292,47.357608,97.51
          19.076266,47.357592,97.48
          19.076242,47.357579,98.33
          19.076212,47.357564,98.19
          19.076179,47.357551,98.42
          19.076144,47.357537,97.95
          19.076127,47.357527,97.91
          19.076111,47.357516,97.54
          19.076072,47.357501,97.47
          19.076034,47.357485,97.01
          19.076009,47.357483,96.78
          19.075991,47.357473,96.87
          19.075969,47.357466,96.8
          19.075927,47.357456,97.31
          19.075892,47.357447,96.79
          19.075861,47.357431,96.95
          19.075819,47.357411,97.09
          19.075783,47.357397,97.48
          19.075749,47.357383,96.9
          19.075716,47.357367,97.57
          19.075693,47.357349,96.93
          19.075662,47.357344,97.14
          19.075634,47.357326,98.12
          19.075622,47.357317,98.11
          19.075602,47.357313,98.24
          19.07557,47.357305,98.33
          19.075544,47.357297,98.4
          19.075523,47.35729,98.37
          19.075483,47.357278,97.96
          19.075441,47.357274,98.15
          19.075407,47.357263,98.52
          19.075371,47.357242,96.57
          19.075328,47.357223,96.92
          19.075314,47.357219,96.9
          19.075288,47.357209,96.95
          19.075257,47.357194,97.42
          19.07523,47.357171,95.92
          19.075201,47.357147,97.41
          19.075166,47.357127,97.9
          19.075142,47.357112,97.3
          19.075121,47.357094,97.26
          19.075097,47.357076,97.29
          19.075074,47.357057,96.9
          19.075047,47.357042,97.06
          19.075026,47.357037,97.32
          19.074993,47.357019,96.99
          19.074958,47.356999,97.3
          19.074923,47.356977,97.45
          19.074889,47.356963,97.7
          19.074856,47.356945,98.14
          19.07482,47.356927,96.94
          19.074788,47.356908,97.09
          19.074757,47.356888,96.64
          19.07473,47.356871,96.9
          19.074698,47.356853,97.06
          19.074691,47.356838,97.07
          19.074667,47.356817,96.89
          19.074645,47.356811,97.57
          19.074607,47.356794,98.12
          19.074572,47.356781,98.16
          19.074536,47.356765,97.99
          19.074502,47.356751,97.62
          19.074488,47.356742,97.19
          19.074455,47.356726,97.15
          19.074422,47.356708,97.3
          19.074387,47.356696,97.8
          19.074361,47.356681,97.89
          19.074339,47.356666,97.95
          19.074314,47.356643,97.86
          19.074293,47.356624,97.49
          19.074275,47.356616,97.9
          19.074241,47.356607,98.7
          19.0742,47.356594,98.86
          19.074161,47.356578,99.23
          19.07413,47.356554,98.73
          19.074119,47.356545,98.46
          19.074109,47.356536,98.17
          19.074091,47.356523,98.33
          19.07406,47.356493,97.13
          19.074035,47.356471,97.39
          19.074007,47.35645,97.5
          19.073984,47.356427,97.67
          19.073952,47.3564,97.65
          19.073926,47.356385,97.25
          19.073907,47.356376,97.55
          19.073879,47.356363,97.92
          19.073853,47.356357,98.04
          19.073804,47.356344,97.52
          19.073756,47.356334,98.03
          19.073714,47.356317,98.23
          19.073677,47.356304,98.2
          19.07364,47.356288,98.13
          19.073609,47.356272,98.67
          19.073581,47.356257,98.06
          19.07355,47.356244,98.33
          19.07352,47.356228,98.76
          19.073491,47.356212,97.98
          19.073466,47.356197,97.54
          19.073447,47.356189,97.81
          19.073418,47.35618,98.46
          19.0734,47.356169,97.48
          19.073372,47.356147,97.02
          19.073347,47.356123,97.02
          19.073322,47.356105,99.04
          19.073311,47.356092,98.14
          19.07328,47.356081,98.36
          19.073254,47.35607,98.83
          19.073246,47.356059,98.24
          19.073226,47.356038,97.67
          19.073204,47.356015,97.74
          19.073177,47.355999,96.98
          19.073161,47.355991,96.86
          19.073136,47.355977,97.56
          19.073101,47.355959,98.09
          19.073066,47.355943,98.02
          19.073027,47.355927,97.92
          19.072996,47.35591,97.76
          19.07298,47.355898,98.07
          19.072964,47.35588,97.31
          19.072937,47.355854,97.7
          19.072909,47.355825,97.7
          19.072879,47.355791,97.66
          19.07286,47.355776,97.39
          19.072848,47.35577,98.12
          19.072836,47.355762,97.16
          19.072825,47.355752,96.93
          19.07281,47.355733,97.17
          19.07279,47.355698,97.19
          19.072778,47.355676,96.73
          19.07277,47.355664,96.57
          19.072764,47.35565,96.11
          19.072759,47.355636,95.7
          19.072753,47.355618,95.72
          19.072746,47.355593,95.74
          19.072738,47.355562,95.6
          19.072734,47.355534,95.82
          19.072736,47.355506,97.17
          19.072742,47.355483,96.64
          19.072741,47.355464,96.98
          19.072743,47.355441,97.58
          19.072734,47.355415,97.28
          19.072741,47.355391,96.83
          19.072751,47.355371,97.16
          19.072759,47.355361,97.45
          19.072771,47.355333,97.21
          19.072779,47.355314,97.64
          19.072784,47.355289,98.65
          19.072788,47.355275,98.28
          19.072799,47.355247,98.34
          19.0728,47.35521,98.61
          19.072796,47.355196,98.7
          19.072789,47.355185,98.88
          19.072775,47.355157,98.09
          19.072769,47.35514,97.96
          19.072758,47.355125,97.73
          19.072749,47.355113,98.04
          19.072738,47.355097,97.52
          19.072723,47.35508,97.32
          19.072709,47.355062,97.15
          19.072691,47.355043,97.52
          19.07267,47.355019,97.15
          19.072652,47.354997,97.72
          19.072638,47.354963,97.75
          19.072631,47.354941,97.63
          19.072623,47.354924,97.73
          19.072614,47.354904,97.65
          19.072604,47.354881,97.65
          19.072596,47.354862,97.91
          19.072591,47.354842,97.91
          19.072577,47.354819,97.83
          19.072549,47.354806,97.98
          19.072529,47.354796,97.71
          19.072509,47.354785,98.15
          19.072489,47.354776,98.43
          19.072465,47.354757,98.89
          19.072445,47.354742,98.33
          19.072432,47.354732,98.85
          19.072418,47.354717,98.93
          19.072406,47.354697,98.9
          19.072392,47.354673,98.06
          19.072377,47.354652,98.8
          19.072363,47.354642,98.66
          19.072342,47.354624,98.24
          19.072334,47.35461,98.45
          19.07233,47.354593,98.02
          19.072322,47.354573,98.28
          19.072322,47.354554,97.47
          19.072323,47.354536,96.8
          19.072313,47.354525,97.64
          19.072296,47.354513,97.91
          19.07227,47.354499,98.09
          19.07225,47.354483,97.77
          19.072249,47.354463,97.95
          19.072247,47.354443,97.64
          19.072246,47.354424,98.22
          19.072236,47.354405,98.53
          19.072229,47.354387,98.39
          19.072223,47.354371,98.08
          19.072209,47.354355,97.76
          19.072192,47.354337,97.39
          19.072173,47.354315,98
          19.072162,47.354298,98.38
          19.072155,47.35428,97.5
          19.072149,47.354263,97.98
          19.072141,47.354242,98.17
          19.072129,47.354227,98.26
          19.072115,47.354201,98.05
          19.072094,47.354167,97.77
          19.072076,47.354149,98.34
          19.072063,47.354134,98.05
          19.07205,47.354115,98.84
          19.072035,47.354098,98.15
          19.072021,47.354085,98.03
          19.072005,47.354069,97.75
          19.07199,47.354053,97.34
          19.071969,47.354034,98.11
          19.071945,47.354007,98.11
          19.071921,47.353981,97.21
          19.071904,47.353958,97.73
          19.071889,47.353933,97.59
          19.071882,47.353912,97.22
          19.071878,47.353901,97.53
          19.071868,47.35388,98.5
          19.071859,47.353857,98.38
          19.071844,47.353842,98.31
          19.071835,47.353827,98.68
          19.071826,47.3538,99.27
          19.071808,47.353762,99.52
          19.071796,47.353735,98.9
          19.071784,47.353715,98.59
          19.071779,47.353703,99.23
          19.071773,47.353685,98.76
          19.071763,47.353656,98.76
          19.071745,47.35364,99.13
          19.071736,47.353623,99
          19.071715,47.353597,99.06
          19.071698,47.353569,98.73
          19.071692,47.353539,98.48
          19.071689,47.353513,97.8
          19.071683,47.353493,98.34
          19.071663,47.353473,99.13
          19.071641,47.353461,99
          19.071627,47.35345,98.84
          19.07161,47.353431,99.3
          19.071604,47.353401,99.42
          19.071589,47.353388,98.85
          19.071576,47.35336,99.09
          19.071572,47.353326,99.34
          19.071558,47.353301,99.99
          19.071547,47.353278,99.45
          19.071539,47.353258,99.24
          19.071525,47.353249,99.09
          19.071494,47.353225,98.27
          19.071484,47.353214,98.32
          19.071467,47.353191,98.87
          19.071461,47.353168,98.81
          19.071456,47.353148,98.67
          19.071433,47.353129,99.33
          19.07143,47.353112,99.25
          19.07142,47.353085,99.75
          19.071407,47.353061,100.02
          19.071394,47.353046,100.43
          19.071378,47.35302,100.19
          19.071347,47.352986,100.14
          19.07132,47.352973,99.44
          19.071301,47.352955,99.03
          19.071291,47.352944,98.95
          19.071283,47.352936,99.15
          19.071274,47.352928,99.05
          19.071262,47.352915,98.78
          19.071248,47.352902,98.66
          19.071232,47.352881,98.77
          19.071226,47.352857,98.07
          19.071224,47.352829,98.39
          19.071221,47.352798,99.04
          19.071219,47.35278,98.8
          19.07122,47.352762,98.63
          19.071217,47.352746,98.51
          19.071203,47.352725,99.47
          19.071194,47.352705,99.53
          19.071179,47.352674,98.9
          19.071167,47.352655,100.24
          19.071156,47.352631,100.53
          19.071145,47.352612,100.38
          19.071143,47.352603,99.38
          19.071138,47.352583,99.1
          19.071126,47.352555,99.35
          19.071124,47.352534,98.75
          19.071115,47.352491,100.01
          19.071113,47.352474,99.01
          19.071113,47.352452,98.33
          19.07111,47.352434,98.53
          19.071106,47.352421,99.35
          19.071089,47.352399,99.06
          19.071073,47.352363,97.94
          19.071066,47.352347,98.12
          19.071059,47.352337,98.16
          19.071054,47.352322,98.38
          19.071055,47.352302,98.27
          19.071051,47.352275,98.32
          19.071044,47.352249,98.96
          19.071043,47.352213,99.42
          19.071042,47.352183,99.52
          19.071033,47.352165,99.15
          19.071017,47.352142,99.12
          19.07101,47.352123,98.58
          19.071002,47.352108,98.87
          19.070984,47.352076,98.46
          19.070975,47.352041,99.38
          19.070959,47.352002,99.17
          19.070953,47.35198,98.92
          19.070954,47.351954,98.98
          19.070958,47.351931,99.74
          19.070962,47.351909,100.06
          19.070958,47.351894,99.84
          19.070951,47.351856,99.61
          19.070941,47.351839,99.18
          19.070924,47.351818,99
          19.070911,47.351806,99.08
          19.070896,47.351784,99.11
          19.070885,47.35177,98.88
          19.070877,47.35176,98.73
          19.070869,47.351751,98.77
          19.070864,47.351729,98.62
          19.070856,47.351706,99.71
          19.070856,47.351677,99.91
          19.070848,47.351641,99.65
          19.070839,47.35162,100.01
          19.070844,47.351606,99.66
          19.070845,47.351591,99.69
          19.070843,47.351568,99.06
          19.070844,47.35155,99.87
          19.070834,47.351524,99.46
          19.070831,47.351492,98.65
          19.070821,47.351465,99.49
          19.070817,47.351437,99.05
          19.070817,47.35142,98.48
          19.070815,47.351403,99.59
          19.070808,47.351374,99.06
          19.070801,47.351346,99.11
          19.070788,47.35131,99.34
          19.070791,47.351274,98.99
          19.070785,47.351248,98.94
          19.070776,47.351224,98.32
          19.070771,47.351202,98.79
          19.070765,47.351189,98.89
          19.070756,47.351172,99.01
          19.070751,47.351158,99.97
          19.070751,47.351142,99.28
          19.070754,47.351126,99.98
          19.070764,47.351103,100.49
          19.070773,47.351075,100.99
          19.070784,47.351041,102.18
          19.070784,47.351012,101.94
          19.070788,47.350972,101.5
          19.070788,47.350944,102.2
          19.07079,47.35091,101.98
          19.070779,47.350896,100.82
          19.070774,47.350886,100.77
          19.070773,47.350871,100.02
          19.070769,47.350859,100.37
          19.070766,47.350837,100.84
          19.07076,47.350814,100.22
          19.070754,47.350801,100.13
          19.070752,47.350772,101.19
          19.070739,47.350746,101.05
          19.070729,47.350712,100.22
          19.070723,47.350692,100.74
          19.070719,47.350683,100.7
          19.070714,47.350673,100.76
          19.070706,47.350661,100.77
          19.070697,47.350646,100.4
          19.07069,47.350631,100.72
          19.070682,47.350618,100.83
          19.070692,47.350569,102
          19.070703,47.35054,101.52
          19.070713,47.350517,101.67
          19.070722,47.35049,101.33
          19.070728,47.350462,102.1
          19.070735,47.350443,101.47
          19.070741,47.350416,100.96
          19.070743,47.350397,101.85
          19.070748,47.350378,102
          19.070752,47.350348,101.81
          19.070743,47.350332,101.83
          19.070737,47.350302,102.59
          19.070742,47.350274,102.53
          19.070735,47.350245,102.94
          19.070735,47.350231,103.38
          19.070743,47.350217,103.31
          19.070751,47.350191,103.32
          19.070749,47.350171,102.81
          19.070746,47.350138,103.04
          19.070747,47.350106,102.52
          19.070759,47.350087,103.13
          19.070761,47.350068,103.04
          19.070759,47.350033,102.31
          19.070757,47.35,102
          19.070761,47.349969,101.14
          19.070761,47.349945,101.11
          19.070758,47.349923,101.05
          19.070751,47.349913,101.43
          19.070749,47.349899,100.3
          19.070747,47.349883,100.15
          19.070745,47.349871,100.45
          19.070743,47.349853,99.82
          19.070742,47.349832,100.36
          19.070742,47.349815,100.64
          19.070747,47.349786,100.91
          19.070763,47.349758,100.61
          19.070779,47.349734,101.26
          19.07079,47.349718,101.23
          19.070799,47.349703,100.67
          19.070807,47.349682,101.19
          19.070817,47.349658,100.68
          19.070824,47.34964,101.74
          19.070823,47.349615,102.13
          19.070824,47.34958,101.74
          19.070834,47.349557,100.88
          19.070838,47.349529,101.34
          19.070831,47.349499,101.53
          19.070838,47.349495,100.91
          19.070837,47.349477,101.04
          19.070836,47.349459,100.42
          19.070843,47.349449,100.07
          19.070842,47.349437,100.84
          19.07084,47.349418,100
          19.070841,47.349399,99.47
          19.070846,47.349382,100.63
          19.070841,47.349366,100.5
          19.070841,47.349344,99.89
          19.070839,47.349325,100.15
          19.070841,47.3493,99.98
          19.070844,47.349281,99.49
          19.070846,47.349266,99.48
          19.070851,47.349237,99.72
          19.07086,47.349189,100.73
          19.070863,47.349158,100.44
          19.070857,47.349134,99.73
          19.07085,47.349112,99.72
          19.070853,47.349094,99.63
          19.070856,47.349063,99.86
          19.070845,47.349036,99.18
          19.070837,47.349013,99.2
          19.070834,47.348992,99.02
          19.070827,47.348981,99.56
          19.070819,47.348971,99.79
          19.070811,47.348959,99.87
          19.070802,47.348942,99.82
          19.070794,47.348927,100.49
          19.070783,47.348907,100.65
          19.070771,47.348887,100.37
          19.070764,47.348865,100.06
          19.070767,47.348845,100.46
          19.070775,47.348814,100.89
          19.070788,47.348786,100.13
          19.070812,47.348745,100.66
          19.070815,47.348722,101.54
          19.07082,47.348708,101.02
          19.070821,47.348688,100.52
          19.07082,47.348672,101.17
          19.070817,47.348661,101.48
          19.070813,47.348648,100.9
          19.070809,47.348633,101
          19.070805,47.348615,101.29
          19.070812,47.348595,100.97
          19.070826,47.348574,101.23
          19.070838,47.348561,101.3
          19.070842,47.348547,102.42
          19.070847,47.348518,101.69
          19.070855,47.348496,101.7
          19.070867,47.348479,101.81
          19.070879,47.348461,101.84
          19.070897,47.348428,101.54
          19.070914,47.348389,101.57
          19.070913,47.34836,100.65
          19.070915,47.348332,100.62
          19.070917,47.348313,101.02
          19.070917,47.3483,100.58
          19.070917,47.348286,100.61
          19.070917,47.348271,101.02
          19.070917,47.34825,101.46
          19.070918,47.348231,101.71
          19.070919,47.348212,101.74
          19.070921,47.348186,100.01
          19.070921,47.348155,101.59
          19.07092,47.348136,101.63
          19.070938,47.348107,103.33
          19.070967,47.348083,102.77
          19.070977,47.348072,102.34
          19.070984,47.34806,102.53
          19.070993,47.348048,101.85
          19.070999,47.348033,102.05
          19.071004,47.348015,102.65
          19.071012,47.347994,102.88
          19.071024,47.347971,102.68
          19.071044,47.347939,101.88
          19.071053,47.347921,101.44
          19.07106,47.347901,101.21
          19.071064,47.347878,101.48
          19.071072,47.347858,101.69
          19.071083,47.347838,102.58
          19.071095,47.347811,100.87
          19.071097,47.347784,101.28
          19.071093,47.347769,100.8
          19.071091,47.347753,100.67
          19.071089,47.347732,101.28
          19.07109,47.347712,101.5
          19.071094,47.347696,101.63
          19.071097,47.347678,101.93
          19.071099,47.347658,101.82
          19.071112,47.347632,101.43
          19.07113,47.347619,101.56
          19.071154,47.347607,101.64
          19.071181,47.347595,101.24
          19.071219,47.347581,101.24
          19.071254,47.347564,101.01
          19.07128,47.347546,100.82
          19.071279,47.347531,100.78
          19.071269,47.347521,100.99
          19.071253,47.347508,101.21
          19.071235,47.34748,100.91
          19.071238,47.347458,100.72
          19.07124,47.347443,100.07
          19.07125,47.347423,99.53
          19.07126,47.347405,100.29
          19.071271,47.347387,100.07
          19.071275,47.347369,100.12
          19.071282,47.347352,100.14
          19.071294,47.347332,100.74
          19.071312,47.347315,100.09
          19.071328,47.347301,100.77
          19.071332,47.34728,100.42
          19.071334,47.347265,100.08
          19.071334,47.347251,100.15
          19.071333,47.347236,100.5
          19.071339,47.347213,100.38
          19.07135,47.347192,100.85
          19.07136,47.347177,101.27
          19.071375,47.347156,100.89
          19.071393,47.34714,100.41
          19.071385,47.347108,100.95
          19.071373,47.347085,100.19
          19.071379,47.347079,100.49
          19.071378,47.347067,100.33
          19.071374,47.347054,100.7
          19.071373,47.347039,101.05
          19.07138,47.347021,100.06
          19.071386,47.347004,100.2
          19.071392,47.346988,100.52
          19.071398,47.346973,100.9
          19.071408,47.346956,100.79
          19.071421,47.346933,100.51
          19.071434,47.346912,100.22
          19.071453,47.346891,99.11
          19.071468,47.346873,99.51
          19.071481,47.346854,100.11
          19.071495,47.346831,99.93
          19.071512,47.34681,99.48
          19.071525,47.346789,99.5
          19.071534,47.346768,99.46
          19.071533,47.346745,99.41
          19.071529,47.346725,99.08
          19.07153,47.346707,98.66
          19.071536,47.346689,98.44
          19.071549,47.346664,98.43
          19.07156,47.346643,99.02
          19.071576,47.34662,99.85
          19.071594,47.346602,99.01
          19.071606,47.346588,99.41
          19.071614,47.346571,98.85
          19.071619,47.346553,99.15
          19.071628,47.34653,99.52
          19.071637,47.346504,98.31
          19.071658,47.346478,99.43
          19.071682,47.34647,99.8
          19.071701,47.346443,99.29
          19.071712,47.346422,99.54
          19.071721,47.346413,100.21
          19.071724,47.346391,100.13
          19.071729,47.346363,99.39
          19.071735,47.34635,99.41
          19.071752,47.346316,99.23
          19.071774,47.346292,98.09
          19.071786,47.346273,98.7
          19.071789,47.346259,99.15
          19.071794,47.346244,99.37
          19.071801,47.346227,99.75
          19.071817,47.346201,99.28
          19.071823,47.346182,99.84
          19.071829,47.346162,98.61
          19.071836,47.346146,99.25
          19.071845,47.346129,99.19
          19.071854,47.346112,99.97
          19.071861,47.346097,100.49
          19.071874,47.34607,100.47
          19.071901,47.34604,101.37
          19.071919,47.346018,100.65
          19.07193,47.346006,100.36
          19.07194,47.345994,100.46
          19.071953,47.345979,100.52
          19.071972,47.345959,100.43
          19.071989,47.345939,100.26
          19.072023,47.345911,101.05
          19.072052,47.345884,100.48
          19.072073,47.345864,101.08
          19.072079,47.345854,99.8
          19.072087,47.34584,100.32
          19.072098,47.345824,100.42
          19.072108,47.345809,100.62
          19.072118,47.34579,99.99
          19.072125,47.345769,100.08
          19.072135,47.34575,99.93
          19.072146,47.345725,99.59
          19.072163,47.345704,99.67
          19.072176,47.345686,98.93
          19.072186,47.345672,99.6
          19.072193,47.345655,99.4
          19.072197,47.345642,99.13
          19.0722,47.345626,98.92
          19.072204,47.345606,99.01
          19.07221,47.345586,99.69
          19.072225,47.345562,100
          19.07224,47.345538,100.33
          19.072253,47.345518,99.94
          19.072259,47.345489,98.38
          19.072247,47.345471,98.89
          19.072245,47.345457,98.55
          19.072248,47.345442,99.78
          19.072251,47.345428,100.35
          19.072256,47.345411,99.61
          19.072269,47.345399,99.72
          19.072285,47.345379,99.91
          19.072299,47.345362,100.29
          19.07232,47.34535,99.46
          19.072339,47.345332,99.79
          19.072346,47.345319,99.64
          19.072355,47.345302,100.15
          19.072366,47.345283,100.35
          19.072377,47.345262,100.44
          19.072392,47.345241,100.73
          19.07241,47.345222,100.82
          19.072428,47.345203,100.68
          19.072444,47.345187,100.66
          19.072465,47.345171,100.93
          19.072488,47.345156,100.93
          19.072513,47.34514,100.76
          19.072541,47.345123,99.6
          19.072554,47.345107,99.98
          19.072567,47.345095,100.38
          19.072578,47.345076,100.04
          19.072585,47.345058,100.23
          19.07259,47.345043,100.33
          19.0726,47.345029,100.99
          19.072616,47.345019,100.93
          19.072647,47.345006,101.41
          19.072677,47.344992,101.97
          19.072697,47.344984,101.48
          19.072707,47.344974,100.68
          19.072716,47.344958,100.41
          19.072733,47.344931,100.57
          19.07275,47.344919,100.35
          19.072766,47.344911,99.74
          19.072779,47.3449,100.48
          19.072787,47.344887,100.64
          19.072795,47.344872,100.92
          19.072813,47.344854,100.01
          19.072831,47.344838,100.27
          19.072852,47.344822,99.41
          19.072878,47.344805,100.14
          19.072901,47.344789,99.76
          19.072923,47.34477,99.58
          19.072936,47.344753,99.11
          19.072958,47.344732,98.8
          19.072981,47.344704,99.71
          19.072994,47.344689,99.88
          19.073013,47.344659,99.94
          19.073031,47.344617,100.02
          19.073043,47.344601,100.33
          19.073075,47.344584,101.18
          19.073097,47.344571,100.57
          19.073108,47.344561,100.11
          19.073117,47.344549,100.36
          19.073131,47.344524,100.47
          19.073143,47.344506,100.25
          19.073156,47.344483,100.12
          19.073167,47.344465,100.42
          19.073177,47.344451,101.32
          19.073195,47.34444,101.12
          19.073221,47.344425,100.07
          19.073244,47.34441,100.23
          19.073271,47.344392,98.96
          19.07329,47.344378,99.2
          19.073308,47.344362,100.47
          19.073345,47.344345,99.83
          19.073364,47.344329,100.78
          19.073376,47.344306,100.45
          19.073394,47.344285,100.92
          19.073402,47.344273,100.39
          19.073438,47.344249,100.56
          19.07345,47.344226,100.86
          19.07346,47.344207,101.01
          19.073489,47.344186,101.38
          19.07352,47.344165,101.84
          19.073542,47.344145,102.99
          19.073552,47.344116,100.97
          19.07357,47.344094,101.6
          19.073584,47.344078,102.41
          19.073601,47.344065,102.19
          19.073619,47.344047,102.33
          19.073628,47.344036,102.42
          19.07366,47.34401,101.83
          19.073677,47.343985,102.05
          19.073696,47.343963,102.17
          19.073716,47.343931,103.19
          19.073739,47.343903,103.05
          19.073762,47.343883,102.1
          19.073772,47.343872,102.65
          19.073783,47.343855,103.71
          19.073808,47.343835,102.74
          19.07383,47.343811,102.56
          19.073835,47.343798,102.62
          19.073847,47.343782,103.98
          19.073858,47.343765,103.35
          19.073874,47.343748,102.69
          19.073896,47.343728,103.61
          19.073909,47.343716,103.05
          19.073917,47.343705,103.53
          19.073931,47.343691,103.92
          19.073945,47.343678,103.57
          19.073967,47.343659,103.25
          19.073984,47.343644,103.73
          19.074,47.343632,104.42
          19.074034,47.343611,104.05
          19.074057,47.343588,104.11
          19.074065,47.34358,103.83
          19.074083,47.343559,103.44
          19.07411,47.343532,103.5
          19.074127,47.343515,103.8
          19.074154,47.343492,102.59
          19.074179,47.343471,102.44
          19.074201,47.343449,102.89
          19.074216,47.343428,104.33
          19.074231,47.343417,103.76
          19.074259,47.343394,103.3
          19.074278,47.343371,103.74
          19.074305,47.343336,104.17
          19.074312,47.343335,104.99
          19.07433,47.343322,104.3
          19.074347,47.343302,104.46
          19.074355,47.343282,105.27
          19.074394,47.343249,104.83
          19.074434,47.34323,105.24
          19.074454,47.343211,105.32
          19.074476,47.343189,105.54
          19.074508,47.343159,105.86
          19.074521,47.343145,105.82
          19.074524,47.343129,106.24
          19.074537,47.3431,105.39
          19.074552,47.343084,105.37
          19.074577,47.343065,105.43
          19.074598,47.343042,104.95
          19.074629,47.34302,104.57
          19.074649,47.343004,105.13
          19.07466,47.342983,105.33
          19.074665,47.342963,104.99
          19.07467,47.342955,104.25
          19.07468,47.342944,103.84
          19.074689,47.342932,104.05
          19.074703,47.342917,104.23
          19.074716,47.342902,104.05
          19.07475,47.342872,105.6
          19.074774,47.342853,105.57
          19.074804,47.342828,106.21
          19.074826,47.342815,106.38
          19.074844,47.3428,106.53
          19.07487,47.342771,107.3
          19.074889,47.342741,106.89
          19.074907,47.342716,106.15
          19.074931,47.342689,105.43
          19.074955,47.342665,105.54
          19.074971,47.342647,105.43
          19.074989,47.342631,107.03
          19.075026,47.342612,105.78
          19.075058,47.342589,106.55
          19.07508,47.34257,107.23
          19.075103,47.342556,107.43
          19.075132,47.342531,107.2
          19.075154,47.342511,107.73
          19.07517,47.342493,108.14
          19.075197,47.34247,107.85
          19.075212,47.342452,109.23
          19.075242,47.342415,108.18
          19.07525,47.342388,107.86
          19.075265,47.342367,107.7
          19.075273,47.342357,107.53
          19.075286,47.342347,107.2
          19.075309,47.342321,107.17
          19.075322,47.342299,106.82
          19.075323,47.34229,107.31
          19.075324,47.342279,107.01
          19.075326,47.342266,106.93
          19.075333,47.342242,106.78
          19.075344,47.342218,106.75
          19.075366,47.342198,106.47
          19.075394,47.342173,106.33
          19.07541,47.342157,106.41
          19.075428,47.342137,106.41
          19.075452,47.342113,106.84
          19.075478,47.342096,106.96
          19.075518,47.342071,107.1
          19.075551,47.342058,106.67
          19.075568,47.342052,106.63
          19.07559,47.342044,106.88
          19.075621,47.342029,106.62
          19.075654,47.342007,107
          19.07568,47.341989,107.55
          19.075697,47.341969,107.98
          19.075707,47.341954,108.41
          19.075717,47.341944,108.61
          19.075728,47.34193,107.94
          19.075749,47.341914,107.98
          19.075779,47.341891,107.54
          19.075804,47.341864,107.23
          19.075821,47.341834,106.69
          19.075855,47.341797,107.74
          19.075884,47.341772,106.87
          19.075886,47.341763,108.12
          19.075898,47.341754,107.52
          19.075913,47.341739,107.56
          19.075934,47.341716,107.64
          19.075962,47.341685,106.33
          19.07599,47.341659,106.81
          19.076008,47.341635,107.03
          19.07604,47.341613,106.94
          19.07604,47.34161,107.17
          19.076047,47.341603,107.12
          19.076063,47.341586,106.36
          19.07607,47.341572,106.97
          19.076078,47.341549,107.47
          19.076087,47.341523,107.12
          19.076103,47.341484,107.67
          19.076115,47.341451,107.97
          19.076128,47.341421,107.37
          19.076133,47.341404,107.96
          19.076143,47.34138,108.37
          19.076163,47.341354,108.44
          19.076187,47.341318,107.47
          19.076217,47.341281,107.23
          19.076249,47.341254,107.66
          19.076269,47.34124,107.31
          19.076287,47.341233,107.46
          19.076305,47.341223,108.67
          19.076339,47.341211,108.04
          19.076386,47.341187,108.65
          19.076425,47.341156,108.9
          19.076448,47.34113,107.43
          19.076445,47.341123,107.84
          19.076453,47.341109,108.43
          19.076474,47.341099,107.64
          19.076492,47.341089,108.14
          19.076521,47.341066,108.07
          19.076552,47.341038,107.79
          19.076573,47.341025,107.14
          19.076599,47.340998,107.1
          19.076622,47.34097,107.98
          19.076645,47.340946,107.39
          19.076659,47.340933,107.84
          19.076669,47.340925,108.36
          19.076707,47.340905,108.78
          19.076723,47.340878,109.84
          19.076733,47.340854,108.45
          19.076747,47.340838,108.9
          19.076769,47.340822,108.01
          19.07679,47.340804,106.7
          19.076799,47.340786,107.58
          19.076821,47.340775,106.89
          19.076823,47.340768,107.21
          19.076833,47.340758,106.87
          19.076861,47.340738,106.66
          19.076893,47.34071,106.88
          19.076912,47.340694,107.1
          19.076939,47.340671,107.44
          19.076965,47.340652,106.96
          19.076975,47.340642,107.66
          19.077,47.340621,107.51
          19.077024,47.3406,108.18
          19.07704,47.340586,107.39
          19.077058,47.340565,107.09
          19.07708,47.340537,107.97
          19.0771,47.340519,107
          19.077119,47.340503,106.71
          19.077132,47.340488,106.89
          19.077141,47.340475,107.41
          19.077157,47.340449,107.99
          19.077187,47.340419,106.83
          19.077203,47.340395,106.8
          19.077217,47.340368,106.35
          19.077226,47.340345,107.15
          19.077235,47.34034,107.27
          19.077247,47.34032,106.74
          19.077259,47.340293,106.95
          19.077281,47.340275,107.89
          19.077304,47.340253,108.83
          19.07731,47.340228,108.94
          19.077318,47.340209,107.97
          19.077333,47.340199,107.19
          19.077347,47.340175,106.83
          19.07737,47.340146,107.46
          19.077391,47.340126,107.08
          19.077401,47.340112,107.2
          19.077419,47.340073,106.84
          19.077428,47.340073,105.96
          19.077442,47.340059,106.34
          19.077448,47.340041,106.77
          19.077467,47.340013,106.54
          19.077474,47.339997,106.98
          19.07749,47.339968,107.03
          19.077509,47.339949,107.42
          19.077534,47.339932,106.82
          19.077545,47.339916,107.1
          19.077547,47.339898,107.09
          19.077558,47.339874,107.06
          19.077571,47.339847,106.91
          19.077596,47.339807,105.94
          19.077617,47.339784,106.61
          19.077636,47.339767,105.47
          19.077649,47.339747,105.34
          19.077666,47.339728,105.81
          19.077678,47.339705,105.83
          19.077693,47.339683,106.71
          19.077707,47.339671,107.32
          19.07772,47.339663,107.27
          19.077716,47.33964,106.35
          19.077719,47.339612,106.44
          19.07774,47.339573,106.73
          19.077754,47.339556,107.59
          19.077766,47.339532,106.86
          19.077765,47.33952,107.71
          19.077771,47.339497,106.68
          19.077779,47.339465,107.15
          19.077788,47.339436,107.27
          19.077792,47.339406,107.96
          19.077814,47.339382,107.97
          19.077838,47.339361,107.82
          19.07785,47.339351,107.33
          19.077868,47.339333,107.86
          19.077896,47.339308,107.76
          19.077919,47.339278,108.58
          19.077937,47.339251,108.29
          19.077944,47.339237,108.36
          19.077944,47.339228,109.35
          19.077959,47.339213,108.72
          19.077994,47.339189,108.48
          19.078019,47.339166,107.93
          19.078035,47.339158,108.17
          19.078057,47.339136,108.63
          19.078074,47.339108,108.71
          19.078108,47.339075,108.33
          19.078129,47.339052,108.42
          19.078155,47.339023,107.31
          19.078149,47.339017,107.88
          19.078155,47.339005,107.13
          19.078161,47.338992,106.92
          19.078166,47.338978,107.78
          19.078186,47.338954,107.37
          19.078199,47.33893,106.83
          19.078217,47.338905,106.57
          19.078235,47.338882,106.81
          19.078247,47.338868,107.25
          19.078256,47.338859,106.09
          19.078276,47.338841,105.96
          19.078307,47.338804,106.3
          19.078333,47.338774,106.63
          19.078344,47.338746,106.94
          19.078349,47.338714,106.64
          19.078351,47.338688,105.75
          19.078351,47.338675,106.1
          19.078378,47.338647,107.58
          19.078396,47.338623,107.05
          19.078407,47.338603,107
          19.078401,47.338587,106.64
          19.078403,47.338562,106.14
          19.078402,47.338542,106.98
          19.078406,47.338522,106.71
          19.078429,47.338477,106.21
          19.078461,47.338427,106.88
          19.078466,47.338418,106.63
          19.078477,47.338409,106.77
          19.078489,47.338401,106.63
          19.078494,47.338379,105.83
          19.078505,47.338362,105.85
          19.078521,47.338334,105.85
          19.078534,47.338308,105
          19.078539,47.338286,105.52
          19.078561,47.338263,105.45
          19.078585,47.338243,104.79
          19.078622,47.338224,104.66
          19.078646,47.338205,104.82
          19.078664,47.338183,105.24
          19.078693,47.338154,104.57
          19.078719,47.338134,104.16
          19.078755,47.338107,104.67
          19.078759,47.338093,104.82
          19.07877,47.33808,104.74
          19.078783,47.338059,106.04
          19.078788,47.338042,106
          19.078787,47.338029,105.8
          19.078788,47.338019,105.01
          19.078808,47.337994,105.08
          19.078814,47.337977,105.5
          19.078825,47.337956,105.31
          19.078842,47.337932,105.26
          19.078848,47.337903,105.75
          19.078856,47.33788,105.58
          19.07886,47.337864,105.89
          19.078886,47.337828,104.82
          19.078911,47.337798,104.79
          19.078932,47.33776,104.86
          19.078955,47.337741,105.38
          19.078977,47.337721,105.49
          19.078992,47.337697,105.59
          19.079009,47.337672,105.14
          19.079018,47.337657,105.43
          19.079035,47.337629,106.52
          19.079043,47.337591,106.36
          19.079055,47.337561,106.85
          19.079074,47.337542,107.35
          19.079104,47.337517,107.64
          19.079123,47.3375,106.91
          19.07913,47.337492,107.93
          19.079142,47.337483,108.03
          19.07916,47.337461,106.86
          19.079178,47.33744,106.73
          19.079197,47.337428,107.45
          19.079213,47.337413,107.36
          19.079238,47.337384,106.65
          19.079249,47.337368,105.88
          19.079257,47.337345,106.75
          19.079257,47.33733,107.56
          19.079258,47.337303,107.72
          19.079269,47.337278,107.66
          19.079281,47.337265,108.44
          19.079288,47.337251,108.08
          19.079289,47.337234,108.07
          19.079301,47.337204,108
          19.07931,47.337177,107.42
          19.079313,47.337159,106.87
          19.079327,47.337123,105.96
          19.079342,47.337082,106.01
          19.079353,47.337048,108.34
          19.079384,47.33702,107.92
          19.07941,47.337005,109
          19.07944,47.336979,109.07
          19.079451,47.336961,108.92
          19.07948,47.336916,108.63
          19.079488,47.336887,108.75
          19.079492,47.336864,106.8
          19.079499,47.336855,106.64
          19.079504,47.336845,107.14
          19.079513,47.336825,107.49
          19.079524,47.336791,106.81
          19.079543,47.336772,107.47
          19.079567,47.33675,107.03
          19.079568,47.336735,107.17
          19.079575,47.336709,107.19
          19.079586,47.336688,105.84
          19.079587,47.336677,106.29
          19.079589,47.33666,105.53
          19.079593,47.336643,105.9
          19.079606,47.336612,105.92
          19.079624,47.336581,104.62
          19.079641,47.336553,104.23
          19.079659,47.336525,106.77
          19.079699,47.336498,104.9
          19.079722,47.336486,105.68
          19.079748,47.336472,104.67
          19.079778,47.336445,105.55
          19.079796,47.336427,105.2
          19.079825,47.336403,104.48
          19.079852,47.33638,104.34
          19.079876,47.336358,103.68
          19.079881,47.336334,104.18
          19.079876,47.336323,105.33
          19.079888,47.336311,104.91
          19.079902,47.336288,104.17
          19.079917,47.336261,106.36
          19.079942,47.336234,105.78
          19.079956,47.336215,107.52
          19.079966,47.336201,108.61
          19.079983,47.336191,107.92
          19.080007,47.336168,107.85
          19.080019,47.336143,107.52
          19.080033,47.336125,107.36
          19.080035,47.33611,108.5
          19.080054,47.336095,107.96
          19.080078,47.336071,107.94
          19.080097,47.336055,108.03
          19.080131,47.336036,108.28
          19.080157,47.336021,108.38
          19.080193,47.335997,108.26
          19.080229,47.335975,108.01
          19.080256,47.335944,107.38
          19.080291,47.335906,108.38
          19.080301,47.335889,108.64
          19.080307,47.335868,107.77
          19.08031,47.335857,107.54
          19.080321,47.335838,107.84
          19.080336,47.335831,107.86
          19.080349,47.33582,109.19
          19.080365,47.335813,108.61
          19.080394,47.335795,108.2
          19.080433,47.33577,108.21
          19.080436,47.335755,108.92
          19.080456,47.335735,108.7
          19.080463,47.335722,108.36
          19.08048,47.335702,108.49
          19.080508,47.335677,107.78
          19.080539,47.335652,108.18
          19.080562,47.335629,107.94
          19.08058,47.335604,107.24
          19.080606,47.335579,107.06
          19.080632,47.335555,106.91
          19.080663,47.335532,106.77
          19.080698,47.335519,107.51
          19.080719,47.335513,107.47
          19.080731,47.335499,107.12
          19.080758,47.335468,107.6
          19.08077,47.335452,107.23
          19.080796,47.335423,108.24
          19.080811,47.335403,108.65
          19.080828,47.335392,110.1
          19.080843,47.335376,109.85
          19.080869,47.335357,110.04
          19.080893,47.335337,109.72
          19.080898,47.335324,109.56
          19.080912,47.335308,109.42
          19.080941,47.335279,109.66
          19.080964,47.335254,109.52
          19.080987,47.335231,109.39
          19.081017,47.335213,109.53
          19.081049,47.335189,108.75
          19.081069,47.335164,108.92
          19.08108,47.335143,109.58
          19.081083,47.33513,109.95
          19.081106,47.33511,110.22
          19.081134,47.33509,109.63
          19.08116,47.335071,109.65
          19.081185,47.335054,109.66
          19.081214,47.335031,109.77
          19.081239,47.335009,109.69
          19.081264,47.334978,109.98
          19.081276,47.334959,109.44
          19.081294,47.334943,109.54
          19.081312,47.334936,109.75
          19.081325,47.334921,109.7
          19.081352,47.334902,110.05
          19.08138,47.33488,109.95
          19.081404,47.334859,110
          19.081422,47.334825,109.83
          19.081435,47.334798,109.58
          19.081453,47.334771,109.77
          19.08147,47.334749,109.55
          19.081483,47.33473,108.8
          19.081505,47.334697,108.11
          19.081539,47.334679,107.19
          19.081574,47.334657,107.03
          19.081587,47.334641,108.04
          19.081616,47.334621,108.45
          19.081635,47.334612,107.54
          19.081649,47.3346,108.23
          19.081684,47.334582,108.39
          19.081719,47.334563,108.93
          19.081754,47.334542,108.15
          19.081769,47.334529,108.4
          19.08178,47.33452,108.3
          19.081793,47.334503,108.32
          19.081816,47.334479,107.8
          19.08184,47.334452,106.86
          19.081853,47.334437,107.06
          19.081867,47.334423,106.82
          19.081889,47.33441,106.55
          19.081935,47.334381,107.51
          19.081956,47.334373,106.48
          19.081988,47.334352,108.08
          19.082013,47.334345,107.56
          19.082037,47.334339,107.65
          19.082081,47.334323,108.08
          19.082119,47.334304,107.59
          19.082155,47.334283,106.18
          19.08218,47.334259,106.21
          19.08221,47.334237,106.07
          19.082234,47.334227,106.62
          19.082251,47.334223,106.53
          19.082268,47.334202,107.04
          19.08228,47.334187,106.6
          19.082291,47.334177,106.64
          19.082314,47.334166,105.43
          19.082345,47.334154,105.84
          19.082431,47.334141,106.96
          19.082466,47.334133,106.5
          19.08248,47.334125,106.15
          19.082494,47.334116,106.68
          19.08251,47.33411,106.58
          19.082525,47.334102,106.39
          19.082538,47.334094,106.8
          19.082567,47.334076,107.39
          19.082584,47.334066,107.09
          19.082611,47.334053,107.56
          19.082652,47.334035,107.11
          19.082711,47.334001,107.72
          19.082764,47.333968,107.18
          19.082807,47.333945,108.15
          19.08285,47.333925,107.6
          19.082878,47.333906,107.85
          19.082902,47.333888,106.25
          19.082916,47.333875,106.77
          19.082925,47.333864,106.12
          19.082934,47.333852,106.12
          19.082949,47.333831,106.69
          19.082963,47.333821,106.44
          19.08298,47.333814,106.71
          19.083006,47.333799,107.87
          19.083034,47.333783,107.54
          19.08305,47.333768,106.57
          19.083089,47.333736,107.07
          19.083103,47.333716,106.27
          19.08311,47.333691,107.26
          19.083124,47.333672,107.05
          19.083131,47.333661,107.23
          19.083141,47.33365,107.72
          19.083149,47.333637,108.68
          19.083161,47.333621,108.15
          19.083176,47.333603,108.6
          19.083187,47.333586,108.54
          19.083199,47.333566,108.35
          19.083208,47.333546,108.13
          19.083218,47.333525,107.61
          19.083224,47.333508,108.19
          19.083227,47.333489,107.18
          19.083229,47.33347,107.87
          19.083238,47.333449,107.78
          19.08325,47.333431,108.08
          19.083271,47.333414,108.15
          19.083299,47.33339,107.95
          19.083324,47.333373,107.24
          19.083346,47.333355,107
          19.083384,47.333333,108.06
          19.083452,47.333302,108.4
          19.08348,47.333291,108.4
          19.083501,47.333279,108.54
          19.083515,47.333261,107.13
          19.083527,47.333266,106.18
          19.083567,47.333263,106.89
          19.083595,47.333265,106.94
          19.083589,47.333275,105.21
          19.083574,47.33328,105.34
          19.083536,47.333297,106.33
          19.083503,47.333309,108.08
          19.083502,47.333323,106.97
          19.083488,47.333316,107.23
          19.083472,47.333321,107.57
          19.083454,47.333326,108.16
          19.083432,47.333334,108.45
          19.083405,47.333346,109.28
          19.083396,47.333363,108.9
          19.083402,47.333377,108.91
          19.083416,47.333388,109.24
          19.083432,47.333407,108.06
          19.083426,47.33342,107.51
          19.083413,47.333424,108.07
          19.083386,47.333431,107.76
          19.083366,47.333435,107.64
          19.083347,47.333448,107.97
          19.08333,47.333462,108.36
          19.083306,47.33347,108.81
          19.083285,47.333483,109.22
          19.083269,47.333497,108.45
          19.083257,47.333508,108.69
          19.083246,47.333519,108.38
          19.083234,47.333536,108.39
          19.083212,47.333556,107.73
          19.083187,47.333575,107.74
          19.083166,47.333597,108.54
          19.083148,47.333624,109.27
          19.083124,47.333662,107.12
          19.083118,47.333673,107.73
          19.083112,47.333686,108.03
          19.083103,47.333719,108.22
          19.083101,47.333718,108.28
          19.083093,47.333727,107.29
          19.083084,47.333736,107.38
          19.083069,47.333744,108.23
          19.083061,47.333756,106.9
          19.083056,47.333772,106.72
          19.083047,47.333794,106.57
          19.083042,47.333814,107.16
          19.08304,47.333827,106.58
          19.083035,47.333839,105.9
          19.083029,47.333851,105.93
          19.083017,47.333868,106.03
          19.083001,47.333884,106.44
          19.082978,47.3339,106
          19.082955,47.333917,106.67
          19.082924,47.33394,107.87
          19.0829,47.333953,107.59
          19.082876,47.333969,107.42
          19.082846,47.333981,107.06
          19.082822,47.333994,107.36
          19.082799,47.334008,108.52
          19.082775,47.334019,107.68
          19.082756,47.334032,107.35
          19.082729,47.33405,107.6
          19.082703,47.334069,106.92
          19.082675,47.334087,107.22
          19.082644,47.334123,106.42
          19.082639,47.334134,105.69
          19.082255,47.334268,106.62
          19.082225,47.334288,106.66
          19.082207,47.334303,106.93
          19.082189,47.334318,107.52
          19.082168,47.334334,107.45
          19.082143,47.334344,107.39
          19.082106,47.334353,107.09
          19.082062,47.334364,106.41
          19.082038,47.334378,105.88
          19.082021,47.334391,107.1
          19.082004,47.33441,106.92
          19.08198,47.334436,107.69
          19.081956,47.334458,108.26
          19.081934,47.334477,107.82
          19.081916,47.334481,107.72
          19.081903,47.334488,107.32
          19.081885,47.334494,108.3
          19.081866,47.334494,108.45
          19.081841,47.334495,107.4
          19.081813,47.334501,107.43
          19.081791,47.334511,108.46
          19.081762,47.334526,108.09
          19.081726,47.334545,108.92
          19.081693,47.334558,108.75
          19.081675,47.334574,108.3
          19.081674,47.334589,107.65
          19.081687,47.334605,107.78
          19.081701,47.334614,107.65
          19.081708,47.33463,108.44
          19.081709,47.33463,107.09
          19.081692,47.334647,107.13
          19.081664,47.334663,108.9
          19.081642,47.334662,108.05
          19.081618,47.33467,107.95
          19.081602,47.334682,107.68
          19.081587,47.334696,108.41
          19.081568,47.33471,108.6
          19.08155,47.334725,108.56
          19.081523,47.334741,108.39
          19.081493,47.334758,109.14
          19.081459,47.334782,110.1
          19.081428,47.334809,110.24
          19.081407,47.334825,109.65
          19.081368,47.334852,109.32
          19.081358,47.334864,109.03
          19.081356,47.334873,110.16
          19.081339,47.33489,110.67
          19.081309,47.334911,109.93
          19.08129,47.334925,110.61
          19.081278,47.334937,110.08
          19.081259,47.334957,110.6
          19.081213,47.334998,109.31
          19.081187,47.335018,109.97
          19.081163,47.335049,109.96
          19.081158,47.335062,109.43
          19.081149,47.335073,110.07
          19.081127,47.335092,109.66
          19.081109,47.335106,110.77
          19.08109,47.335117,110.47
          19.081062,47.335133,110.32
          19.081026,47.335154,110.59
          19.081009,47.335165,110.56
          19.080994,47.335176,110.13
          19.080979,47.335189,110.06
          19.080954,47.335211,109.72
          19.080926,47.335233,109.14
          19.080901,47.335257,110.1
          19.080877,47.335281,109.18
          19.080864,47.335303,110.73
          19.08084,47.33533,110.91
          19.080823,47.335338,110.68
          19.080784,47.335356,109.09
          19.080758,47.335369,110.12
          19.080741,47.33538,110.13
          19.080708,47.335402,109.09
          19.08069,47.335417,109.08
          19.080671,47.335433,108.74
          19.080647,47.335463,108.66
          19.080624,47.33549,108.63
          19.080609,47.335507,109.17
          19.080594,47.335521,109.04
          19.08058,47.335536,109.23
          19.080567,47.335551,109.87
          19.080536,47.335577,109.09
          19.08051,47.3356,109.9
          19.080498,47.335618,109.64
          19.080469,47.335642,109.67
          19.08045,47.335663,108.93
          19.080425,47.335697,108.7
          19.080409,47.335717,108.47
          19.080399,47.335733,108.95
          19.08038,47.335749,108.54
          19.080365,47.335766,109.01
          19.080352,47.335786,109.04
          19.080344,47.335801,109.37
          19.080333,47.33582,109.1
          19.080318,47.335848,109.6
          19.080307,47.33587,110.4
          19.080292,47.335885,111.31
          19.080275,47.335891,110.46
          19.080256,47.335898,110.42
          19.080224,47.335914,110.87
          19.080201,47.335933,109.84
          19.080184,47.335948,109.4
          19.08016,47.335972,109.44
          19.080137,47.336,110.04
          19.080122,47.336015,109.92
          19.080099,47.33604,109.83
          19.080079,47.336068,110.33
          19.080077,47.336081,110.26
          19.080061,47.336101,109.3
          19.080038,47.336128,109.49
          19.080026,47.336145,109.14
          19.080008,47.33617,109.58
          19.079986,47.336207,108.2
          19.079972,47.336221,107.83
          19.079947,47.336236,108.53
          19.07991,47.336263,108.49
          19.079879,47.336302,107.61
          19.07985,47.336335,106.68
          19.079828,47.336354,106.02
          19.07981,47.33637,105.59
          19.079799,47.336389,106.46
          19.079797,47.336399,106.27
          19.079789,47.336418,106.13
          19.07978,47.336433,106.15
          19.079766,47.336449,106.33
          19.07975,47.336469,106.58
          19.079739,47.336492,106.94
          19.079723,47.336517,107.42
          19.079676,47.336549,105.58
          19.079644,47.336569,106.52
          19.079625,47.336585,105.9
          19.079602,47.336603,106.75
          19.079589,47.336621,106.87
          19.079562,47.336649,106.22
          19.079551,47.336678,106.68
          19.079549,47.336694,107.44
          19.079545,47.336704,107.33
          19.07954,47.336716,107.4
          19.079521,47.336743,108.47
          19.079502,47.336781,107.79
          19.079493,47.336804,108.05
          19.079456,47.336853,107.37
          19.079458,47.336858,107.82
          19.07944,47.336876,107.61
          19.079422,47.336896,107.23
          19.079412,47.336922,107.45
          19.079403,47.336943,107.61
          19.079392,47.336959,107.21
          19.07939,47.336974,107.11
          19.079366,47.33701,107.19
          19.079342,47.337035,107.52
          19.07933,47.337063,107.34
          19.079306,47.337097,107.28
          19.079276,47.337136,108.52
          19.079265,47.337163,108.25
          19.079256,47.337186,107.92
          19.079264,47.337191,107.81
          19.079262,47.337197,107.06
          19.079254,47.337207,107.3
          19.079243,47.33722,107.6
          19.079224,47.33723,107.87
          19.079207,47.337253,108.23
          19.079186,47.337272,107.86
          19.079177,47.337287,107.99
          19.079157,47.337309,107.62
          19.079142,47.337328,107.77
          19.079134,47.33735,107.88
          19.079118,47.337382,108.06
          19.0791,47.337426,107.92
          19.079093,47.337454,107.78
          19.079083,47.337481,108.44
          19.079068,47.337505,108.56
          19.079057,47.337537,109.13
          19.079033,47.337565,109.41
          19.079021,47.337583,108.67
          19.079008,47.337607,108.94
          19.079006,47.337618,108.81
          19.078999,47.337631,108.86
          19.078986,47.337665,108.92
          19.078971,47.337686,107.92
          19.078949,47.33772,106.75
          19.078922,47.337757,106.32
          19.078896,47.337785,105.91
          19.078876,47.337803,105.12
          19.078867,47.337819,105.92
          19.078868,47.337837,106.51
          19.078862,47.337863,106.5
          19.078847,47.337892,107.43
          19.078829,47.337921,106.75
          19.078819,47.337943,106.37
          19.078795,47.337962,105.6
          19.078783,47.337986,106.23
          19.078772,47.337994,106.34
          19.078753,47.33802,105.42
          19.078729,47.338042,106.05
          19.078706,47.338071,105.41
          19.078692,47.338088,105.29
          19.078662,47.338113,105.47
          19.078642,47.338138,105.17
          19.07863,47.338164,105.01
          19.07861,47.338182,105.36
          19.078591,47.3382,105.18
          19.078578,47.338216,104.16
          19.078571,47.33823,104.89
          19.078566,47.338242,104.84
          19.078553,47.33826,105.19
          19.078538,47.338282,105.87
          19.078531,47.3383,104.46
          19.078524,47.338308,105.99
          19.078523,47.338316,105.46
          19.078513,47.338331,106.18
          19.078511,47.338336,105.63
          19.078502,47.338354,105.45
          19.078517,47.338387,106.12
          19.07851,47.338415,104
          19.078506,47.338435,103.71
          19.078501,47.338459,104.28
          19.078496,47.338482,104.86
          19.078479,47.338496,105.26
          19.078462,47.338516,107.2
          19.078435,47.338543,106.94
          19.078398,47.338572,105.69
          19.078366,47.338607,105.66
          19.07835,47.338629,105.36
          19.078333,47.338655,105.82
          19.078317,47.338688,106.08
          19.078294,47.338722,105.75
          19.078276,47.338754,105.81
          19.078256,47.338789,105.45
          19.078241,47.338816,106.51
          19.078231,47.338842,106.8
          19.07822,47.338863,105.52
          19.078216,47.338875,106.2
          19.078213,47.338888,106.81
          19.07821,47.338906,106.72
          19.078206,47.338915,108.07
          19.078188,47.338928,106.54
          19.078166,47.338948,106.37
          19.078143,47.338973,107.35
          19.078127,47.338987,107.67
          19.078102,47.339005,107.44
          19.07807,47.339032,107.8
          19.078044,47.339054,107.21
          19.078037,47.33907,106.57
          19.078026,47.339094,107.38
          19.078019,47.339122,107.6
          19.078012,47.339139,108.09
          19.077996,47.339154,108.32
          19.077979,47.339176,109.19
          19.077966,47.339192,109.21
          19.077953,47.339214,108.45
          19.077929,47.339241,108.56
          19.077907,47.33927,108.96
          19.077896,47.33929,108.75
          19.077889,47.339305,108.81
          19.077876,47.339322,108.68
          19.077855,47.339345,108.58
          19.07783,47.339368,108.23
          19.077818,47.339405,108.54
          19.077803,47.339443,108.33
          19.077781,47.339476,108.37
          19.077749,47.339498,108.64
          19.077732,47.339523,107.9
          19.077716,47.339543,107.04
          19.077699,47.339564,106.98
          19.07767,47.33958,107.14
          19.077643,47.3396,106.52
          19.07763,47.339632,105.52
          19.077627,47.33965,105.88
          19.077613,47.339674,106
          19.0776,47.339686,105.98
          19.077594,47.3397,106.11
          19.077584,47.339715,106.32
          19.077581,47.339732,107.09
          19.07757,47.33975,107.2
          19.077556,47.33977,107.99
          19.07755,47.339784,107.36
          19.077532,47.339811,107.47
          19.077522,47.339831,107.56
          19.077512,47.339851,107.06
          19.077481,47.339876,106.52
          19.077467,47.339899,106.68
          19.07746,47.339923,106.98
          19.077441,47.339949,106.56
          19.077427,47.33996,106.61
          19.077426,47.339974,106.98
          19.07742,47.339989,106.84
          19.077406,47.340013,105.88
          19.077389,47.340036,106.29
          19.077367,47.340079,105.68
          19.077346,47.340098,105.43
          19.077355,47.340097,106.03
          19.077351,47.340119,105.73
          19.077346,47.340138,106.46
          19.077333,47.340167,106.19
          19.077314,47.340189,107.34
          19.077298,47.340203,106.74
          19.077286,47.340231,106.09
          19.077279,47.340262,106.95
          19.077269,47.340288,106.79
          19.077259,47.340312,106.53
          19.077245,47.340339,106.44
          19.077234,47.340364,107.01
          19.077223,47.340384,106.41
          19.077204,47.340399,107.72
          19.077168,47.340419,107.68
          19.077108,47.34046,107.59
          19.077081,47.340477,107.66
          19.077062,47.340495,107.67
          19.077061,47.340506,107.64
          19.077048,47.340529,107.56
          19.077033,47.340538,107.16
          19.077006,47.340558,107.39
          19.076982,47.340589,105.84
          19.076956,47.340613,106.25
          19.076939,47.34063,106.26
          19.076919,47.340652,105.83
          19.076891,47.340697,106.26
          19.07687,47.340712,106.73
          19.076858,47.340722,106.92
          19.076837,47.340737,106.34
          19.076804,47.340759,106.16
          19.076789,47.340772,106.53
          19.076763,47.340783,107.12
          19.076732,47.340811,109.25
          19.076718,47.340826,108.41
          19.076697,47.340851,108.22
          19.076674,47.340869,107.26
          19.076659,47.340883,108.54
          19.076649,47.340893,107.96
          19.076637,47.340908,106.96
          19.076613,47.340936,106.45
          19.076589,47.340961,107.15
          19.07658,47.340975,107.63
          19.07657,47.340986,107.3
          19.076553,47.340999,107.26
          19.076538,47.341023,107.14
          19.076534,47.341039,106.8
          19.076516,47.341066,107.35
          19.076491,47.34109,107.17
          19.076458,47.341123,107.11
          19.076449,47.34114,108.67
          19.076433,47.341154,107.74
          19.076409,47.341176,108.17
          19.076369,47.341201,107.36
          19.076342,47.341219,107.9
          19.076321,47.341237,106.86
          19.076295,47.341254,106.41
          19.07627,47.341274,107.32
          19.076249,47.34129,108.14
          19.076237,47.341302,108.3
          19.076214,47.341327,106.7
          19.076207,47.341343,107.62
          19.076202,47.341362,107.68
          19.076189,47.341379,107.66
          19.076168,47.341403,107.75
          19.07614,47.341435,107.04
          19.076118,47.341467,106.95
          19.0761,47.341497,107.25
          19.076079,47.34153,106.53
          19.076063,47.341557,106.83
          19.076051,47.341584,106.5
          19.076037,47.341607,106.07
          19.076028,47.341618,106.25
          19.076017,47.341631,106.14
          19.076009,47.341643,107.57
          19.075997,47.341649,107.12
          19.075973,47.341664,106.63
          19.075934,47.341691,105.63
          19.075891,47.341735,105.74
          19.075875,47.341757,105.69
          19.075864,47.341777,105.38
          19.075848,47.341795,106.44
          19.075831,47.341806,106.42
          19.075806,47.341826,106.33
          19.075787,47.341847,106.35
          19.075769,47.341865,106.51
          19.07575,47.341888,106.47
          19.075727,47.341906,107.06
          19.075713,47.341929,106.76
          19.075696,47.341951,107.12
          19.07568,47.34196,106.96
          19.075671,47.341973,106.5
          19.075658,47.341986,106.68
          19.075644,47.341996,106.79
          19.075633,47.342008,106.57
          19.075616,47.34202,105.6
          19.075591,47.342034,105.19
          19.075561,47.342062,105.46
          19.075548,47.342089,106.12
          19.07553,47.342118,106.34
          19.075489,47.342144,105.79
          19.075463,47.342165,106.11
          19.075438,47.342184,105.77
          19.075415,47.342205,106.85
          19.0754,47.342226,106.26
          19.075384,47.34225,106.76
          19.075365,47.342279,105.65
          19.075351,47.342296,106.02
          19.075339,47.342306,105.82
          19.075318,47.34232,106.49
          19.075312,47.342326,106.64
          19.075304,47.342339,106.9
          19.075286,47.342359,107.01
          19.075235,47.342399,105.8
          19.075219,47.342413,107.59
          19.07519,47.342425,107.62
          19.075156,47.342442,107.29
          19.075134,47.34247,107.18
          19.07511,47.3425,107.18
          19.075067,47.34254,107.62
          19.07504,47.342552,107.1
          19.075018,47.342567,107.43
          19.075007,47.342583,107.47
          19.075004,47.342593,107.17
          19.07497,47.342616,107.15
          19.074913,47.342655,105.83
          19.074894,47.342676,105.95
          19.074882,47.342696,105.48
          19.074871,47.342721,106.23
          19.074853,47.342744,106
          19.074846,47.342755,106.4
          19.074837,47.342769,105.48
          19.074825,47.342782,105.76
          19.07479,47.342814,105.55
          19.074771,47.342839,106.97
          19.074755,47.342854,106.34
          19.07473,47.34287,107.3
          19.074692,47.342897,105.94
          19.07468,47.342909,106.3
          19.074669,47.342917,105.19
          19.074665,47.34292,105.54
          19.074653,47.342927,104.45
          19.074627,47.342943,104.46
          19.074595,47.342966,103.67
          19.074577,47.342977,104.66
          19.074559,47.342988,104.52
          19.074545,47.343003,104.05
          19.074533,47.343019,105.07
          19.074503,47.34304,104.3
          19.074481,47.34307,104.59
          19.074472,47.343091,104.78
          19.074463,47.343111,104.69
          19.074453,47.34313,103.84
          19.074437,47.343158,103.98
          19.07442,47.343186,103.93
          19.074414,47.343201,103.69
          19.074406,47.343212,103.29
          19.074393,47.343223,103.38
          19.074371,47.343237,103.64
          19.074341,47.343257,105.8
          19.074284,47.343286,105.22
          19.074258,47.343267,106.06
          19.074242,47.343268,105.72
          19.074232,47.343285,104.59
          19.074211,47.34331,104.5
          19.074194,47.343332,104.54
          19.074203,47.343331,105.19
          19.074219,47.343321,105.38
          19.074241,47.343318,105.42
          19.07427,47.343324,105.97
          19.074276,47.343345,105.21
          19.074272,47.343364,103.72
          19.074269,47.343377,104.26
          19.074266,47.343387,104.39
          19.074247,47.343406,103.87
          19.074232,47.343422,102.77
          19.074216,47.34344,102.02
          19.074191,47.343464,102.16
          19.074159,47.34349,103.4
          19.074146,47.343501,104.12
          19.074129,47.34351,102.9
          19.074101,47.343529,102.75
          19.074066,47.343551,102.64
          19.074048,47.343565,103.02
          19.074026,47.34358,102.77
          19.073991,47.343606,103.98
          19.073975,47.343619,103.06
          19.07395,47.343634,103.7
          19.073923,47.343656,103.55
          19.073908,47.34367,103.4
          19.073898,47.343683,103.47
          19.073869,47.343712,103.39
          19.073848,47.343736,102.83
          19.073813,47.343761,102.25
          19.073784,47.343785,102
          19.073767,47.34381,101.81
          19.073754,47.343837,103.4
          19.073744,47.343858,102.44
          19.07372,47.343878,103.07
          19.073706,47.343899,103.49
          19.073693,47.343921,102.67
          19.07368,47.343941,102.81
          19.073671,47.343967,102.84
          19.07365,47.343997,103.01
          19.073636,47.344021,103.02
          19.073623,47.344038,103.23
          19.073609,47.344046,102.72
          19.073589,47.344062,102.28
          19.073564,47.344079,102.23
          19.073543,47.344105,102.42
          19.073522,47.344128,102.29
          19.07349,47.344157,101.48
          19.073465,47.344175,101.47
          19.073443,47.344195,102.4
          19.07342,47.344214,101.94
          19.073396,47.344226,102.78
          19.073361,47.344238,101.24
          19.073352,47.344253,102.94
          19.073327,47.344266,101.58
          19.073305,47.344278,100.85
          19.073283,47.344298,100.96
          19.07327,47.344325,101.53
          19.073275,47.344322,103.07
          19.073265,47.344333,103.43
          19.07326,47.344349,103.42
          19.073228,47.344384,101.6
          19.073204,47.344408,101.23
          19.073182,47.344428,100.97
          19.073162,47.344449,100.72
          19.073144,47.344465,100.95
          19.073132,47.344491,100.72
          19.073118,47.344513,100.42
          19.073104,47.344537,100.52
          19.073087,47.344558,100.52
          19.073078,47.344583,100.51
          19.073055,47.344605,101.29
          19.07304,47.344612,100.78
          19.07303,47.344624,100.74
          19.073006,47.344644,100.41
          19.072987,47.344658,100.13
          19.072958,47.344681,100.13
          19.07294,47.344702,101.4
          19.072911,47.344716,100.31
          19.072887,47.344734,101.27
          19.072867,47.344768,101.38
          19.072849,47.344794,101.02
          19.072828,47.344828,101.1
          19.07282,47.344844,101.18
          19.072805,47.344863,100.87
          19.072797,47.344875,100.97
          19.072774,47.344918,99.83
          19.072765,47.344935,100.39
          19.072759,47.344945,100.57
          19.072752,47.344956,100.33
          19.072747,47.344963,100.73
          19.072724,47.344972,99.85
          19.07269,47.344987,100.58
          19.072646,47.34501,101.24
          19.072606,47.345034,100.89
          19.072591,47.345043,99.73
          19.072583,47.345058,99.83
          19.072565,47.345072,100.42
          19.072554,47.345088,100.51
          19.072551,47.3451,100.46
          19.072538,47.345115,100.37
          19.072515,47.345141,100.03
          19.072499,47.345158,99.95
          19.072463,47.345188,100.51
          19.072443,47.345215,101
          19.072411,47.345249,101.98
          19.072393,47.345269,100.59
          19.07236,47.345302,100.33
          19.072343,47.345321,100.36
          19.072336,47.345328,99.67
          19.072312,47.345349,100.05
          19.072288,47.345379,99.82
          19.072272,47.345403,99.92
          19.072258,47.345434,100.31
          19.072238,47.345463,99.8
          19.072226,47.345497,99.73
          19.072209,47.345531,101.67
          19.072198,47.345563,101.39
          19.072186,47.345599,100.04
          19.07217,47.345607,99.79
          19.072156,47.345635,99.31
          19.072151,47.345655,99.84
          19.072142,47.345674,100.1
          19.072122,47.345698,99.65
          19.072101,47.345724,99.92
          19.072082,47.345753,100.56
          19.072059,47.345777,99.82
          19.072024,47.345804,100.4
          19.072007,47.345814,99.41
          19.072,47.345828,100.06
          19.07198,47.345851,100
          19.071972,47.345863,100.18
          19.071966,47.345877,100.59
          19.071959,47.345891,100.46
          19.071949,47.345909,100.56
          19.071941,47.345924,100.57
          19.071923,47.345945,100.57
          19.071908,47.34597,101.02
          19.071894,47.345997,100.65
          19.071875,47.346022,100.63
          19.071851,47.346046,100.63
          19.071835,47.346082,101.1
          19.071836,47.346108,101.1
          19.071814,47.346128,101.96
          19.071797,47.346141,101.83
          19.071781,47.346158,101.28
          19.07178,47.34617,101.64
          19.071766,47.346196,101.24
          19.071749,47.346223,101.2
          19.071744,47.346237,101.24
          19.071722,47.346266,100.64
          19.071693,47.346306,99.77
          19.071687,47.346322,99.97
          19.071682,47.34635,100.25
          19.071676,47.346365,100.53
          19.07166,47.346375,99.89
          19.071643,47.346399,99.66
          19.071626,47.346433,100.17
          19.071618,47.346457,100.84
          19.071617,47.346476,102.28
          19.071604,47.346496,100.89
          19.071602,47.34652,101.22
          19.071593,47.346533,100.69
          19.071584,47.346555,99.87
          19.071579,47.34658,100.25
          19.071565,47.346594,100.22
          19.071566,47.346607,100.48
          19.071556,47.346622,100.09
          19.071534,47.346649,99.94
          19.071534,47.346662,100.41
          19.071526,47.346676,100.69
          19.071506,47.3467,100.5
          19.071493,47.346724,100.1
          19.071483,47.34674,100.71
          19.071476,47.346756,100.92
          19.071473,47.346782,100.74
          19.071472,47.34681,101.13
          19.07145,47.346845,99.74
          19.071447,47.346856,101.05
          19.071436,47.346858,99.71
          19.071425,47.346872,99.57
          19.071417,47.346884,100.4
          19.071408,47.346901,99.89
          19.071403,47.346927,101.37
          19.071402,47.34694,101.39
          19.071402,47.346971,101.15
          19.0714,47.346982,101.67
          19.071383,47.346993,100.49
          19.071361,47.34701,99.97
          19.071346,47.347033,100.13
          19.071335,47.34706,99.72
          19.071316,47.347092,100.1
          19.071296,47.347115,100.29
          19.071274,47.347136,100.5
          19.071269,47.347164,101.06
          19.071263,47.347194,100.78
          19.071263,47.34722,102.07
          19.07126,47.347245,101.03
          19.071255,47.347266,100.8
          19.071254,47.34729,101.31
          19.071245,47.347316,100.51
          19.071232,47.347344,102.03
          19.071217,47.347355,101.43
          19.071205,47.347383,101.13
          19.071212,47.347391,101.1
          19.071212,47.34741,101.7
          19.071202,47.347432,101.47
          19.07119,47.34748,101.56
          19.071176,47.347495,101.27
          19.071187,47.347518,100.76
          19.071199,47.347542,101.71
          19.071214,47.347571,99.81
          19.071216,47.347591,99.44
          19.071221,47.347634,100.3
          19.071215,47.347664,100.99
          19.071204,47.347683,100.15
          19.071191,47.347702,100
          19.071174,47.347719,100.69
          19.071159,47.347734,102.08
          19.071143,47.347747,101.25
          19.071129,47.347761,102.13
          19.071107,47.347788,101.78
          19.071091,47.347815,102.8
          19.071086,47.347841,102.72
          19.071085,47.347869,102.52
          19.071078,47.347889,102.38
          19.071079,47.347902,102.59
          19.071076,47.347923,102.42
          19.071054,47.347958,101.22
          19.071038,47.347982,100.32
          19.071026,47.348015,101.15
          19.071027,47.348032,101.11
          19.071025,47.348059,101.09
          19.071023,47.348084,100.17
          19.07102,47.348099,100.5
          19.071012,47.348112,100.51
          19.071,47.348135,100.68
          19.070989,47.34816,100.03
          19.07099,47.348187,99.56
          19.070987,47.348212,100.07
          19.070982,47.348228,100.47
          19.07096,47.34828,100.23
          19.070943,47.348308,99.9
          19.070938,47.34832,100.79
          19.070928,47.348332,100.06
          19.070906,47.348364,101.76
          19.070904,47.34838,101.22
          19.070914,47.348385,102.15
          19.070916,47.348391,101.69
          19.070915,47.348401,101.38
          19.070916,47.348416,100.5
          19.070911,47.348452,99.59
          19.070904,47.348472,100.32
          19.070906,47.348496,99.94
          19.070908,47.348524,99.68
          19.070917,47.348551,100.06
          19.070916,47.348571,100.64
          19.070915,47.34859,101.23
          19.070913,47.348611,101.48
          19.070922,47.348646,100.53
          19.070932,47.348671,100.88
          19.070934,47.348693,100.99
          19.070934,47.348713,101.04
          19.070924,47.348743,101.38
          19.070909,47.348766,100.26
          19.070898,47.348791,100.07
          19.070882,47.348823,99.92
          19.070853,47.348857,100.6
          19.070844,47.348882,101.27
          19.070843,47.348905,101.07
          19.070834,47.348917,100.69
          19.07083,47.348935,100.54
          19.070828,47.348949,100.54
          19.070825,47.348977,100.27
          19.070829,47.349008,100.84
          19.070842,47.34905,100.09
          19.070826,47.349082,99.17
          19.070818,47.349104,99.05
          19.070822,47.349114,98.96
          19.070827,47.349137,98.87
          19.070833,47.349153,98.17
          19.070836,47.349199,97.47
          19.070832,47.349224,98.44
          19.07083,47.349246,99.91
          19.070827,47.349261,99.49
          19.070826,47.349285,101.07
          19.070813,47.34931,99.82
          19.07081,47.349342,101.8
          19.070817,47.349355,101.81
          19.070815,47.349383,101.89
          19.070818,47.349416,101.17
          19.070822,47.349442,101.29
          19.070818,47.349467,100.39
          19.070816,47.34948,100.5
          19.07081,47.349507,99.91
          19.070801,47.349539,100.44
          19.070797,47.349573,100.72
          19.07079,47.349586,100.24
          19.070776,47.349608,99.88
          19.070764,47.349628,99.31
          19.070755,47.349655,99.98
          19.070764,47.349653,99.45
          19.070764,47.349664,100.03
          19.070763,47.349689,99.8
          19.070764,47.349721,100.25
          19.070775,47.349748,101.11
          19.070789,47.34977,100.91
          19.070783,47.349797,100.93
          19.070781,47.349824,100.67
          19.070784,47.349848,100.84
          19.070787,47.349872,100.48
          19.070789,47.34991,100.74
          19.070774,47.349943,101.06
          19.070766,47.349959,101.17
          19.070763,47.349971,101.12
          19.070756,47.349983,101.13
          19.070738,47.350013,100.8
          19.070726,47.350045,100.8
          19.070717,47.350077,101.52
          19.070713,47.350104,101.38
          19.0707,47.350148,101.54
          19.070705,47.350179,103.08
          19.070704,47.350196,103.74
          19.070699,47.350215,103.69
          19.070706,47.350227,102.45
          19.070709,47.350234,102.18
          19.070715,47.350251,103.2
          19.07072,47.350291,102.59
          19.070724,47.35033,102.4
          19.070732,47.350351,102.53
          19.070738,47.350372,103.12
          19.070737,47.350395,102.17
          19.070754,47.350425,104.43
          19.070769,47.350441,103.32
          19.070767,47.350451,103.15
          19.070775,47.350468,102.07
          19.070787,47.35049,102.17
          19.070794,47.35052,100.62
          19.070801,47.350561,100.92
          19.070804,47.350576,100.94
          19.070796,47.350612,101.31
          19.070789,47.350641,102.97
          19.070786,47.350661,102.72
          19.070783,47.350693,102.26
          19.070781,47.350703,102.92
          19.070786,47.350719,102.2
          19.070785,47.350746,102.29
          19.070786,47.350774,101.66
          19.070788,47.350796,101.5
          19.070789,47.350819,101.36
          19.07078,47.350835,101.39
          19.070791,47.350866,100.81
          19.070799,47.3509,101.28
          19.070811,47.350934,100.51
          19.070827,47.350958,99.79
          19.070837,47.350993,99.56
          19.070835,47.351003,99.97
          19.070834,47.35102,100.01
          19.070824,47.351059,101.06
          19.07082,47.351089,102.18
          19.070814,47.351108,101.63
          19.070808,47.351136,100.81
          19.070802,47.351158,100.47
          19.070799,47.351179,100.66
          19.070809,47.35119,100.14
          19.070829,47.351223,99.6
          19.070847,47.351236,98.75
          19.070857,47.351245,99.28
          19.070864,47.351257,99.1
          19.070854,47.35129,99.51
          19.070847,47.351317,99.31
          19.070845,47.351343,99.7
          19.070873,47.351356,101.53
          19.070894,47.351362,100.56
          19.070895,47.351376,100.45
          19.070893,47.351404,100.36
          19.070887,47.351437,99.68
          19.070889,47.351468,100.29
          19.070905,47.351506,99.35
          19.070912,47.351529,99.29
          19.070921,47.351566,98.76
          19.070923,47.351597,98.31
          19.070909,47.351628,98.61
          19.070917,47.351644,99.91
          19.070914,47.351678,100.2
          19.070914,47.351688,100.01
          19.07092,47.351704,100.68
          19.070917,47.351719,100.44
          19.070921,47.351743,101.18
          19.070933,47.351767,102.67
          19.070947,47.351787,101.48
          19.070954,47.351815,100.8
          19.070952,47.351842,100.12
          19.07096,47.351854,100.02
          19.070961,47.351889,99.56
          19.070962,47.351914,99.6
          19.070964,47.351941,98.79
          19.07097,47.351968,98.77
          19.070976,47.352015,99.38
          19.070993,47.352033,99.37
          19.071005,47.352058,99.29
          19.071015,47.352068,99.35
          19.071033,47.352095,99.46
          19.071054,47.35211,99.49
          19.071055,47.352122,99.39
          19.071055,47.352147,99.81
          19.071064,47.352177,99.2
          19.071084,47.3522,99.03
          19.071095,47.352227,98.74
          19.071106,47.352226,100.06
          19.071116,47.352238,99.59
          19.071122,47.352251,99.73
          19.071124,47.352261,99.62
          19.071127,47.352288,98.22
          19.071137,47.352309,97.41
          19.071149,47.352348,97.34
          19.071162,47.35237,98.53
          19.071164,47.352375,98.08
          19.071165,47.352384,98.24
          19.071165,47.352397,98.41
          19.071162,47.352427,98.46
          19.071159,47.352458,97.32
          19.071163,47.352476,97.63
          19.071171,47.352489,97.91
          19.07118,47.352505,98.31
          19.071191,47.352523,99.55
          19.071193,47.352545,99.12
          19.071191,47.352569,98.48
          19.071187,47.35259,98.9
          19.071183,47.352616,99.5
          19.071183,47.352639,100.01
          19.071185,47.352669,99.91
          19.071187,47.352683,100.19
          19.071197,47.352701,99.79
          19.071206,47.352714,99.9
          19.07121,47.352728,100.09
          19.071205,47.352744,99.57
          19.071222,47.352736,100.86
          19.071234,47.352748,100.02
          19.071246,47.352759,100.43
          19.071257,47.352772,99.88
          19.071271,47.352787,99.28
          19.071282,47.352796,99.47
          19.071304,47.352816,100.23
          19.071336,47.35285,99.54
          19.071356,47.352873,99.44
          19.071374,47.352892,99.13
          19.071387,47.352914,99.08
          19.071411,47.352948,98.76
          19.071415,47.352977,97.85
          19.07142,47.352999,98.78
          19.071422,47.35303,97.75
          19.071421,47.353044,98.35
          19.071428,47.353066,98.15
          19.071442,47.353104,98.66
          19.07145,47.353129,99.01
          19.071458,47.353153,99.06
          19.071473,47.353177,99
          19.071477,47.353193,98.87
          19.071483,47.353215,98.84
          19.071497,47.353228,99.65
          19.071503,47.353239,100.2
          19.071519,47.353257,99.73
          19.071538,47.353284,100.24
          19.071549,47.353308,100.28
          19.071565,47.35332,100.51
          19.071577,47.353333,100.26
          19.071601,47.353373,99.46
          19.071615,47.353398,99.6
          19.071615,47.353412,99.91
          19.071619,47.353429,99.48
          19.071634,47.353453,100.17
          19.071646,47.353471,99.89
          19.071663,47.353493,100.27
          19.071681,47.353513,99.18
          19.071699,47.353532,98.78
          19.071714,47.353545,98.4
          19.07173,47.35356,98.62
          19.071744,47.353578,99.14
          19.071757,47.353595,98.31
          19.071777,47.353625,100.18
          19.071798,47.353664,99.8
          19.071809,47.353703,100.21
          19.071815,47.353733,99.88
          19.071825,47.353759,100.05
          19.071843,47.353776,99.19
          19.071854,47.35379,97.58
          19.071871,47.353812,98.06
          19.071872,47.353826,97.79
          19.071883,47.353846,98.14
          19.071921,47.353886,97.9
          19.071935,47.353908,99
          19.071948,47.353933,99.82
          19.071962,47.353942,99.7
          19.071979,47.353961,98.91
          19.072001,47.35398,99.66
          19.072013,47.354012,98.95
          19.07202,47.354023,99.44
          19.072029,47.354037,99.42
          19.072039,47.354054,99.29
          19.072053,47.354076,99.01
          19.072076,47.354094,98.85
          19.072098,47.354114,99.07
          19.072121,47.354142,98.48
          19.072135,47.354168,98.16
          19.072138,47.354178,97.74
          19.072141,47.354187,98.29
          19.072141,47.354202,98.3
          19.072156,47.354228,99.59
          19.072173,47.354253,99.27
          19.072177,47.354269,99.47
          19.07218,47.354283,98.53
          19.072182,47.354298,99.13
          19.072187,47.354314,100.05
          19.072194,47.354331,99.12
          19.072208,47.35436,98.42
          19.072242,47.354402,98.84
          19.072267,47.35443,97.92
          19.072283,47.354463,99
          19.072296,47.354489,99.09
          19.072308,47.354516,99.25
          19.072325,47.354547,99.92
          19.072349,47.354565,99.62
          19.072373,47.354579,99.32
          19.072381,47.354596,98.88
          19.072396,47.354621,98.47
          19.072417,47.354642,98.24
          19.072438,47.354667,98.36
          19.072444,47.354685,97.92
          19.072451,47.354707,97.94
          19.07246,47.354725,99.24
          19.072464,47.354738,99.03
          19.072488,47.354765,99.28
          19.07251,47.354796,97.95
          19.072531,47.35484,98.23
          19.072543,47.354846,98.09
          19.072561,47.354859,97.37
          19.072576,47.354873,97.11
          19.072597,47.354906,97.87
          19.072614,47.354927,98.92
          19.072627,47.354938,98.91
          19.072639,47.354946,99.7
          19.072657,47.354971,99.73
          19.072681,47.355,98.44
          19.072701,47.355021,98.46
          19.07271,47.355031,98.41
          19.07272,47.355042,98.09
          19.072731,47.355065,98.17
          19.072743,47.355092,97.85
          19.072757,47.355121,97.85
          19.072769,47.355145,98
          19.072774,47.355169,97.55
          19.07278,47.355196,97.95
          19.072781,47.35522,97.62
          19.072774,47.355245,97.19
          19.072773,47.35526,97.48
          19.072776,47.355283,97.56
          19.072771,47.355314,97.21
          19.072761,47.355361,98.88
          19.072757,47.355388,99
          19.072756,47.35541,98.28
          19.072753,47.355419,98.42
          19.072753,47.355433,98.18
          19.072751,47.35545,98.07
          19.072748,47.355468,97.88
          19.072742,47.355488,98.3
          19.072738,47.355518,98.57
          19.072729,47.355552,98.54
          19.072722,47.355566,98.98
          19.072724,47.355588,99.16
          19.072722,47.355615,100.12
          19.072718,47.355634,99.31
          19.072716,47.355646,99.02
          19.07272,47.355673,98.31
          19.072721,47.355692,98.41
          19.072729,47.355725,98
          19.072742,47.355754,99.31
          19.07275,47.35578,98.58
          19.072766,47.355806,98.44
          19.072792,47.355839,98.81
          19.072813,47.355857,99.19
          19.072849,47.355876,99.34
          19.072864,47.355895,98.94
          19.072882,47.355919,99.88
          19.072897,47.355942,98.74
          19.072915,47.355964,99.3
          19.07293,47.355973,99.15
          19.072942,47.355989,98.51
          19.072964,47.356004,98.26
          19.072981,47.356011,98.31
          19.073003,47.356029,98.88
          19.073026,47.35605,98.68
          19.073039,47.356071,98.81
          19.073063,47.356092,98.99
          19.073072,47.356107,98.58
          19.073092,47.356129,98.1
          19.07312,47.356152,98.3
          19.07315,47.356171,98.36
          19.073168,47.35618,97.73
          19.073188,47.356196,97.27
          19.073218,47.356216,97.86
          19.073249,47.35624,98.7
          19.073278,47.356258,99.53
          19.073305,47.356276,98.67
          19.07333,47.356295,98.2
          19.07336,47.356307,98.22
          19.073385,47.356317,98.03
          19.073412,47.356333,97.8
          19.073434,47.356349,97.99
          19.073457,47.356366,98.25
          19.073485,47.356384,98.59
          19.073516,47.356404,98.82
          19.073549,47.356419,100.5
          19.07357,47.35643,100.18
          19.073621,47.35645,101.48
          19.073639,47.356458,101.37
          19.07367,47.356471,100.5
          19.073695,47.356484,100.11
          19.073718,47.356499,99.67
          19.073736,47.356508,99.95
          19.073768,47.356523,100.35
          19.073811,47.356539,99.27
          19.073836,47.356548,99.79
          19.073853,47.356557,99.75
          19.073871,47.356569,99.37
          19.0739,47.356581,99.37
          19.073922,47.35659,98.19
          19.073949,47.356605,97.93
          19.073967,47.356617,98.04
          19.074009,47.356646,98.69
          19.074032,47.356654,98.27
          19.074044,47.356661,98.58
          19.074062,47.356673,97.91
          19.074094,47.356693,97.93
          19.074125,47.356712,98.74
          19.074154,47.356718,98.96
          19.074185,47.35672,98.59
          19.074213,47.356734,99.52
          19.074237,47.356735,98.36
          19.074263,47.356738,98.69
          19.074288,47.356741,99.01
          19.074295,47.356751,98.45
          19.07431,47.356759,99.07
          19.074322,47.356768,99.06
          19.074345,47.356791,99.22
          19.074363,47.356794,99.37
          19.074373,47.356802,99.13
          19.074391,47.356809,98.73
          19.074413,47.356815,98.95
          19.074434,47.356828,99.06
          19.074467,47.356844,98.7
          19.074504,47.356858,98.42
          19.074539,47.35687,98.29
          19.074578,47.356868,98.17
          19.074625,47.356876,98.62
          19.074647,47.356876,98.14
          19.074663,47.35688,97.6
          19.074693,47.356894,96.65
          19.074719,47.356904,96.78
          19.074741,47.35691,97
          19.074776,47.356922,97.52
          19.074815,47.356939,97.41
          19.074839,47.35695,98
          19.074857,47.356961,97.77
          19.074881,47.356981,97.72
          19.07491,47.357004,99.14
          19.074921,47.357021,98.71
          19.074953,47.357046,99.77
          19.074966,47.357064,99.04
          19.074993,47.35709,98.57
          19.075014,47.357099,99.38
          19.075039,47.357121,98.47
          19.075062,47.357143,98.14
          19.075094,47.357161,97.56
          19.075125,47.357173,97.91
          19.075139,47.357179,98.57
          19.075151,47.35718,98.33
          19.075179,47.357189,98.37
          19.075202,47.357206,98.12
          19.07523,47.357215,97.85
          19.075248,47.357225,97.95
          19.07528,47.35724,97.73
          19.075319,47.357255,97.27
          19.07536,47.357265,97.34
          19.075402,47.35727,98.03
          19.075454,47.357278,98.11
          19.075483,47.357288,97.92
          19.075513,47.357299,98.19
          19.075542,47.357313,98.2
          19.075568,47.357332,97.97
          19.075601,47.357361,99.63
          19.075636,47.35738,98.69
          19.075677,47.357404,98.55
          19.075694,47.357413,98.54
          19.075721,47.357435,97.96
          19.075755,47.357451,98.43
          19.075771,47.357462,98.64
          19.075805,47.35748,99
          19.075828,47.357488,98.5
          19.075849,47.357499,98.15
          19.075874,47.3575,97.81
          19.075913,47.357506,98.07
          19.07594,47.357509,98.38
          19.075949,47.357513,98.84
          19.07598,47.357521,98.26
          19.076016,47.357528,98.24
          19.076045,47.357541,98.11
          19.076076,47.357555,97.62
          19.076093,47.357565,97.61
          19.076124,47.35758,97.71
          19.076153,47.357598,98.07
          19.076176,47.357615,97.96
          19.076206,47.357631,98.88
          19.07623,47.357648,98.55
          19.076255,47.357668,98.28
          19.076276,47.357695,97.55
          19.076295,47.357719,97.17
          19.07631,47.357737,98.62
          19.076321,47.357759,99.15
          19.076338,47.357783,99.78
          19.076361,47.3578,99.79
          19.076384,47.357815,98.68
          19.076414,47.357836,99.06
          19.076443,47.357859,98.48
          19.076472,47.357876,98.39
          19.076505,47.35789,98.33
          19.07654,47.357909,98.76
          19.076574,47.35792,98.56
          19.076606,47.35793,99.28
          19.07663,47.357939,99.56
          19.076669,47.357951,99.17
          19.076701,47.357958,98.73
          19.076731,47.357963,98.41
          19.076754,47.357965,98.31
          19.076785,47.357973,98.99
          19.076827,47.357982,98.08
          19.076864,47.357988,97.56
          19.076881,47.357988,97.19
          19.076902,47.357992,97.56
          19.076941,47.358003,96.51
          19.076986,47.35802,96.51
          19.077025,47.358037,97.24
          19.077068,47.358054,96.78
          19.077119,47.358079,96.58
          19.077147,47.358098,96.91
          19.077179,47.358123,97.13
          19.0772,47.35815,98.7
          19.077235,47.358166,98.64
          19.077258,47.358185,99.09
          19.077281,47.358205,98.38
          19.0773,47.358224,97.39
          19.077318,47.35824,97.22
          19.077335,47.358253,97.33
          19.077352,47.358261,98.07
          19.077374,47.35827,97.99
          19.077418,47.358284,98.55
          19.077446,47.358302,98.08
          19.077458,47.358306,97.53
          19.077475,47.358317,96.97
          19.077494,47.35833,96.92
          19.07751,47.358344,97.27
          19.077529,47.358364,98.35
          19.077545,47.35838,97.07
          19.077565,47.358392,97.43
          19.077595,47.35841,96.42
          19.077631,47.358428,98.42
          19.077663,47.358445,97.66
          19.077699,47.358459,98.06
          19.077737,47.358474,97.74
          19.077767,47.358492,97.14
          19.077794,47.358508,96.72
          19.077808,47.358519,96.54
          19.07783,47.35854,97.1
          19.077852,47.358558,97.83
          19.077866,47.358576,97.6
          19.077884,47.358592,98.1
          19.07791,47.358611,97.34
          19.077926,47.358622,97.47
          19.07794,47.358633,98.41
          19.077952,47.358648,98.02
          19.077966,47.358661,97.84
          19.077985,47.358672,97.79
          19.078004,47.358686,97.46
          19.078025,47.358695,97.48
          19.078048,47.358705,97.17
          19.078072,47.358714,97.4
          19.078103,47.358728,98.11
          19.078132,47.358749,97.54
          19.078155,47.358772,97.75
          19.078188,47.358807,99.09
          19.078204,47.358829,98.1
          19.078223,47.358845,98.98
          19.078241,47.358855,98.38
          19.078276,47.358878,97.26
          19.078291,47.358888,97.72
          19.078306,47.358895,97.91
          19.078325,47.358902,98.24
          19.078346,47.358911,98.15
          19.078367,47.358921,98.27
          19.07839,47.358933,98.87
          19.078412,47.358943,99.18
          19.078435,47.35896,98.99
          19.078459,47.358975,97.94
          19.078483,47.358997,97.82
          19.078505,47.359022,97.94
          19.078532,47.359043,97.12
          19.078553,47.359054,97.72
          19.078583,47.359073,97.78
          19.078612,47.359099,97.18
          19.078638,47.359123,97.97
          19.078669,47.359142,98.59
          19.078708,47.359163,98.7
          19.078722,47.35917,98.94
          19.078735,47.359179,99.49
          19.078754,47.359183,100.3
          19.078761,47.359191,100.17
          19.078773,47.359201,99.54
          19.078791,47.359212,99.41
          19.078813,47.359223,99.18
          19.078847,47.359246,98.44
          19.078886,47.359265,98.89
          19.07892,47.359281,98.89
          19.078952,47.359293,98.57
          19.078979,47.359305,98.22
          19.079003,47.359319,99.1
          19.079026,47.359323,99.06
          19.079062,47.359333,99.25
          19.079079,47.359344,98.95
          19.079098,47.359355,99.04
          19.079133,47.359378,98.85
          19.079164,47.359398,99.17
          19.079198,47.359412,99.46
          19.079231,47.359424,99.06
          19.079267,47.359436,98.82
          19.079308,47.359436,99.41
          19.079329,47.359443,99.55
          19.079361,47.359454,98.96
          19.079393,47.359466,99.2
          19.079427,47.359477,99.61
          19.079463,47.359482,100.22
          19.079482,47.359484,99.66
          19.079502,47.359484,99.72
          19.079538,47.359483,100.46
          19.079562,47.359484,100.12
          19.079579,47.359486,100.02
          19.079615,47.359493,98.62
          19.079648,47.359498,99.15
          19.079698,47.359503,101.4
          19.079732,47.359505,100.19
          19.079753,47.359505,100.35
          19.079777,47.359505,100.86
          19.079803,47.359511,100.75
          19.079823,47.359532,101.98
          19.079814,47.359552,101.26
          19.079792,47.359555,100.87
          19.079827,47.359535,99.59
          19.079842,47.359531,100.47
          19.079815,47.359529,101.51
          19.079798,47.359533,100.44
          19.07976,47.359566,100.6
          19.079761,47.359566,100.35
          19.079777,47.359555,100.14
          19.079817,47.359528,102.61
          19.079805,47.359533,102.31
        </coordinates>
      </LineString>
    </Placemark>
  </Document>
</kml>
