<?xml version="1.0" encoding="UTF-8"?>
<gpx xmlns:xsi="http://www.w3.org/2001/XMLSchema-instance" xmlns="http://www.topografix.com/GPX/1/1" xsi:schemaLocation="http://www.topografix.com/GPX/1/1 http://www.topografix.com/GPX/1/1/gpx.xsd" version="1.1" creator="GPX Export">
	<trk>
		<trkseg>
			<trkpt lat="47.196165158058065" lon="18.957635958790323">
				<ele>101.09211891984975</ele>
				<time>2026-05-03T10:56:11Z</time>
			</trkpt>
			<trkpt lat="47.19617508257781" lon="18.957605245400895">
				<ele>100.54573253306967</ele>
				<time>2026-05-03T10:56:15Z</time>
			</trkpt>
			<trkpt lat="47.196188242739765" lon="18.957604667771477">
				<ele>100.41905228626834</ele>
				<time>2026-05-03T10:56:18Z</time>
			</trkpt>
			<trkpt lat="47.196208465844755" lon="18.957587676206984">
				<ele>100.5300304553279</ele>
				<time>2026-05-03T10:56:21Z</time>
			</trkpt>
			<trkpt lat="47.19622872584005" lon="18.957567016614018">
				<ele>100.50379336532205</ele>
				<time>2026-05-03T10:56:25Z</time>
			</trkpt>
			<trkpt lat="47.19624755828492" lon="18.9575459758134">
				<ele>100.54784982185811</ele>
				<time>2026-05-03T10:56:29Z</time>
			</trkpt>
			<trkpt lat="47.19626905000716" lon="18.957516930671826">
				<ele>100.30176988430321</ele>
				<time>2026-05-03T10:56:34Z</time>
			</trkpt>
			<trkpt lat="47.19627906669608" lon="18.95749617077653">
				<ele>100.35489492397755</ele>
				<time>2026-05-03T10:56:36Z</time>
			</trkpt>
			<trkpt lat="47.196293694734834" lon="18.95746449298062">
				<ele>100.37568321730942</ele>
				<time>2026-05-03T10:56:39Z</time>
			</trkpt>
			<trkpt lat="47.196295631678005" lon="18.957431872263026">
				<ele>100.63336649630219</ele>
				<time>2026-05-03T10:56:42Z</time>
			</trkpt>
			<trkpt lat="47.19629718642189" lon="18.957415359444962">
				<ele>99.94944943021983</ele>
				<time>2026-05-03T10:56:43Z</time>
			</trkpt>
			<trkpt lat="47.196308613238614" lon="18.957396469168856">
				<ele>100.2044630870223</ele>
				<time>2026-05-03T10:56:44Z</time>
			</trkpt>
			<trkpt lat="47.196323815298356" lon="18.957379737673254">
				<ele>100.42715180385858</ele>
				<time>2026-05-03T10:56:46Z</time>
			</trkpt>
			<trkpt lat="47.19633623429071" lon="18.957358312440558">
				<ele>100.50774796307087</ele>
				<time>2026-05-03T10:56:48Z</time>
			</trkpt>
			<trkpt lat="47.19635069386054" lon="18.9573358837155">
				<ele>100.36490024905652</ele>
				<time>2026-05-03T10:56:50Z</time>
			</trkpt>
			<trkpt lat="47.19637078334678" lon="18.95729859481763">
				<ele>100.01894487906247</ele>
				<time>2026-05-03T10:56:52Z</time>
			</trkpt>
			<trkpt lat="47.19638605982548" lon="18.957271765158275">
				<ele>99.44565597735345</ele>
				<time>2026-05-03T10:56:54Z</time>
			</trkpt>
			<trkpt lat="47.19640751209074" lon="18.95725821946227">
				<ele>101.01431042142212</ele>
				<time>2026-05-03T10:56:55Z</time>
			</trkpt>
			<trkpt lat="47.19643784769079" lon="18.957236096641886">
				<ele>101.17482830304652</ele>
				<time>2026-05-03T10:56:57Z</time>
			</trkpt>
			<trkpt lat="47.196457647931716" lon="18.957208582084775">
				<ele>101.13791926950216</ele>
				<time>2026-05-03T10:56:59Z</time>
			</trkpt>
			<trkpt lat="47.1964758672686" lon="18.957171057251617">
				<ele>100.43724430259317</ele>
				<time>2026-05-03T10:57:01Z</time>
			</trkpt>
			<trkpt lat="47.19649635482578" lon="18.957136954798628">
				<ele>100.54576268140227</ele>
				<time>2026-05-03T10:57:03Z</time>
			</trkpt>
			<trkpt lat="47.19651554466584" lon="18.957107389096613">
				<ele>99.40352603048086</ele>
				<time>2026-05-03T10:57:05Z</time>
			</trkpt>
			<trkpt lat="47.19653012284938" lon="18.95710351372055">
				<ele>100.13836806546897</ele>
				<time>2026-05-03T10:57:06Z</time>
			</trkpt>
			<trkpt lat="47.196540846913315" lon="18.957090076552905">
				<ele>99.28065876755863</ele>
				<time>2026-05-03T10:57:07Z</time>
			</trkpt>
			<trkpt lat="47.19655457174003" lon="18.9570806881328">
				<ele>99.74506602343172</ele>
				<time>2026-05-03T10:57:08Z</time>
			</trkpt>
			<trkpt lat="47.19657738682489" lon="18.957064411201436">
				<ele>100.27171340305358</ele>
				<time>2026-05-03T10:57:10Z</time>
			</trkpt>
			<trkpt lat="47.19659846585495" lon="18.95703681196308">
				<ele>100.74428809713572</ele>
				<time>2026-05-03T10:57:12Z</time>
			</trkpt>
			<trkpt lat="47.196614897329745" lon="18.95702417274953">
				<ele>101.07268307171762</ele>
				<time>2026-05-03T10:57:13Z</time>
			</trkpt>
			<trkpt lat="47.196636081994086" lon="18.95700442151155">
				<ele>100.73618123494089</ele>
				<time>2026-05-03T10:57:16Z</time>
			</trkpt>
			<trkpt lat="47.19665094932268" lon="18.95699976197202">
				<ele>100.57549298740923</ele>
				<time>2026-05-03T10:57:17Z</time>
			</trkpt>
			<trkpt lat="47.19667924815721" lon="18.956982590354635">
				<ele>101.27823113556951</ele>
				<time>2026-05-03T10:57:19Z</time>
			</trkpt>
			<trkpt lat="47.196703763825276" lon="18.956961954088047">
				<ele>100.89029975421727</ele>
				<time>2026-05-03T10:57:21Z</time>
			</trkpt>
			<trkpt lat="47.196727203465734" lon="18.95693807034532">
				<ele>99.52799230627716</ele>
				<time>2026-05-03T10:57:23Z</time>
			</trkpt>
			<trkpt lat="47.19675300812473" lon="18.956925627774858">
				<ele>99.44298997242004</ele>
				<time>2026-05-03T10:57:25Z</time>
			</trkpt>
			<trkpt lat="47.19677099229319" lon="18.956910980853138">
				<ele>100.10018633771688</ele>
				<time>2026-05-03T10:57:27Z</time>
			</trkpt>
			<trkpt lat="47.196789229808346" lon="18.956900280292956">
				<ele>99.07902465946972</ele>
				<time>2026-05-03T10:57:29Z</time>
			</trkpt>
			<trkpt lat="47.19681609934701" lon="18.9568717833535">
				<ele>98.3683400079608</ele>
				<time>2026-05-03T10:57:33Z</time>
			</trkpt>
			<trkpt lat="47.19683781149975" lon="18.956861815358607">
				<ele>98.49622792936862</ele>
				<time>2026-05-03T10:57:35Z</time>
			</trkpt>
			<trkpt lat="47.19685113681791" lon="18.956854093805788">
				<ele>98.48554496094584</ele>
				<time>2026-05-03T10:57:37Z</time>
			</trkpt>
			<trkpt lat="47.196871946756495" lon="18.956836596308246">
				<ele>98.3424752485007</ele>
				<time>2026-05-03T10:57:39Z</time>
			</trkpt>
			<trkpt lat="47.19689031703846" lon="18.95682872131111">
				<ele>98.9692921070382</ele>
				<time>2026-05-03T10:57:41Z</time>
			</trkpt>
			<trkpt lat="47.19692107080783" lon="18.956833585072467">
				<ele>99.49828869942576</ele>
				<time>2026-05-03T10:57:44Z</time>
			</trkpt>
			<trkpt lat="47.19696292242971" lon="18.95682666168583">
				<ele>98.96052647940814</ele>
				<time>2026-05-03T10:57:46Z</time>
			</trkpt>
			<trkpt lat="47.197012918025266" lon="18.956803486862945">
				<ele>100.32518745306879</ele>
				<time>2026-05-03T10:57:50Z</time>
			</trkpt>
			<trkpt lat="47.1970358942515" lon="18.956801123606223">
				<ele>99.95397113263607</ele>
				<time>2026-05-03T10:57:52Z</time>
			</trkpt>
			<trkpt lat="47.19706439331832" lon="18.956798452116935">
				<ele>98.9082971662283</ele>
				<time>2026-05-03T10:57:55Z</time>
			</trkpt>
			<trkpt lat="47.197077118528775" lon="18.956790013099024">
				<ele>99.02079487591982</ele>
				<time>2026-05-03T10:57:56Z</time>
			</trkpt>
			<trkpt lat="47.197101353188025" lon="18.956785555737895">
				<ele>99.28237906843424</ele>
				<time>2026-05-03T10:57:58Z</time>
			</trkpt>
			<trkpt lat="47.19711473260719" lon="18.95679557515945">
				<ele>98.88374997489154</ele>
				<time>2026-05-03T10:57:59Z</time>
			</trkpt>
			<trkpt lat="47.19714112698464" lon="18.956796590672834">
				<ele>98.93959713447839</ele>
				<time>2026-05-03T10:58:01Z</time>
			</trkpt>
			<trkpt lat="47.19716724575222" lon="18.956797741810544">
				<ele>99.62293443083763</ele>
				<time>2026-05-03T10:58:03Z</time>
			</trkpt>
			<trkpt lat="47.197192579581845" lon="18.956796841354844">
				<ele>99.42569323722273</ele>
				<time>2026-05-03T10:58:05Z</time>
			</trkpt>
			<trkpt lat="47.19721520758629" lon="18.956789809771106">
				<ele>100.57825282029808</ele>
				<time>2026-05-03T10:58:07Z</time>
			</trkpt>
			<trkpt lat="47.197236801130074" lon="18.956781059185204">
				<ele>99.36078685708344</ele>
				<time>2026-05-03T10:58:09Z</time>
			</trkpt>
			<trkpt lat="47.19725749311562" lon="18.95677142932169">
				<ele>99.63444204162806</ele>
				<time>2026-05-03T10:58:11Z</time>
			</trkpt>
			<trkpt lat="47.19726729080212" lon="18.956781421585575">
				<ele>99.00846262928098</ele>
				<time>2026-05-03T10:58:12Z</time>
			</trkpt>
			<trkpt lat="47.19728730134347" lon="18.95678880789716">
				<ele>99.20663336571306</ele>
				<time>2026-05-03T10:58:14Z</time>
			</trkpt>
			<trkpt lat="47.19730706814689" lon="18.95679101715749">
				<ele>99.20826557278633</ele>
				<time>2026-05-03T10:58:16Z</time>
			</trkpt>
			<trkpt lat="47.19731656698783" lon="18.95678352966655">
				<ele>98.99917139671743</ele>
				<time>2026-05-03T10:58:17Z</time>
			</trkpt>
			<trkpt lat="47.19734650538316" lon="18.95676938985551">
				<ele>98.74095862265676</ele>
				<time>2026-05-03T10:58:19Z</time>
			</trkpt>
			<trkpt lat="47.197373486502606" lon="18.956755712063135">
				<ele>98.9775905739516</ele>
				<time>2026-05-03T10:58:21Z</time>
			</trkpt>
			<trkpt lat="47.197400678790366" lon="18.956748399841203">
				<ele>98.80090442299843</ele>
				<time>2026-05-03T10:58:23Z</time>
			</trkpt>
			<trkpt lat="47.19741874951387" lon="18.956750762132447">
				<ele>98.74519419576973</ele>
				<time>2026-05-03T10:58:25Z</time>
			</trkpt>
			<trkpt lat="47.197433276004695" lon="18.95675278871698">
				<ele>98.5437161019072</ele>
				<time>2026-05-03T10:58:27Z</time>
			</trkpt>
			<trkpt lat="47.197461745922794" lon="18.956739269218">
				<ele>98.93032603431493</ele>
				<time>2026-05-03T10:58:29Z</time>
			</trkpt>
			<trkpt lat="47.19748370637175" lon="18.95673261723266">
				<ele>98.76392759010196</ele>
				<time>2026-05-03T10:58:31Z</time>
			</trkpt>
			<trkpt lat="47.19750124768006" lon="18.95673624959173">
				<ele>99.34029936324805</ele>
				<time>2026-05-03T10:58:33Z</time>
			</trkpt>
			<trkpt lat="47.19753812661583" lon="18.956760598003388">
				<ele>99.6072542462498</ele>
				<time>2026-05-03T10:58:36Z</time>
			</trkpt>
			<trkpt lat="47.19756461160748" lon="18.95676913447487">
				<ele>99.37612958159298</ele>
				<time>2026-05-03T10:58:39Z</time>
			</trkpt>
			<trkpt lat="47.197600499371234" lon="18.956766053703028">
				<ele>99.4622074412182</ele>
				<time>2026-05-03T10:58:42Z</time>
			</trkpt>
			<trkpt lat="47.19763414277472" lon="18.956753096534218">
				<ele>99.01158890593797</ele>
				<time>2026-05-03T10:58:44Z</time>
			</trkpt>
			<trkpt lat="47.197659097457944" lon="18.956749077166258">
				<ele>99.99436260852963</ele>
				<time>2026-05-03T10:58:46Z</time>
			</trkpt>
			<trkpt lat="47.19768462532429" lon="18.956742665829807">
				<ele>99.70745210815221</ele>
				<time>2026-05-03T10:58:48Z</time>
			</trkpt>
			<trkpt lat="47.197713974368675" lon="18.956741005070146">
				<ele>99.47114272136241</ele>
				<time>2026-05-03T10:58:51Z</time>
			</trkpt>
			<trkpt lat="47.19773720405728" lon="18.956741498718152">
				<ele>99.26336678583175</ele>
				<time>2026-05-03T10:58:53Z</time>
			</trkpt>
			<trkpt lat="47.197758404978835" lon="18.956743884147272">
				<ele>99.29649161919951</ele>
				<time>2026-05-03T10:58:55Z</time>
			</trkpt>
			<trkpt lat="47.19778001066277" lon="18.956748074789754">
				<ele>99.37306985259056</ele>
				<time>2026-05-03T10:58:57Z</time>
			</trkpt>
			<trkpt lat="47.197809012693426" lon="18.956748651336916">
				<ele>99.09206382092088</ele>
				<time>2026-05-03T10:58:59Z</time>
			</trkpt>
			<trkpt lat="47.197829304490604" lon="18.956739703822397">
				<ele>100.60842986311764</ele>
				<time>2026-05-03T10:59:02Z</time>
			</trkpt>
			<trkpt lat="47.19784488789322" lon="18.95673202986601">
				<ele>99.63066518586129</ele>
				<time>2026-05-03T10:59:04Z</time>
			</trkpt>
			<trkpt lat="47.19786958161362" lon="18.956720904028614">
				<ele>98.98962005227804</ele>
				<time>2026-05-03T10:59:06Z</time>
			</trkpt>
			<trkpt lat="47.19788662237226" lon="18.956718921445514">
				<ele>99.18724283203483</ele>
				<time>2026-05-03T10:59:07Z</time>
			</trkpt>
			<trkpt lat="47.19791821201909" lon="18.95672514334188">
				<ele>99.30585945677012</ele>
				<time>2026-05-03T10:59:09Z</time>
			</trkpt>
			<trkpt lat="47.1979395710299" lon="18.95673254287273">
				<ele>99.94648812711239</ele>
				<time>2026-05-03T10:59:12Z</time>
			</trkpt>
			<trkpt lat="47.19795584467624" lon="18.956732344564184">
				<ele>100.74472184106708</ele>
				<time>2026-05-03T10:59:13Z</time>
			</trkpt>
			<trkpt lat="47.197974326311005" lon="18.956736187166523">
				<ele>100.93316374905407</ele>
				<time>2026-05-03T10:59:14Z</time>
			</trkpt>
			<trkpt lat="47.19800983362004" lon="18.956740819126004">
				<ele>99.4837134629488</ele>
				<time>2026-05-03T10:59:19Z</time>
			</trkpt>
			<trkpt lat="47.19801547332934" lon="18.95673427452145">
				<ele>99.13789464440197</ele>
				<time>2026-05-03T10:59:21Z</time>
			</trkpt>
			<trkpt lat="47.198023102411575" lon="18.956727536285772">
				<ele>98.99139406904578</ele>
				<time>2026-05-03T10:59:23Z</time>
			</trkpt>
			<trkpt lat="47.19803811316967" lon="18.956711379168443">
				<ele>98.58107882738113</ele>
				<time>2026-05-03T10:59:25Z</time>
			</trkpt>
			<trkpt lat="47.19805148969386" lon="18.95669784064381">
				<ele>98.71974001452327</ele>
				<time>2026-05-03T10:59:27Z</time>
			</trkpt>
			<trkpt lat="47.1980725864957" lon="18.956679941146913">
				<ele>100.07268138136715</ele>
				<time>2026-05-03T10:59:29Z</time>
			</trkpt>
			<trkpt lat="47.19808815457137" lon="18.956661600030785">
				<ele>99.76836245879531</ele>
				<time>2026-05-03T10:59:30Z</time>
			</trkpt>
			<trkpt lat="47.198104467907925" lon="18.95664484291142">
				<ele>99.85797217208892</ele>
				<time>2026-05-03T10:59:32Z</time>
			</trkpt>
			<trkpt lat="47.19811482321891" lon="18.956635415210034">
				<ele>99.64276380557567</ele>
				<time>2026-05-03T10:59:34Z</time>
			</trkpt>
			<trkpt lat="47.19812907514788" lon="18.956622401131227">
				<ele>99.44332031067461</ele>
				<time>2026-05-03T10:59:37Z</time>
			</trkpt>
			<trkpt lat="47.198149844410295" lon="18.956602658018365">
				<ele>99.34904132504016</ele>
				<time>2026-05-03T10:59:41Z</time>
			</trkpt>
			<trkpt lat="47.198164163463495" lon="18.95658062867532">
				<ele>99.78136876318604</ele>
				<time>2026-05-03T10:59:43Z</time>
			</trkpt>
			<trkpt lat="47.19817723618767" lon="18.95654351389698">
				<ele>99.15988886076957</ele>
				<time>2026-05-03T10:59:45Z</time>
			</trkpt>
			<trkpt lat="47.198187392333146" lon="18.956500116107577">
				<ele>99.05908405780792</ele>
				<time>2026-05-03T10:59:47Z</time>
			</trkpt>
			<trkpt lat="47.19819973197741" lon="18.956442676973424">
				<ele>99.79531578347087</ele>
				<time>2026-05-03T10:59:50Z</time>
			</trkpt>
			<trkpt lat="47.19820657247208" lon="18.956406972838966">
				<ele>99.72321361675858</ele>
				<time>2026-05-03T10:59:53Z</time>
			</trkpt>
			<trkpt lat="47.19823044416176" lon="18.956383253293225">
				<ele>101.30666306894273</ele>
				<time>2026-05-03T10:59:55Z</time>
			</trkpt>
			<trkpt lat="47.19825025680836" lon="18.956361406547042">
				<ele>99.63898196537048</ele>
				<time>2026-05-03T10:59:58Z</time>
			</trkpt>
			<trkpt lat="47.19825830955098" lon="18.956354859786867">
				<ele>99.39545319229364</ele>
				<time>2026-05-03T11:00:00Z</time>
			</trkpt>
			<trkpt lat="47.19827056393784" lon="18.956347478664366">
				<ele>98.95977569185197</ele>
				<time>2026-05-03T11:00:03Z</time>
			</trkpt>
			<trkpt lat="47.19829937640913" lon="18.95634185526248">
				<ele>99.09506943263113</ele>
				<time>2026-05-03T11:00:05Z</time>
			</trkpt>
			<trkpt lat="47.198329009068324" lon="18.95633524051997">
				<ele>99.11262580938637</ele>
				<time>2026-05-03T11:00:08Z</time>
			</trkpt>
			<trkpt lat="47.19834889497297" lon="18.956328315182876">
				<ele>98.67202508077025</ele>
				<time>2026-05-03T11:00:11Z</time>
			</trkpt>
			<trkpt lat="47.19836920577515" lon="18.956318955684512">
				<ele>98.62888756394386</ele>
				<time>2026-05-03T11:00:12Z</time>
			</trkpt>
			<trkpt lat="47.19840119686386" lon="18.95628791642396">
				<ele>98.62138387653977</ele>
				<time>2026-05-03T11:00:15Z</time>
			</trkpt>
			<trkpt lat="47.19841821208169" lon="18.956255524108837">
				<ele>98.57701935246587</ele>
				<time>2026-05-03T11:00:17Z</time>
			</trkpt>
			<trkpt lat="47.198428155374536" lon="18.95623654092776">
				<ele>99.0040088109672</ele>
				<time>2026-05-03T11:00:19Z</time>
			</trkpt>
			<trkpt lat="47.19843709833136" lon="18.95621105752029">
				<ele>100.67099488340318</ele>
				<time>2026-05-03T11:00:21Z</time>
			</trkpt>
			<trkpt lat="47.19844856113539" lon="18.95617687187782">
				<ele>100.56162160076201</ele>
				<time>2026-05-03T11:00:23Z</time>
			</trkpt>
			<trkpt lat="47.19845670782139" lon="18.956154466375466">
				<ele>100.58469966147095</ele>
				<time>2026-05-03T11:00:25Z</time>
			</trkpt>
			<trkpt lat="47.198470783367185" lon="18.95612924708062">
				<ele>99.7275755982846</ele>
				<time>2026-05-03T11:00:27Z</time>
			</trkpt>
			<trkpt lat="47.198482365092104" lon="18.956113360322604">
				<ele>100.10532352514565</ele>
				<time>2026-05-03T11:00:29Z</time>
			</trkpt>
			<trkpt lat="47.198498137535566" lon="18.956100533054457">
				<ele>100.37401370052248</ele>
				<time>2026-05-03T11:00:30Z</time>
			</trkpt>
			<trkpt lat="47.19851838917239" lon="18.956084825497342">
				<ele>100.6405272167176</ele>
				<time>2026-05-03T11:00:33Z</time>
			</trkpt>
			<trkpt lat="47.19854463529181" lon="18.956073370696398">
				<ele>100.6062061144039</ele>
				<time>2026-05-03T11:00:35Z</time>
			</trkpt>
			<trkpt lat="47.19858167025118" lon="18.956060322571304">
				<ele>101.11152360308915</ele>
				<time>2026-05-03T11:00:38Z</time>
			</trkpt>
			<trkpt lat="47.1986102167737" lon="18.956054183336338">
				<ele>100.82276345044374</ele>
				<time>2026-05-03T11:00:42Z</time>
			</trkpt>
			<trkpt lat="47.19863098118027" lon="18.95605062820469">
				<ele>99.98243757616729</ele>
				<time>2026-05-03T11:00:44Z</time>
			</trkpt>
			<trkpt lat="47.19865074045019" lon="18.956046424514206">
				<ele>99.55493314098567</ele>
				<time>2026-05-03T11:00:47Z</time>
			</trkpt>
			<trkpt lat="47.19867807893656" lon="18.956028459720496">
				<ele>99.86509849969298</ele>
				<time>2026-05-03T11:00:50Z</time>
			</trkpt>
			<trkpt lat="47.19870038637138" lon="18.956009520157235">
				<ele>99.49835908878595</ele>
				<time>2026-05-03T11:00:52Z</time>
			</trkpt>
			<trkpt lat="47.19871412052669" lon="18.95600063029781">
				<ele>99.73038796149194</ele>
				<time>2026-05-03T11:00:54Z</time>
			</trkpt>
			<trkpt lat="47.198730579382804" lon="18.95598493152388">
				<ele>100.8398802690208</ele>
				<time>2026-05-03T11:00:56Z</time>
			</trkpt>
			<trkpt lat="47.19874865260563" lon="18.955956829656483">
				<ele>100.83489597216249</ele>
				<time>2026-05-03T11:00:58Z</time>
			</trkpt>
			<trkpt lat="47.19877010907037" lon="18.955935446132006">
				<ele>99.79998155403882</ele>
				<time>2026-05-03T11:01:01Z</time>
			</trkpt>
			<trkpt lat="47.19878097032129" lon="18.955930933027204">
				<ele>100.22828588448465</ele>
				<time>2026-05-03T11:01:03Z</time>
			</trkpt>
			<trkpt lat="47.19879682943932" lon="18.955931149259822">
				<ele>100.54632526356727</ele>
				<time>2026-05-03T11:01:04Z</time>
			</trkpt>
			<trkpt lat="47.198822677411165" lon="18.95592915488301">
				<ele>100.65305345598608</ele>
				<time>2026-05-03T11:01:06Z</time>
			</trkpt>
			<trkpt lat="47.19884911116077" lon="18.95593513074888">
				<ele>100.54755097813904</ele>
				<time>2026-05-03T11:01:08Z</time>
			</trkpt>
			<trkpt lat="47.19888555498967" lon="18.955942602379043">
				<ele>100.95510631147772</ele>
				<time>2026-05-03T11:01:11Z</time>
			</trkpt>
			<trkpt lat="47.19891489912368" lon="18.955960865139094">
				<ele>101.29721739050001</ele>
				<time>2026-05-03T11:01:14Z</time>
			</trkpt>
			<trkpt lat="47.19893504444432" lon="18.955967906181368">
				<ele>102.57744232565165</ele>
				<time>2026-05-03T11:01:16Z</time>
			</trkpt>
			<trkpt lat="47.198957854347995" lon="18.955966940903043">
				<ele>102.22186305653304</ele>
				<time>2026-05-03T11:01:18Z</time>
			</trkpt>
			<trkpt lat="47.198970874912696" lon="18.955963274611484">
				<ele>103.32891421299428</ele>
				<time>2026-05-03T11:01:20Z</time>
			</trkpt>
			<trkpt lat="47.19898977099681" lon="18.955969653432888">
				<ele>102.77676720451564</ele>
				<time>2026-05-03T11:01:22Z</time>
			</trkpt>
			<trkpt lat="47.199013211088456" lon="18.955973058635244">
				<ele>102.02562831994146</ele>
				<time>2026-05-03T11:01:24Z</time>
			</trkpt>
			<trkpt lat="47.19902875243244" lon="18.955974916002532">
				<ele>101.5911321863532</ele>
				<time>2026-05-03T11:01:26Z</time>
			</trkpt>
			<trkpt lat="47.199051400521824" lon="18.955975866756248">
				<ele>101.68638966511935</ele>
				<time>2026-05-03T11:01:28Z</time>
			</trkpt>
			<trkpt lat="47.199090436509096" lon="18.9559789938815">
				<ele>100.84403228480369</ele>
				<time>2026-05-03T11:01:31Z</time>
			</trkpt>
			<trkpt lat="47.199129844843114" lon="18.95597852667491">
				<ele>101.59862321801484</ele>
				<time>2026-05-03T11:01:34Z</time>
			</trkpt>
			<trkpt lat="47.19914322702872" lon="18.95597726042312">
				<ele>101.64148331433535</ele>
				<time>2026-05-03T11:01:36Z</time>
			</trkpt>
			<trkpt lat="47.19915404031825" lon="18.95597710813824">
				<ele>101.8300339281559</ele>
				<time>2026-05-03T11:01:38Z</time>
			</trkpt>
			<trkpt lat="47.19917920755603" lon="18.955967331785143">
				<ele>101.24569685664028</ele>
				<time>2026-05-03T11:01:40Z</time>
			</trkpt>
			<trkpt lat="47.19921749364993" lon="18.95593676829181">
				<ele>101.91789662279189</ele>
				<time>2026-05-03T11:01:43Z</time>
			</trkpt>
			<trkpt lat="47.199246739973454" lon="18.9559284624253">
				<ele>102.87267517577857</ele>
				<time>2026-05-03T11:01:45Z</time>
			</trkpt>
			<trkpt lat="47.199275820354494" lon="18.955921796780228">
				<ele>101.96944535616785</ele>
				<time>2026-05-03T11:01:47Z</time>
			</trkpt>
			<trkpt lat="47.1993053196214" lon="18.955909085697773">
				<ele>102.0032531004399</ele>
				<time>2026-05-03T11:01:49Z</time>
			</trkpt>
			<trkpt lat="47.19933198991715" lon="18.95589237223418">
				<ele>102.50437311455607</ele>
				<time>2026-05-03T11:01:51Z</time>
			</trkpt>
			<trkpt lat="47.19934514895785" lon="18.955886530105037">
				<ele>102.26003646571189</ele>
				<time>2026-05-03T11:01:53Z</time>
			</trkpt>
			<trkpt lat="47.19936453497958" lon="18.95588240408337">
				<ele>101.99257967993617</ele>
				<time>2026-05-03T11:01:55Z</time>
			</trkpt>
			<trkpt lat="47.19937893927966" lon="18.955881132803004">
				<ele>101.55877414438874</ele>
				<time>2026-05-03T11:01:57Z</time>
			</trkpt>
			<trkpt lat="47.19940227506346" lon="18.955874817541332">
				<ele>101.3818718958646</ele>
				<time>2026-05-03T11:01:59Z</time>
			</trkpt>
			<trkpt lat="47.19943005617923" lon="18.955868032493864">
				<ele>101.67347438447177</ele>
				<time>2026-05-03T11:02:01Z</time>
			</trkpt>
			<trkpt lat="47.19944722966429" lon="18.955863859876814">
				<ele>100.87731642555445</ele>
				<time>2026-05-03T11:02:03Z</time>
			</trkpt>
			<trkpt lat="47.19946879563712" lon="18.955850538659124">
				<ele>102.12496998347342</ele>
				<time>2026-05-03T11:02:05Z</time>
			</trkpt>
			<trkpt lat="47.199491129547944" lon="18.955833023213067">
				<ele>101.93035576865077</ele>
				<time>2026-05-03T11:02:07Z</time>
			</trkpt>
			<trkpt lat="47.1995180983359" lon="18.955815513227233">
				<ele>101.46783734112978</ele>
				<time>2026-05-03T11:02:09Z</time>
			</trkpt>
			<trkpt lat="47.199539877809286" lon="18.95580734609424">
				<ele>101.96279630064964</ele>
				<time>2026-05-03T11:02:10Z</time>
			</trkpt>
			<trkpt lat="47.19957276708077" lon="18.955795362879037">
				<ele>100.48779147677124</ele>
				<time>2026-05-03T11:02:12Z</time>
			</trkpt>
			<trkpt lat="47.19958958038248" lon="18.955794749254906">
				<ele>100.85250825621188</ele>
				<time>2026-05-03T11:02:14Z</time>
			</trkpt>
			<trkpt lat="47.19960988245757" lon="18.95579742028993">
				<ele>99.85955134779215</ele>
				<time>2026-05-03T11:02:16Z</time>
			</trkpt>
			<trkpt lat="47.19963386501767" lon="18.955795951981322">
				<ele>100.2566905869171</ele>
				<time>2026-05-03T11:02:18Z</time>
			</trkpt>
			<trkpt lat="47.199647755608986" lon="18.95579425102259">
				<ele>100.1578558459878</ele>
				<time>2026-05-03T11:02:20Z</time>
			</trkpt>
			<trkpt lat="47.199662696418635" lon="18.955790700292575">
				<ele>99.91438452433795</ele>
				<time>2026-05-03T11:02:21Z</time>
			</trkpt>
			<trkpt lat="47.19968420314462" lon="18.95578268147816">
				<ele>99.84486160706729</ele>
				<time>2026-05-03T11:02:24Z</time>
			</trkpt>
			<trkpt lat="47.19971426716131" lon="18.95576394935561">
				<ele>100.53734882734716</ele>
				<time>2026-05-03T11:02:27Z</time>
			</trkpt>
			<trkpt lat="47.199737992898626" lon="18.95574132888522">
				<ele>100.90564561542124</ele>
				<time>2026-05-03T11:02:30Z</time>
			</trkpt>
			<trkpt lat="47.19976080227929" lon="18.955731787474605">
				<ele>100.72308090794832</ele>
				<time>2026-05-03T11:02:32Z</time>
			</trkpt>
			<trkpt lat="47.19978048748343" lon="18.955730693113534">
				<ele>101.14529945794493</ele>
				<time>2026-05-03T11:02:33Z</time>
			</trkpt>
			<trkpt lat="47.199798465161074" lon="18.955724965209146">
				<ele>101.69197101239115</ele>
				<time>2026-05-03T11:02:35Z</time>
			</trkpt>
			<trkpt lat="47.199817006500446" lon="18.95571475438175">
				<ele>100.69686561264098</ele>
				<time>2026-05-03T11:02:37Z</time>
			</trkpt>
			<trkpt lat="47.199843276680774" lon="18.95571441434267">
				<ele>100.75049449503422</ele>
				<time>2026-05-03T11:02:39Z</time>
			</trkpt>
			<trkpt lat="47.19986097042275" lon="18.9557123217126">
				<ele>101.83059669099748</ele>
				<time>2026-05-03T11:02:41Z</time>
			</trkpt>
			<trkpt lat="47.199874599829556" lon="18.955708877730316">
				<ele>101.91974436771125</ele>
				<time>2026-05-03T11:02:43Z</time>
			</trkpt>
			<trkpt lat="47.199901008560495" lon="18.95570318823919">
				<ele>101.1592949591577</ele>
				<time>2026-05-03T11:02:45Z</time>
			</trkpt>
			<trkpt lat="47.19992825885422" lon="18.955701162609653">
				<ele>101.96964048873633</ele>
				<time>2026-05-03T11:02:48Z</time>
			</trkpt>
			<trkpt lat="47.19994713283755" lon="18.95569449638294">
				<ele>101.25937583763152</ele>
				<time>2026-05-03T11:02:49Z</time>
			</trkpt>
			<trkpt lat="47.199967355072936" lon="18.95569131031192">
				<ele>102.16809878498316</ele>
				<time>2026-05-03T11:02:50Z</time>
			</trkpt>
			<trkpt lat="47.19999366443623" lon="18.955690917808198">
				<ele>100.25766121782362</ele>
				<time>2026-05-03T11:02:53Z</time>
			</trkpt>
			<trkpt lat="47.200024123016085" lon="18.9556903794445">
				<ele>100.53158108051866</ele>
				<time>2026-05-03T11:02:56Z</time>
			</trkpt>
			<trkpt lat="47.20006241202532" lon="18.955683604866653">
				<ele>100.62106846366078</ele>
				<time>2026-05-03T11:02:59Z</time>
			</trkpt>
			<trkpt lat="47.20008294659222" lon="18.955682480176808">
				<ele>100.98526445031166</ele>
				<time>2026-05-03T11:03:02Z</time>
			</trkpt>
			<trkpt lat="47.20009136660107" lon="18.9556805485091">
				<ele>99.99688841309398</ele>
				<time>2026-05-03T11:03:04Z</time>
			</trkpt>
			<trkpt lat="47.20010505172211" lon="18.955673949584046">
				<ele>100.29940844327211</ele>
				<time>2026-05-03T11:03:07Z</time>
			</trkpt>
			<trkpt lat="47.20012836361988" lon="18.95566725742257">
				<ele>101.76457132957876</ele>
				<time>2026-05-03T11:03:08Z</time>
			</trkpt>
			<trkpt lat="47.20015189117991" lon="18.955660089366415">
				<ele>101.62859993521124</ele>
				<time>2026-05-03T11:03:11Z</time>
			</trkpt>
			<trkpt lat="47.2001710383467" lon="18.95564643022854">
				<ele>101.28985907137394</ele>
				<time>2026-05-03T11:03:13Z</time>
			</trkpt>
			<trkpt lat="47.200186472176306" lon="18.95563907664458">
				<ele>101.88740603253245</ele>
				<time>2026-05-03T11:03:15Z</time>
			</trkpt>
			<trkpt lat="47.20020954079944" lon="18.955627466306083">
				<ele>101.93361154012382</ele>
				<time>2026-05-03T11:03:17Z</time>
			</trkpt>
			<trkpt lat="47.20023803327021" lon="18.95561232067905">
				<ele>102.01496459543705</ele>
				<time>2026-05-03T11:03:19Z</time>
			</trkpt>
			<trkpt lat="47.20026742079438" lon="18.95559534502265">
				<ele>101.45910481736064</ele>
				<time>2026-05-03T11:03:21Z</time>
			</trkpt>
			<trkpt lat="47.20029713996726" lon="18.955583598578855">
				<ele>101.61402204446495</ele>
				<time>2026-05-03T11:03:23Z</time>
			</trkpt>
			<trkpt lat="47.20032587336841" lon="18.955584447047134">
				<ele>101.38699486572295</ele>
				<time>2026-05-03T11:03:25Z</time>
			</trkpt>
			<trkpt lat="47.20036404551809" lon="18.955579309096965">
				<ele>101.08688894845545</ele>
				<time>2026-05-03T11:03:28Z</time>
			</trkpt>
			<trkpt lat="47.20038643354908" lon="18.955567820938768">
				<ele>100.05880101211369</ele>
				<time>2026-05-03T11:03:30Z</time>
			</trkpt>
			<trkpt lat="47.2004104777558" lon="18.95556192085966">
				<ele>100.39820534177125</ele>
				<time>2026-05-03T11:03:32Z</time>
			</trkpt>
			<trkpt lat="47.2004436116775" lon="18.955552970545344">
				<ele>100.20934284757823</ele>
				<time>2026-05-03T11:03:35Z</time>
			</trkpt>
			<trkpt lat="47.20046986269008" lon="18.95555711118469">
				<ele>101.16830317676067</ele>
				<time>2026-05-03T11:03:37Z</time>
			</trkpt>
			<trkpt lat="47.200504734809414" lon="18.955555193726678">
				<ele>101.08001949917525</ele>
				<time>2026-05-03T11:03:40Z</time>
			</trkpt>
			<trkpt lat="47.20052528661264" lon="18.955556159129944">
				<ele>100.77390971779823</ele>
				<time>2026-05-03T11:03:42Z</time>
			</trkpt>
			<trkpt lat="47.20056354343399" lon="18.95555666791281">
				<ele>100.49362699780613</ele>
				<time>2026-05-03T11:03:45Z</time>
			</trkpt>
			<trkpt lat="47.20059399375817" lon="18.95555930749511">
				<ele>99.76837161649019</ele>
				<time>2026-05-03T11:03:47Z</time>
			</trkpt>
			<trkpt lat="47.20063129152731" lon="18.95554905845026">
				<ele>101.03118399251252</ele>
				<time>2026-05-03T11:03:50Z</time>
			</trkpt>
			<trkpt lat="47.20065007722574" lon="18.95554429405517">
				<ele>101.05104397982359</ele>
				<time>2026-05-03T11:03:52Z</time>
			</trkpt>
			<trkpt lat="47.20066136012789" lon="18.955536605542743">
				<ele>100.91357313096523</ele>
				<time>2026-05-03T11:03:53Z</time>
			</trkpt>
			<trkpt lat="47.20068854985942" lon="18.955521967657972">
				<ele>101.38174346927553</ele>
				<time>2026-05-03T11:03:55Z</time>
			</trkpt>
			<trkpt lat="47.20071567861185" lon="18.955510232002208">
				<ele>101.41181649360806</ele>
				<time>2026-05-03T11:03:57Z</time>
			</trkpt>
			<trkpt lat="47.20075818580748" lon="18.955499864070482">
				<ele>100.43217040970922</ele>
				<time>2026-05-03T11:04:00Z</time>
			</trkpt>
			<trkpt lat="47.20078475385704" lon="18.95549300532182">
				<ele>100.45026040542871</ele>
				<time>2026-05-03T11:04:02Z</time>
			</trkpt>
			<trkpt lat="47.20079657280355" lon="18.95548953270989">
				<ele>100.27161916904151</ele>
				<time>2026-05-03T11:04:04Z</time>
			</trkpt>
			<trkpt lat="47.20081356515262" lon="18.955477542781146">
				<ele>99.85421134065837</ele>
				<time>2026-05-03T11:04:05Z</time>
			</trkpt>
			<trkpt lat="47.20084079792437" lon="18.95546052791389">
				<ele>100.74803616758436</ele>
				<time>2026-05-03T11:04:07Z</time>
			</trkpt>
			<trkpt lat="47.200866921309824" lon="18.955437877389674">
				<ele>100.38491149432957</ele>
				<time>2026-05-03T11:04:09Z</time>
			</trkpt>
			<trkpt lat="47.20089909483084" lon="18.955415073274594">
				<ele>100.0365975862369</ele>
				<time>2026-05-03T11:04:12Z</time>
			</trkpt>
			<trkpt lat="47.200908664683624" lon="18.955405991324664">
				<ele>100.60954623669386</ele>
				<time>2026-05-03T11:04:14Z</time>
			</trkpt>
			<trkpt lat="47.20090713012006" lon="18.955386553533675">
				<ele>103.21565977018327</ele>
				<time>2026-05-03T11:04:19Z</time>
			</trkpt>
			<trkpt lat="47.20089600043095" lon="18.955382828295427">
				<ele>102.83391885645688</ele>
				<time>2026-05-03T11:04:24Z</time>
			</trkpt>
			<trkpt lat="47.20087944042671" lon="18.955365832207384">
				<ele>103.42791516985744</ele>
				<time>2026-05-03T11:04:25Z</time>
			</trkpt>
			<trkpt lat="47.20087800251689" lon="18.955371420408845">
				<ele>102.63614604528993</ele>
				<time>2026-05-03T11:04:26Z</time>
			</trkpt>
			<trkpt lat="47.20086750034299" lon="18.95537910067775">
				<ele>102.19467979110777</ele>
				<time>2026-05-03T11:04:31Z</time>
			</trkpt>
			<trkpt lat="47.20085317310881" lon="18.95539348005539">
				<ele>101.74182623345405</ele>
				<time>2026-05-03T11:04:35Z</time>
			</trkpt>
			<trkpt lat="47.20083425841113" lon="18.95540635902843">
				<ele>102.91926682181656</ele>
				<time>2026-05-03T11:04:39Z</time>
			</trkpt>
			<trkpt lat="47.200816302298854" lon="18.95541563189062">
				<ele>102.70937341824174</ele>
				<time>2026-05-03T11:04:42Z</time>
			</trkpt>
			<trkpt lat="47.20080094481384" lon="18.955424925806852">
				<ele>101.23570103757083</ele>
				<time>2026-05-03T11:04:45Z</time>
			</trkpt>
			<trkpt lat="47.20078307949355" lon="18.955430905106198">
				<ele>100.92330402228981</ele>
				<time>2026-05-03T11:04:49Z</time>
			</trkpt>
			<trkpt lat="47.200763986598034" lon="18.955434223563504">
				<ele>102.04770400002599</ele>
				<time>2026-05-03T11:04:52Z</time>
			</trkpt>
			<trkpt lat="47.20074210765071" lon="18.95543781328059">
				<ele>101.77721163909882</ele>
				<time>2026-05-03T11:04:55Z</time>
			</trkpt>
			<trkpt lat="47.20072181699338" lon="18.955438472261314">
				<ele>101.87096535880119</ele>
				<time>2026-05-03T11:04:58Z</time>
			</trkpt>
			<trkpt lat="47.20070132583787" lon="18.955439787744407">
				<ele>101.7433621417731</ele>
				<time>2026-05-03T11:05:01Z</time>
			</trkpt>
			<trkpt lat="47.200680993964255" lon="18.955441248215347">
				<ele>101.8258404424414</ele>
				<time>2026-05-03T11:05:04Z</time>
			</trkpt>
			<trkpt lat="47.200657832010876" lon="18.95544502306022">
				<ele>101.88951676525176</ele>
				<time>2026-05-03T11:05:08Z</time>
			</trkpt>
			<trkpt lat="47.20063182714963" lon="18.95545299271777">
				<ele>101.85858148522675</ele>
				<time>2026-05-03T11:05:12Z</time>
			</trkpt>
			<trkpt lat="47.200620437252525" lon="18.95546628793949">
				<ele>100.81654574722052</ele>
				<time>2026-05-03T11:05:17Z</time>
			</trkpt>
			<trkpt lat="47.20062202492093" lon="18.955479641656833">
				<ele>99.76227221544832</ele>
				<time>2026-05-03T11:05:20Z</time>
			</trkpt>
			<trkpt lat="47.20063010720096" lon="18.955493340095295">
				<ele>99.88125905673951</ele>
				<time>2026-05-03T11:05:23Z</time>
			</trkpt>
			<trkpt lat="47.2006422636139" lon="18.95550520641665">
				<ele>99.84641633089632</ele>
				<time>2026-05-03T11:05:26Z</time>
			</trkpt>
			<trkpt lat="47.20065884602304" lon="18.955514747041704">
				<ele>100.15472836885601</ele>
				<time>2026-05-03T11:05:29Z</time>
			</trkpt>
			<trkpt lat="47.2006737980926" lon="18.955519688338075">
				<ele>100.29339755699039</ele>
				<time>2026-05-03T11:05:31Z</time>
			</trkpt>
			<trkpt lat="47.200691076379215" lon="18.95552034583877">
				<ele>100.17326103895903</ele>
				<time>2026-05-03T11:05:33Z</time>
			</trkpt>
			<trkpt lat="47.20072321598356" lon="18.95551917051474">
				<ele>101.08298863470554</ele>
				<time>2026-05-03T11:05:35Z</time>
			</trkpt>
			<trkpt lat="47.20074772921418" lon="18.955514336244974">
				<ele>100.53920129593462</ele>
				<time>2026-05-03T11:05:37Z</time>
			</trkpt>
			<trkpt lat="47.200770253713955" lon="18.955507582282543">
				<ele>99.80433489009738</ele>
				<time>2026-05-03T11:05:40Z</time>
			</trkpt>
			<trkpt lat="47.200791915699746" lon="18.955499359533604">
				<ele>99.59270697645843</ele>
				<time>2026-05-03T11:05:43Z</time>
			</trkpt>
			<trkpt lat="47.20081074560844" lon="18.955489081659596">
				<ele>99.58208806160837</ele>
				<time>2026-05-03T11:05:45Z</time>
			</trkpt>
			<trkpt lat="47.20083688656837" lon="18.95547713778003">
				<ele>101.06569611746818</ele>
				<time>2026-05-03T11:05:47Z</time>
			</trkpt>
			<trkpt lat="47.20086474205796" lon="18.95546853911541">
				<ele>101.82027013599873</ele>
				<time>2026-05-03T11:05:49Z</time>
			</trkpt>
			<trkpt lat="47.20089146605785" lon="18.95545981019152">
				<ele>102.30440335627645</ele>
				<time>2026-05-03T11:05:52Z</time>
			</trkpt>
			<trkpt lat="47.200916334272286" lon="18.95544974770538">
				<ele>102.76956017315388</ele>
				<time>2026-05-03T11:05:54Z</time>
			</trkpt>
			<trkpt lat="47.20094376968985" lon="18.95543565772171">
				<ele>102.68717876076698</ele>
				<time>2026-05-03T11:05:56Z</time>
			</trkpt>
			<trkpt lat="47.200964222936406" lon="18.955424457025067">
				<ele>102.62586071807891</ele>
				<time>2026-05-03T11:05:57Z</time>
			</trkpt>
			<trkpt lat="47.20100226736388" lon="18.955405291892014">
				<ele>104.64914099127054</ele>
				<time>2026-05-03T11:06:00Z</time>
			</trkpt>
			<trkpt lat="47.20102580422316" lon="18.955390130940597">
				<ele>104.6664201002568</ele>
				<time>2026-05-03T11:06:02Z</time>
			</trkpt>
			<trkpt lat="47.20104890696005" lon="18.955376162251657">
				<ele>103.91318902466446</ele>
				<time>2026-05-03T11:06:04Z</time>
			</trkpt>
			<trkpt lat="47.20106134249071" lon="18.955366323615316">
				<ele>104.04315510671586</ele>
				<time>2026-05-03T11:06:06Z</time>
			</trkpt>
			<trkpt lat="47.20107186100077" lon="18.955352647654646">
				<ele>103.96474353317171</ele>
				<time>2026-05-03T11:06:09Z</time>
			</trkpt>
			<trkpt lat="47.201083368773354" lon="18.955338050289924">
				<ele>103.35431460198015</ele>
				<time>2026-05-03T11:06:12Z</time>
			</trkpt>
			<trkpt lat="47.20111100984918" lon="18.955308064963237">
				<ele>103.70413682051003</ele>
				<time>2026-05-03T11:06:15Z</time>
			</trkpt>
			<trkpt lat="47.20113062587961" lon="18.95529209700341">
				<ele>103.47215853445232</ele>
				<time>2026-05-03T11:06:17Z</time>
			</trkpt>
			<trkpt lat="47.20114446095352" lon="18.95527877681189">
				<ele>103.42427393328398</ele>
				<time>2026-05-03T11:06:19Z</time>
			</trkpt>
			<trkpt lat="47.20115685319053" lon="18.955266879486093">
				<ele>103.30588706769049</ele>
				<time>2026-05-03T11:06:21Z</time>
			</trkpt>
			<trkpt lat="47.20117098609443" lon="18.955247146401405">
				<ele>102.32801215909421</ele>
				<time>2026-05-03T11:06:24Z</time>
			</trkpt>
			<trkpt lat="47.20118725769294" lon="18.95522541256001">
				<ele>102.61182910390198</ele>
				<time>2026-05-03T11:06:27Z</time>
			</trkpt>
			<trkpt lat="47.2012042177191" lon="18.955188065440783">
				<ele>102.63645041640848</ele>
				<time>2026-05-03T11:06:29Z</time>
			</trkpt>
			<trkpt lat="47.20121943818097" lon="18.955156024646993">
				<ele>104.08434695843607</ele>
				<time>2026-05-03T11:06:30Z</time>
			</trkpt>
			<trkpt lat="47.201251065058784" lon="18.955105753136237">
				<ele>105.83187566138804</ele>
				<time>2026-05-03T11:06:33Z</time>
			</trkpt>
			<trkpt lat="47.201269153218654" lon="18.95507269023878">
				<ele>105.75684478413314</ele>
				<time>2026-05-03T11:06:35Z</time>
			</trkpt>
			<trkpt lat="47.20128130395956" lon="18.955041538235925">
				<ele>104.75351635739207</ele>
				<time>2026-05-03T11:06:38Z</time>
			</trkpt>
			<trkpt lat="47.2012904318421" lon="18.955017816737538">
				<ele>103.79214173555374</ele>
				<time>2026-05-03T11:06:41Z</time>
			</trkpt>
			<trkpt lat="47.20130464579319" lon="18.95499257540826">
				<ele>103.7747754920274</ele>
				<time>2026-05-03T11:06:44Z</time>
			</trkpt>
			<trkpt lat="47.20131839025421" lon="18.954967339812935">
				<ele>104.73686513118446</ele>
				<time>2026-05-03T11:06:47Z</time>
			</trkpt>
			<trkpt lat="47.201334166304335" lon="18.954916396074942">
				<ele>104.51907007209957</ele>
				<time>2026-05-03T11:06:50Z</time>
			</trkpt>
			<trkpt lat="47.201345772858325" lon="18.954878323243193">
				<ele>103.56442479416728</ele>
				<time>2026-05-03T11:06:53Z</time>
			</trkpt>
			<trkpt lat="47.20134992729302" lon="18.954857515234842">
				<ele>103.71881350595504</ele>
				<time>2026-05-03T11:06:55Z</time>
			</trkpt>
			<trkpt lat="47.20136014293898" lon="18.954824794773696">
				<ele>103.94217177201062</ele>
				<time>2026-05-03T11:06:57Z</time>
			</trkpt>
			<trkpt lat="47.2013722449852" lon="18.95479224794093">
				<ele>103.89794754609466</ele>
				<time>2026-05-03T11:07:00Z</time>
			</trkpt>
			<trkpt lat="47.20137968614646" lon="18.954771681019793">
				<ele>103.873629771173</ele>
				<time>2026-05-03T11:07:02Z</time>
			</trkpt>
			<trkpt lat="47.20138773993641" lon="18.9547491493927">
				<ele>104.38155844900757</ele>
				<time>2026-05-03T11:07:04Z</time>
			</trkpt>
			<trkpt lat="47.20140404053664" lon="18.95471589443688">
				<ele>103.27556693833321</ele>
				<time>2026-05-03T11:07:06Z</time>
			</trkpt>
			<trkpt lat="47.20141878458087" lon="18.954677509065863">
				<ele>102.26426401082426</ele>
				<time>2026-05-03T11:07:08Z</time>
			</trkpt>
			<trkpt lat="47.201428278072385" lon="18.954649732743245">
				<ele>102.34908456541598</ele>
				<time>2026-05-03T11:07:10Z</time>
			</trkpt>
			<trkpt lat="47.20144540568994" lon="18.95460084214853">
				<ele>102.98860618006438</ele>
				<time>2026-05-03T11:07:13Z</time>
			</trkpt>
			<trkpt lat="47.2014560914798" lon="18.954549606085497">
				<ele>102.45145967882127</ele>
				<time>2026-05-03T11:07:16Z</time>
			</trkpt>
			<trkpt lat="47.201465886256734" lon="18.954483277792963">
				<ele>101.45280668791384</ele>
				<time>2026-05-03T11:07:19Z</time>
			</trkpt>
			<trkpt lat="47.20147006068111" lon="18.954441293775126">
				<ele>101.00739268772304</ele>
				<time>2026-05-03T11:07:21Z</time>
			</trkpt>
			<trkpt lat="47.20147777709669" lon="18.9544033404412">
				<ele>101.6690629022196</ele>
				<time>2026-05-03T11:07:23Z</time>
			</trkpt>
			<trkpt lat="47.2014849033053" lon="18.954364699227675">
				<ele>101.18157380539924</ele>
				<time>2026-05-03T11:07:25Z</time>
			</trkpt>
			<trkpt lat="47.20149320627946" lon="18.954326771509447">
				<ele>101.243099225685</ele>
				<time>2026-05-03T11:07:27Z</time>
			</trkpt>
			<trkpt lat="47.201505772803465" lon="18.954294911027272">
				<ele>101.31806843914092</ele>
				<time>2026-05-03T11:07:29Z</time>
			</trkpt>
			<trkpt lat="47.20152400561439" lon="18.954266485182476">
				<ele>101.88339496962726</ele>
				<time>2026-05-03T11:07:31Z</time>
			</trkpt>
			<trkpt lat="47.2015544626535" lon="18.95423092450826">
				<ele>101.63381999358535</ele>
				<time>2026-05-03T11:07:34Z</time>
			</trkpt>
			<trkpt lat="47.20157133152775" lon="18.954222605612912">
				<ele>101.81352712865919</ele>
				<time>2026-05-03T11:07:37Z</time>
			</trkpt>
			<trkpt lat="47.20157931596208" lon="18.954218911724357">
				<ele>100.36961245443672</ele>
				<time>2026-05-03T11:07:40Z</time>
			</trkpt>
			<trkpt lat="47.201606549664476" lon="18.95420357501814">
				<ele>101.18854562751949</ele>
				<time>2026-05-03T11:07:43Z</time>
			</trkpt>
			<trkpt lat="47.20163103352944" lon="18.95419554955158">
				<ele>100.47059905249625</ele>
				<time>2026-05-03T11:07:46Z</time>
			</trkpt>
			<trkpt lat="47.20165259880391" lon="18.954194056017386">
				<ele>101.32694044243544</ele>
				<time>2026-05-03T11:07:47Z</time>
			</trkpt>
			<trkpt lat="47.201690979148424" lon="18.954208038589954">
				<ele>100.5655043805018</ele>
				<time>2026-05-03T11:07:50Z</time>
			</trkpt>
			<trkpt lat="47.201715917053605" lon="18.954217180519173">
				<ele>99.46670456510037</ele>
				<time>2026-05-03T11:07:52Z</time>
			</trkpt>
			<trkpt lat="47.20174411789908" lon="18.954216891008894">
				<ele>99.12903257086873</ele>
				<time>2026-05-03T11:07:54Z</time>
			</trkpt>
			<trkpt lat="47.20176175542819" lon="18.9542257570475">
				<ele>98.22283807955682</ele>
				<time>2026-05-03T11:07:55Z</time>
			</trkpt>
			<trkpt lat="47.201793880247564" lon="18.954243942071862">
				<ele>98.06892483402044</ele>
				<time>2026-05-03T11:07:57Z</time>
			</trkpt>
			<trkpt lat="47.20182398692538" lon="18.954260910901613">
				<ele>98.5496500954032</ele>
				<time>2026-05-03T11:07:59Z</time>
			</trkpt>
			<trkpt lat="47.201849089643545" lon="18.95428054094594">
				<ele>98.88022733200341</ele>
				<time>2026-05-03T11:08:01Z</time>
			</trkpt>
			<trkpt lat="47.20187212012251" lon="18.95429149366519">
				<ele>98.10287942737341</ele>
				<time>2026-05-03T11:08:03Z</time>
			</trkpt>
			<trkpt lat="47.20189595154981" lon="18.954299968605934">
				<ele>97.34843910206109</ele>
				<time>2026-05-03T11:08:05Z</time>
			</trkpt>
			<trkpt lat="47.20191327614821" lon="18.95431504332664">
				<ele>96.84186029434204</ele>
				<time>2026-05-03T11:08:07Z</time>
			</trkpt>
			<trkpt lat="47.20193060098404" lon="18.95432937629503">
				<ele>96.87824137881398</ele>
				<time>2026-05-03T11:08:09Z</time>
			</trkpt>
			<trkpt lat="47.20195034325351" lon="18.95434142548229">
				<ele>96.61176296696067</ele>
				<time>2026-05-03T11:08:11Z</time>
			</trkpt>
			<trkpt lat="47.20196975979205" lon="18.954348329646574">
				<ele>96.56621542945504</ele>
				<time>2026-05-03T11:08:13Z</time>
			</trkpt>
			<trkpt lat="47.201992485370006" lon="18.954356040135238">
				<ele>96.53474459517747</ele>
				<time>2026-05-03T11:08:15Z</time>
			</trkpt>
			<trkpt lat="47.202016568934845" lon="18.954362356582553">
				<ele>97.68663763999939</ele>
				<time>2026-05-03T11:08:17Z</time>
			</trkpt>
			<trkpt lat="47.20203282213646" lon="18.954362963736074">
				<ele>97.55170946288854</ele>
				<time>2026-05-03T11:08:18Z</time>
			</trkpt>
			<trkpt lat="47.2020586279724" lon="18.954368214986594">
				<ele>96.94056036043912</ele>
				<time>2026-05-03T11:08:20Z</time>
			</trkpt>
			<trkpt lat="47.202086230314265" lon="18.95437557827738">
				<ele>97.5423786053434</ele>
				<time>2026-05-03T11:08:22Z</time>
			</trkpt>
			<trkpt lat="47.20210287204806" lon="18.954379972664803">
				<ele>97.916667945683</ele>
				<time>2026-05-03T11:08:23Z</time>
			</trkpt>
			<trkpt lat="47.20213237242245" lon="18.954392503462962">
				<ele>97.61176826059818</ele>
				<time>2026-05-03T11:08:25Z</time>
			</trkpt>
			<trkpt lat="47.202156123867326" lon="18.954410765811318">
				<ele>97.82750683370978</ele>
				<time>2026-05-03T11:08:27Z</time>
			</trkpt>
			<trkpt lat="47.20216915406515" lon="18.954417137729177">
				<ele>97.6510516135022</ele>
				<time>2026-05-03T11:08:28Z</time>
			</trkpt>
			<trkpt lat="47.20219124262706" lon="18.954429846862414">
				<ele>97.46011672914028</ele>
				<time>2026-05-03T11:08:30Z</time>
			</trkpt>
			<trkpt lat="47.20221231608548" lon="18.95443910902757">
				<ele>97.13099661562592</ele>
				<time>2026-05-03T11:08:32Z</time>
			</trkpt>
			<trkpt lat="47.20223574234912" lon="18.9544464243261">
				<ele>96.12009947840124</ele>
				<time>2026-05-03T11:08:34Z</time>
			</trkpt>
			<trkpt lat="47.20225929578698" lon="18.95444830069582">
				<ele>96.90127202589065</ele>
				<time>2026-05-03T11:08:36Z</time>
			</trkpt>
			<trkpt lat="47.20228352377671" lon="18.95445113459792">
				<ele>97.67527912650257</ele>
				<time>2026-05-03T11:08:38Z</time>
			</trkpt>
			<trkpt lat="47.202310037785566" lon="18.954454752686907">
				<ele>99.52472240012139</ele>
				<time>2026-05-03T11:08:40Z</time>
			</trkpt>
			<trkpt lat="47.20232828675" lon="18.954456534655062">
				<ele>98.9837436620146</ele>
				<time>2026-05-03T11:08:41Z</time>
			</trkpt>
			<trkpt lat="47.20235445909407" lon="18.95446155936435">
				<ele>98.0135948061943</ele>
				<time>2026-05-03T11:08:43Z</time>
			</trkpt>
			<trkpt lat="47.2023692411572" lon="18.954464544788276">
				<ele>97.84049957524985</ele>
				<time>2026-05-03T11:08:44Z</time>
			</trkpt>
			<trkpt lat="47.20239713898534" lon="18.95447055070762">
				<ele>97.5366222159937</ele>
				<time>2026-05-03T11:08:46Z</time>
			</trkpt>
			<trkpt lat="47.20241266097664" lon="18.95447679860923">
				<ele>97.90668220166117</ele>
				<time>2026-05-03T11:08:47Z</time>
			</trkpt>
			<trkpt lat="47.20244182113629" lon="18.954484861590636">
				<ele>97.63435721024871</ele>
				<time>2026-05-03T11:08:49Z</time>
			</trkpt>
			<trkpt lat="47.20245992096664" lon="18.954492901450383">
				<ele>98.06909642927349</ele>
				<time>2026-05-03T11:08:50Z</time>
			</trkpt>
			<trkpt lat="47.20248953095956" lon="18.95450839589348">
				<ele>97.77791891433299</ele>
				<time>2026-05-03T11:08:52Z</time>
			</trkpt>
			<trkpt lat="47.20252634663678" lon="18.95452826107844">
				<ele>97.62846418656409</ele>
				<time>2026-05-03T11:08:55Z</time>
			</trkpt>
			<trkpt lat="47.202553443305895" lon="18.95453335661859">
				<ele>97.81266382802278</ele>
				<time>2026-05-03T11:08:57Z</time>
			</trkpt>
			<trkpt lat="47.2025811504275" lon="18.95454082880092">
				<ele>97.14447310008109</ele>
				<time>2026-05-03T11:08:59Z</time>
			</trkpt>
			<trkpt lat="47.20260715945605" lon="18.95455032270884">
				<ele>97.45798184350133</ele>
				<time>2026-05-03T11:09:01Z</time>
			</trkpt>
			<trkpt lat="47.20262128701435" lon="18.95455983358331">
				<ele>98.35128095559776</ele>
				<time>2026-05-03T11:09:02Z</time>
			</trkpt>
			<trkpt lat="47.20264185653713" lon="18.954574869821805">
				<ele>97.62224737461656</ele>
				<time>2026-05-03T11:09:05Z</time>
			</trkpt>
			<trkpt lat="47.20265545311599" lon="18.95458109794715">
				<ele>97.24766677804291</ele>
				<time>2026-05-03T11:09:06Z</time>
			</trkpt>
			<trkpt lat="47.20267879809044" lon="18.95458646574546">
				<ele>96.92942300904542</ele>
				<time>2026-05-03T11:09:08Z</time>
			</trkpt>
			<trkpt lat="47.202702684044404" lon="18.95459129656929">
				<ele>97.29979032929987</ele>
				<time>2026-05-03T11:09:10Z</time>
			</trkpt>
			<trkpt lat="47.202715215900284" lon="18.95459677742829">
				<ele>97.31537014711648</ele>
				<time>2026-05-03T11:09:12Z</time>
			</trkpt>
			<trkpt lat="47.20274034319388" lon="18.95460283860807">
				<ele>97.93650002405047</ele>
				<time>2026-05-03T11:09:14Z</time>
			</trkpt>
			<trkpt lat="47.202761242284126" lon="18.954609062054573">
				<ele>97.60952899139374</ele>
				<time>2026-05-03T11:09:15Z</time>
			</trkpt>
			<trkpt lat="47.20278435127654" lon="18.954618471442217">
				<ele>98.25324389152229</ele>
				<time>2026-05-03T11:09:16Z</time>
			</trkpt>
			<trkpt lat="47.20282103643992" lon="18.954637064250985">
				<ele>98.72707282751799</ele>
				<time>2026-05-03T11:09:18Z</time>
			</trkpt>
			<trkpt lat="47.20285425281094" lon="18.954649516134673">
				<ele>98.18834176007658</ele>
				<time>2026-05-03T11:09:20Z</time>
			</trkpt>
			<trkpt lat="47.2028838566183" lon="18.954663224526236">
				<ele>98.24083980731666</ele>
				<time>2026-05-03T11:09:22Z</time>
			</trkpt>
			<trkpt lat="47.2029107037767" lon="18.954675872937592">
				<ele>98.1163468118757</ele>
				<time>2026-05-03T11:09:24Z</time>
			</trkpt>
			<trkpt lat="47.20293157232276" lon="18.954688482087626">
				<ele>97.23991488479078</ele>
				<time>2026-05-03T11:09:26Z</time>
			</trkpt>
			<trkpt lat="47.20295924250131" lon="18.954699383405373">
				<ele>99.00799205340445</ele>
				<time>2026-05-03T11:09:29Z</time>
			</trkpt>
			<trkpt lat="47.20297660677174" lon="18.954705028115384">
				<ele>98.53616801742464</ele>
				<time>2026-05-03T11:09:31Z</time>
			</trkpt>
			<trkpt lat="47.20298990127866" lon="18.954707824436955">
				<ele>97.85103203728795</ele>
				<time>2026-05-03T11:09:32Z</time>
			</trkpt>
			<trkpt lat="47.20301504692906" lon="18.95471314863971">
				<ele>98.61638254765421</ele>
				<time>2026-05-03T11:09:34Z</time>
			</trkpt>
			<trkpt lat="47.20304187646459" lon="18.954723058434862">
				<ele>98.33259618468583</ele>
				<time>2026-05-03T11:09:36Z</time>
			</trkpt>
			<trkpt lat="47.20306979291573" lon="18.954734933149595">
				<ele>98.14379506744444</ele>
				<time>2026-05-03T11:09:38Z</time>
			</trkpt>
			<trkpt lat="47.203091765670365" lon="18.954749686649315">
				<ele>98.10355980042368</ele>
				<time>2026-05-03T11:09:40Z</time>
			</trkpt>
			<trkpt lat="47.20311221154169" lon="18.954753584566824">
				<ele>99.0036919042468</ele>
				<time>2026-05-03T11:09:42Z</time>
			</trkpt>
			<trkpt lat="47.2031319972411" lon="18.954751919007876">
				<ele>97.6367610199377</ele>
				<time>2026-05-03T11:09:44Z</time>
			</trkpt>
			<trkpt lat="47.20315127730274" lon="18.95475419176801">
				<ele>98.53464189358056</ele>
				<time>2026-05-03T11:09:46Z</time>
			</trkpt>
			<trkpt lat="47.203167043313904" lon="18.954758026583868">
				<ele>98.19763674400747</ele>
				<time>2026-05-03T11:09:49Z</time>
			</trkpt>
			<trkpt lat="47.20319379505667" lon="18.954756833725604">
				<ele>97.74254911206663</ele>
				<time>2026-05-03T11:09:52Z</time>
			</trkpt>
			<trkpt lat="47.20322225958719" lon="18.954755384577993">
				<ele>97.71079315152019</ele>
				<time>2026-05-03T11:09:54Z</time>
			</trkpt>
			<trkpt lat="47.203244956200024" lon="18.95475611074089">
				<ele>98.0160347726196</ele>
				<time>2026-05-03T11:09:55Z</time>
			</trkpt>
			<trkpt lat="47.203286813035255" lon="18.954754849483916">
				<ele>98.66345742437989</ele>
				<time>2026-05-03T11:09:57Z</time>
			</trkpt>
			<trkpt lat="47.20331767136146" lon="18.954760249251592">
				<ele>97.42970278952271</ele>
				<time>2026-05-03T11:09:59Z</time>
			</trkpt>
			<trkpt lat="47.20334459912753" lon="18.954775075820788">
				<ele>98.4324032664299</ele>
				<time>2026-05-03T11:10:01Z</time>
			</trkpt>
			<trkpt lat="47.20337107495239" lon="18.954779536350337">
				<ele>97.6287688575685</ele>
				<time>2026-05-03T11:10:03Z</time>
			</trkpt>
			<trkpt lat="47.20340069559853" lon="18.954786931406897">
				<ele>98.70226550102234</ele>
				<time>2026-05-03T11:10:05Z</time>
			</trkpt>
			<trkpt lat="47.20343333858978" lon="18.954798479142962">
				<ele>98.7586659817025</ele>
				<time>2026-05-03T11:10:07Z</time>
			</trkpt>
			<trkpt lat="47.20345883537629" lon="18.954802895130097">
				<ele>97.5867036441341</ele>
				<time>2026-05-03T11:10:09Z</time>
			</trkpt>
			<trkpt lat="47.20348491137851" lon="18.954817531908812">
				<ele>99.25376039743423</ele>
				<time>2026-05-03T11:10:11Z</time>
			</trkpt>
			<trkpt lat="47.20350812664522" lon="18.95482404601777">
				<ele>97.97534403577447</ele>
				<time>2026-05-03T11:10:13Z</time>
			</trkpt>
			<trkpt lat="47.203527509394824" lon="18.954834704432052">
				<ele>97.1527682216838</ele>
				<time>2026-05-03T11:10:15Z</time>
			</trkpt>
			<trkpt lat="47.20354222993944" lon="18.954849676398876">
				<ele>97.80654106941074</ele>
				<time>2026-05-03T11:10:16Z</time>
			</trkpt>
			<trkpt lat="47.20358079320204" lon="18.954874345716618">
				<ele>99.32044929638505</ele>
				<time>2026-05-03T11:10:19Z</time>
			</trkpt>
			<trkpt lat="47.203611630188405" lon="18.954884299747746">
				<ele>98.34256771020591</ele>
				<time>2026-05-03T11:10:22Z</time>
			</trkpt>
			<trkpt lat="47.20363376677447" lon="18.954892674559126">
				<ele>98.29672918841243</ele>
				<time>2026-05-03T11:10:24Z</time>
			</trkpt>
			<trkpt lat="47.20365117487725" lon="18.95490798304462">
				<ele>97.2369376886636</ele>
				<time>2026-05-03T11:10:26Z</time>
			</trkpt>
			<trkpt lat="47.20366971884949" lon="18.95491671288601">
				<ele>97.94336009398103</ele>
				<time>2026-05-03T11:10:28Z</time>
			</trkpt>
			<trkpt lat="47.20368362921391" lon="18.954924490921282">
				<ele>96.94157062470913</ele>
				<time>2026-05-03T11:10:29Z</time>
			</trkpt>
			<trkpt lat="47.20370902611248" lon="18.954941269512528">
				<ele>97.09922661166638</ele>
				<time>2026-05-03T11:10:31Z</time>
			</trkpt>
			<trkpt lat="47.20373095513629" lon="18.954959184053873">
				<ele>97.74177809525281</ele>
				<time>2026-05-03T11:10:33Z</time>
			</trkpt>
			<trkpt lat="47.20374669886234" lon="18.954962274949306">
				<ele>98.48715909197927</ele>
				<time>2026-05-03T11:10:34Z</time>
			</trkpt>
			<trkpt lat="47.20377477691054" lon="18.95497199135144">
				<ele>98.34052224550396</ele>
				<time>2026-05-03T11:10:36Z</time>
			</trkpt>
			<trkpt lat="47.20379862234465" lon="18.954978950729735">
				<ele>98.08999102190137</ele>
				<time>2026-05-03T11:10:38Z</time>
			</trkpt>
			<trkpt lat="47.20381680498389" lon="18.954995573324457">
				<ele>98.56387224700302</ele>
				<time>2026-05-03T11:10:39Z</time>
			</trkpt>
			<trkpt lat="47.203843963338066" lon="18.955014600421475">
				<ele>97.76198917161673</ele>
				<time>2026-05-03T11:10:41Z</time>
			</trkpt>
			<trkpt lat="47.20386494230001" lon="18.95503156304088">
				<ele>97.72434380464256</ele>
				<time>2026-05-03T11:10:43Z</time>
			</trkpt>
			<trkpt lat="47.20388242834154" lon="18.955045013976285">
				<ele>96.72800661902875</ele>
				<time>2026-05-03T11:10:46Z</time>
			</trkpt>
			<trkpt lat="47.2039011320345" lon="18.955057282214987">
				<ele>96.77545721642673</ele>
				<time>2026-05-03T11:10:48Z</time>
			</trkpt>
			<trkpt lat="47.20392657013306" lon="18.955071214133135">
				<ele>97.20881505031139</ele>
				<time>2026-05-03T11:10:50Z</time>
			</trkpt>
			<trkpt lat="47.203957752273155" lon="18.95508296881019">
				<ele>98.64108280465007</ele>
				<time>2026-05-03T11:10:53Z</time>
			</trkpt>
			<trkpt lat="47.203981225002465" lon="18.955082700649427">
				<ele>99.69868646282703</ele>
				<time>2026-05-03T11:10:55Z</time>
			</trkpt>
			<trkpt lat="47.20400627451693" lon="18.955080026622355">
				<ele>99.09026562049985</ele>
				<time>2026-05-03T11:10:57Z</time>
			</trkpt>
			<trkpt lat="47.20402132381088" lon="18.95508564694189">
				<ele>98.80734154488891</ele>
				<time>2026-05-03T11:10:58Z</time>
			</trkpt>
			<trkpt lat="47.20404917609749" lon="18.955089881082607">
				<ele>97.68583465926349</ele>
				<time>2026-05-03T11:11:00Z</time>
			</trkpt>
			<trkpt lat="47.20407633224212" lon="18.955100651127875">
				<ele>97.60963121056557</ele>
				<time>2026-05-03T11:11:02Z</time>
			</trkpt>
			<trkpt lat="47.20411182592407" lon="18.955111693290387">
				<ele>97.76142891775817</ele>
				<time>2026-05-03T11:11:04Z</time>
			</trkpt>
			<trkpt lat="47.204139958869" lon="18.955124568513455">
				<ele>97.6925598103553</ele>
				<time>2026-05-03T11:11:06Z</time>
			</trkpt>
			<trkpt lat="47.20415635412903" lon="18.955137226388015">
				<ele>97.57779168058187</ele>
				<time>2026-05-03T11:11:09Z</time>
			</trkpt>
			<trkpt lat="47.20417137458848" lon="18.95513682332065">
				<ele>97.62523783650249</ele>
				<time>2026-05-03T11:11:10Z</time>
			</trkpt>
			<trkpt lat="47.20419548108002" lon="18.95514136943657">
				<ele>97.50862959679216</ele>
				<time>2026-05-03T11:11:12Z</time>
			</trkpt>
			<trkpt lat="47.204219301739364" lon="18.95514826093325">
				<ele>98.61925350502133</ele>
				<time>2026-05-03T11:11:14Z</time>
			</trkpt>
			<trkpt lat="47.204245283315956" lon="18.95515023321128">
				<ele>98.8861051844433</ele>
				<time>2026-05-03T11:11:16Z</time>
			</trkpt>
			<trkpt lat="47.20427940682407" lon="18.955163942588406">
				<ele>98.40281805209816</ele>
				<time>2026-05-03T11:11:18Z</time>
			</trkpt>
			<trkpt lat="47.20430689705941" lon="18.955177464122926">
				<ele>98.61057831067592</ele>
				<time>2026-05-03T11:11:20Z</time>
			</trkpt>
			<trkpt lat="47.204332442996034" lon="18.955174452883423">
				<ele>97.58897620625794</ele>
				<time>2026-05-03T11:11:22Z</time>
			</trkpt>
			<trkpt lat="47.20437224139175" lon="18.955179222905233">
				<ele>98.2971745384857</ele>
				<time>2026-05-03T11:11:25Z</time>
			</trkpt>
			<trkpt lat="47.2043902011092" lon="18.955183879462574">
				<ele>98.17948939744383</ele>
				<time>2026-05-03T11:11:26Z</time>
			</trkpt>
			<trkpt lat="47.20441971501112" lon="18.95520210052634">
				<ele>99.73184823337942</ele>
				<time>2026-05-03T11:11:29Z</time>
			</trkpt>
			<trkpt lat="47.204427023994604" lon="18.955202454711117">
				<ele>98.55333878844976</ele>
				<time>2026-05-03T11:11:30Z</time>
			</trkpt>
			<trkpt lat="47.204440157814055" lon="18.95520074716758">
				<ele>99.32118060719222</ele>
				<time>2026-05-03T11:11:31Z</time>
			</trkpt>
			<trkpt lat="47.20446620650154" lon="18.955209640009357">
				<ele>99.87989196460694</ele>
				<time>2026-05-03T11:11:33Z</time>
			</trkpt>
			<trkpt lat="47.20448582599906" lon="18.955220877621972">
				<ele>99.72326388210058</ele>
				<time>2026-05-03T11:11:35Z</time>
			</trkpt>
			<trkpt lat="47.204509614174256" lon="18.95523305519559">
				<ele>98.76557260937989</ele>
				<time>2026-05-03T11:11:37Z</time>
			</trkpt>
			<trkpt lat="47.20452742965717" lon="18.955241603761085">
				<ele>98.54129495099187</ele>
				<time>2026-05-03T11:11:40Z</time>
			</trkpt>
			<trkpt lat="47.20454358848218" lon="18.955245202551083">
				<ele>97.93150070589036</ele>
				<time>2026-05-03T11:11:42Z</time>
			</trkpt>
			<trkpt lat="47.20456224431503" lon="18.955243695892413">
				<ele>97.72402303107083</ele>
				<time>2026-05-03T11:11:45Z</time>
			</trkpt>
			<trkpt lat="47.204596615504876" lon="18.955241104573883">
				<ele>96.74152102135122</ele>
				<time>2026-05-03T11:11:48Z</time>
			</trkpt>
			<trkpt lat="47.20464625245079" lon="18.9552275039978">
				<ele>97.92347978055477</ele>
				<time>2026-05-03T11:11:53Z</time>
			</trkpt>
			<trkpt lat="47.20466002874395" lon="18.95522026977632">
				<ele>97.88585163280368</ele>
				<time>2026-05-03T11:11:55Z</time>
			</trkpt>
			<trkpt lat="47.204677583739546" lon="18.95521502395382">
				<ele>98.44961398374289</ele>
				<time>2026-05-03T11:11:57Z</time>
			</trkpt>
			<trkpt lat="47.20470139810036" lon="18.955208001151075">
				<ele>98.27567972522229</ele>
				<time>2026-05-03T11:11:59Z</time>
			</trkpt>
			<trkpt lat="47.20472686985639" lon="18.955204892810798">
				<ele>97.77554553188384</ele>
				<time>2026-05-03T11:12:01Z</time>
			</trkpt>
			<trkpt lat="47.20475163470768" lon="18.955201985008983">
				<ele>97.69496520329267</ele>
				<time>2026-05-03T11:12:03Z</time>
			</trkpt>
			<trkpt lat="47.20476886837542" lon="18.955202439870416">
				<ele>97.3140686461702</ele>
				<time>2026-05-03T11:12:04Z</time>
			</trkpt>
			<trkpt lat="47.20480872635288" lon="18.955204054120625">
				<ele>98.16073477268219</ele>
				<time>2026-05-03T11:12:07Z</time>
			</trkpt>
			<trkpt lat="47.20482391748636" lon="18.955205493146234">
				<ele>98.22448601853102</ele>
				<time>2026-05-03T11:12:08Z</time>
			</trkpt>
			<trkpt lat="47.20485632839689" lon="18.955208109787364">
				<ele>97.85380963422358</ele>
				<time>2026-05-03T11:12:10Z</time>
			</trkpt>
			<trkpt lat="47.20488824175167" lon="18.955210642322747">
				<ele>98.95070228911936</ele>
				<time>2026-05-03T11:12:12Z</time>
			</trkpt>
			<trkpt lat="47.204914750800455" lon="18.955207714220883">
				<ele>98.54304453078657</ele>
				<time>2026-05-03T11:12:14Z</time>
			</trkpt>
			<trkpt lat="47.20493480954986" lon="18.95521136074865">
				<ele>98.77142078150064</ele>
				<time>2026-05-03T11:12:16Z</time>
			</trkpt>
			<trkpt lat="47.204961911827596" lon="18.955218943501944">
				<ele>98.37718897033483</ele>
				<time>2026-05-03T11:12:18Z</time>
			</trkpt>
			<trkpt lat="47.20499641496378" lon="18.955234978276767">
				<ele>98.0402769362554</ele>
				<time>2026-05-03T11:12:21Z</time>
			</trkpt>
			<trkpt lat="47.20501988727864" lon="18.955242087296956">
				<ele>98.36620844341815</ele>
				<time>2026-05-03T11:12:23Z</time>
			</trkpt>
			<trkpt lat="47.20504321372458" lon="18.955252782706655">
				<ele>98.7002216912806</ele>
				<time>2026-05-03T11:12:25Z</time>
			</trkpt>
			<trkpt lat="47.20506357142202" lon="18.955260521797058">
				<ele>98.25438403524458</ele>
				<time>2026-05-03T11:12:27Z</time>
			</trkpt>
			<trkpt lat="47.20508795936079" lon="18.955265220286105">
				<ele>98.33099984470755</ele>
				<time>2026-05-03T11:12:29Z</time>
			</trkpt>
			<trkpt lat="47.20511274269008" lon="18.955265055079078">
				<ele>97.77263442054391</ele>
				<time>2026-05-03T11:12:31Z</time>
			</trkpt>
			<trkpt lat="47.20514275993897" lon="18.955263616800707">
				<ele>99.43080775346607</ele>
				<time>2026-05-03T11:12:33Z</time>
			</trkpt>
			<trkpt lat="47.20517042128204" lon="18.955269085869762">
				<ele>98.19764170981944</ele>
				<time>2026-05-03T11:12:35Z</time>
			</trkpt>
			<trkpt lat="47.20519534405986" lon="18.955272783170187">
				<ele>98.42149192560464</ele>
				<time>2026-05-03T11:12:37Z</time>
			</trkpt>
			<trkpt lat="47.205218539536006" lon="18.955275169346987">
				<ele>97.78837008029222</ele>
				<time>2026-05-03T11:12:39Z</time>
			</trkpt>
			<trkpt lat="47.205240869002346" lon="18.95528155974277">
				<ele>96.72445974126458</ele>
				<time>2026-05-03T11:12:41Z</time>
			</trkpt>
			<trkpt lat="47.2052623061802" lon="18.9552957658925">
				<ele>96.80250485427678</ele>
				<time>2026-05-03T11:12:43Z</time>
			</trkpt>
			<trkpt lat="47.20527691740051" lon="18.955301608904815">
				<ele>97.06912202108651</ele>
				<time>2026-05-03T11:12:44Z</time>
			</trkpt>
			<trkpt lat="47.2053052260493" lon="18.95530926160562">
				<ele>97.05144828837365</ele>
				<time>2026-05-03T11:12:46Z</time>
			</trkpt>
			<trkpt lat="47.20533245442665" lon="18.955316631326504">
				<ele>96.6062090434134</ele>
				<time>2026-05-03T11:12:48Z</time>
			</trkpt>
			<trkpt lat="47.205346850285835" lon="18.955323605465804">
				<ele>97.70145011600107</ele>
				<time>2026-05-03T11:12:49Z</time>
			</trkpt>
			<trkpt lat="47.20537058729408" lon="18.955329207769754">
				<ele>97.58385804668069</ele>
				<time>2026-05-03T11:12:51Z</time>
			</trkpt>
			<trkpt lat="47.20538430180644" lon="18.955334163699874">
				<ele>97.47402095422149</ele>
				<time>2026-05-03T11:12:52Z</time>
			</trkpt>
			<trkpt lat="47.20540002222544" lon="18.955342775872992">
				<ele>98.34200284443796</ele>
				<time>2026-05-03T11:12:53Z</time>
			</trkpt>
			<trkpt lat="47.20541785037981" lon="18.955353519463475">
				<ele>98.76593594159931</ele>
				<time>2026-05-03T11:12:54Z</time>
			</trkpt>
			<trkpt lat="47.20544581481175" lon="18.955367172112627">
				<ele>97.75682272389531</ele>
				<time>2026-05-03T11:12:56Z</time>
			</trkpt>
			<trkpt lat="47.20546837116219" lon="18.955380718985932">
				<ele>98.28915392234921</ele>
				<time>2026-05-03T11:12:58Z</time>
			</trkpt>
			<trkpt lat="47.20548682577805" lon="18.95539218399627">
				<ele>98.52285788673908</ele>
				<time>2026-05-03T11:13:00Z</time>
			</trkpt>
			<trkpt lat="47.20551081175307" lon="18.955400510108724">
				<ele>99.25991029851139</ele>
				<time>2026-05-03T11:13:02Z</time>
			</trkpt>
			<trkpt lat="47.20553105414519" lon="18.955414555320193">
				<ele>97.82038004416972</ele>
				<time>2026-05-03T11:13:04Z</time>
			</trkpt>
			<trkpt lat="47.20555414055753" lon="18.955428118079084">
				<ele>98.17602732032537</ele>
				<time>2026-05-03T11:13:06Z</time>
			</trkpt>
			<trkpt lat="47.20557631176013" lon="18.95544442866066">
				<ele>98.67631053831428</ele>
				<time>2026-05-03T11:13:08Z</time>
			</trkpt>
			<trkpt lat="47.205596517537" lon="18.955453175452032">
				<ele>98.04190318472683</ele>
				<time>2026-05-03T11:13:10Z</time>
			</trkpt>
			<trkpt lat="47.20561678923645" lon="18.95547006162995">
				<ele>97.86895060539246</ele>
				<time>2026-05-03T11:13:12Z</time>
			</trkpt>
			<trkpt lat="47.20564124003647" lon="18.95547898803198">
				<ele>98.21289944648743</ele>
				<time>2026-05-03T11:13:14Z</time>
			</trkpt>
			<trkpt lat="47.20566141536225" lon="18.95548971528093">
				<ele>99.52497349493206</ele>
				<time>2026-05-03T11:13:16Z</time>
			</trkpt>
			<trkpt lat="47.20567945223808" lon="18.955504994423958">
				<ele>99.37705073039979</ele>
				<time>2026-05-03T11:13:18Z</time>
			</trkpt>
			<trkpt lat="47.205691278891834" lon="18.955500548131546">
				<ele>97.97113251592964</ele>
				<time>2026-05-03T11:13:20Z</time>
			</trkpt>
			<trkpt lat="47.205706238120285" lon="18.95549133572958">
				<ele>98.30119666922837</ele>
				<time>2026-05-03T11:13:21Z</time>
			</trkpt>
			<trkpt lat="47.205728957712125" lon="18.955494924583675">
				<ele>98.30883074551821</ele>
				<time>2026-05-03T11:13:24Z</time>
			</trkpt>
			<trkpt lat="47.20575255985034" lon="18.955495228971618">
				<ele>98.51805953681469</ele>
				<time>2026-05-03T11:13:26Z</time>
			</trkpt>
			<trkpt lat="47.205778278308195" lon="18.955489618279007">
				<ele>98.39843578543514</ele>
				<time>2026-05-03T11:13:27Z</time>
			</trkpt>
			<trkpt lat="47.20577876196618" lon="18.955489870296837">
				<ele>98.03364332672209</ele>
				<time>2026-05-03T11:13:28Z</time>
			</trkpt>
			<trkpt lat="47.20578394900666" lon="18.955496886336903">
				<ele>97.87596417590976</ele>
				<time>2026-05-03T11:13:31Z</time>
			</trkpt>
			<trkpt lat="47.205791178831596" lon="18.955516599600458">
				<ele>98.33769604656845</ele>
				<time>2026-05-03T11:13:34Z</time>
			</trkpt>
			<trkpt lat="47.20580419005603" lon="18.955527503113107">
				<ele>98.23192422930151</ele>
				<time>2026-05-03T11:13:36Z</time>
			</trkpt>
			<trkpt lat="47.205815295898" lon="18.95552503571992">
				<ele>98.20950948353857</ele>
				<time>2026-05-03T11:13:37Z</time>
			</trkpt>
			<trkpt lat="47.20583503286563" lon="18.95552570795954">
				<ele>97.77414697501808</ele>
				<time>2026-05-03T11:13:39Z</time>
			</trkpt>
			<trkpt lat="47.20585670630707" lon="18.955527365487193">
				<ele>97.74338181130588</ele>
				<time>2026-05-03T11:13:41Z</time>
			</trkpt>
			<trkpt lat="47.20587751495833" lon="18.955520226965593">
				<ele>97.58313577063382</ele>
				<time>2026-05-03T11:13:42Z</time>
			</trkpt>
			<trkpt lat="47.20590871907797" lon="18.95551225139598">
				<ele>97.98181713093072</ele>
				<time>2026-05-03T11:13:44Z</time>
			</trkpt>
			<trkpt lat="47.2059387191097" lon="18.955506584874335">
				<ele>97.7108665779233</ele>
				<time>2026-05-03T11:13:46Z</time>
			</trkpt>
			<trkpt lat="47.2059600562945" lon="18.955511378037713">
				<ele>98.20178906433284</ele>
				<time>2026-05-03T11:13:48Z</time>
			</trkpt>
			<trkpt lat="47.205978830056154" lon="18.955509449452165">
				<ele>97.77586698718369</ele>
				<time>2026-05-03T11:13:49Z</time>
			</trkpt>
			<trkpt lat="47.20602006237687" lon="18.955522588341616">
				<ele>97.76716878730804</ele>
				<time>2026-05-03T11:13:52Z</time>
			</trkpt>
			<trkpt lat="47.206043872117434" lon="18.955527471082235">
				<ele>97.94333801977336</ele>
				<time>2026-05-03T11:13:54Z</time>
			</trkpt>
			<trkpt lat="47.206056713179606" lon="18.955517897634067">
				<ele>97.63037698250264</ele>
				<time>2026-05-03T11:13:55Z</time>
			</trkpt>
			<trkpt lat="47.20608567914223" lon="18.95551127381649">
				<ele>98.51590392645448</ele>
				<time>2026-05-03T11:13:57Z</time>
			</trkpt>
			<trkpt lat="47.206105029467764" lon="18.955514112005936">
				<ele>98.54332162160426</ele>
				<time>2026-05-03T11:13:59Z</time>
			</trkpt>
			<trkpt lat="47.20612230396487" lon="18.955513353230053">
				<ele>97.77985674515367</ele>
				<time>2026-05-03T11:14:01Z</time>
			</trkpt>
			<trkpt lat="47.20614118533078" lon="18.95551565644692">
				<ele>98.34146047197282</ele>
				<time>2026-05-03T11:14:03Z</time>
			</trkpt>
			<trkpt lat="47.20616036443552" lon="18.955509927967828">
				<ele>97.54111070651561</ele>
				<time>2026-05-03T11:14:04Z</time>
			</trkpt>
			<trkpt lat="47.206195037805685" lon="18.95550738809701">
				<ele>97.83953817840666</ele>
				<time>2026-05-03T11:14:06Z</time>
			</trkpt>
			<trkpt lat="47.206226408835185" lon="18.955519916557446">
				<ele>98.2846032064408</ele>
				<time>2026-05-03T11:14:08Z</time>
			</trkpt>
			<trkpt lat="47.20625837061303" lon="18.955524687899185">
				<ele>97.43226721417159</ele>
				<time>2026-05-03T11:14:10Z</time>
			</trkpt>
			<trkpt lat="47.2062810893203" lon="18.955528684109698">
				<ele>97.86472813319415</ele>
				<time>2026-05-03T11:14:12Z</time>
			</trkpt>
			<trkpt lat="47.20629902416788" lon="18.95553395829699">
				<ele>96.96349538024515</ele>
				<time>2026-05-03T11:14:14Z</time>
			</trkpt>
			<trkpt lat="47.206322474177846" lon="18.955537537606993">
				<ele>96.82174897380173</ele>
				<time>2026-05-03T11:14:16Z</time>
			</trkpt>
			<trkpt lat="47.20634474741828" lon="18.955530250715757">
				<ele>97.4386699590832</ele>
				<time>2026-05-03T11:14:19Z</time>
			</trkpt>
			<trkpt lat="47.20636051323763" lon="18.95552568089174">
				<ele>97.0365359634161</ele>
				<time>2026-05-03T11:14:21Z</time>
			</trkpt>
			<trkpt lat="47.20636706572641" lon="18.955536305895098">
				<ele>97.32412420492619</ele>
				<time>2026-05-03T11:14:22Z</time>
			</trkpt>
			<trkpt lat="47.2063753763391" lon="18.955533591909383">
				<ele>96.81982639245689</ele>
				<time>2026-05-03T11:14:23Z</time>
			</trkpt>
			<trkpt lat="47.206395151373556" lon="18.95553960070488">
				<ele>97.11567967757583</ele>
				<time>2026-05-03T11:14:24Z</time>
			</trkpt>
			<trkpt lat="47.206430979204754" lon="18.95555163488713">
				<ele>97.73847270291299</ele>
				<time>2026-05-03T11:14:26Z</time>
			</trkpt>
			<trkpt lat="47.20646135733652" lon="18.955557301641434">
				<ele>97.302275612019</ele>
				<time>2026-05-03T11:14:28Z</time>
			</trkpt>
			<trkpt lat="47.20648593880048" lon="18.955559771263044">
				<ele>97.42382994387299</ele>
				<time>2026-05-03T11:14:30Z</time>
			</trkpt>
			<trkpt lat="47.20649639184446" lon="18.95556985489851">
				<ele>97.7491835411638</ele>
				<time>2026-05-03T11:14:31Z</time>
			</trkpt>
			<trkpt lat="47.206513964989405" lon="18.955574890993827">
				<ele>97.8434437867254</ele>
				<time>2026-05-03T11:14:33Z</time>
			</trkpt>
			<trkpt lat="47.20653807435267" lon="18.95557444137004">
				<ele>96.93609762657434</ele>
				<time>2026-05-03T11:14:36Z</time>
			</trkpt>
			<trkpt lat="47.206557019811086" lon="18.955584165744057">
				<ele>97.5834326883778</ele>
				<time>2026-05-03T11:14:37Z</time>
			</trkpt>
			<trkpt lat="47.206587759321984" lon="18.955601866418608">
				<ele>97.6159871853888</ele>
				<time>2026-05-03T11:14:39Z</time>
			</trkpt>
			<trkpt lat="47.2066098893369" lon="18.955620079070908">
				<ele>98.59844777174294</ele>
				<time>2026-05-03T11:14:41Z</time>
			</trkpt>
			<trkpt lat="47.206634380732105" lon="18.955622461397933">
				<ele>98.29119775816798</ele>
				<time>2026-05-03T11:14:43Z</time>
			</trkpt>
			<trkpt lat="47.20667050087056" lon="18.955645030280735">
				<ele>98.20054058823735</ele>
				<time>2026-05-03T11:14:46Z</time>
			</trkpt>
			<trkpt lat="47.20670067686195" lon="18.95566038659018">
				<ele>99.37601893302053</ele>
				<time>2026-05-03T11:14:49Z</time>
			</trkpt>
			<trkpt lat="47.206721796606125" lon="18.95567428584356">
				<ele>98.73000623937696</ele>
				<time>2026-05-03T11:14:51Z</time>
			</trkpt>
			<trkpt lat="47.206736501662014" lon="18.955687173009785">
				<ele>97.59531373716891</ele>
				<time>2026-05-03T11:14:52Z</time>
			</trkpt>
			<trkpt lat="47.20676301973675" lon="18.955704560271368">
				<ele>98.19060412980616</ele>
				<time>2026-05-03T11:14:54Z</time>
			</trkpt>
			<trkpt lat="47.20678546811013" lon="18.955712735483544">
				<ele>98.96661068871617</ele>
				<time>2026-05-03T11:14:56Z</time>
			</trkpt>
			<trkpt lat="47.20680427819135" lon="18.955726980873383">
				<ele>98.04583746660501</ele>
				<time>2026-05-03T11:14:58Z</time>
			</trkpt>
			<trkpt lat="47.206834892321226" lon="18.955745965241434">
				<ele>97.59536220412701</ele>
				<time>2026-05-03T11:15:01Z</time>
			</trkpt>
			<trkpt lat="47.20684952946986" lon="18.95574373200589">
				<ele>97.79257135093212</ele>
				<time>2026-05-03T11:15:03Z</time>
			</trkpt>
			<trkpt lat="47.206864699103434" lon="18.955734361862884">
				<ele>98.5915160542354</ele>
				<time>2026-05-03T11:15:04Z</time>
			</trkpt>
			<trkpt lat="47.20689482494477" lon="18.955728053008254">
				<ele>98.03634764067829</ele>
				<time>2026-05-03T11:15:06Z</time>
			</trkpt>
			<trkpt lat="47.206921954573836" lon="18.95572938657838">
				<ele>97.86249618418515</ele>
				<time>2026-05-03T11:15:08Z</time>
			</trkpt>
			<trkpt lat="47.20694543570301" lon="18.95573251950965">
				<ele>97.48120283894241</ele>
				<time>2026-05-03T11:15:10Z</time>
			</trkpt>
			<trkpt lat="47.20696510537242" lon="18.955740060949445">
				<ele>98.09492545295507</ele>
				<time>2026-05-03T11:15:12Z</time>
			</trkpt>
			<trkpt lat="47.20697952836009" lon="18.955735341709353">
				<ele>98.04876986145973</ele>
				<time>2026-05-03T11:15:13Z</time>
			</trkpt>
			<trkpt lat="47.207001891937054" lon="18.955749104116116">
				<ele>98.87121447455138</ele>
				<time>2026-05-03T11:15:15Z</time>
			</trkpt>
			<trkpt lat="47.20703141010228" lon="18.9557513378589">
				<ele>99.2365686558187</ele>
				<time>2026-05-03T11:15:17Z</time>
			</trkpt>
			<trkpt lat="47.20704756829509" lon="18.955758800321913">
				<ele>97.03535830136389</ele>
				<time>2026-05-03T11:15:19Z</time>
			</trkpt>
			<trkpt lat="47.20708084660682" lon="18.955772639880607">
				<ele>96.94294596090913</ele>
				<time>2026-05-03T11:15:22Z</time>
			</trkpt>
			<trkpt lat="47.20710348043491" lon="18.95579199950939">
				<ele>97.80280066747218</ele>
				<time>2026-05-03T11:15:24Z</time>
			</trkpt>
			<trkpt lat="47.207132386832285" lon="18.955808895700738">
				<ele>98.10556491278112</ele>
				<time>2026-05-03T11:15:26Z</time>
			</trkpt>
			<trkpt lat="47.207153079424444" lon="18.955813585036793">
				<ele>98.37844764627516</ele>
				<time>2026-05-03T11:15:29Z</time>
			</trkpt>
			<trkpt lat="47.20716715209286" lon="18.95580713438904">
				<ele>97.91704319044948</ele>
				<time>2026-05-03T11:15:30Z</time>
			</trkpt>
			<trkpt lat="47.20718403555194" lon="18.955807181557375">
				<ele>97.7514658793807</ele>
				<time>2026-05-03T11:15:32Z</time>
			</trkpt>
			<trkpt lat="47.20719051255876" lon="18.95581876037274">
				<ele>97.94224100373685</ele>
				<time>2026-05-03T11:15:33Z</time>
			</trkpt>
			<trkpt lat="47.207202198549254" lon="18.955824012065406">
				<ele>98.37124020513147</ele>
				<time>2026-05-03T11:15:34Z</time>
			</trkpt>
			<trkpt lat="47.20722353274198" lon="18.9558343980736">
				<ele>98.24155368003994</ele>
				<time>2026-05-03T11:15:36Z</time>
			</trkpt>
			<trkpt lat="47.20725506816457" lon="18.955844758812926">
				<ele>98.28803140576929</ele>
				<time>2026-05-03T11:15:38Z</time>
			</trkpt>
			<trkpt lat="47.20728591796517" lon="18.95585847918324">
				<ele>97.64477162156254</ele>
				<time>2026-05-03T11:15:40Z</time>
			</trkpt>
			<trkpt lat="47.207315446660786" lon="18.95586637166144">
				<ele>97.3921902552247</ele>
				<time>2026-05-03T11:15:42Z</time>
			</trkpt>
			<trkpt lat="47.207327185065814" lon="18.95587692953771">
				<ele>97.51658032182604</ele>
				<time>2026-05-03T11:15:44Z</time>
			</trkpt>
			<trkpt lat="47.20734939342852" lon="18.95587818372832">
				<ele>97.52319409605116</ele>
				<time>2026-05-03T11:15:46Z</time>
			</trkpt>
			<trkpt lat="47.20737886295995" lon="18.95589596334612">
				<ele>96.67522021848708</ele>
				<time>2026-05-03T11:15:48Z</time>
			</trkpt>
			<trkpt lat="47.207400781825584" lon="18.955915918291634">
				<ele>96.52266277838498</ele>
				<time>2026-05-03T11:15:49Z</time>
			</trkpt>
			<trkpt lat="47.207407880858774" lon="18.955920536933935">
				<ele>97.96979116462171</ele>
				<time>2026-05-03T11:15:50Z</time>
			</trkpt>
			<trkpt lat="47.207426211606894" lon="18.95593650104046">
				<ele>98.00162658002228</ele>
				<time>2026-05-03T11:15:52Z</time>
			</trkpt>
			<trkpt lat="47.20743797304772" lon="18.95593384397099">
				<ele>97.66761733125895</ele>
				<time>2026-05-03T11:15:53Z</time>
			</trkpt>
			<trkpt lat="47.20745113414112" lon="18.95593456737303">
				<ele>97.45368694979697</ele>
				<time>2026-05-03T11:15:55Z</time>
			</trkpt>
			<trkpt lat="47.20746441305215" lon="18.955947700663657">
				<ele>98.39836135599762</ele>
				<time>2026-05-03T11:15:56Z</time>
			</trkpt>
			<trkpt lat="47.20749242612666" lon="18.955959913691252">
				<ele>98.58633223641664</ele>
				<time>2026-05-03T11:15:58Z</time>
			</trkpt>
			<trkpt lat="47.207520761170215" lon="18.95596243772077">
				<ele>98.41437486372888</ele>
				<time>2026-05-03T11:16:00Z</time>
			</trkpt>
			<trkpt lat="47.207533822038236" lon="18.9559747001218">
				<ele>99.46875035669655</ele>
				<time>2026-05-03T11:16:01Z</time>
			</trkpt>
			<trkpt lat="47.207549730422414" lon="18.955977278637743">
				<ele>99.41370953340083</ele>
				<time>2026-05-03T11:16:02Z</time>
			</trkpt>
			<trkpt lat="47.20755931985011" lon="18.955992306932444">
				<ele>98.72374705504626</ele>
				<time>2026-05-03T11:16:03Z</time>
			</trkpt>
			<trkpt lat="47.20757348032009" lon="18.956023500731234">
				<ele>98.6244905712083</ele>
				<time>2026-05-03T11:16:05Z</time>
			</trkpt>
			<trkpt lat="47.20758311215441" lon="18.95603440836384">
				<ele>98.71287414524704</ele>
				<time>2026-05-03T11:16:07Z</time>
			</trkpt>
			<trkpt lat="47.20759384600129" lon="18.95604036684399">
				<ele>99.20063221734017</ele>
				<time>2026-05-03T11:16:09Z</time>
			</trkpt>
			<trkpt lat="47.2076085129102" lon="18.95605603195087">
				<ele>99.27449270617217</ele>
				<time>2026-05-03T11:16:11Z</time>
			</trkpt>
			<trkpt lat="47.20762543461937" lon="18.956069618120264">
				<ele>99.85512059461325</ele>
				<time>2026-05-03T11:16:13Z</time>
			</trkpt>
			<trkpt lat="47.20764168071703" lon="18.95608091557284">
				<ele>99.3127726688981</ele>
				<time>2026-05-03T11:16:15Z</time>
			</trkpt>
			<trkpt lat="47.20765653412957" lon="18.956094151219364">
				<ele>100.29996663145721</ele>
				<time>2026-05-03T11:16:17Z</time>
			</trkpt>
			<trkpt lat="47.207689346326866" lon="18.956109366119573">
				<ele>99.26258226204664</ele>
				<time>2026-05-03T11:16:19Z</time>
			</trkpt>
			<trkpt lat="47.207724018161585" lon="18.95612256696048">
				<ele>99.61493733990937</ele>
				<time>2026-05-03T11:16:21Z</time>
			</trkpt>
			<trkpt lat="47.20775365246775" lon="18.956136999035287">
				<ele>101.39798759669065</ele>
				<time>2026-05-03T11:16:23Z</time>
			</trkpt>
			<trkpt lat="47.207770173965315" lon="18.956138540567125">
				<ele>100.16712940484285</ele>
				<time>2026-05-03T11:16:24Z</time>
			</trkpt>
			<trkpt lat="47.20778742738738" lon="18.95613408219032">
				<ele>99.49815780296922</ele>
				<time>2026-05-03T11:16:25Z</time>
			</trkpt>
			<trkpt lat="47.207807165458945" lon="18.956132159860722">
				<ele>99.83699497394264</ele>
				<time>2026-05-03T11:16:26Z</time>
			</trkpt>
			<trkpt lat="47.20783595775832" lon="18.956137517668875">
				<ele>99.51414710655808</ele>
				<time>2026-05-03T11:16:28Z</time>
			</trkpt>
			<trkpt lat="47.20787033795387" lon="18.956146628199445">
				<ele>101.42386156599969</ele>
				<time>2026-05-03T11:16:30Z</time>
			</trkpt>
			<trkpt lat="47.207899260909905" lon="18.956151877955424">
				<ele>100.81744970194995</ele>
				<time>2026-05-03T11:16:32Z</time>
			</trkpt>
			<trkpt lat="47.20791253715054" lon="18.95615041641145">
				<ele>100.61574243195355</ele>
				<time>2026-05-03T11:16:34Z</time>
			</trkpt>
			<trkpt lat="47.20792129428145" lon="18.956147236428755">
				<ele>100.7595957936719</ele>
				<time>2026-05-03T11:16:36Z</time>
			</trkpt>
			<trkpt lat="47.207941420901406" lon="18.956151474796233">
				<ele>101.43306209053844</ele>
				<time>2026-05-03T11:16:38Z</time>
			</trkpt>
			<trkpt lat="47.207967031644465" lon="18.95615298068236">
				<ele>101.67363476380706</ele>
				<time>2026-05-03T11:16:40Z</time>
			</trkpt>
			<trkpt lat="47.20798935807766" lon="18.956149033105362">
				<ele>101.2651682626456</ele>
				<time>2026-05-03T11:16:43Z</time>
			</trkpt>
			<trkpt lat="47.20800995281933" lon="18.95614923422204">
				<ele>100.38269696105272</ele>
				<time>2026-05-03T11:16:45Z</time>
			</trkpt>
			<trkpt lat="47.20803378378608" lon="18.95615179328107">
				<ele>99.74454305693507</ele>
				<time>2026-05-03T11:16:47Z</time>
			</trkpt>
			<trkpt lat="47.208053424991235" lon="18.95614983140479">
				<ele>99.68982060998678</ele>
				<time>2026-05-03T11:16:50Z</time>
			</trkpt>
			<trkpt lat="47.2080767007781" lon="18.95615052247807">
				<ele>98.93695834837854</ele>
				<time>2026-05-03T11:16:52Z</time>
			</trkpt>
			<trkpt lat="47.20809471045577" lon="18.95614985791398">
				<ele>98.84315080288798</ele>
				<time>2026-05-03T11:16:54Z</time>
			</trkpt>
			<trkpt lat="47.20810814701561" lon="18.956151665031125">
				<ele>99.5519945519045</ele>
				<time>2026-05-03T11:16:56Z</time>
			</trkpt>
			<trkpt lat="47.208143215942485" lon="18.956148014128136">
				<ele>98.42623638361692</ele>
				<time>2026-05-03T11:16:59Z</time>
			</trkpt>
			<trkpt lat="47.20816849764035" lon="18.95616574877169">
				<ele>98.73547338880599</ele>
				<time>2026-05-03T11:17:01Z</time>
			</trkpt>
			<trkpt lat="47.20819522380645" lon="18.95617958273062">
				<ele>99.62371013313532</ele>
				<time>2026-05-03T11:17:03Z</time>
			</trkpt>
			<trkpt lat="47.20823652337328" lon="18.956194346464287">
				<ele>99.0748034203425</ele>
				<time>2026-05-03T11:17:06Z</time>
			</trkpt>
			<trkpt lat="47.208257951397705" lon="18.956197126739887">
				<ele>99.18513994477689</ele>
				<time>2026-05-03T11:17:09Z</time>
			</trkpt>
			<trkpt lat="47.2082661912203" lon="18.956193346187355">
				<ele>99.25053220055997</ele>
				<time>2026-05-03T11:17:11Z</time>
			</trkpt>
			<trkpt lat="47.20829065866316" lon="18.95619279884457">
				<ele>99.74309741985053</ele>
				<time>2026-05-03T11:17:13Z</time>
			</trkpt>
			<trkpt lat="47.20832381328073" lon="18.956204297010903">
				<ele>98.6490985089913</ele>
				<time>2026-05-03T11:17:16Z</time>
			</trkpt>
			<trkpt lat="47.20834898984369" lon="18.956212000621317">
				<ele>99.00583062786609</ele>
				<time>2026-05-03T11:17:18Z</time>
			</trkpt>
			<trkpt lat="47.208366506570044" lon="18.956211116006486">
				<ele>100.04317562188953</ele>
				<time>2026-05-03T11:17:19Z</time>
			</trkpt>
			<trkpt lat="47.20840561283112" lon="18.9562310218574">
				<ele>99.28492324054241</ele>
				<time>2026-05-03T11:17:22Z</time>
			</trkpt>
			<trkpt lat="47.20842979897359" lon="18.956242783046655">
				<ele>97.85600849427283</ele>
				<time>2026-05-03T11:17:24Z</time>
			</trkpt>
			<trkpt lat="47.20845053397932" lon="18.956260053380966">
				<ele>99.36656099930406</ele>
				<time>2026-05-03T11:17:26Z</time>
			</trkpt>
			<trkpt lat="47.2084853249829" lon="18.956274823478395">
				<ele>98.33562143426389</ele>
				<time>2026-05-03T11:17:29Z</time>
			</trkpt>
			<trkpt lat="47.208504434697105" lon="18.956289470463336">
				<ele>97.93732072878629</ele>
				<time>2026-05-03T11:17:31Z</time>
			</trkpt>
			<trkpt lat="47.20852214407755" lon="18.95630635918795">
				<ele>97.79349708650261</ele>
				<time>2026-05-03T11:17:33Z</time>
			</trkpt>
			<trkpt lat="47.20855262498476" lon="18.95633283890582">
				<ele>97.33472082391381</ele>
				<time>2026-05-03T11:17:37Z</time>
			</trkpt>
			<trkpt lat="47.208578038288735" lon="18.956339150219147">
				<ele>97.02732632216066</ele>
				<time>2026-05-03T11:17:40Z</time>
			</trkpt>
			<trkpt lat="47.20860968569457" lon="18.95633671153409">
				<ele>98.12433590274304</ele>
				<time>2026-05-03T11:17:43Z</time>
			</trkpt>
			<trkpt lat="47.208629872711754" lon="18.956349862183842">
				<ele>98.2216334193945</ele>
				<time>2026-05-03T11:17:45Z</time>
			</trkpt>
			<trkpt lat="47.208640644304324" lon="18.956375541689834">
				<ele>99.31378145795316</ele>
				<time>2026-05-03T11:17:47Z</time>
			</trkpt>
			<trkpt lat="47.20864955984857" lon="18.956410174635245">
				<ele>98.77235613763332</ele>
				<time>2026-05-03T11:17:49Z</time>
			</trkpt>
			<trkpt lat="47.2086655500227" lon="18.956441092356357">
				<ele>99.13691358081996</ele>
				<time>2026-05-03T11:17:51Z</time>
			</trkpt>
			<trkpt lat="47.208688611111626" lon="18.956477406425165">
				<ele>98.8414583131671</ele>
				<time>2026-05-03T11:17:54Z</time>
			</trkpt>
			<trkpt lat="47.208699033032225" lon="18.956505564053447">
				<ele>99.25669081881642</ele>
				<time>2026-05-03T11:17:56Z</time>
			</trkpt>
			<trkpt lat="47.208711750229625" lon="18.956534140018224">
				<ele>98.76762292627245</ele>
				<time>2026-05-03T11:17:58Z</time>
			</trkpt>
			<trkpt lat="47.20872523814246" lon="18.956560378042926">
				<ele>98.36485098395497</ele>
				<time>2026-05-03T11:18:02Z</time>
			</trkpt>
			<trkpt lat="47.20872760630452" lon="18.956563226683343">
				<ele>97.50431825686246</ele>
				<time>2026-05-03T11:18:04Z</time>
			</trkpt>
			<trkpt lat="47.20874147141386" lon="18.956574714631877">
				<ele>96.78053710050881</ele>
				<time>2026-05-03T11:18:05Z</time>
			</trkpt>
			<trkpt lat="47.20876119161041" lon="18.956591003641673">
				<ele>99.64120976720005</ele>
				<time>2026-05-03T11:18:07Z</time>
			</trkpt>
			<trkpt lat="47.20877768406166" lon="18.95659634907618">
				<ele>97.7719888985157</ele>
				<time>2026-05-03T11:18:08Z</time>
			</trkpt>
			<trkpt lat="47.20880172632167" lon="18.956607053652565">
				<ele>98.47398285102099</ele>
				<time>2026-05-03T11:18:11Z</time>
			</trkpt>
			<trkpt lat="47.20881518711233" lon="18.956624044263418">
				<ele>99.2737548025325</ele>
				<time>2026-05-03T11:18:12Z</time>
			</trkpt>
			<trkpt lat="47.208846254175675" lon="18.95665502545183">
				<ele>99.22883460018784</ele>
				<time>2026-05-03T11:18:15Z</time>
			</trkpt>
			<trkpt lat="47.208860425058376" lon="18.95667190791436">
				<ele>98.41392070334405</ele>
				<time>2026-05-03T11:18:16Z</time>
			</trkpt>
			<trkpt lat="47.20887932702959" lon="18.95670737371019">
				<ele>98.11030306760222</ele>
				<time>2026-05-03T11:18:18Z</time>
			</trkpt>
			<trkpt lat="47.208894881960184" lon="18.95673517279956">
				<ele>97.5388172082603</ele>
				<time>2026-05-03T11:18:20Z</time>
			</trkpt>
			<trkpt lat="47.20891096313015" lon="18.956763844459864">
				<ele>96.98164785467088</ele>
				<time>2026-05-03T11:18:22Z</time>
			</trkpt>
			<trkpt lat="47.20893021642367" lon="18.956800049800346">
				<ele>97.26781070511788</ele>
				<time>2026-05-03T11:18:24Z</time>
			</trkpt>
			<trkpt lat="47.20895408820431" lon="18.956831307603075">
				<ele>96.84307917673141</ele>
				<time>2026-05-03T11:18:26Z</time>
			</trkpt>
			<trkpt lat="47.20897705892531" lon="18.956854117923193">
				<ele>96.52165531273931</ele>
				<time>2026-05-03T11:18:28Z</time>
			</trkpt>
			<trkpt lat="47.20899883437642" lon="18.956876492764383">
				<ele>97.2162972735241</ele>
				<time>2026-05-03T11:18:30Z</time>
			</trkpt>
			<trkpt lat="47.20903283329457" lon="18.956901363963944">
				<ele>96.82511650025845</ele>
				<time>2026-05-03T11:18:33Z</time>
			</trkpt>
			<trkpt lat="47.20905685608584" lon="18.95690860704483">
				<ele>96.45629377383739</ele>
				<time>2026-05-03T11:18:35Z</time>
			</trkpt>
			<trkpt lat="47.209076099222884" lon="18.956920790089264">
				<ele>99.18343434482813</ele>
				<time>2026-05-03T11:18:37Z</time>
			</trkpt>
			<trkpt lat="47.20909139661945" lon="18.956920504970135">
				<ele>97.52394437044859</ele>
				<time>2026-05-03T11:18:38Z</time>
			</trkpt>
			<trkpt lat="47.20910525239525" lon="18.956929666591904">
				<ele>98.03931709099561</ele>
				<time>2026-05-03T11:18:39Z</time>
			</trkpt>
			<trkpt lat="47.209128576789205" lon="18.956950577139533">
				<ele>97.72452669218183</ele>
				<time>2026-05-03T11:18:41Z</time>
			</trkpt>
			<trkpt lat="47.20914760731132" lon="18.95697257760346">
				<ele>97.64708530902863</ele>
				<time>2026-05-03T11:18:43Z</time>
			</trkpt>
			<trkpt lat="47.20917127584292" lon="18.9569926004998">
				<ele>97.75877503212541</ele>
				<time>2026-05-03T11:18:45Z</time>
			</trkpt>
			<trkpt lat="47.209193233845646" lon="18.95700869113476">
				<ele>97.57193300221115</ele>
				<time>2026-05-03T11:18:47Z</time>
			</trkpt>
			<trkpt lat="47.20921077424335" lon="18.95702192542404">
				<ele>97.78865127637982</ele>
				<time>2026-05-03T11:18:49Z</time>
			</trkpt>
			<trkpt lat="47.20922926145652" lon="18.95703427607214">
				<ele>97.298707482405</ele>
				<time>2026-05-03T11:18:51Z</time>
			</trkpt>
			<trkpt lat="47.20924514629319" lon="18.95705332492155">
				<ele>96.25147322751582</ele>
				<time>2026-05-03T11:18:53Z</time>
			</trkpt>
			<trkpt lat="47.2092596262553" lon="18.957080011720443">
				<ele>97.08286521211267</ele>
				<time>2026-05-03T11:18:55Z</time>
			</trkpt>
			<trkpt lat="47.20928136169718" lon="18.95711072357061">
				<ele>96.63614806905389</ele>
				<time>2026-05-03T11:18:57Z</time>
			</trkpt>
			<trkpt lat="47.2093084378074" lon="18.957128275762273">
				<ele>94.75820128526539</ele>
				<time>2026-05-03T11:18:59Z</time>
			</trkpt>
			<trkpt lat="47.20933874461072" lon="18.957147704149275">
				<ele>92.75897048506886</ele>
				<time>2026-05-03T11:19:02Z</time>
			</trkpt>
			<trkpt lat="47.20934928236061" lon="18.957154554465404">
				<ele>96.27207538299263</ele>
				<time>2026-05-03T11:19:05Z</time>
			</trkpt>
			<trkpt lat="47.20936132617659" lon="18.957151813881104">
				<ele>96.23510335758328</ele>
				<time>2026-05-03T11:19:06Z</time>
			</trkpt>
			<trkpt lat="47.20938259781053" lon="18.957157698128793">
				<ele>96.34822508599609</ele>
				<time>2026-05-03T11:19:08Z</time>
			</trkpt>
			<trkpt lat="47.20939128651967" lon="18.9571738086101">
				<ele>96.68774244282395</ele>
				<time>2026-05-03T11:19:09Z</time>
			</trkpt>
			<trkpt lat="47.209403811238005" lon="18.9571786544965">
				<ele>97.24110186193138</ele>
				<time>2026-05-03T11:19:10Z</time>
			</trkpt>
			<trkpt lat="47.209415435712174" lon="18.957189904749917">
				<ele>97.31645949929953</ele>
				<time>2026-05-03T11:19:12Z</time>
			</trkpt>
			<trkpt lat="47.20942760587406" lon="18.957211287984542">
				<ele>96.59524810686707</ele>
				<time>2026-05-03T11:19:14Z</time>
			</trkpt>
			<trkpt lat="47.20944714323259" lon="18.957245036532182">
				<ele>96.71259688585997</ele>
				<time>2026-05-03T11:19:16Z</time>
			</trkpt>
			<trkpt lat="47.209463414323864" lon="18.957255791331196">
				<ele>95.91098018549383</ele>
				<time>2026-05-03T11:19:17Z</time>
			</trkpt>
			<trkpt lat="47.20947917737257" lon="18.957282098399673">
				<ele>96.15266934968531</ele>
				<time>2026-05-03T11:19:20Z</time>
			</trkpt>
			<trkpt lat="47.20949980847665" lon="18.957313708469773">
				<ele>95.69111528992653</ele>
				<time>2026-05-03T11:19:23Z</time>
			</trkpt>
			<trkpt lat="47.20953733336658" lon="18.957348543394662">
				<ele>96.9245470976457</ele>
				<time>2026-05-03T11:19:27Z</time>
			</trkpt>
			<trkpt lat="47.20955272816655" lon="18.95736738450312">
				<ele>96.14125085156411</ele>
				<time>2026-05-03T11:19:29Z</time>
			</trkpt>
			<trkpt lat="47.209566447896925" lon="18.957383011013874">
				<ele>97.12558570411056</ele>
				<time>2026-05-03T11:19:31Z</time>
			</trkpt>
			<trkpt lat="47.20957724297539" lon="18.957389428607502">
				<ele>98.37172703724355</ele>
				<time>2026-05-03T11:19:32Z</time>
			</trkpt>
			<trkpt lat="47.209593670018236" lon="18.957392529610186">
				<ele>96.4275528555736</ele>
				<time>2026-05-03T11:19:33Z</time>
			</trkpt>
			<trkpt lat="47.209623340318885" lon="18.957404249857333">
				<ele>97.6145152784884</ele>
				<time>2026-05-03T11:19:35Z</time>
			</trkpt>
			<trkpt lat="47.209649372737914" lon="18.957431644897998">
				<ele>97.91588251106441</ele>
				<time>2026-05-03T11:19:37Z</time>
			</trkpt>
			<trkpt lat="47.20967150544149" lon="18.957454927894936">
				<ele>97.7995966039598</ele>
				<time>2026-05-03T11:19:39Z</time>
			</trkpt>
			<trkpt lat="47.20969612771524" lon="18.95747241137548">
				<ele>97.94531766045839</ele>
				<time>2026-05-03T11:19:41Z</time>
			</trkpt>
			<trkpt lat="47.20971801578049" lon="18.957488301885295">
				<ele>97.56215066183358</ele>
				<time>2026-05-03T11:19:43Z</time>
			</trkpt>
			<trkpt lat="47.2097341102608" lon="18.95749657278489">
				<ele>97.1160601740703</ele>
				<time>2026-05-03T11:19:46Z</time>
			</trkpt>
			<trkpt lat="47.20974057179632" lon="18.957513414794967">
				<ele>96.86043998226523</ele>
				<time>2026-05-03T11:19:48Z</time>
			</trkpt>
			<trkpt lat="47.20975735679786" lon="18.95753282238063">
				<ele>96.55040758289397</ele>
				<time>2026-05-03T11:19:50Z</time>
			</trkpt>
			<trkpt lat="47.20977865432493" lon="18.957551351765936">
				<ele>96.50875453092158</ele>
				<time>2026-05-03T11:19:52Z</time>
			</trkpt>
			<trkpt lat="47.20980068643679" lon="18.957566158612206">
				<ele>97.04604583699256</ele>
				<time>2026-05-03T11:19:54Z</time>
			</trkpt>
			<trkpt lat="47.20984068717858" lon="18.957580097312174">
				<ele>97.09800267871469</ele>
				<time>2026-05-03T11:19:57Z</time>
			</trkpt>
			<trkpt lat="47.209864471922" lon="18.95759004176909">
				<ele>96.9660795237869</ele>
				<time>2026-05-03T11:19:59Z</time>
			</trkpt>
			<trkpt lat="47.209883671306606" lon="18.957605293529603">
				<ele>96.36448286287487</ele>
				<time>2026-05-03T11:20:01Z</time>
			</trkpt>
			<trkpt lat="47.20990216434041" lon="18.957623994245395">
				<ele>96.15632181148976</ele>
				<time>2026-05-03T11:20:03Z</time>
			</trkpt>
			<trkpt lat="47.20992350586621" lon="18.95764162674015">
				<ele>95.97027770336717</ele>
				<time>2026-05-03T11:20:05Z</time>
			</trkpt>
			<trkpt lat="47.20994428449276" lon="18.95765750784364">
				<ele>95.97410024795681</ele>
				<time>2026-05-03T11:20:07Z</time>
			</trkpt>
			<trkpt lat="47.20996274689138" lon="18.957679296473152">
				<ele>96.00862361118197</ele>
				<time>2026-05-03T11:20:09Z</time>
			</trkpt>
			<trkpt lat="47.20998122250039" lon="18.95769959497533">
				<ele>95.90254376176745</ele>
				<time>2026-05-03T11:20:11Z</time>
			</trkpt>
			<trkpt lat="47.21000083481083" lon="18.957716145303486">
				<ele>96.0453004129231</ele>
				<time>2026-05-03T11:20:13Z</time>
			</trkpt>
			<trkpt lat="47.21001182425427" lon="18.957738561716628">
				<ele>95.73313543573022</ele>
				<time>2026-05-03T11:20:15Z</time>
			</trkpt>
			<trkpt lat="47.210025362617806" lon="18.95776080797795">
				<ele>96.18919953517616</ele>
				<time>2026-05-03T11:20:17Z</time>
			</trkpt>
			<trkpt lat="47.210039343406" lon="18.957778284858122">
				<ele>96.49049782194197</ele>
				<time>2026-05-03T11:20:20Z</time>
			</trkpt>
			<trkpt lat="47.21005789863614" lon="18.957791574238115">
				<ele>96.44619519170374</ele>
				<time>2026-05-03T11:20:22Z</time>
			</trkpt>
			<trkpt lat="47.21008333482057" lon="18.957807479437644">
				<ele>95.8005172489211</ele>
				<time>2026-05-03T11:20:24Z</time>
			</trkpt>
			<trkpt lat="47.210108063308105" lon="18.957820635761866">
				<ele>95.6423066034913</ele>
				<time>2026-05-03T11:20:26Z</time>
			</trkpt>
			<trkpt lat="47.210136003714325" lon="18.957831133977088">
				<ele>98.19588460680097</ele>
				<time>2026-05-03T11:20:28Z</time>
			</trkpt>
			<trkpt lat="47.2101737447403" lon="18.957845887513795">
				<ele>97.58851644117385</ele>
				<time>2026-05-03T11:20:31Z</time>
			</trkpt>
			<trkpt lat="47.21019351664741" lon="18.95786165824351">
				<ele>96.69584371801466</ele>
				<time>2026-05-03T11:20:33Z</time>
			</trkpt>
			<trkpt lat="47.2102104310168" lon="18.957882429463734">
				<ele>97.52214503102005</ele>
				<time>2026-05-03T11:20:35Z</time>
			</trkpt>
			<trkpt lat="47.21022858289497" lon="18.95790357744008">
				<ele>95.91888063866645</ele>
				<time>2026-05-03T11:20:37Z</time>
			</trkpt>
			<trkpt lat="47.2102432633664" lon="18.95792813385388">
				<ele>94.98578411154449</ele>
				<time>2026-05-03T11:20:39Z</time>
			</trkpt>
			<trkpt lat="47.21025867861105" lon="18.957956365581172">
				<ele>95.25133694149554</ele>
				<time>2026-05-03T11:20:41Z</time>
			</trkpt>
			<trkpt lat="47.21028163944793" lon="18.957970383049467">
				<ele>95.73683913517743</ele>
				<time>2026-05-03T11:20:43Z</time>
			</trkpt>
			<trkpt lat="47.21030247083662" lon="18.957977599938935">
				<ele>96.91833959892392</ele>
				<time>2026-05-03T11:20:45Z</time>
			</trkpt>
			<trkpt lat="47.210320080914556" lon="18.957998423267764">
				<ele>96.34829323925078</ele>
				<time>2026-05-03T11:20:47Z</time>
			</trkpt>
			<trkpt lat="47.21033893748879" lon="18.958016223150715">
				<ele>97.28612890373915</ele>
				<time>2026-05-03T11:20:49Z</time>
			</trkpt>
			<trkpt lat="47.210353182847996" lon="18.958019995999635">
				<ele>97.38660719804466</ele>
				<time>2026-05-03T11:20:50Z</time>
			</trkpt>
			<trkpt lat="47.21037650597426" lon="18.958038073155244">
				<ele>97.77311432641</ele>
				<time>2026-05-03T11:20:52Z</time>
			</trkpt>
			<trkpt lat="47.210398709250065" lon="18.958061078019238">
				<ele>97.32331347092986</ele>
				<time>2026-05-03T11:20:54Z</time>
			</trkpt>
			<trkpt lat="47.21041696706423" lon="18.95808737812961">
				<ele>97.32503515016288</ele>
				<time>2026-05-03T11:20:56Z</time>
			</trkpt>
			<trkpt lat="47.21043177170466" lon="18.958103491361637">
				<ele>97.06117323692888</ele>
				<time>2026-05-03T11:20:59Z</time>
			</trkpt>
			<trkpt lat="47.21044034403351" lon="18.958106001721625">
				<ele>96.85997893288732</ele>
				<time>2026-05-03T11:21:01Z</time>
			</trkpt>
			<trkpt lat="47.21045852209054" lon="18.958112833697253">
				<ele>96.77593707386404</ele>
				<time>2026-05-03T11:21:03Z</time>
			</trkpt>
			<trkpt lat="47.21047952546291" lon="18.958123758861284">
				<ele>96.61731180734932</ele>
				<time>2026-05-03T11:21:05Z</time>
			</trkpt>
			<trkpt lat="47.21050197743459" lon="18.958139716868338">
				<ele>98.78600147087127</ele>
				<time>2026-05-03T11:21:07Z</time>
			</trkpt>
			<trkpt lat="47.210526004920155" lon="18.9581542586364">
				<ele>97.423918469809</ele>
				<time>2026-05-03T11:21:09Z</time>
			</trkpt>
			<trkpt lat="47.210551577941345" lon="18.958166412734506">
				<ele>97.38882672600448</ele>
				<time>2026-05-03T11:21:11Z</time>
			</trkpt>
			<trkpt lat="47.210571033911165" lon="18.958181139895196">
				<ele>97.44067335501313</ele>
				<time>2026-05-03T11:21:14Z</time>
			</trkpt>
			<trkpt lat="47.21058109456325" lon="18.95818709758312">
				<ele>97.78085797652602</ele>
				<time>2026-05-03T11:21:16Z</time>
			</trkpt>
			<trkpt lat="47.21060330376831" lon="18.958208245523878">
				<ele>97.77578495629132</ele>
				<time>2026-05-03T11:21:18Z</time>
			</trkpt>
			<trkpt lat="47.210627365052424" lon="18.95823238947674">
				<ele>97.45851291995496</ele>
				<time>2026-05-03T11:21:20Z</time>
			</trkpt>
			<trkpt lat="47.21064222091771" lon="18.958247340615888">
				<ele>97.4479951467365</ele>
				<time>2026-05-03T11:21:22Z</time>
			</trkpt>
			<trkpt lat="47.21066979257627" lon="18.958276391843583">
				<ele>97.34770898055285</ele>
				<time>2026-05-03T11:21:25Z</time>
			</trkpt>
			<trkpt lat="47.210691088150476" lon="18.95829794524011">
				<ele>97.38916808273643</ele>
				<time>2026-05-03T11:21:27Z</time>
			</trkpt>
			<trkpt lat="47.21071088145188" lon="18.958314114370395">
				<ele>97.75557740870863</ele>
				<time>2026-05-03T11:21:30Z</time>
			</trkpt>
			<trkpt lat="47.21073633258123" lon="18.958322659855096">
				<ele>98.49931564927101</ele>
				<time>2026-05-03T11:21:32Z</time>
			</trkpt>
			<trkpt lat="47.21075477672308" lon="18.958321686533406">
				<ele>97.6059206891805</ele>
				<time>2026-05-03T11:21:33Z</time>
			</trkpt>
			<trkpt lat="47.210787407082755" lon="18.958328431903688">
				<ele>98.75723473727703</ele>
				<time>2026-05-03T11:21:35Z</time>
			</trkpt>
			<trkpt lat="47.21080719348688" lon="18.958348869389418">
				<ele>97.60839276015759</ele>
				<time>2026-05-03T11:21:37Z</time>
			</trkpt>
			<trkpt lat="47.2108304165092" lon="18.95837533617144">
				<ele>97.911974882707</ele>
				<time>2026-05-03T11:21:39Z</time>
			</trkpt>
			<trkpt lat="47.21086650668083" lon="18.958401340691903">
				<ele>98.3656701380387</ele>
				<time>2026-05-03T11:21:41Z</time>
			</trkpt>
			<trkpt lat="47.21091374678122" lon="18.958457736032454">
				<ele>97.33844244014472</ele>
				<time>2026-05-03T11:21:45Z</time>
			</trkpt>
			<trkpt lat="47.210933735079585" lon="18.958483327882114">
				<ele>98.1926144855097</ele>
				<time>2026-05-03T11:21:47Z</time>
			</trkpt>
			<trkpt lat="47.21095571180461" lon="18.95850412909985">
				<ele>96.81655112374574</ele>
				<time>2026-05-03T11:21:49Z</time>
			</trkpt>
			<trkpt lat="47.2109704017255" lon="18.958531197822666">
				<ele>97.38691297639161</ele>
				<time>2026-05-03T11:21:51Z</time>
			</trkpt>
			<trkpt lat="47.21098570939302" lon="18.958555329811823">
				<ele>96.75880828686059</ele>
				<time>2026-05-03T11:21:53Z</time>
			</trkpt>
			<trkpt lat="47.2110093715903" lon="18.95859158529907">
				<ele>96.8860003715381</ele>
				<time>2026-05-03T11:21:56Z</time>
			</trkpt>
			<trkpt lat="47.211021345391046" lon="18.95860710398468">
				<ele>97.39140667021275</ele>
				<time>2026-05-03T11:21:57Z</time>
			</trkpt>
			<trkpt lat="47.21104278607872" lon="18.95863028896103">
				<ele>97.05100383516401</ele>
				<time>2026-05-03T11:21:59Z</time>
			</trkpt>
			<trkpt lat="47.21106222316702" lon="18.95865328268342">
				<ele>97.6953383916989</ele>
				<time>2026-05-03T11:22:01Z</time>
			</trkpt>
			<trkpt lat="47.21108335741582" lon="18.95867792659882">
				<ele>97.39924528449774</ele>
				<time>2026-05-03T11:22:03Z</time>
			</trkpt>
			<trkpt lat="47.21110905931284" lon="18.958700402100085">
				<ele>97.51356479804963</ele>
				<time>2026-05-03T11:22:05Z</time>
			</trkpt>
			<trkpt lat="47.211132661130975" lon="18.958719021742805">
				<ele>97.23586209397763</ele>
				<time>2026-05-03T11:22:07Z</time>
			</trkpt>
			<trkpt lat="47.211159738126995" lon="18.95873891706452">
				<ele>96.70562959183007</ele>
				<time>2026-05-03T11:22:09Z</time>
			</trkpt>
			<trkpt lat="47.21118600382022" lon="18.958754156099356">
				<ele>96.65562582947314</ele>
				<time>2026-05-03T11:22:11Z</time>
			</trkpt>
			<trkpt lat="47.21120958591678" lon="18.958767316061568">
				<ele>96.99837703909725</ele>
				<time>2026-05-03T11:22:13Z</time>
			</trkpt>
			<trkpt lat="47.211233270845156" lon="18.95877987974057">
				<ele>97.73885457031429</ele>
				<time>2026-05-03T11:22:15Z</time>
			</trkpt>
			<trkpt lat="47.21125924668123" lon="18.95879312797154">
				<ele>97.55654230155051</ele>
				<time>2026-05-03T11:22:17Z</time>
			</trkpt>
			<trkpt lat="47.211277740061895" lon="18.958804873971694">
				<ele>98.10035349242389</ele>
				<time>2026-05-03T11:22:18Z</time>
			</trkpt>
			<trkpt lat="47.21131154667183" lon="18.95882736749896">
				<ele>97.48943145759404</ele>
				<time>2026-05-03T11:22:20Z</time>
			</trkpt>
			<trkpt lat="47.211341246133074" lon="18.958844337926717">
				<ele>97.97915813792497</ele>
				<time>2026-05-03T11:22:22Z</time>
			</trkpt>
			<trkpt lat="47.211355350132145" lon="18.958854279268294">
				<ele>98.02096402738243</ele>
				<time>2026-05-03T11:22:23Z</time>
			</trkpt>
			<trkpt lat="47.211391728502896" lon="18.95887417476264">
				<ele>97.16703275125474</ele>
				<time>2026-05-03T11:22:26Z</time>
			</trkpt>
			<trkpt lat="47.21140553986101" lon="18.958883166527343">
				<ele>96.7218975154683</ele>
				<time>2026-05-03T11:22:27Z</time>
			</trkpt>
			<trkpt lat="47.21143423513128" lon="18.95890109622403">
				<ele>96.86459777411073</ele>
				<time>2026-05-03T11:22:29Z</time>
			</trkpt>
			<trkpt lat="47.211455643676956" lon="18.95891681070454">
				<ele>96.76465984154493</ele>
				<time>2026-05-03T11:22:31Z</time>
			</trkpt>
			<trkpt lat="47.211471462328234" lon="18.958932266415534">
				<ele>97.3636512728408</ele>
				<time>2026-05-03T11:22:33Z</time>
			</trkpt>
			<trkpt lat="47.21149018381241" lon="18.958950610342008">
				<ele>96.90830924082547</ele>
				<time>2026-05-03T11:22:35Z</time>
			</trkpt>
			<trkpt lat="47.21151563987311" lon="18.95897462953396">
				<ele>97.15763077232987</ele>
				<time>2026-05-03T11:22:37Z</time>
			</trkpt>
			<trkpt lat="47.211544344292314" lon="18.959002769647828">
				<ele>96.83646891918033</ele>
				<time>2026-05-03T11:22:39Z</time>
			</trkpt>
			<trkpt lat="47.21156693564013" lon="18.959026219445406">
				<ele>96.90255752392113</ele>
				<time>2026-05-03T11:22:41Z</time>
			</trkpt>
			<trkpt lat="47.21158016238492" lon="18.95903736888591">
				<ele>97.8521232586354</ele>
				<time>2026-05-03T11:22:42Z</time>
			</trkpt>
			<trkpt lat="47.21160035186836" lon="18.959065088516986">
				<ele>97.61895538214594</ele>
				<time>2026-05-03T11:22:44Z</time>
			</trkpt>
			<trkpt lat="47.21161594951081" lon="18.95909154092588">
				<ele>97.7117723133415</ele>
				<time>2026-05-03T11:22:46Z</time>
			</trkpt>
			<trkpt lat="47.211630041792596" lon="18.95910246127013">
				<ele>97.22904543112963</ele>
				<time>2026-05-03T11:22:47Z</time>
			</trkpt>
			<trkpt lat="47.21165430820315" lon="18.959127612993033">
				<ele>96.51953602489084</ele>
				<time>2026-05-03T11:22:49Z</time>
			</trkpt>
			<trkpt lat="47.2116787300331" lon="18.95915710481864">
				<ele>97.04534951038659</ele>
				<time>2026-05-03T11:22:51Z</time>
			</trkpt>
			<trkpt lat="47.21169583630468" lon="18.959186500733793">
				<ele>96.93252335581928</ele>
				<time>2026-05-03T11:22:53Z</time>
			</trkpt>
			<trkpt lat="47.21171273504652" lon="18.95920508937027">
				<ele>96.84152364823967</ele>
				<time>2026-05-03T11:22:55Z</time>
			</trkpt>
			<trkpt lat="47.21173529252174" lon="18.959223891809984">
				<ele>96.20640086755157</ele>
				<time>2026-05-03T11:22:57Z</time>
			</trkpt>
			<trkpt lat="47.21175826136002" lon="18.959246301814787">
				<ele>96.14203703124076</ele>
				<time>2026-05-03T11:22:59Z</time>
			</trkpt>
			<trkpt lat="47.211781342847985" lon="18.959264584183046">
				<ele>96.49426680617034</ele>
				<time>2026-05-03T11:23:01Z</time>
			</trkpt>
			<trkpt lat="47.21180593603589" lon="18.959281895466127">
				<ele>96.92296874709427</ele>
				<time>2026-05-03T11:23:03Z</time>
			</trkpt>
			<trkpt lat="47.211830432412555" lon="18.959295538478475">
				<ele>96.14099229872227</ele>
				<time>2026-05-03T11:23:05Z</time>
			</trkpt>
			<trkpt lat="47.21185402343521" lon="18.959305558999322">
				<ele>96.18898310884833</ele>
				<time>2026-05-03T11:23:07Z</time>
			</trkpt>
			<trkpt lat="47.21187593101711" lon="18.959314046631043">
				<ele>97.03729471098632</ele>
				<time>2026-05-03T11:23:09Z</time>
			</trkpt>
			<trkpt lat="47.21190369978499" lon="18.959323953533058">
				<ele>97.75141823105514</ele>
				<time>2026-05-03T11:23:11Z</time>
			</trkpt>
			<trkpt lat="47.21192157372354" lon="18.95934033901056">
				<ele>98.21132178697735</ele>
				<time>2026-05-03T11:23:12Z</time>
			</trkpt>
			<trkpt lat="47.21195089926876" lon="18.959368693901624">
				<ele>98.2821376202628</ele>
				<time>2026-05-03T11:23:14Z</time>
			</trkpt>
			<trkpt lat="47.21197190121737" lon="18.95939101844142">
				<ele>97.1401246227324</ele>
				<time>2026-05-03T11:23:16Z</time>
			</trkpt>
			<trkpt lat="47.21199183262435" lon="18.959414070367657">
				<ele>96.56690970342606</ele>
				<time>2026-05-03T11:23:18Z</time>
			</trkpt>
			<trkpt lat="47.212008133844655" lon="18.959422053695015">
				<ele>96.60444674175233</ele>
				<time>2026-05-03T11:23:19Z</time>
			</trkpt>
			<trkpt lat="47.21203527127369" lon="18.959438584811526">
				<ele>95.9276815643534</ele>
				<time>2026-05-03T11:23:21Z</time>
			</trkpt>
			<trkpt lat="47.21206042645508" lon="18.959455309948645">
				<ele>96.10604795068502</ele>
				<time>2026-05-03T11:23:23Z</time>
			</trkpt>
			<trkpt lat="47.21208442349781" lon="18.95947476831413">
				<ele>96.08081856090575</ele>
				<time>2026-05-03T11:23:25Z</time>
			</trkpt>
			<trkpt lat="47.2121000454246" lon="18.959493043008898">
				<ele>96.1075512515381</ele>
				<time>2026-05-03T11:23:27Z</time>
			</trkpt>
			<trkpt lat="47.21211157812967" lon="18.959509681289855">
				<ele>95.9120446415618</ele>
				<time>2026-05-03T11:23:28Z</time>
			</trkpt>
			<trkpt lat="47.21212295052496" lon="18.959535092227394">
				<ele>98.01999040786177</ele>
				<time>2026-05-03T11:23:31Z</time>
			</trkpt>
			<trkpt lat="47.212131281736006" lon="18.959548111608044">
				<ele>96.788698092103</ele>
				<time>2026-05-03T11:23:32Z</time>
			</trkpt>
			<trkpt lat="47.21214829587784" lon="18.95957878279259">
				<ele>95.99506613053381</ele>
				<time>2026-05-03T11:23:34Z</time>
			</trkpt>
			<trkpt lat="47.21216243920509" lon="18.95960795168156">
				<ele>95.59333894681185</ele>
				<time>2026-05-03T11:23:36Z</time>
			</trkpt>
			<trkpt lat="47.21216898828753" lon="18.959626260630156">
				<ele>96.9894811604172</ele>
				<time>2026-05-03T11:23:38Z</time>
			</trkpt>
			<trkpt lat="47.21217569638731" lon="18.959636978481257">
				<ele>96.8475753152743</ele>
				<time>2026-05-03T11:23:40Z</time>
			</trkpt>
			<trkpt lat="47.212191707219674" lon="18.959650540771733">
				<ele>95.3789804847911</ele>
				<time>2026-05-03T11:23:42Z</time>
			</trkpt>
			<trkpt lat="47.21221055120256" lon="18.959666498846534">
				<ele>94.77793787792325</ele>
				<time>2026-05-03T11:23:44Z</time>
			</trkpt>
			<trkpt lat="47.2122333032879" lon="18.959683051139933">
				<ele>95.78755680005997</ele>
				<time>2026-05-03T11:23:46Z</time>
			</trkpt>
			<trkpt lat="47.212258301654806" lon="18.95970252248647">
				<ele>96.97606528550386</ele>
				<time>2026-05-03T11:23:48Z</time>
			</trkpt>
			<trkpt lat="47.21228208672783" lon="18.959718802197116">
				<ele>97.00034051854163</ele>
				<time>2026-05-03T11:23:50Z</time>
			</trkpt>
			<trkpt lat="47.21230701366951" lon="18.959728868086962">
				<ele>97.1656113313511</ele>
				<time>2026-05-03T11:23:52Z</time>
			</trkpt>
			<trkpt lat="47.21232976655554" lon="18.95973357804761">
				<ele>98.59793451521546</ele>
				<time>2026-05-03T11:23:54Z</time>
			</trkpt>
			<trkpt lat="47.21235190515363" lon="18.959735509763007">
				<ele>97.70234599802643</ele>
				<time>2026-05-03T11:23:56Z</time>
			</trkpt>
			<trkpt lat="47.212370107375655" lon="18.959742368411053">
				<ele>98.54329521022737</ele>
				<time>2026-05-03T11:23:57Z</time>
			</trkpt>
			<trkpt lat="47.212399716726345" lon="18.959757348558036">
				<ele>98.82855798490345</ele>
				<time>2026-05-03T11:23:59Z</time>
			</trkpt>
			<trkpt lat="47.21242369243279" lon="18.959774240746587">
				<ele>98.00152892805636</ele>
				<time>2026-05-03T11:24:01Z</time>
			</trkpt>
			<trkpt lat="47.21244474405512" lon="18.959787359723695">
				<ele>97.9685531668365</ele>
				<time>2026-05-03T11:24:03Z</time>
			</trkpt>
			<trkpt lat="47.21246710205775" lon="18.959800134139737">
				<ele>98.39193269051611</ele>
				<time>2026-05-03T11:24:05Z</time>
			</trkpt>
			<trkpt lat="47.2124839600906" lon="18.959809382405385">
				<ele>97.32528712321073</ele>
				<time>2026-05-03T11:24:08Z</time>
			</trkpt>
			<trkpt lat="47.212497745309086" lon="18.95981526795072">
				<ele>97.70619134325534</ele>
				<time>2026-05-03T11:24:09Z</time>
			</trkpt>
			<trkpt lat="47.212526008167806" lon="18.95983910477736">
				<ele>97.48610072769225</ele>
				<time>2026-05-03T11:24:12Z</time>
			</trkpt>
			<trkpt lat="47.21254839960147" lon="18.959860891686425">
				<ele>97.75542100239545</ele>
				<time>2026-05-03T11:24:16Z</time>
			</trkpt>
			<trkpt lat="47.21256467782381" lon="18.959875464331148">
				<ele>96.83568025473505</ele>
				<time>2026-05-03T11:24:18Z</time>
			</trkpt>
			<trkpt lat="47.212575115354724" lon="18.95989087683017">
				<ele>96.49492130614817</ele>
				<time>2026-05-03T11:24:20Z</time>
			</trkpt>
			<trkpt lat="47.2125941197792" lon="18.959915218332156">
				<ele>97.96072251070291</ele>
				<time>2026-05-03T11:24:22Z</time>
			</trkpt>
			<trkpt lat="47.2126146799074" lon="18.959957155147176">
				<ele>99.00980430562049</ele>
				<time>2026-05-03T11:24:25Z</time>
			</trkpt>
			<trkpt lat="47.21262900574925" lon="18.95997940850223">
				<ele>97.80305430479348</ele>
				<time>2026-05-03T11:24:28Z</time>
			</trkpt>
			<trkpt lat="47.21264580478686" lon="18.959990782274396">
				<ele>97.74454821366817</ele>
				<time>2026-05-03T11:24:33Z</time>
			</trkpt>
			<trkpt lat="47.212660386123794" lon="18.95999882245073">
				<ele>97.18617940414697</ele>
				<time>2026-05-03T11:24:36Z</time>
			</trkpt>
			<trkpt lat="47.21267737397121" lon="18.960004074561056">
				<ele>97.69482792634517</ele>
				<time>2026-05-03T11:24:40Z</time>
			</trkpt>
			<trkpt lat="47.21269480688508" lon="18.960001710055764">
				<ele>97.43540059681982</ele>
				<time>2026-05-03T11:24:43Z</time>
			</trkpt>
			<trkpt lat="47.212712699949556" lon="18.959996085307868">
				<ele>97.70422548148781</ele>
				<time>2026-05-03T11:24:46Z</time>
			</trkpt>
			<trkpt lat="47.21272893945525" lon="18.95998854539845">
				<ele>97.79338067956269</ele>
				<time>2026-05-03T11:24:49Z</time>
			</trkpt>
			<trkpt lat="47.21274511425321" lon="18.959983529184775">
				<ele>98.38317559007555</ele>
				<time>2026-05-03T11:24:51Z</time>
			</trkpt>
			<trkpt lat="47.21276970613703" lon="18.959977294515195">
				<ele>98.32474901154637</ele>
				<time>2026-05-03T11:24:55Z</time>
			</trkpt>
			<trkpt lat="47.21279841714512" lon="18.959974949147863">
				<ele>98.84668407775462</ele>
				<time>2026-05-03T11:24:59Z</time>
			</trkpt>
			<trkpt lat="47.212819812352166" lon="18.959966749922582">
				<ele>99.23080344032496</ele>
				<time>2026-05-03T11:25:01Z</time>
			</trkpt>
			<trkpt lat="47.21285406522136" lon="18.959962379908195">
				<ele>99.57172880973667</ele>
				<time>2026-05-03T11:25:05Z</time>
			</trkpt>
			<trkpt lat="47.21287481006224" lon="18.95995459403878">
				<ele>98.84062565118074</ele>
				<time>2026-05-03T11:25:09Z</time>
			</trkpt>
			<trkpt lat="47.212887720791876" lon="18.95995187115914">
				<ele>98.22219293564558</ele>
				<time>2026-05-03T11:25:12Z</time>
			</trkpt>
			<trkpt lat="47.21290316348979" lon="18.95995300119237">
				<ele>99.0459435256198</ele>
				<time>2026-05-03T11:25:15Z</time>
			</trkpt>
			<trkpt lat="47.21292407847538" lon="18.959962777584643">
				<ele>99.28153685387224</ele>
				<time>2026-05-03T11:25:19Z</time>
			</trkpt>
			<trkpt lat="47.21294482841274" lon="18.95996416450413">
				<ele>99.08583627827466</ele>
				<time>2026-05-03T11:25:20Z</time>
			</trkpt>
			<trkpt lat="47.21296315923274" lon="18.959974655228834">
				<ele>98.6657518548891</ele>
				<time>2026-05-03T11:25:21Z</time>
			</trkpt>
			<trkpt lat="47.21300350473677" lon="18.959992894293112">
				<ele>99.2524924846366</ele>
				<time>2026-05-03T11:25:25Z</time>
			</trkpt>
			<trkpt lat="47.21301628126082" lon="18.959991563830943">
				<ele>98.06941687595099</ele>
				<time>2026-05-03T11:25:27Z</time>
			</trkpt>
			<trkpt lat="47.21302831333318" lon="18.95998940977172">
				<ele>98.02360070310533</ele>
				<time>2026-05-03T11:25:29Z</time>
			</trkpt>
			<trkpt lat="47.21304552383682" lon="18.959993085421416">
				<ele>98.10426082089543</ele>
				<time>2026-05-03T11:25:32Z</time>
			</trkpt>
			<trkpt lat="47.21307477254261" lon="18.96000569773424">
				<ele>97.95562697574496</ele>
				<time>2026-05-03T11:25:34Z</time>
			</trkpt>
			<trkpt lat="47.21311233682317" lon="18.960017858703527">
				<ele>97.2838555816561</ele>
				<time>2026-05-03T11:25:38Z</time>
			</trkpt>
			<trkpt lat="47.21313444889154" lon="18.96002878003851">
				<ele>97.74579600431025</ele>
				<time>2026-05-03T11:25:42Z</time>
			</trkpt>
			<trkpt lat="47.213151670787724" lon="18.96004052576131">
				<ele>97.76871793344617</ele>
				<time>2026-05-03T11:25:45Z</time>
			</trkpt>
			<trkpt lat="47.21317209707493" lon="18.96005449497803">
				<ele>98.4771872330457</ele>
				<time>2026-05-03T11:25:47Z</time>
			</trkpt>
			<trkpt lat="47.21319368862612" lon="18.96006882837405">
				<ele>97.87707465700805</ele>
				<time>2026-05-03T11:25:50Z</time>
			</trkpt>
			<trkpt lat="47.21321702742109" lon="18.960089293368775">
				<ele>96.54024786874652</ele>
				<time>2026-05-03T11:25:53Z</time>
			</trkpt>
			<trkpt lat="47.21323627927451" lon="18.960109514516443">
				<ele>96.58937608916312</ele>
				<time>2026-05-03T11:25:57Z</time>
			</trkpt>
			<trkpt lat="47.21324584752314" lon="18.96012254753482">
				<ele>96.41382396873087</ele>
				<time>2026-05-03T11:26:00Z</time>
			</trkpt>
			<trkpt lat="47.21325864285265" lon="18.960137929771495">
				<ele>96.56996487732977</ele>
				<time>2026-05-03T11:26:03Z</time>
			</trkpt>
			<trkpt lat="47.21327496599952" lon="18.96014941285668">
				<ele>96.87288210354745</ele>
				<time>2026-05-03T11:26:06Z</time>
			</trkpt>
			<trkpt lat="47.21331056830051" lon="18.960160841225132">
				<ele>96.47845912259072</ele>
				<time>2026-05-03T11:26:09Z</time>
			</trkpt>
			<trkpt lat="47.21333189665251" lon="18.96016783154205">
				<ele>98.14765418507159</ele>
				<time>2026-05-03T11:26:11Z</time>
			</trkpt>
			<trkpt lat="47.21335254459144" lon="18.960170843717222">
				<ele>98.48297491390258</ele>
				<time>2026-05-03T11:26:12Z</time>
			</trkpt>
			<trkpt lat="47.21338485798073" lon="18.96019036381796">
				<ele>98.9973855977878</ele>
				<time>2026-05-03T11:26:15Z</time>
			</trkpt>
			<trkpt lat="47.21339921179555" lon="18.9602012861763">
				<ele>98.69614905584604</ele>
				<time>2026-05-03T11:26:17Z</time>
			</trkpt>
			<trkpt lat="47.2134166621101" lon="18.9602033082138">
				<ele>98.79343062825501</ele>
				<time>2026-05-03T11:26:18Z</time>
			</trkpt>
			<trkpt lat="47.213433447126604" lon="18.960207322655183">
				<ele>98.23641899693757</ele>
				<time>2026-05-03T11:26:20Z</time>
			</trkpt>
			<trkpt lat="47.21344616681099" lon="18.960213395072508">
				<ele>98.10670356545597</ele>
				<time>2026-05-03T11:26:22Z</time>
			</trkpt>
			<trkpt lat="47.21346907244251" lon="18.960228217171757">
				<ele>98.2576577886939</ele>
				<time>2026-05-03T11:26:24Z</time>
			</trkpt>
			<trkpt lat="47.21349207520983" lon="18.960252546012736">
				<ele>98.02928193844855</ele>
				<time>2026-05-03T11:26:26Z</time>
			</trkpt>
			<trkpt lat="47.21351467722499" lon="18.96027428386838">
				<ele>97.45580696407706</ele>
				<time>2026-05-03T11:26:29Z</time>
			</trkpt>
			<trkpt lat="47.21353924837322" lon="18.960293623045885">
				<ele>97.85689176805317</ele>
				<time>2026-05-03T11:26:31Z</time>
			</trkpt>
			<trkpt lat="47.213563221106945" lon="18.960319390068076">
				<ele>98.26756083127111</ele>
				<time>2026-05-03T11:26:33Z</time>
			</trkpt>
			<trkpt lat="47.21357779477766" lon="18.96032984210247">
				<ele>97.52238643169403</ele>
				<time>2026-05-03T11:26:35Z</time>
			</trkpt>
			<trkpt lat="47.21359078591421" lon="18.960340982086457">
				<ele>96.95491017214954</ele>
				<time>2026-05-03T11:26:38Z</time>
			</trkpt>
			<trkpt lat="47.21361686850068" lon="18.960362365397998">
				<ele>96.76574518997222</ele>
				<time>2026-05-03T11:26:41Z</time>
			</trkpt>
			<trkpt lat="47.21364368776733" lon="18.960375716526098">
				<ele>97.0448232749477</ele>
				<time>2026-05-03T11:26:43Z</time>
			</trkpt>
			<trkpt lat="47.213675191494666" lon="18.960390182710213">
				<ele>98.90141959488392</ele>
				<time>2026-05-03T11:26:46Z</time>
			</trkpt>
			<trkpt lat="47.213687989861995" lon="18.96039064617879">
				<ele>96.74632169865072</ele>
				<time>2026-05-03T11:26:47Z</time>
			</trkpt>
			<trkpt lat="47.213705123475386" lon="18.96039692672589">
				<ele>96.44700018502772</ele>
				<time>2026-05-03T11:26:48Z</time>
			</trkpt>
			<trkpt lat="47.21373080433957" lon="18.96040346134686">
				<ele>97.22097002901137</ele>
				<time>2026-05-03T11:26:51Z</time>
			</trkpt>
			<trkpt lat="47.21375053210529" lon="18.960414540916414">
				<ele>97.13952449336648</ele>
				<time>2026-05-03T11:26:53Z</time>
			</trkpt>
			<trkpt lat="47.213772431019926" lon="18.960429601628544">
				<ele>97.98834502790123</ele>
				<time>2026-05-03T11:26:55Z</time>
			</trkpt>
			<trkpt lat="47.213792939620056" lon="18.960439482604738">
				<ele>97.38699375838041</ele>
				<time>2026-05-03T11:26:57Z</time>
			</trkpt>
			<trkpt lat="47.21381184207567" lon="18.960450016853226">
				<ele>97.74957238137722</ele>
				<time>2026-05-03T11:26:59Z</time>
			</trkpt>
			<trkpt lat="47.21382936603804" lon="18.960465188344205">
				<ele>97.52933132834733</ele>
				<time>2026-05-03T11:27:01Z</time>
			</trkpt>
			<trkpt lat="47.21384431845033" lon="18.960498939390785">
				<ele>98.17579966690391</ele>
				<time>2026-05-03T11:27:04Z</time>
			</trkpt>
			<trkpt lat="47.21385455264916" lon="18.960521534147052">
				<ele>97.68232455290854</ele>
				<time>2026-05-03T11:27:06Z</time>
			</trkpt>
			<trkpt lat="47.21386744339503" lon="18.96054592791718">
				<ele>97.73251111898571</ele>
				<time>2026-05-03T11:27:08Z</time>
			</trkpt>
			<trkpt lat="47.213881264141044" lon="18.960571784980857">
				<ele>97.7285047583282</ele>
				<time>2026-05-03T11:27:10Z</time>
			</trkpt>
			<trkpt lat="47.21390570734944" lon="18.960593905760387">
				<ele>97.52825446706265</ele>
				<time>2026-05-03T11:27:12Z</time>
			</trkpt>
			<trkpt lat="47.21394273626637" lon="18.96061772705472">
				<ele>97.30850654747337</ele>
				<time>2026-05-03T11:27:16Z</time>
			</trkpt>
			<trkpt lat="47.21395711342379" lon="18.960625796851847">
				<ele>98.86385654006153</ele>
				<time>2026-05-03T11:27:18Z</time>
			</trkpt>
			<trkpt lat="47.21397564232486" lon="18.96063606909706">
				<ele>97.47766656801105</ele>
				<time>2026-05-03T11:27:20Z</time>
			</trkpt>
			<trkpt lat="47.21399775154718" lon="18.96063926807049">
				<ele>97.48415250517428</ele>
				<time>2026-05-03T11:27:22Z</time>
			</trkpt>
			<trkpt lat="47.21402065292379" lon="18.96064941756785">
				<ele>96.84639342781156</ele>
				<time>2026-05-03T11:27:24Z</time>
			</trkpt>
			<trkpt lat="47.21403584922289" lon="18.960666472098318">
				<ele>97.12022840883583</ele>
				<time>2026-05-03T11:27:27Z</time>
			</trkpt>
			<trkpt lat="47.21405223758477" lon="18.96068905204307">
				<ele>97.22155274264514</ele>
				<time>2026-05-03T11:27:29Z</time>
			</trkpt>
			<trkpt lat="47.214071878611705" lon="18.96070621918368">
				<ele>97.21180539485067</ele>
				<time>2026-05-03T11:27:32Z</time>
			</trkpt>
			<trkpt lat="47.21409138080499" lon="18.960723195733557">
				<ele>97.29491030611098</ele>
				<time>2026-05-03T11:27:34Z</time>
			</trkpt>
			<trkpt lat="47.21411459270917" lon="18.96074365645624">
				<ele>96.76158694922924</ele>
				<time>2026-05-03T11:27:36Z</time>
			</trkpt>
			<trkpt lat="47.214133477686" lon="18.96076535289232">
				<ele>96.93441282492131</ele>
				<time>2026-05-03T11:27:38Z</time>
			</trkpt>
			<trkpt lat="47.21416316678997" lon="18.960795612930053">
				<ele>97.37514343764633</ele>
				<time>2026-05-03T11:27:41Z</time>
			</trkpt>
			<trkpt lat="47.214184456282" lon="18.960805918728987">
				<ele>97.05949229840189</ele>
				<time>2026-05-03T11:27:43Z</time>
			</trkpt>
			<trkpt lat="47.2142016396338" lon="18.96081532726626">
				<ele>97.04081075638533</ele>
				<time>2026-05-03T11:27:46Z</time>
			</trkpt>
			<trkpt lat="47.21421953798427" lon="18.96082134218253">
				<ele>97.52236837148666</ele>
				<time>2026-05-03T11:27:48Z</time>
			</trkpt>
			<trkpt lat="47.21424190858669" lon="18.96083578761866">
				<ele>98.94490748550743</ele>
				<time>2026-05-03T11:27:50Z</time>
			</trkpt>
			<trkpt lat="47.2142746581418" lon="18.960852906629977">
				<ele>98.29333696793765</ele>
				<time>2026-05-03T11:27:52Z</time>
			</trkpt>
			<trkpt lat="47.21430798918492" lon="18.96086736308525">
				<ele>98.96875791437924</ele>
				<time>2026-05-03T11:27:54Z</time>
			</trkpt>
			<trkpt lat="47.214342309156166" lon="18.960888897266546">
				<ele>97.29565234389156</ele>
				<time>2026-05-03T11:27:57Z</time>
			</trkpt>
			<trkpt lat="47.2143577434704" lon="18.960906488561992">
				<ele>97.4735064432025</ele>
				<time>2026-05-03T11:27:59Z</time>
			</trkpt>
			<trkpt lat="47.214374229015355" lon="18.96092418922338">
				<ele>96.7967294594273</ele>
				<time>2026-05-03T11:28:01Z</time>
			</trkpt>
			<trkpt lat="47.214394917099725" lon="18.960939772860126">
				<ele>97.28219498693943</ele>
				<time>2026-05-03T11:28:03Z</time>
			</trkpt>
			<trkpt lat="47.21441945594543" lon="18.960948777967534">
				<ele>96.86116113513708</ele>
				<time>2026-05-03T11:28:05Z</time>
			</trkpt>
			<trkpt lat="47.21445217957512" lon="18.960951635515844">
				<ele>96.25808607414365</ele>
				<time>2026-05-03T11:28:08Z</time>
			</trkpt>
			<trkpt lat="47.214472350395795" lon="18.96096250807858">
				<ele>96.80889098253101</ele>
				<time>2026-05-03T11:28:09Z</time>
			</trkpt>
			<trkpt lat="47.21450038238911" lon="18.960982144771958">
				<ele>97.01582296658307</ele>
				<time>2026-05-03T11:28:11Z</time>
			</trkpt>
			<trkpt lat="47.21452326962858" lon="18.96099546550405">
				<ele>96.40751929208636</ele>
				<time>2026-05-03T11:28:13Z</time>
			</trkpt>
			<trkpt lat="47.21454131011495" lon="18.961011349302048">
				<ele>96.89869947638363</ele>
				<time>2026-05-03T11:28:15Z</time>
			</trkpt>
			<trkpt lat="47.214568866569046" lon="18.9610348905196">
				<ele>98.03898288309574</ele>
				<time>2026-05-03T11:28:17Z</time>
			</trkpt>
			<trkpt lat="47.214591721834715" lon="18.96105065097782">
				<ele>97.54683281295002</ele>
				<time>2026-05-03T11:28:19Z</time>
			</trkpt>
			<trkpt lat="47.214606392150976" lon="18.961067046904923">
				<ele>97.25318138673902</ele>
				<time>2026-05-03T11:28:21Z</time>
			</trkpt>
			<trkpt lat="47.21461586104609" lon="18.961079487288412">
				<ele>98.2827086886391</ele>
				<time>2026-05-03T11:28:23Z</time>
			</trkpt>
			<trkpt lat="47.21464202684595" lon="18.96109756379019">
				<ele>97.95179897546768</ele>
				<time>2026-05-03T11:28:26Z</time>
			</trkpt>
			<trkpt lat="47.21466716839576" lon="18.96110630100047">
				<ele>97.68130016792566</ele>
				<time>2026-05-03T11:28:28Z</time>
			</trkpt>
			<trkpt lat="47.21469256717854" lon="18.96111455197016">
				<ele>97.50382717140019</ele>
				<time>2026-05-03T11:28:30Z</time>
			</trkpt>
			<trkpt lat="47.2147150129985" lon="18.96112448309922">
				<ele>98.01972355693579</ele>
				<time>2026-05-03T11:28:32Z</time>
			</trkpt>
			<trkpt lat="47.21472849541721" lon="18.961130846060716">
				<ele>97.79728309810162</ele>
				<time>2026-05-03T11:28:33Z</time>
			</trkpt>
			<trkpt lat="47.21475295208697" lon="18.961140364191174">
				<ele>99.05405715759844</ele>
				<time>2026-05-03T11:28:35Z</time>
			</trkpt>
			<trkpt lat="47.214767249488524" lon="18.96114328948202">
				<ele>98.85638162866235</ele>
				<time>2026-05-03T11:28:36Z</time>
			</trkpt>
			<trkpt lat="47.21479563731946" lon="18.961153257228837">
				<ele>98.37230001483113</ele>
				<time>2026-05-03T11:28:38Z</time>
			</trkpt>
			<trkpt lat="47.21481778744068" lon="18.961173444349885">
				<ele>98.96516815200448</ele>
				<time>2026-05-03T11:28:40Z</time>
			</trkpt>
			<trkpt lat="47.21483496221586" lon="18.961183416418876">
				<ele>98.93665446154773</ele>
				<time>2026-05-03T11:28:41Z</time>
			</trkpt>
			<trkpt lat="47.21486571500562" lon="18.96120596237962">
				<ele>98.14862236566842</ele>
				<time>2026-05-03T11:28:43Z</time>
			</trkpt>
			<trkpt lat="47.214892483453774" lon="18.96122526369425">
				<ele>97.67146803811193</ele>
				<time>2026-05-03T11:28:45Z</time>
			</trkpt>
			<trkpt lat="47.21492029121342" lon="18.961244594399567">
				<ele>97.77895266842097</ele>
				<time>2026-05-03T11:28:47Z</time>
			</trkpt>
			<trkpt lat="47.21494541329994" lon="18.961267355695078">
				<ele>98.12879758700728</ele>
				<time>2026-05-03T11:28:49Z</time>
			</trkpt>
			<trkpt lat="47.21496914479533" lon="18.961280251688848">
				<ele>97.45752662606537</ele>
				<time>2026-05-03T11:28:51Z</time>
			</trkpt>
			<trkpt lat="47.21498669974458" lon="18.961298975195337">
				<ele>97.82582951337099</ele>
				<time>2026-05-03T11:28:53Z</time>
			</trkpt>
			<trkpt lat="47.21500953588444" lon="18.961319191917628">
				<ele>98.32620780356228</ele>
				<time>2026-05-03T11:28:55Z</time>
			</trkpt>
			<trkpt lat="47.21503710432763" lon="18.96133145684764">
				<ele>97.41848040372133</ele>
				<time>2026-05-03T11:28:57Z</time>
			</trkpt>
			<trkpt lat="47.215064158203276" lon="18.961351359526343">
				<ele>97.17310219164938</ele>
				<time>2026-05-03T11:28:59Z</time>
			</trkpt>
			<trkpt lat="47.21508360481255" lon="18.961367947046515">
				<ele>96.87111770175397</ele>
				<time>2026-05-03T11:29:01Z</time>
			</trkpt>
			<trkpt lat="47.215094340256094" lon="18.96137786437363">
				<ele>97.89526063203812</ele>
				<time>2026-05-03T11:29:03Z</time>
			</trkpt>
			<trkpt lat="47.21510750763222" lon="18.961386678014726">
				<ele>97.95596998557448</ele>
				<time>2026-05-03T11:29:04Z</time>
			</trkpt>
			<trkpt lat="47.21512868753618" lon="18.961403918880325">
				<ele>97.35073402523994</ele>
				<time>2026-05-03T11:29:06Z</time>
			</trkpt>
			<trkpt lat="47.215148858613304" lon="18.96142120905011">
				<ele>97.30219222046435</ele>
				<time>2026-05-03T11:29:08Z</time>
			</trkpt>
			<trkpt lat="47.21516321899281" lon="18.961427298430614">
				<ele>98.09489668998867</ele>
				<time>2026-05-03T11:29:09Z</time>
			</trkpt>
			<trkpt lat="47.2151886835384" lon="18.961437005469087">
				<ele>97.6432595513761</ele>
				<time>2026-05-03T11:29:11Z</time>
			</trkpt>
			<trkpt lat="47.21521493221041" lon="18.961444206257834">
				<ele>98.11967749521136</ele>
				<time>2026-05-03T11:29:13Z</time>
			</trkpt>
			<trkpt lat="47.21524195267614" lon="18.961451486527718">
				<ele>99.81249357294291</ele>
				<time>2026-05-03T11:29:15Z</time>
			</trkpt>
			<trkpt lat="47.21525962600719" lon="18.961454265255476">
				<ele>99.68060763273388</ele>
				<time>2026-05-03T11:29:16Z</time>
			</trkpt>
			<trkpt lat="47.21529203030747" lon="18.961460344766454">
				<ele>98.46323143318295</ele>
				<time>2026-05-03T11:29:18Z</time>
			</trkpt>
			<trkpt lat="47.21532264739298" lon="18.96146769927073">
				<ele>98.94408347364515</ele>
				<time>2026-05-03T11:29:20Z</time>
			</trkpt>
			<trkpt lat="47.21534922903798" lon="18.961475060884894">
				<ele>98.29937014915049</ele>
				<time>2026-05-03T11:29:22Z</time>
			</trkpt>
			<trkpt lat="47.21537613581487" lon="18.96149155017852">
				<ele>98.22370516043156</ele>
				<time>2026-05-03T11:29:24Z</time>
			</trkpt>
			<trkpt lat="47.215402904785186" lon="18.96150967987668">
				<ele>97.92772169690579</ele>
				<time>2026-05-03T11:29:26Z</time>
			</trkpt>
			<trkpt lat="47.21542749695177" lon="18.961523606498993">
				<ele>97.36811964586377</ele>
				<time>2026-05-03T11:29:28Z</time>
			</trkpt>
			<trkpt lat="47.21544925541876" lon="18.96154049601257">
				<ele>96.94866762775928</ele>
				<time>2026-05-03T11:29:30Z</time>
			</trkpt>
			<trkpt lat="47.21546717042276" lon="18.961559650443856">
				<ele>97.86789050139487</ele>
				<time>2026-05-03T11:29:32Z</time>
			</trkpt>
			<trkpt lat="47.215478030924636" lon="18.961561893136924">
				<ele>98.02384153753519</ele>
				<time>2026-05-03T11:29:33Z</time>
			</trkpt>
			<trkpt lat="47.21550642690569" lon="18.961571816345895">
				<ele>97.61071326769888</ele>
				<time>2026-05-03T11:29:35Z</time>
			</trkpt>
			<trkpt lat="47.215536893425835" lon="18.961587495929052">
				<ele>96.82878610678017</ele>
				<time>2026-05-03T11:29:37Z</time>
			</trkpt>
			<trkpt lat="47.21556399412489" lon="18.961608742551963">
				<ele>97.10060311760753</ele>
				<time>2026-05-03T11:29:39Z</time>
			</trkpt>
			<trkpt lat="47.215588460255525" lon="18.961627913157464">
				<ele>98.26383937615901</ele>
				<time>2026-05-03T11:29:41Z</time>
			</trkpt>
			<trkpt lat="47.21559858593224" lon="18.961654326674918">
				<ele>98.57523682806641</ele>
				<time>2026-05-03T11:29:43Z</time>
			</trkpt>
			<trkpt lat="47.21560777938138" lon="18.961662530371594">
				<ele>97.88731961324811</ele>
				<time>2026-05-03T11:29:44Z</time>
			</trkpt>
			<trkpt lat="47.2156304469988" lon="18.961677023393225">
				<ele>96.9811887210235</ele>
				<time>2026-05-03T11:29:46Z</time>
			</trkpt>
			<trkpt lat="47.21564781881003" lon="18.96169004241062">
				<ele>98.15205661952496</ele>
				<time>2026-05-03T11:29:49Z</time>
			</trkpt>
			<trkpt lat="47.2156630873412" lon="18.961698887357937">
				<ele>98.3069232236594</ele>
				<time>2026-05-03T11:29:51Z</time>
			</trkpt>
			<trkpt lat="47.21568467628788" lon="18.96171462872477">
				<ele>98.55555248819292</ele>
				<time>2026-05-03T11:29:53Z</time>
			</trkpt>
			<trkpt lat="47.21570998458643" lon="18.961726928776375">
				<ele>98.31486090365797</ele>
				<time>2026-05-03T11:29:55Z</time>
			</trkpt>
			<trkpt lat="47.215727434998975" lon="18.96173246269704">
				<ele>97.87859056983143</ele>
				<time>2026-05-03T11:29:56Z</time>
			</trkpt>
			<trkpt lat="47.21575383336316" lon="18.961742720412378">
				<ele>99.32617320865393</ele>
				<time>2026-05-03T11:29:58Z</time>
			</trkpt>
			<trkpt lat="47.21578893055937" lon="18.961747531557776">
				<ele>98.60327806975693</ele>
				<time>2026-05-03T11:30:00Z</time>
			</trkpt>
			<trkpt lat="47.21582026215952" lon="18.961752419728747">
				<ele>97.19524634070694</ele>
				<time>2026-05-03T11:30:02Z</time>
			</trkpt>
			<trkpt lat="47.21584591958665" lon="18.961763224935257">
				<ele>97.07490835338831</ele>
				<time>2026-05-03T11:30:04Z</time>
			</trkpt>
			<trkpt lat="47.21587296676744" lon="18.96177618238594">
				<ele>96.89105369523168</ele>
				<time>2026-05-03T11:30:06Z</time>
			</trkpt>
			<trkpt lat="47.2158903621696" lon="18.96179206990832">
				<ele>97.45487177371979</ele>
				<time>2026-05-03T11:30:09Z</time>
			</trkpt>
			<trkpt lat="47.21590061147065" lon="18.961807217623146">
				<ele>97.07210049591959</ele>
				<time>2026-05-03T11:30:10Z</time>
			</trkpt>
			<trkpt lat="47.21592120116845" lon="18.961825082032462">
				<ele>97.51056355983019</ele>
				<time>2026-05-03T11:30:12Z</time>
			</trkpt>
			<trkpt lat="47.215942857619865" lon="18.96184186000283">
				<ele>97.14743725862354</ele>
				<time>2026-05-03T11:30:14Z</time>
			</trkpt>
			<trkpt lat="47.21596433689743" lon="18.961863091104995">
				<ele>97.71201571729034</ele>
				<time>2026-05-03T11:30:16Z</time>
			</trkpt>
			<trkpt lat="47.21598532446074" lon="18.9618795308927">
				<ele>97.83311747200787</ele>
				<time>2026-05-03T11:30:18Z</time>
			</trkpt>
			<trkpt lat="47.21600951834322" lon="18.96190276010342">
				<ele>97.78137776441872</ele>
				<time>2026-05-03T11:30:20Z</time>
			</trkpt>
			<trkpt lat="47.21603012349819" lon="18.961920956489138">
				<ele>97.9017872530967</ele>
				<time>2026-05-03T11:30:22Z</time>
			</trkpt>
			<trkpt lat="47.21605113386023" lon="18.96194404681285">
				<ele>98.69960309937596</ele>
				<time>2026-05-03T11:30:24Z</time>
			</trkpt>
			<trkpt lat="47.21606392832619" lon="18.961958131480145">
				<ele>98.36244406737387</ele>
				<time>2026-05-03T11:30:25Z</time>
			</trkpt>
			<trkpt lat="47.21608187794905" lon="18.961983673995523">
				<ele>97.57350610662252</ele>
				<time>2026-05-03T11:30:28Z</time>
			</trkpt>
			<trkpt lat="47.21610028842603" lon="18.962001585125467">
				<ele>97.40722647495568</ele>
				<time>2026-05-03T11:30:30Z</time>
			</trkpt>
			<trkpt lat="47.21612272008966" lon="18.962017280120893">
				<ele>97.25392639357597</ele>
				<time>2026-05-03T11:30:32Z</time>
			</trkpt>
			<trkpt lat="47.216146017149924" lon="18.962035551447183">
				<ele>97.05223732255399</ele>
				<time>2026-05-03T11:30:34Z</time>
			</trkpt>
			<trkpt lat="47.21616693071894" lon="18.96205283463982">
				<ele>96.7144028507173</ele>
				<time>2026-05-03T11:30:36Z</time>
			</trkpt>
			<trkpt lat="47.21618783057432" lon="18.962069777175422">
				<ele>96.7487912196666</ele>
				<time>2026-05-03T11:30:38Z</time>
			</trkpt>
			<trkpt lat="47.21619939183498" lon="18.962079647746556">
				<ele>96.89227978233248</ele>
				<time>2026-05-03T11:30:40Z</time>
			</trkpt>
			<trkpt lat="47.216211180458714" lon="18.962089930245067">
				<ele>96.62519018445164</ele>
				<time>2026-05-03T11:30:43Z</time>
			</trkpt>
			<trkpt lat="47.21622637211218" lon="18.96210178600722">
				<ele>96.76903282199055</ele>
				<time>2026-05-03T11:30:46Z</time>
			</trkpt>
			<trkpt lat="47.216255308953436" lon="18.962125031572114">
				<ele>97.05341250728816</ele>
				<time>2026-05-03T11:30:49Z</time>
			</trkpt>
			<trkpt lat="47.21627872791595" lon="18.96214186294976">
				<ele>96.69404597394168</ele>
				<time>2026-05-03T11:30:52Z</time>
			</trkpt>
			<trkpt lat="47.216299659056745" lon="18.962150999431493">
				<ele>96.86056753527373</ele>
				<time>2026-05-03T11:30:54Z</time>
			</trkpt>
			<trkpt lat="47.21632130476153" lon="18.962162143977256">
				<ele>96.96367845777422</ele>
				<time>2026-05-03T11:30:57Z</time>
			</trkpt>
			<trkpt lat="47.21634858125558" lon="18.962178633266056">
				<ele>97.22520331665874</ele>
				<time>2026-05-03T11:31:00Z</time>
			</trkpt>
			<trkpt lat="47.216370186868566" lon="18.962192555346277">
				<ele>97.15688850544393</ele>
				<time>2026-05-03T11:31:03Z</time>
			</trkpt>
			<trkpt lat="47.21638071705645" lon="18.962200734996994">
				<ele>97.36805231776088</ele>
				<time>2026-05-03T11:31:05Z</time>
			</trkpt>
			<trkpt lat="47.21640178921212" lon="18.962216926403094">
				<ele>97.83429623767734</ele>
				<time>2026-05-03T11:31:07Z</time>
			</trkpt>
			<trkpt lat="47.21642848368875" lon="18.962233451705938">
				<ele>97.87573033757508</ele>
				<time>2026-05-03T11:31:09Z</time>
			</trkpt>
			<trkpt lat="47.21645421005623" lon="18.962247615459383">
				<ele>97.8383638644591</ele>
				<time>2026-05-03T11:31:11Z</time>
			</trkpt>
			<trkpt lat="47.2164690283373" lon="18.962256108091935">
				<ele>97.58383023366332</ele>
				<time>2026-05-03T11:31:13Z</time>
			</trkpt>
			<trkpt lat="47.2164803294984" lon="18.962261787334686">
				<ele>97.39836829993874</ele>
				<time>2026-05-03T11:31:15Z</time>
			</trkpt>
			<trkpt lat="47.216493094391595" lon="18.96226741657524">
				<ele>97.79048329032958</ele>
				<time>2026-05-03T11:31:17Z</time>
			</trkpt>
			<trkpt lat="47.216520509856345" lon="18.962276688354333">
				<ele>97.41962271090597</ele>
				<time>2026-05-03T11:31:19Z</time>
			</trkpt>
			<trkpt lat="47.2165558285411" lon="18.96229485043223">
				<ele>98.20314089767635</ele>
				<time>2026-05-03T11:31:21Z</time>
			</trkpt>
			<trkpt lat="47.21657734474226" lon="18.962299909616483">
				<ele>97.64520972408354</ele>
				<time>2026-05-03T11:31:22Z</time>
			</trkpt>
			<trkpt lat="47.21660593530874" lon="18.962311967466945">
				<ele>98.68717078864574</ele>
				<time>2026-05-03T11:31:24Z</time>
			</trkpt>
			<trkpt lat="47.216626532255546" lon="18.962331906542094">
				<ele>97.85591325350106</ele>
				<time>2026-05-03T11:31:26Z</time>
			</trkpt>
			<trkpt lat="47.21665276149499" lon="18.962353543206827">
				<ele>97.83783006481826</ele>
				<time>2026-05-03T11:31:28Z</time>
			</trkpt>
			<trkpt lat="47.21668053610857" lon="18.96236924132583">
				<ele>97.38112924154848</ele>
				<time>2026-05-03T11:31:30Z</time>
			</trkpt>
			<trkpt lat="47.21671014111007" lon="18.9623836038105">
				<ele>97.63526669330895</ele>
				<time>2026-05-03T11:31:32Z</time>
			</trkpt>
			<trkpt lat="47.2167389518496" lon="18.962394826088886">
				<ele>97.91524896584451</ele>
				<time>2026-05-03T11:31:34Z</time>
			</trkpt>
			<trkpt lat="47.21677551851248" lon="18.962412940370946">
				<ele>97.60099378880113</ele>
				<time>2026-05-03T11:31:37Z</time>
			</trkpt>
			<trkpt lat="47.21679650864701" lon="18.962429570761703">
				<ele>96.87507898174226</ele>
				<time>2026-05-03T11:31:39Z</time>
			</trkpt>
			<trkpt lat="47.21681110517986" lon="18.962438318598704">
				<ele>96.78779748175293</ele>
				<time>2026-05-03T11:31:40Z</time>
			</trkpt>
			<trkpt lat="47.21681469519186" lon="18.9624522971656">
				<ele>97.01461958978325</ele>
				<time>2026-05-03T11:31:41Z</time>
			</trkpt>
			<trkpt lat="47.21683064961891" lon="18.96247731655682">
				<ele>96.73798681795597</ele>
				<time>2026-05-03T11:31:43Z</time>
			</trkpt>
			<trkpt lat="47.216849194267816" lon="18.962498425071985">
				<ele>96.68359830137342</ele>
				<time>2026-05-03T11:31:45Z</time>
			</trkpt>
			<trkpt lat="47.21686740880223" lon="18.9625171256458">
				<ele>96.50351442303509</ele>
				<time>2026-05-03T11:31:47Z</time>
			</trkpt>
			<trkpt lat="47.21687927899761" lon="18.96251729658809">
				<ele>96.26475484762341</ele>
				<time>2026-05-03T11:31:48Z</time>
			</trkpt>
			<trkpt lat="47.21689947643659" lon="18.962538630073144">
				<ele>96.52305453363806</ele>
				<time>2026-05-03T11:31:50Z</time>
			</trkpt>
			<trkpt lat="47.216912062523654" lon="18.962549809231316">
				<ele>96.82027711067349</ele>
				<time>2026-05-03T11:31:52Z</time>
			</trkpt>
			<trkpt lat="47.216934012070034" lon="18.962564111691385">
				<ele>96.33958581741899</ele>
				<time>2026-05-03T11:31:54Z</time>
			</trkpt>
			<trkpt lat="47.21695836041436" lon="18.96258013184038">
				<ele>96.9026107955724</ele>
				<time>2026-05-03T11:31:56Z</time>
			</trkpt>
			<trkpt lat="47.21698253545747" lon="18.96259438011839">
				<ele>96.68079241644591</ele>
				<time>2026-05-03T11:31:58Z</time>
			</trkpt>
			<trkpt lat="47.21700713648042" lon="18.962606602128904">
				<ele>96.30721483658999</ele>
				<time>2026-05-03T11:32:00Z</time>
			</trkpt>
			<trkpt lat="47.21703235221933" lon="18.96262258937591">
				<ele>96.67309443745762</ele>
				<time>2026-05-03T11:32:02Z</time>
			</trkpt>
			<trkpt lat="47.21705802962187" lon="18.962638115512302">
				<ele>96.63621446769685</ele>
				<time>2026-05-03T11:32:04Z</time>
			</trkpt>
			<trkpt lat="47.21709480096525" lon="18.962653611086573">
				<ele>97.98497822135687</ele>
				<time>2026-05-03T11:32:07Z</time>
			</trkpt>
			<trkpt lat="47.21712028007166" lon="18.96267280635444">
				<ele>97.32016303855926</ele>
				<time>2026-05-03T11:32:09Z</time>
			</trkpt>
			<trkpt lat="47.217136251750055" lon="18.96268021968624">
				<ele>97.65035349037498</ele>
				<time>2026-05-03T11:32:10Z</time>
			</trkpt>
			<trkpt lat="47.217169359981106" lon="18.962694432785288">
				<ele>98.23922820296139</ele>
				<time>2026-05-03T11:32:12Z</time>
			</trkpt>
			<trkpt lat="47.2172039280085" lon="18.962706253563105">
				<ele>97.45131678972393</ele>
				<time>2026-05-03T11:32:14Z</time>
			</trkpt>
			<trkpt lat="47.217208976906996" lon="18.9627213325668">
				<ele>97.21276819892228</ele>
				<time>2026-05-03T11:32:15Z</time>
			</trkpt>
			<trkpt lat="47.21721844538322" lon="18.96273715400966">
				<ele>97.28789086081088</ele>
				<time>2026-05-03T11:32:16Z</time>
			</trkpt>
			<trkpt lat="47.21723775500687" lon="18.96275847313794">
				<ele>97.95829450525343</ele>
				<time>2026-05-03T11:32:17Z</time>
			</trkpt>
			<trkpt lat="47.21725828736419" lon="18.962784604785547">
				<ele>97.71573024615645</ele>
				<time>2026-05-03T11:32:19Z</time>
			</trkpt>
			<trkpt lat="47.21727925586481" lon="18.962812971088642">
				<ele>97.74765171483159</ele>
				<time>2026-05-03T11:32:21Z</time>
			</trkpt>
			<trkpt lat="47.21730194941761" lon="18.962835573841755">
				<ele>97.63554825726897</ele>
				<time>2026-05-03T11:32:23Z</time>
			</trkpt>
			<trkpt lat="47.21732260393888" lon="18.962854757753675">
				<ele>97.13629155885428</ele>
				<time>2026-05-03T11:32:25Z</time>
			</trkpt>
			<trkpt lat="47.2173313146661" lon="18.962866458863868">
				<ele>97.35337664373219</ele>
				<time>2026-05-03T11:32:27Z</time>
			</trkpt>
			<trkpt lat="47.21734614582541" lon="18.96288218808196">
				<ele>97.22633778490126</ele>
				<time>2026-05-03T11:32:29Z</time>
			</trkpt>
			<trkpt lat="47.217369786367826" lon="18.962897286904802">
				<ele>96.46016144379973</ele>
				<time>2026-05-03T11:32:31Z</time>
			</trkpt>
			<trkpt lat="47.217394723906416" lon="18.96291955481055">
				<ele>97.16005439683795</ele>
				<time>2026-05-03T11:32:33Z</time>
			</trkpt>
			<trkpt lat="47.21741946565464" lon="18.96293684789836">
				<ele>97.00084696523845</ele>
				<time>2026-05-03T11:32:35Z</time>
			</trkpt>
			<trkpt lat="47.217443887479675" lon="18.962950303741657">
				<ele>97.52355408947915</ele>
				<time>2026-05-03T11:32:37Z</time>
			</trkpt>
			<trkpt lat="47.21746792012031" lon="18.96295750192158">
				<ele>97.22270644456148</ele>
				<time>2026-05-03T11:32:39Z</time>
			</trkpt>
			<trkpt lat="47.21748202702903" lon="18.962959814657427">
				<ele>96.76326949056238</ele>
				<time>2026-05-03T11:32:40Z</time>
			</trkpt>
			<trkpt lat="47.21750725964207" lon="18.962965277158215">
				<ele>96.63250595610589</ele>
				<time>2026-05-03T11:32:42Z</time>
			</trkpt>
			<trkpt lat="47.217527775889195" lon="18.962973304850433">
				<ele>98.0627866005525</ele>
				<time>2026-05-03T11:32:44Z</time>
			</trkpt>
			<trkpt lat="47.21755360109421" lon="18.962978731041435">
				<ele>96.9431270044297</ele>
				<time>2026-05-03T11:32:46Z</time>
			</trkpt>
			<trkpt lat="47.21757957393511" lon="18.96298525874309">
				<ele>96.92602952942252</ele>
				<time>2026-05-03T11:32:48Z</time>
			</trkpt>
			<trkpt lat="47.21760282685255" lon="18.96299332398229">
				<ele>97.06175117660314</ele>
				<time>2026-05-03T11:32:50Z</time>
			</trkpt>
			<trkpt lat="47.217633822495195" lon="18.963011899444314">
				<ele>97.6345030060038</ele>
				<time>2026-05-03T11:32:53Z</time>
			</trkpt>
			<trkpt lat="47.217655129515705" lon="18.963022997220982">
				<ele>98.37599080335349</ele>
				<time>2026-05-03T11:32:55Z</time>
			</trkpt>
			<trkpt lat="47.21767404967243" lon="18.96303934400868">
				<ele>97.41575049236417</ele>
				<time>2026-05-03T11:32:57Z</time>
			</trkpt>
			<trkpt lat="47.21768072480619" lon="18.963060528095717">
				<ele>97.62143497169018</ele>
				<time>2026-05-03T11:32:58Z</time>
			</trkpt>
			<trkpt lat="47.21769884342608" lon="18.963080612165243">
				<ele>98.90478802379221</ele>
				<time>2026-05-03T11:33:00Z</time>
			</trkpt>
			<trkpt lat="47.21772067324469" lon="18.96310580813547">
				<ele>98.75723380409181</ele>
				<time>2026-05-03T11:33:02Z</time>
			</trkpt>
			<trkpt lat="47.217743933863396" lon="18.96313254331645">
				<ele>98.45090522058308</ele>
				<time>2026-05-03T11:33:04Z</time>
			</trkpt>
			<trkpt lat="47.21775824805111" lon="18.963141265097633">
				<ele>97.88764880597591</ele>
				<time>2026-05-03T11:33:06Z</time>
			</trkpt>
			<trkpt lat="47.21777958033614" lon="18.963152867697165">
				<ele>98.6342095779255</ele>
				<time>2026-05-03T11:33:09Z</time>
			</trkpt>
			<trkpt lat="47.21780327583331" lon="18.963168620184288">
				<ele>97.5821948312223</ele>
				<time>2026-05-03T11:33:10Z</time>
			</trkpt>
			<trkpt lat="47.217817393218745" lon="18.963183216764868">
				<ele>97.56307248957455</ele>
				<time>2026-05-03T11:33:11Z</time>
			</trkpt>
			<trkpt lat="47.217838021508484" lon="18.9632053161619">
				<ele>97.44273462705314</ele>
				<time>2026-05-03T11:33:13Z</time>
			</trkpt>
			<trkpt lat="47.21785731126393" lon="18.963225916072634">
				<ele>97.65601891744882</ele>
				<time>2026-05-03T11:33:15Z</time>
			</trkpt>
			<trkpt lat="47.21788047593712" lon="18.963247200835674">
				<ele>98.68922581989318</ele>
				<time>2026-05-03T11:33:17Z</time>
			</trkpt>
			<trkpt lat="47.217898337627204" lon="18.963272906383768">
				<ele>98.15905943419784</ele>
				<time>2026-05-03T11:33:19Z</time>
			</trkpt>
			<trkpt lat="47.21791680565681" lon="18.963298306548737">
				<ele>98.38282747846097</ele>
				<time>2026-05-03T11:33:21Z</time>
			</trkpt>
			<trkpt lat="47.217938242436" lon="18.96331697598954">
				<ele>98.25088981445879</ele>
				<time>2026-05-03T11:33:23Z</time>
			</trkpt>
			<trkpt lat="47.21796395188224" lon="18.963334175454328">
				<ele>97.48589015100151</ele>
				<time>2026-05-03T11:33:26Z</time>
			</trkpt>
			<trkpt lat="47.217974300162524" lon="18.9633369924388">
				<ele>97.03832785412669</ele>
				<time>2026-05-03T11:33:28Z</time>
			</trkpt>
			<trkpt lat="47.217984394039256" lon="18.963339859406826">
				<ele>97.28600498940796</ele>
				<time>2026-05-03T11:33:30Z</time>
			</trkpt>
			<trkpt lat="47.21800547396084" lon="18.96334555281478">
				<ele>97.89241400547326</ele>
				<time>2026-05-03T11:33:32Z</time>
			</trkpt>
			<trkpt lat="47.218030011964025" lon="18.963352645151083">
				<ele>98.7705467324704</ele>
				<time>2026-05-03T11:33:34Z</time>
			</trkpt>
			<trkpt lat="47.21805889518861" lon="18.963359813580638">
				<ele>98.44832225237042</ele>
				<time>2026-05-03T11:33:36Z</time>
			</trkpt>
			<trkpt lat="47.218086413181204" lon="18.96337065108073">
				<ele>98.67335933819413</ele>
				<time>2026-05-03T11:33:38Z</time>
			</trkpt>
			<trkpt lat="47.21810844455467" lon="18.96339616859967">
				<ele>99.36080974899232</ele>
				<time>2026-05-03T11:33:40Z</time>
			</trkpt>
			<trkpt lat="47.21812097367575" lon="18.963408313237398">
				<ele>98.66137523576617</ele>
				<time>2026-05-03T11:33:42Z</time>
			</trkpt>
			<trkpt lat="47.218139031004355" lon="18.96341490261027">
				<ele>98.07129180431366</ele>
				<time>2026-05-03T11:33:44Z</time>
			</trkpt>
			<trkpt lat="47.21816159818607" lon="18.96343035961269">
				<ele>99.11140292789787</ele>
				<time>2026-05-03T11:33:46Z</time>
			</trkpt>
			<trkpt lat="47.21818384206698" lon="18.963453227027447">
				<ele>98.84893239755183</ele>
				<time>2026-05-03T11:33:48Z</time>
			</trkpt>
			<trkpt lat="47.218202632701086" lon="18.963475404670472">
				<ele>98.63601820543408</ele>
				<time>2026-05-03T11:33:50Z</time>
			</trkpt>
			<trkpt lat="47.21821698873381" lon="18.963481316816363">
				<ele>98.73149492405355</ele>
				<time>2026-05-03T11:33:51Z</time>
			</trkpt>
			<trkpt lat="47.21822837088749" lon="18.963496209126987">
				<ele>98.2423722371459</ele>
				<time>2026-05-03T11:33:52Z</time>
			</trkpt>
			<trkpt lat="47.21825798873764" lon="18.96352587018356">
				<ele>97.58057632576674</ele>
				<time>2026-05-03T11:33:55Z</time>
			</trkpt>
			<trkpt lat="47.21828406641381" lon="18.963534467917807">
				<ele>97.06441709492356</ele>
				<time>2026-05-03T11:33:57Z</time>
			</trkpt>
			<trkpt lat="47.21830838707032" lon="18.96354238747398">
				<ele>96.93857093062252</ele>
				<time>2026-05-03T11:33:59Z</time>
			</trkpt>
			<trkpt lat="47.21833145249438" lon="18.963554027350202">
				<ele>97.30602046754211</ele>
				<time>2026-05-03T11:34:01Z</time>
			</trkpt>
			<trkpt lat="47.218350587999105" lon="18.96357139119744">
				<ele>97.97172614187002</ele>
				<time>2026-05-03T11:34:03Z</time>
			</trkpt>
			<trkpt lat="47.218381359497606" lon="18.96358144831872">
				<ele>98.0365237724036</ele>
				<time>2026-05-03T11:34:07Z</time>
			</trkpt>
			<trkpt lat="47.21840275655192" lon="18.96360642792835">
				<ele>97.85352911800146</ele>
				<time>2026-05-03T11:34:09Z</time>
			</trkpt>
			<trkpt lat="47.21842583484209" lon="18.96362511373208">
				<ele>98.37090384028852</ele>
				<time>2026-05-03T11:34:11Z</time>
			</trkpt>
			<trkpt lat="47.218440457439684" lon="18.963625210519194">
				<ele>97.81069204118103</ele>
				<time>2026-05-03T11:34:13Z</time>
			</trkpt>
			<trkpt lat="47.21846479693906" lon="18.96362876094434">
				<ele>97.45796112716198</ele>
				<time>2026-05-03T11:34:15Z</time>
			</trkpt>
			<trkpt lat="47.21849199450705" lon="18.963651279178368">
				<ele>98.563830582425</ele>
				<time>2026-05-03T11:34:17Z</time>
			</trkpt>
			<trkpt lat="47.21851546804086" lon="18.96366543841495">
				<ele>98.15834007877856</ele>
				<time>2026-05-03T11:34:19Z</time>
			</trkpt>
			<trkpt lat="47.21853711667835" lon="18.9636796084274">
				<ele>97.06752152182162</ele>
				<time>2026-05-03T11:34:21Z</time>
			</trkpt>
			<trkpt lat="47.218557215578066" lon="18.963691130109204">
				<ele>97.19656189251691</ele>
				<time>2026-05-03T11:34:23Z</time>
			</trkpt>
			<trkpt lat="47.21857123900138" lon="18.963697702818955">
				<ele>97.69119132775813</ele>
				<time>2026-05-03T11:34:25Z</time>
			</trkpt>
			<trkpt lat="47.218588947614094" lon="18.963715509734136">
				<ele>98.04710434842855</ele>
				<time>2026-05-03T11:34:27Z</time>
			</trkpt>
			<trkpt lat="47.21862403567913" lon="18.96373405334462">
				<ele>98.61548044718802</ele>
				<time>2026-05-03T11:34:30Z</time>
			</trkpt>
			<trkpt lat="47.21865239424872" lon="18.96374337281879">
				<ele>99.07257920410484</ele>
				<time>2026-05-03T11:34:32Z</time>
			</trkpt>
			<trkpt lat="47.21866987875561" lon="18.963750435522886">
				<ele>98.26971819810569</ele>
				<time>2026-05-03T11:34:34Z</time>
			</trkpt>
			<trkpt lat="47.218698244234616" lon="18.963766317510633">
				<ele>98.40729215368629</ele>
				<time>2026-05-03T11:34:37Z</time>
			</trkpt>
			<trkpt lat="47.21872092670439" lon="18.96378637957867">
				<ele>98.15695569850504</ele>
				<time>2026-05-03T11:34:41Z</time>
			</trkpt>
			<trkpt lat="47.21873180261051" lon="18.963797024625116">
				<ele>98.69618031010032</ele>
				<time>2026-05-03T11:34:44Z</time>
			</trkpt>
			<trkpt lat="47.218748983402705" lon="18.96381295335412">
				<ele>98.08254466298968</ele>
				<time>2026-05-03T11:34:47Z</time>
			</trkpt>
			<trkpt lat="47.21876783137874" lon="18.96381923779465">
				<ele>97.90265704877675</ele>
				<time>2026-05-03T11:34:48Z</time>
			</trkpt>
			<trkpt lat="47.21879030874464" lon="18.96382839566752">
				<ele>98.24226182792336</ele>
				<time>2026-05-03T11:34:51Z</time>
			</trkpt>
			<trkpt lat="47.2188064939929" lon="18.963834364586724">
				<ele>98.55882700625807</ele>
				<time>2026-05-03T11:34:53Z</time>
			</trkpt>
			<trkpt lat="47.21883072857428" lon="18.963835274651345">
				<ele>98.86262137908489</ele>
				<time>2026-05-03T11:34:56Z</time>
			</trkpt>
			<trkpt lat="47.21885048299551" lon="18.963855176118955">
				<ele>99.32026786077768</ele>
				<time>2026-05-03T11:34:58Z</time>
			</trkpt>
			<trkpt lat="47.218866087746974" lon="18.963861679560623">
				<ele>98.62503964826465</ele>
				<time>2026-05-03T11:35:00Z</time>
			</trkpt>
			<trkpt lat="47.21888023098957" lon="18.963859873345104">
				<ele>98.00474328082055</ele>
				<time>2026-05-03T11:35:02Z</time>
			</trkpt>
			<trkpt lat="47.21889684158768" lon="18.963864085949616">
				<ele>97.86741313431412</ele>
				<time>2026-05-03T11:35:05Z</time>
			</trkpt>
			<trkpt lat="47.21892903014987" lon="18.963873181288385">
				<ele>98.12855058442801</ele>
				<time>2026-05-03T11:35:08Z</time>
			</trkpt>
			<trkpt lat="47.21896624730513" lon="18.963891150902107">
				<ele>98.57857958879322</ele>
				<time>2026-05-03T11:35:11Z</time>
			</trkpt>
			<trkpt lat="47.21899975537696" lon="18.963909843151686">
				<ele>98.85513101425022</ele>
				<time>2026-05-03T11:35:14Z</time>
			</trkpt>
			<trkpt lat="47.21901297736033" lon="18.96391446468846">
				<ele>98.36860112752765</ele>
				<time>2026-05-03T11:35:16Z</time>
			</trkpt>
			<trkpt lat="47.2190324241527" lon="18.963930361841374">
				<ele>98.02807614021003</ele>
				<time>2026-05-03T11:35:18Z</time>
			</trkpt>
			<trkpt lat="47.21906442779494" lon="18.963940488753366">
				<ele>98.70839106291533</ele>
				<time>2026-05-03T11:35:20Z</time>
			</trkpt>
			<trkpt lat="47.21910197593033" lon="18.963960612587528">
				<ele>99.46437800861895</ele>
				<time>2026-05-03T11:35:23Z</time>
			</trkpt>
			<trkpt lat="47.21913423118149" lon="18.963965176973947">
				<ele>97.55695148278028</ele>
				<time>2026-05-03T11:35:26Z</time>
			</trkpt>
			<trkpt lat="47.21916160333815" lon="18.963975094335307">
				<ele>98.91827245149761</ele>
				<time>2026-05-03T11:35:29Z</time>
			</trkpt>
			<trkpt lat="47.21917347571421" lon="18.963976540756082">
				<ele>98.10361250210553</ele>
				<time>2026-05-03T11:35:31Z</time>
			</trkpt>
			<trkpt lat="47.21919040768416" lon="18.96397586807298">
				<ele>97.43532557040453</ele>
				<time>2026-05-03T11:35:33Z</time>
			</trkpt>
			<trkpt lat="47.21920334655876" lon="18.963982094265262">
				<ele>98.52929344028234</ele>
				<time>2026-05-03T11:35:35Z</time>
			</trkpt>
			<trkpt lat="47.219222474468324" lon="18.963991693416443">
				<ele>97.9692943925038</ele>
				<time>2026-05-03T11:35:37Z</time>
			</trkpt>
			<trkpt lat="47.219247602583096" lon="18.96399902204721">
				<ele>97.57738514337689</ele>
				<time>2026-05-03T11:35:39Z</time>
			</trkpt>
			<trkpt lat="47.219264124440464" lon="18.96400754996916">
				<ele>97.89818583615124</ele>
				<time>2026-05-03T11:35:40Z</time>
			</trkpt>
			<trkpt lat="47.21929136196333" lon="18.964018568294822">
				<ele>98.66325416509062</ele>
				<time>2026-05-03T11:35:42Z</time>
			</trkpt>
			<trkpt lat="47.219313127402195" lon="18.96402640339469">
				<ele>98.36011876352131</ele>
				<time>2026-05-03T11:35:45Z</time>
			</trkpt>
			<trkpt lat="47.21932946501417" lon="18.964024321637773">
				<ele>98.91120373550802</ele>
				<time>2026-05-03T11:35:48Z</time>
			</trkpt>
			<trkpt lat="47.219345867492756" lon="18.964026799598837">
				<ele>99.44083055760711</ele>
				<time>2026-05-03T11:35:50Z</time>
			</trkpt>
			<trkpt lat="47.219367804873116" lon="18.964030407646277">
				<ele>99.03631116263568</ele>
				<time>2026-05-03T11:35:53Z</time>
			</trkpt>
			<trkpt lat="47.21940508715318" lon="18.964052463729562">
				<ele>99.1310332575813</ele>
				<time>2026-05-03T11:35:57Z</time>
			</trkpt>
			<trkpt lat="47.219428030879634" lon="18.96405668929611">
				<ele>97.41940325591713</ele>
				<time>2026-05-03T11:36:00Z</time>
			</trkpt>
			<trkpt lat="47.219439877664136" lon="18.96405997105535">
				<ele>98.23594509251416</ele>
				<time>2026-05-03T11:36:02Z</time>
			</trkpt>
			<trkpt lat="47.21947036902476" lon="18.964064768291784">
				<ele>98.89100740011781</ele>
				<time>2026-05-03T11:36:05Z</time>
			</trkpt>
			<trkpt lat="47.21949029812468" lon="18.964065398660033">
				<ele>98.48652064986527</ele>
				<time>2026-05-03T11:36:07Z</time>
			</trkpt>
			<trkpt lat="47.21951573316995" lon="18.964079729249836">
				<ele>99.27103647310287</ele>
				<time>2026-05-03T11:36:09Z</time>
			</trkpt>
			<trkpt lat="47.219548525668216" lon="18.964095233959892">
				<ele>100.5467309774831</ele>
				<time>2026-05-03T11:36:12Z</time>
			</trkpt>
			<trkpt lat="47.219562441360786" lon="18.96409154402082">
				<ele>99.91549243871123</ele>
				<time>2026-05-03T11:36:13Z</time>
			</trkpt>
			<trkpt lat="47.21958786915333" lon="18.964089299607988">
				<ele>99.25770122092217</ele>
				<time>2026-05-03T11:36:14Z</time>
			</trkpt>
			<trkpt lat="47.219610530300876" lon="18.964085259768645">
				<ele>98.78907562978566</ele>
				<time>2026-05-03T11:36:17Z</time>
			</trkpt>
			<trkpt lat="47.219643075437354" lon="18.96408650730714">
				<ele>98.21201555151492</ele>
				<time>2026-05-03T11:36:20Z</time>
			</trkpt>
			<trkpt lat="47.21966810135804" lon="18.96409029737629">
				<ele>97.46644301433116</ele>
				<time>2026-05-03T11:36:23Z</time>
			</trkpt>
			<trkpt lat="47.21969131356505" lon="18.964092650893825">
				<ele>98.31971836462617</ele>
				<time>2026-05-03T11:36:25Z</time>
			</trkpt>
			<trkpt lat="47.219727730748644" lon="18.964103817936852">
				<ele>98.52700390759856</ele>
				<time>2026-05-03T11:36:27Z</time>
			</trkpt>
			<trkpt lat="47.21976061013037" lon="18.964114239324818">
				<ele>99.16967360116541</ele>
				<time>2026-05-03T11:36:29Z</time>
			</trkpt>
			<trkpt lat="47.21979157974361" lon="18.9641406316069">
				<ele>98.35579002369195</ele>
				<time>2026-05-03T11:36:32Z</time>
			</trkpt>
			<trkpt lat="47.21981305595198" lon="18.96415165629">
				<ele>98.11242942325771</ele>
				<time>2026-05-03T11:36:34Z</time>
			</trkpt>
			<trkpt lat="47.21983507455874" lon="18.964159173205893">
				<ele>98.20940421987325</ele>
				<time>2026-05-03T11:36:36Z</time>
			</trkpt>
			<trkpt lat="47.219854057118866" lon="18.964163467881445">
				<ele>98.35511102993041</ele>
				<time>2026-05-03T11:36:39Z</time>
			</trkpt>
			<trkpt lat="47.21986802676961" lon="18.964158752787473">
				<ele>97.69985347706825</ele>
				<time>2026-05-03T11:36:41Z</time>
			</trkpt>
			<trkpt lat="47.21988743092223" lon="18.964158836339074">
				<ele>97.49228645395488</ele>
				<time>2026-05-03T11:36:44Z</time>
			</trkpt>
			<trkpt lat="47.21990453078458" lon="18.964164978876536">
				<ele>97.48657833784819</ele>
				<time>2026-05-03T11:36:47Z</time>
			</trkpt>
			<trkpt lat="47.21992418325612" lon="18.964171614124794">
				<ele>96.29964105505496</ele>
				<time>2026-05-03T11:36:51Z</time>
			</trkpt>
			<trkpt lat="47.21993818953152" lon="18.964177111694315">
				<ele>96.77472715266049</ele>
				<time>2026-05-03T11:36:54Z</time>
			</trkpt>
			<trkpt lat="47.219950398821446" lon="18.96418729549453">
				<ele>96.68522746767849</ele>
				<time>2026-05-03T11:36:58Z</time>
			</trkpt>
			<trkpt lat="47.21996918028999" lon="18.964194494377477">
				<ele>97.69520992133766</ele>
				<time>2026-05-03T11:37:03Z</time>
			</trkpt>
			<trkpt lat="47.219990981236506" lon="18.96420492737552">
				<ele>96.9898133892566</ele>
				<time>2026-05-03T11:37:09Z</time>
			</trkpt>
			<trkpt lat="47.220011903541526" lon="18.964215594570675">
				<ele>97.23448194935918</ele>
				<time>2026-05-03T11:37:14Z</time>
			</trkpt>
			<trkpt lat="47.22003046676398" lon="18.964228800796434">
				<ele>97.42891450319439</ele>
				<time>2026-05-03T11:37:19Z</time>
			</trkpt>
			<trkpt lat="47.22004620932224" lon="18.96423999417704">
				<ele>98.56341192033142</ele>
				<time>2026-05-03T11:37:23Z</time>
			</trkpt>
			<trkpt lat="47.22007047308403" lon="18.96427352878264">
				<ele>98.40698201488703</ele>
				<time>2026-05-03T11:37:42Z</time>
			</trkpt>
			<trkpt lat="47.22007834759409" lon="18.964310168272313">
				<ele>98.86855448875576</ele>
				<time>2026-05-03T11:37:54Z</time>
			</trkpt>
			<trkpt lat="47.22008042994825" lon="18.96435238482734">
				<ele>98.3777385931462</ele>
				<time>2026-05-03T11:38:17Z</time>
			</trkpt>
			<trkpt lat="47.22007121836914" lon="18.964366177382786">
				<ele>98.08875301945955</ele>
				<time>2026-05-03T11:38:25Z</time>
			</trkpt>
			<trkpt lat="47.22007094680759" lon="18.964347620823773">
				<ele>97.48918482009321</ele>
				<time>2026-05-03T11:38:48Z</time>
			</trkpt>
			<trkpt lat="47.22008329614504" lon="18.964346391219888">
				<ele>98.05357018113136</ele>
				<time>2026-05-03T11:39:01Z</time>
			</trkpt>
			<trkpt lat="47.22010660657292" lon="18.964355612264498">
				<ele>97.84186379332095</ele>
				<time>2026-05-03T11:39:33Z</time>
			</trkpt>
			<trkpt lat="47.22010559369478" lon="18.964320314230584">
				<ele>97.50273653771728</ele>
				<time>2026-05-03T11:39:53Z</time>
			</trkpt>
			<trkpt lat="47.220089472423474" lon="18.964296385389993">
				<ele>97.36629921849817</ele>
				<time>2026-05-03T11:40:10Z</time>
			</trkpt>
			<trkpt lat="47.220075089964396" lon="18.96428631390875">
				<ele>96.9622315466404</ele>
				<time>2026-05-03T11:40:22Z</time>
			</trkpt>
			<trkpt lat="47.220073859067895" lon="18.96426388838408">
				<ele>96.97702609095722</ele>
				<time>2026-05-03T11:40:36Z</time>
			</trkpt>
			<trkpt lat="47.22006383222742" lon="18.964264753810593">
				<ele>97.27229621261358</ele>
				<time>2026-05-03T11:40:46Z</time>
			</trkpt>
			<trkpt lat="47.22004888351107" lon="18.964268280159914">
				<ele>97.85315203480422</ele>
				<time>2026-05-03T11:40:59Z</time>
			</trkpt>
			<trkpt lat="47.220034200368445" lon="18.964260761923107">
				<ele>97.29923965409398</ele>
				<time>2026-05-03T11:41:09Z</time>
			</trkpt>
			<trkpt lat="47.22001734849151" lon="18.964246495751507">
				<ele>96.37452197540551</ele>
				<time>2026-05-03T11:41:22Z</time>
			</trkpt>
			<trkpt lat="47.22000402837045" lon="18.964232605247783">
				<ele>96.32168381288648</ele>
				<time>2026-05-03T11:41:31Z</time>
			</trkpt>
			<trkpt lat="47.21998479943812" lon="18.964233527140312">
				<ele>96.57420149538666</ele>
				<time>2026-05-03T11:41:48Z</time>
			</trkpt>
			<trkpt lat="47.21996733723391" lon="18.964235891570613">
				<ele>96.54749654140323</ele>
				<time>2026-05-03T11:42:02Z</time>
			</trkpt>
			<trkpt lat="47.21995074259607" lon="18.96423528031844">
				<ele>96.4345434261486</ele>
				<time>2026-05-03T11:42:14Z</time>
			</trkpt>
			<trkpt lat="47.21993383868877" lon="18.964241621651155">
				<ele>96.67733746767044</ele>
				<time>2026-05-03T11:42:24Z</time>
			</trkpt>
			<trkpt lat="47.2199195268357" lon="18.96424792658894">
				<ele>96.4354472802952</ele>
				<time>2026-05-03T11:42:29Z</time>
			</trkpt>
			<trkpt lat="47.219902695683594" lon="18.964260442015288">
				<ele>96.41987093072385</ele>
				<time>2026-05-03T11:42:38Z</time>
			</trkpt>
			<trkpt lat="47.21988160301785" lon="18.964268002056084">
				<ele>97.05678905919194</ele>
				<time>2026-05-03T11:42:47Z</time>
			</trkpt>
			<trkpt lat="47.219857497661025" lon="18.96428146863554">
				<ele>96.39727642666548</ele>
				<time>2026-05-03T11:43:02Z</time>
			</trkpt>
			<trkpt lat="47.219836844081954" lon="18.96428612914444">
				<ele>97.66966025158763</ele>
				<time>2026-05-03T11:43:13Z</time>
			</trkpt>
			<trkpt lat="47.219825866923536" lon="18.964301496400374">
				<ele>97.98093531094491</ele>
				<time>2026-05-03T11:43:23Z</time>
			</trkpt>
			<trkpt lat="47.219832000827324" lon="18.96431390095104">
				<ele>97.87644769158214</ele>
				<time>2026-05-03T11:43:29Z</time>
			</trkpt>
			<trkpt lat="47.219843852482285" lon="18.964314510348498">
				<ele>97.9404255580157</ele>
				<time>2026-05-03T11:43:33Z</time>
			</trkpt>
			<trkpt lat="47.219857170668384" lon="18.96431279853005">
				<ele>97.70694479066879</ele>
				<time>2026-05-03T11:43:36Z</time>
			</trkpt>
			<trkpt lat="47.219874749250174" lon="18.96430553564739">
				<ele>97.72891443874687</ele>
				<time>2026-05-03T11:43:40Z</time>
			</trkpt>
			<trkpt lat="47.21989419726068" lon="18.964294542634732">
				<ele>97.76218867115676</ele>
				<time>2026-05-03T11:43:44Z</time>
			</trkpt>
			<trkpt lat="47.21991879583525" lon="18.964276438214032">
				<ele>97.36584402434528</ele>
				<time>2026-05-03T11:43:50Z</time>
			</trkpt>
			<trkpt lat="47.2199430243484" lon="18.9642665705326">
				<ele>96.93990994337946</ele>
				<time>2026-05-03T11:43:55Z</time>
			</trkpt>
			<trkpt lat="47.219962042452615" lon="18.96426126670719">
				<ele>96.94461935013533</ele>
				<time>2026-05-03T11:43:59Z</time>
			</trkpt>
			<trkpt lat="47.219983887040236" lon="18.964263581870902">
				<ele>97.84637866914272</ele>
				<time>2026-05-03T11:44:05Z</time>
			</trkpt>
			<trkpt lat="47.2200112152855" lon="18.964268071473263">
				<ele>97.48676438443363</ele>
				<time>2026-05-03T11:44:12Z</time>
			</trkpt>
			<trkpt lat="47.22004115223286" lon="18.96426567450853">
				<ele>97.65767574869096</ele>
				<time>2026-05-03T11:44:23Z</time>
			</trkpt>
			<trkpt lat="47.22006633027829" lon="18.964261299851817">
				<ele>98.43927643727511</ele>
				<time>2026-05-03T11:44:27Z</time>
			</trkpt>
			<trkpt lat="47.2200829782136" lon="18.96424539083871">
				<ele>97.69034168869257</ele>
				<time>2026-05-03T11:44:32Z</time>
			</trkpt>
			<trkpt lat="47.220093420588185" lon="18.964228499669098">
				<ele>97.41269442532212</ele>
				<time>2026-05-03T11:44:37Z</time>
			</trkpt>
			<trkpt lat="47.220110847293064" lon="18.96421351172667">
				<ele>97.45646786969155</ele>
				<time>2026-05-03T11:44:43Z</time>
			</trkpt>
			<trkpt lat="47.22012664990023" lon="18.964201735839172">
				<ele>97.88383706659079</ele>
				<time>2026-05-03T11:44:47Z</time>
			</trkpt>
			<trkpt lat="47.220143803472396" lon="18.964190429066726">
				<ele>97.485679525882</ele>
				<time>2026-05-03T11:44:52Z</time>
			</trkpt>
			<trkpt lat="47.22016335685711" lon="18.964179035965614">
				<ele>97.6543836556375</ele>
				<time>2026-05-03T11:44:58Z</time>
			</trkpt>
			<trkpt lat="47.220187335814195" lon="18.964168482830374">
				<ele>98.14632112253457</ele>
				<time>2026-05-03T11:45:08Z</time>
			</trkpt>
			<trkpt lat="47.22020849542719" lon="18.964160053150493">
				<ele>98.9614270562306</ele>
				<time>2026-05-03T11:45:15Z</time>
			</trkpt>
			<trkpt lat="47.2202335959077" lon="18.96416731857908">
				<ele>99.43931137770414</ele>
				<time>2026-05-03T11:45:20Z</time>
			</trkpt>
			<trkpt lat="47.22025658687675" lon="18.96416454214517">
				<ele>98.1854889895767</ele>
				<time>2026-05-03T11:45:24Z</time>
			</trkpt>
			<trkpt lat="47.22026982697162" lon="18.964158676927713">
				<ele>99.17700557038188</ele>
				<time>2026-05-03T11:45:26Z</time>
			</trkpt>
			<trkpt lat="47.220296653721434" lon="18.96415677859281">
				<ele>99.63804283924401</ele>
				<time>2026-05-03T11:45:29Z</time>
			</trkpt>
			<trkpt lat="47.22032577724291" lon="18.96416093633885">
				<ele>98.90036199335009</ele>
				<time>2026-05-03T11:45:31Z</time>
			</trkpt>
			<trkpt lat="47.2203452349095" lon="18.964162014395836">
				<ele>99.09661370888352</ele>
				<time>2026-05-03T11:45:33Z</time>
			</trkpt>
			<trkpt lat="47.220372000920655" lon="18.964162994313632">
				<ele>98.92947536613792</ele>
				<time>2026-05-03T11:45:35Z</time>
			</trkpt>
			<trkpt lat="47.22040400475801" lon="18.964162460715492">
				<ele>98.78997306432575</ele>
				<time>2026-05-03T11:45:37Z</time>
			</trkpt>
			<trkpt lat="47.220434781980444" lon="18.964157656441024">
				<ele>98.12450283020735</ele>
				<time>2026-05-03T11:45:39Z</time>
			</trkpt>
			<trkpt lat="47.22045034186296" lon="18.964163565163773">
				<ele>99.29814087878913</ele>
				<time>2026-05-03T11:45:40Z</time>
			</trkpt>
			<trkpt lat="47.22048080739787" lon="18.96417515750377">
				<ele>98.68285920657218</ele>
				<time>2026-05-03T11:45:42Z</time>
			</trkpt>
			<trkpt lat="47.22051369321164" lon="18.964179519243725">
				<ele>99.5720205847174</ele>
				<time>2026-05-03T11:45:44Z</time>
			</trkpt>
			<trkpt lat="47.22054385117786" lon="18.9641856015307">
				<ele>99.75606382172555</ele>
				<time>2026-05-03T11:45:46Z</time>
			</trkpt>
			<trkpt lat="47.220567482425906" lon="18.964193286778034">
				<ele>99.90245764981955</ele>
				<time>2026-05-03T11:45:48Z</time>
			</trkpt>
			<trkpt lat="47.22059034088363" lon="18.964199941239244">
				<ele>99.50268357712775</ele>
				<time>2026-05-03T11:45:50Z</time>
			</trkpt>
			<trkpt lat="47.220618504947396" lon="18.964207734200375">
				<ele>98.65148931089789</ele>
				<time>2026-05-03T11:45:52Z</time>
			</trkpt>
			<trkpt lat="47.22064256104718" lon="18.964217087312626">
				<ele>98.48728957492858</ele>
				<time>2026-05-03T11:45:54Z</time>
			</trkpt>
			<trkpt lat="47.22066656524925" lon="18.964225511390158">
				<ele>97.8024138789624</ele>
				<time>2026-05-03T11:45:56Z</time>
			</trkpt>
			<trkpt lat="47.220691348921505" lon="18.964231265411534">
				<ele>97.30952566023916</ele>
				<time>2026-05-03T11:45:58Z</time>
			</trkpt>
			<trkpt lat="47.22071269920061" lon="18.964239298060196">
				<ele>98.20816894527525</ele>
				<time>2026-05-03T11:46:00Z</time>
			</trkpt>
			<trkpt lat="47.22072712407641" lon="18.964247060327757">
				<ele>98.19992615561932</ele>
				<time>2026-05-03T11:46:01Z</time>
			</trkpt>
			<trkpt lat="47.22075075757431" lon="18.964265447966763">
				<ele>98.42659688740969</ele>
				<time>2026-05-03T11:46:03Z</time>
			</trkpt>
			<trkpt lat="47.220775341092036" lon="18.964283927665704">
				<ele>98.43103637453169</ele>
				<time>2026-05-03T11:46:05Z</time>
			</trkpt>
			<trkpt lat="47.2207966657072" lon="18.964301188169674">
				<ele>99.10386441741139</ele>
				<time>2026-05-03T11:46:07Z</time>
			</trkpt>
			<trkpt lat="47.2208089655533" lon="18.964309305540063">
				<ele>98.82095689699054</ele>
				<time>2026-05-03T11:46:09Z</time>
			</trkpt>
			<trkpt lat="47.22082664970139" lon="18.96432251964947">
				<ele>98.6964203659445</ele>
				<time>2026-05-03T11:46:11Z</time>
			</trkpt>
			<trkpt lat="47.220852633214776" lon="18.964340433958288">
				<ele>98.68926412798464</ele>
				<time>2026-05-03T11:46:13Z</time>
			</trkpt>
			<trkpt lat="47.22087945290732" lon="18.964354787002843">
				<ele>98.12388346157968</ele>
				<time>2026-05-03T11:46:15Z</time>
			</trkpt>
			<trkpt lat="47.220904170180475" lon="18.96436922737293">
				<ele>98.0399220045656</ele>
				<time>2026-05-03T11:46:17Z</time>
			</trkpt>
			<trkpt lat="47.22093184176596" lon="18.964380773491754">
				<ele>98.21843265369534</ele>
				<time>2026-05-03T11:46:19Z</time>
			</trkpt>
			<trkpt lat="47.22095545915992" lon="18.964389068319097">
				<ele>98.39418901037425</ele>
				<time>2026-05-03T11:46:21Z</time>
			</trkpt>
			<trkpt lat="47.22098176687935" lon="18.96439286405985">
				<ele>98.55547705665231</ele>
				<time>2026-05-03T11:46:23Z</time>
			</trkpt>
			<trkpt lat="47.22100988365375" lon="18.96439327496881">
				<ele>98.10321427881718</ele>
				<time>2026-05-03T11:46:25Z</time>
			</trkpt>
			<trkpt lat="47.22103543515967" lon="18.964397797404427">
				<ele>98.91631899308413</ele>
				<time>2026-05-03T11:46:27Z</time>
			</trkpt>
			<trkpt lat="47.22105093409008" lon="18.96439803290805">
				<ele>99.12456613220274</ele>
				<time>2026-05-03T11:46:28Z</time>
			</trkpt>
			<trkpt lat="47.221081020215614" lon="18.9643878157687">
				<ele>98.45815230626613</ele>
				<time>2026-05-03T11:46:30Z</time>
			</trkpt>
			<trkpt lat="47.22111147573761" lon="18.964383226413958">
				<ele>98.95039873477072</ele>
				<time>2026-05-03T11:46:32Z</time>
			</trkpt>
			<trkpt lat="47.221128902497995" lon="18.964381397911723">
				<ele>98.6779407383874</ele>
				<time>2026-05-03T11:46:33Z</time>
			</trkpt>
			<trkpt lat="47.22116060512921" lon="18.96438257715563">
				<ele>99.08444766700268</ele>
				<time>2026-05-03T11:46:35Z</time>
			</trkpt>
			<trkpt lat="47.221185540229826" lon="18.96438179866">
				<ele>98.75435722339898</ele>
				<time>2026-05-03T11:46:37Z</time>
			</trkpt>
			<trkpt lat="47.221215335528456" lon="18.964386161246082">
				<ele>98.54677229560912</ele>
				<time>2026-05-03T11:46:39Z</time>
			</trkpt>
			<trkpt lat="47.221253385248986" lon="18.96439580343179">
				<ele>98.54052888881415</ele>
				<time>2026-05-03T11:46:42Z</time>
			</trkpt>
			<trkpt lat="47.22126803630667" lon="18.96439952705384">
				<ele>99.04384020902216</ele>
				<time>2026-05-03T11:46:43Z</time>
			</trkpt>
			<trkpt lat="47.2212975344454" lon="18.964414142273313">
				<ele>99.87049453239888</ele>
				<time>2026-05-03T11:46:45Z</time>
			</trkpt>
			<trkpt lat="47.22132626655689" lon="18.964433859733763">
				<ele>99.73562191892415</ele>
				<time>2026-05-03T11:46:47Z</time>
			</trkpt>
			<trkpt lat="47.22134925027534" lon="18.964439053762316">
				<ele>99.52431491203606</ele>
				<time>2026-05-03T11:46:49Z</time>
			</trkpt>
			<trkpt lat="47.22137554044001" lon="18.96444641602464">
				<ele>98.05537227820605</ele>
				<time>2026-05-03T11:46:51Z</time>
			</trkpt>
			<trkpt lat="47.22140285836086" lon="18.964457687278035">
				<ele>98.95496889483184</ele>
				<time>2026-05-03T11:46:53Z</time>
			</trkpt>
			<trkpt lat="47.22143148153248" lon="18.964469151481683">
				<ele>98.34929083194584</ele>
				<time>2026-05-03T11:46:55Z</time>
			</trkpt>
			<trkpt lat="47.221465935855214" lon="18.964482253296204">
				<ele>97.81680766027421</ele>
				<time>2026-05-03T11:46:58Z</time>
			</trkpt>
			<trkpt lat="47.22148965869056" lon="18.964490292954455">
				<ele>97.8662541564554</ele>
				<time>2026-05-03T11:47:00Z</time>
			</trkpt>
			<trkpt lat="47.22152237571279" lon="18.96450473556177">
				<ele>97.3927666535601</ele>
				<time>2026-05-03T11:47:02Z</time>
			</trkpt>
			<trkpt lat="47.22155220713646" lon="18.96451573635764">
				<ele>96.8841250538826</ele>
				<time>2026-05-03T11:47:04Z</time>
			</trkpt>
			<trkpt lat="47.22157389176182" lon="18.964524238142488">
				<ele>97.60113261267543</ele>
				<time>2026-05-03T11:47:06Z</time>
			</trkpt>
			<trkpt lat="47.22159699073315" lon="18.964529629351222">
				<ele>97.49941197223961</ele>
				<time>2026-05-03T11:47:08Z</time>
			</trkpt>
			<trkpt lat="47.2216200479205" lon="18.964531918311057">
				<ele>98.0935982260853</ele>
				<time>2026-05-03T11:47:10Z</time>
			</trkpt>
			<trkpt lat="47.22164429210313" lon="18.96453423680635">
				<ele>98.29785295203328</ele>
				<time>2026-05-03T11:47:12Z</time>
			</trkpt>
			<trkpt lat="47.22166640893773" lon="18.964536126074766">
				<ele>99.12231854721904</ele>
				<time>2026-05-03T11:47:14Z</time>
			</trkpt>
			<trkpt lat="47.22168109851276" lon="18.964532599926205">
				<ele>99.05335488636047</ele>
				<time>2026-05-03T11:47:15Z</time>
			</trkpt>
			<trkpt lat="47.22171119492936" lon="18.9645321327027">
				<ele>99.12482103332877</ele>
				<time>2026-05-03T11:47:17Z</time>
			</trkpt>
			<trkpt lat="47.22173971246948" lon="18.964532722331914">
				<ele>98.29080791398883</ele>
				<time>2026-05-03T11:47:19Z</time>
			</trkpt>
			<trkpt lat="47.221767545598745" lon="18.964539789420282">
				<ele>98.41786033380777</ele>
				<time>2026-05-03T11:47:21Z</time>
			</trkpt>
			<trkpt lat="47.22178528157404" lon="18.96454252375802">
				<ele>98.3972823638469</ele>
				<time>2026-05-03T11:47:22Z</time>
			</trkpt>
			<trkpt lat="47.22181758439712" lon="18.964549945819194">
				<ele>98.05866248905659</ele>
				<time>2026-05-03T11:47:24Z</time>
			</trkpt>
			<trkpt lat="47.22184243602257" lon="18.96455770479749">
				<ele>98.0387946870178</ele>
				<time>2026-05-03T11:47:27Z</time>
			</trkpt>
			<trkpt lat="47.2218528206167" lon="18.964559165462294">
				<ele>98.10149738937616</ele>
				<time>2026-05-03T11:47:29Z</time>
			</trkpt>
			<trkpt lat="47.22187259346326" lon="18.96456844487523">
				<ele>98.61603411938995</ele>
				<time>2026-05-03T11:47:30Z</time>
			</trkpt>
			<trkpt lat="47.221901885494475" lon="18.964587669494765">
				<ele>98.33992298319936</ele>
				<time>2026-05-03T11:47:32Z</time>
			</trkpt>
			<trkpt lat="47.22192980034959" lon="18.96459756181504">
				<ele>98.39211946725845</ele>
				<time>2026-05-03T11:47:34Z</time>
			</trkpt>
			<trkpt lat="47.221958369852054" lon="18.964619191792114">
				<ele>99.15972944442183</ele>
				<time>2026-05-03T11:47:36Z</time>
			</trkpt>
			<trkpt lat="47.22198789272078" lon="18.96463733672971">
				<ele>98.4333040965721</ele>
				<time>2026-05-03T11:47:38Z</time>
			</trkpt>
			<trkpt lat="47.222011697499084" lon="18.964643342529165">
				<ele>97.89618185535073</ele>
				<time>2026-05-03T11:47:40Z</time>
			</trkpt>
			<trkpt lat="47.22202729569816" lon="18.964647318724314">
				<ele>97.86855603102595</ele>
				<time>2026-05-03T11:47:41Z</time>
			</trkpt>
			<trkpt lat="47.222053980822764" lon="18.96465457398775">
				<ele>98.04050416871905</ele>
				<time>2026-05-03T11:47:43Z</time>
			</trkpt>
			<trkpt lat="47.22208213305559" lon="18.96466078258315">
				<ele>97.93278282973915</ele>
				<time>2026-05-03T11:47:45Z</time>
			</trkpt>
			<trkpt lat="47.222110251073055" lon="18.96466633875522">
				<ele>97.7383894380182</ele>
				<time>2026-05-03T11:47:47Z</time>
			</trkpt>
			<trkpt lat="47.22213765027447" lon="18.964667700980737">
				<ele>97.24653563927859</ele>
				<time>2026-05-03T11:47:49Z</time>
			</trkpt>
			<trkpt lat="47.222165286899425" lon="18.9646642454157">
				<ele>96.92143072746694</ele>
				<time>2026-05-03T11:47:51Z</time>
			</trkpt>
			<trkpt lat="47.2221936810293" lon="18.964658579310466">
				<ele>96.59895568806678</ele>
				<time>2026-05-03T11:47:53Z</time>
			</trkpt>
			<trkpt lat="47.22222362218352" lon="18.964650282331863">
				<ele>97.35035615600646</ele>
				<time>2026-05-03T11:47:55Z</time>
			</trkpt>
			<trkpt lat="47.22225370111878" lon="18.964637090111175">
				<ele>97.23814725596458</ele>
				<time>2026-05-03T11:47:57Z</time>
			</trkpt>
			<trkpt lat="47.22228311971501" lon="18.964626451909904">
				<ele>98.97995808534324</ele>
				<time>2026-05-03T11:47:59Z</time>
			</trkpt>
			<trkpt lat="47.22231340249197" lon="18.96461421253364">
				<ele>99.11874468717724</ele>
				<time>2026-05-03T11:48:01Z</time>
			</trkpt>
			<trkpt lat="47.22234453561104" lon="18.964613198521327">
				<ele>99.84481486864388</ele>
				<time>2026-05-03T11:48:03Z</time>
			</trkpt>
			<trkpt lat="47.222371237670686" lon="18.964612355331084">
				<ele>99.19476142246276</ele>
				<time>2026-05-03T11:48:05Z</time>
			</trkpt>
			<trkpt lat="47.22240052296115" lon="18.964617141841675">
				<ele>98.99976524431258</ele>
				<time>2026-05-03T11:48:07Z</time>
			</trkpt>
			<trkpt lat="47.22243100249552" lon="18.964622353985312">
				<ele>99.99843726120889</ele>
				<time>2026-05-03T11:48:09Z</time>
			</trkpt>
			<trkpt lat="47.222458788698205" lon="18.964626712684503">
				<ele>99.20188296027482</ele>
				<time>2026-05-03T11:48:11Z</time>
			</trkpt>
			<trkpt lat="47.22248293940458" lon="18.964630851275288">
				<ele>99.1022922648117</ele>
				<time>2026-05-03T11:48:13Z</time>
			</trkpt>
			<trkpt lat="47.22250368573149" lon="18.964634180899083">
				<ele>99.03772215917706</ele>
				<time>2026-05-03T11:48:15Z</time>
			</trkpt>
			<trkpt lat="47.222518422836224" lon="18.964631342404893">
				<ele>98.61811320483685</ele>
				<time>2026-05-03T11:48:16Z</time>
			</trkpt>
			<trkpt lat="47.22254542835865" lon="18.96463337998259">
				<ele>98.49110405612737</ele>
				<time>2026-05-03T11:48:18Z</time>
			</trkpt>
			<trkpt lat="47.22257610088546" lon="18.96465077011565">
				<ele>98.85348702315241</ele>
				<time>2026-05-03T11:48:21Z</time>
			</trkpt>
			<trkpt lat="47.22258707835074" lon="18.96465984161131">
				<ele>99.22120662406087</ele>
				<time>2026-05-03T11:48:23Z</time>
			</trkpt>
			<trkpt lat="47.222601344986025" lon="18.964663384028334">
				<ele>98.3032551491633</ele>
				<time>2026-05-03T11:48:24Z</time>
			</trkpt>
			<trkpt lat="47.22262686685222" lon="18.9646696877453">
				<ele>98.57638120092452</ele>
				<time>2026-05-03T11:48:26Z</time>
			</trkpt>
			<trkpt lat="47.22265603153678" lon="18.964676059046717">
				<ele>98.35619522910565</ele>
				<time>2026-05-03T11:48:28Z</time>
			</trkpt>
			<trkpt lat="47.222671215540295" lon="18.96468544571617">
				<ele>99.31370299868286</ele>
				<time>2026-05-03T11:48:29Z</time>
			</trkpt>
			<trkpt lat="47.222696405091384" lon="18.964698623533945">
				<ele>98.93316262494773</ele>
				<time>2026-05-03T11:48:31Z</time>
			</trkpt>
			<trkpt lat="47.22271639772639" lon="18.964713842915593">
				<ele>98.60141178313643</ele>
				<time>2026-05-03T11:48:33Z</time>
			</trkpt>
			<trkpt lat="47.22273027842181" lon="18.964717539476894">
				<ele>97.68289110437036</ele>
				<time>2026-05-03T11:48:34Z</time>
			</trkpt>
			<trkpt lat="47.22275656431905" lon="18.964732203031666">
				<ele>97.33147536870092</ele>
				<time>2026-05-03T11:48:36Z</time>
			</trkpt>
			<trkpt lat="47.2227815859553" lon="18.964738940310465">
				<ele>96.49437347520143</ele>
				<time>2026-05-03T11:48:38Z</time>
			</trkpt>
			<trkpt lat="47.22281383297894" lon="18.96474271571112">
				<ele>96.92472782358527</ele>
				<time>2026-05-03T11:48:40Z</time>
			</trkpt>
			<trkpt lat="47.22285245740376" lon="18.96474997691248">
				<ele>97.4720905199647</ele>
				<time>2026-05-03T11:48:42Z</time>
			</trkpt>
			<trkpt lat="47.22292045263976" lon="18.964766833722745">
				<ele>96.64184784982353</ele>
				<time>2026-05-03T11:48:46Z</time>
			</trkpt>
			<trkpt lat="47.22294817575531" lon="18.964773816283973">
				<ele>96.79402006044984</ele>
				<time>2026-05-03T11:48:48Z</time>
			</trkpt>
			<trkpt lat="47.22297183659817" lon="18.96476749657324">
				<ele>96.13555652182549</ele>
				<time>2026-05-03T11:48:50Z</time>
			</trkpt>
			<trkpt lat="47.222994867773856" lon="18.96476215842982">
				<ele>96.66892017237842</ele>
				<time>2026-05-03T11:48:52Z</time>
			</trkpt>
			<trkpt lat="47.223015058331406" lon="18.964758586841437">
				<ele>96.51859992928803</ele>
				<time>2026-05-03T11:48:54Z</time>
			</trkpt>
			<trkpt lat="47.22303295425561" lon="18.96475186442438">
				<ele>96.45639803167433</ele>
				<time>2026-05-03T11:48:56Z</time>
			</trkpt>
			<trkpt lat="47.223048168852216" lon="18.964745317613367">
				<ele>98.14690186921507</ele>
				<time>2026-05-03T11:48:58Z</time>
			</trkpt>
			<trkpt lat="47.2230699946172" lon="18.96473344722388">
				<ele>97.51485262066126</ele>
				<time>2026-05-03T11:49:00Z</time>
			</trkpt>
			<trkpt lat="47.223092817114605" lon="18.964727559279208">
				<ele>98.84860649704933</ele>
				<time>2026-05-03T11:49:02Z</time>
			</trkpt>
			<trkpt lat="47.2231153970121" lon="18.964728344566616">
				<ele>98.2715260097757</ele>
				<time>2026-05-03T11:49:04Z</time>
			</trkpt>
			<trkpt lat="47.223136621300284" lon="18.964729584905545">
				<ele>99.15611463878304</ele>
				<time>2026-05-03T11:49:06Z</time>
			</trkpt>
			<trkpt lat="47.22316462091313" lon="18.964731265379477">
				<ele>99.99845816288143</ele>
				<time>2026-05-03T11:49:08Z</time>
			</trkpt>
			<trkpt lat="47.22318928756135" lon="18.964731425448015">
				<ele>99.43630198482424</ele>
				<time>2026-05-03T11:49:10Z</time>
			</trkpt>
			<trkpt lat="47.22321107382484" lon="18.964725207148852">
				<ele>98.61826309747994</ele>
				<time>2026-05-03T11:49:12Z</time>
			</trkpt>
			<trkpt lat="47.22322365885632" lon="18.964716481999936">
				<ele>98.88169887289405</ele>
				<time>2026-05-03T11:49:14Z</time>
			</trkpt>
			<trkpt lat="47.22324344759256" lon="18.964704124104067">
				<ele>99.01306244172156</ele>
				<time>2026-05-03T11:49:16Z</time>
			</trkpt>
			<trkpt lat="47.22326783982424" lon="18.964694334563085">
				<ele>99.19682232383639</ele>
				<time>2026-05-03T11:49:18Z</time>
			</trkpt>
			<trkpt lat="47.22329432879102" lon="18.964686166457234">
				<ele>99.19735671393573</ele>
				<time>2026-05-03T11:49:20Z</time>
			</trkpt>
			<trkpt lat="47.223323567290166" lon="18.964678674256376">
				<ele>99.02762842550874</ele>
				<time>2026-05-03T11:49:23Z</time>
			</trkpt>
			<trkpt lat="47.223344043033094" lon="18.964674098756767">
				<ele>98.73917554039508</ele>
				<time>2026-05-03T11:49:25Z</time>
			</trkpt>
			<trkpt lat="47.22335789037153" lon="18.964671086138463">
				<ele>98.61949058808386</ele>
				<time>2026-05-03T11:49:27Z</time>
			</trkpt>
			<trkpt lat="47.22338108316113" lon="18.964664804619073">
				<ele>99.01565430592746</ele>
				<time>2026-05-03T11:49:29Z</time>
			</trkpt>
			<trkpt lat="47.223406545112994" lon="18.96465559725624">
				<ele>98.4646421438083</ele>
				<time>2026-05-03T11:49:31Z</time>
			</trkpt>
			<trkpt lat="47.22342944531526" lon="18.964647764826108">
				<ele>98.66208419110626</ele>
				<time>2026-05-03T11:49:33Z</time>
			</trkpt>
			<trkpt lat="47.223451682789104" lon="18.964636211568394">
				<ele>97.38623085804284</ele>
				<time>2026-05-03T11:49:35Z</time>
			</trkpt>
			<trkpt lat="47.223476352546506" lon="18.964629702436145">
				<ele>97.73338275682181</ele>
				<time>2026-05-03T11:49:37Z</time>
			</trkpt>
			<trkpt lat="47.223502523203656" lon="18.964628657063262">
				<ele>98.209442791529</ele>
				<time>2026-05-03T11:49:39Z</time>
			</trkpt>
			<trkpt lat="47.223527963927346" lon="18.964630232898088">
				<ele>98.51445488352329</ele>
				<time>2026-05-03T11:49:41Z</time>
			</trkpt>
			<trkpt lat="47.22355395531485" lon="18.964634248571603">
				<ele>98.16123797744513</ele>
				<time>2026-05-03T11:49:43Z</time>
			</trkpt>
			<trkpt lat="47.223581768633316" lon="18.964634974942467">
				<ele>98.72551319934428</ele>
				<time>2026-05-03T11:49:45Z</time>
			</trkpt>
			<trkpt lat="47.223622007135404" lon="18.964632731982555">
				<ele>98.0914890524</ele>
				<time>2026-05-03T11:49:48Z</time>
			</trkpt>
			<trkpt lat="47.22365116086968" lon="18.96463140994632">
				<ele>97.9489680705592</ele>
				<time>2026-05-03T11:49:50Z</time>
			</trkpt>
			<trkpt lat="47.22367852087934" lon="18.964634296232123">
				<ele>98.37193279247731</ele>
				<time>2026-05-03T11:49:52Z</time>
			</trkpt>
			<trkpt lat="47.22369392342918" lon="18.96463421840653">
				<ele>98.67337414529175</ele>
				<time>2026-05-03T11:49:53Z</time>
			</trkpt>
			<trkpt lat="47.22371085114968" lon="18.96463256441755">
				<ele>98.27651355601847</ele>
				<time>2026-05-03T11:49:54Z</time>
			</trkpt>
			<trkpt lat="47.223739937099964" lon="18.964627518954053">
				<ele>98.11914718337357</ele>
				<time>2026-05-03T11:49:56Z</time>
			</trkpt>
			<trkpt lat="47.223755863911336" lon="18.964629139803648">
				<ele>97.72033058013767</ele>
				<time>2026-05-03T11:49:57Z</time>
			</trkpt>
			<trkpt lat="47.223777661725" lon="18.964638016812128">
				<ele>98.6072712764144</ele>
				<time>2026-05-03T11:49:59Z</time>
			</trkpt>
			<trkpt lat="47.223796888323704" lon="18.964650678956268">
				<ele>99.09860411379486</ele>
				<time>2026-05-03T11:50:01Z</time>
			</trkpt>
			<trkpt lat="47.223823460283185" lon="18.964661107054216">
				<ele>98.5425970768556</ele>
				<time>2026-05-03T11:50:03Z</time>
			</trkpt>
			<trkpt lat="47.22384985242897" lon="18.96466780995806">
				<ele>98.81653538439423</ele>
				<time>2026-05-03T11:50:05Z</time>
			</trkpt>
			<trkpt lat="47.223873690724126" lon="18.964677350194766">
				<ele>97.90972604602575</ele>
				<time>2026-05-03T11:50:08Z</time>
			</trkpt>
			<trkpt lat="47.223896629027955" lon="18.964659354771438">
				<ele>98.33911811653525</ele>
				<time>2026-05-03T11:50:10Z</time>
			</trkpt>
			<trkpt lat="47.2239251282449" lon="18.96464656870112">
				<ele>98.15792854130268</ele>
				<time>2026-05-03T11:50:12Z</time>
			</trkpt>
			<trkpt lat="47.223937020342646" lon="18.964665202098153">
				<ele>97.67157608177513</ele>
				<time>2026-05-03T11:50:13Z</time>
			</trkpt>
			<trkpt lat="47.223947170209996" lon="18.964663047351387">
				<ele>98.32523756753653</ele>
				<time>2026-05-03T11:50:14Z</time>
			</trkpt>
			<trkpt lat="47.22395409662652" lon="18.964675856218125">
				<ele>97.94871652405709</ele>
				<time>2026-05-03T11:50:15Z</time>
			</trkpt>
			<trkpt lat="47.223966231944004" lon="18.96467442466407">
				<ele>98.10323665104806</ele>
				<time>2026-05-03T11:50:16Z</time>
			</trkpt>
			<trkpt lat="47.223992706403415" lon="18.964669153577333">
				<ele>98.19831209629774</ele>
				<time>2026-05-03T11:50:18Z</time>
			</trkpt>
			<trkpt lat="47.22400401573101" lon="18.96468679580973">
				<ele>98.31922965310514</ele>
				<time>2026-05-03T11:50:19Z</time>
			</trkpt>
			<trkpt lat="47.22401139854856" lon="18.964684562977688">
				<ele>99.0755276819691</ele>
				<time>2026-05-03T11:50:20Z</time>
			</trkpt>
			<trkpt lat="47.22404123913902" lon="18.964682208279736">
				<ele>99.85456532239914</ele>
				<time>2026-05-03T11:50:22Z</time>
			</trkpt>
			<trkpt lat="47.2240607847039" lon="18.96469727353023">
				<ele>99.45883643720299</ele>
				<time>2026-05-03T11:50:23Z</time>
			</trkpt>
			<trkpt lat="47.224100035641776" lon="18.964698452334492">
				<ele>99.38999628461897</ele>
				<time>2026-05-03T11:50:26Z</time>
			</trkpt>
			<trkpt lat="47.22410730513713" lon="18.96471730267348">
				<ele>99.09957503899932</ele>
				<time>2026-05-03T11:50:27Z</time>
			</trkpt>
			<trkpt lat="47.224120415914065" lon="18.964715771370624">
				<ele>98.97939945943654</ele>
				<time>2026-05-03T11:50:28Z</time>
			</trkpt>
			<trkpt lat="47.2241318755825" lon="18.964730900231025">
				<ele>98.94517068285495</ele>
				<time>2026-05-03T11:50:29Z</time>
			</trkpt>
			<trkpt lat="47.224156332592244" lon="18.964747611547544">
				<ele>98.64697943255305</ele>
				<time>2026-05-03T11:50:31Z</time>
			</trkpt>
			<trkpt lat="47.22417750117308" lon="18.96476234827122">
				<ele>99.15514154359698</ele>
				<time>2026-05-03T11:50:33Z</time>
			</trkpt>
			<trkpt lat="47.22420096542431" lon="18.964767942296113">
				<ele>99.68746769148856</ele>
				<time>2026-05-03T11:50:35Z</time>
			</trkpt>
			<trkpt lat="47.224224954187015" lon="18.964774229004238">
				<ele>99.2497083619237</ele>
				<time>2026-05-03T11:50:37Z</time>
			</trkpt>
			<trkpt lat="47.224247620683656" lon="18.964782718533023">
				<ele>98.94188655447215</ele>
				<time>2026-05-03T11:50:39Z</time>
			</trkpt>
			<trkpt lat="47.22427414372047" lon="18.964789482582997">
				<ele>99.10871486365795</ele>
				<time>2026-05-03T11:50:41Z</time>
			</trkpt>
			<trkpt lat="47.22430162258042" lon="18.96479761008072">
				<ele>99.11645873077214</ele>
				<time>2026-05-03T11:50:43Z</time>
			</trkpt>
			<trkpt lat="47.224327285567654" lon="18.964800857045244">
				<ele>98.45184364635497</ele>
				<time>2026-05-03T11:50:45Z</time>
			</trkpt>
			<trkpt lat="47.22435280956007" lon="18.964800905385435">
				<ele>98.40921843610704</ele>
				<time>2026-05-03T11:50:47Z</time>
			</trkpt>
			<trkpt lat="47.22439094779182" lon="18.964795960711783">
				<ele>98.63079085294157</ele>
				<time>2026-05-03T11:50:50Z</time>
			</trkpt>
			<trkpt lat="47.22441758172498" lon="18.964796195438115">
				<ele>98.8868810236454</ele>
				<time>2026-05-03T11:50:52Z</time>
			</trkpt>
			<trkpt lat="47.22444094924009" lon="18.964796259879048">
				<ele>97.95097384415567</ele>
				<time>2026-05-03T11:50:54Z</time>
			</trkpt>
			<trkpt lat="47.224465862157885" lon="18.964795311507412">
				<ele>98.40021339431405</ele>
				<time>2026-05-03T11:50:56Z</time>
			</trkpt>
			<trkpt lat="47.224489285334776" lon="18.96479517579307">
				<ele>97.92911669518799</ele>
				<time>2026-05-03T11:50:58Z</time>
			</trkpt>
			<trkpt lat="47.22451463360411" lon="18.964794543508237">
				<ele>97.90113817993551</ele>
				<time>2026-05-03T11:51:00Z</time>
			</trkpt>
			<trkpt lat="47.22455162807077" lon="18.964804492849357">
				<ele>98.75646140426397</ele>
				<time>2026-05-03T11:51:03Z</time>
			</trkpt>
			<trkpt lat="47.224573124183976" lon="18.96481168480316">
				<ele>99.07272256910801</ele>
				<time>2026-05-03T11:51:05Z</time>
			</trkpt>
			<trkpt lat="47.22458604009064" lon="18.964812738214736">
				<ele>98.22078571189195</ele>
				<time>2026-05-03T11:51:07Z</time>
			</trkpt>
			<trkpt lat="47.2246035999596" lon="18.96481899380765">
				<ele>98.22737650107592</ele>
				<time>2026-05-03T11:51:09Z</time>
			</trkpt>
			<trkpt lat="47.224629367808625" lon="18.96482199832798">
				<ele>97.568787464872</ele>
				<time>2026-05-03T11:51:11Z</time>
			</trkpt>
			<trkpt lat="47.224661446740164" lon="18.964828067690092">
				<ele>98.81241456605494</ele>
				<time>2026-05-03T11:51:14Z</time>
			</trkpt>
			<trkpt lat="47.224687906771585" lon="18.9648303572634">
				<ele>98.25882948562503</ele>
				<time>2026-05-03T11:51:16Z</time>
			</trkpt>
			<trkpt lat="47.22471159431338" lon="18.964835946075205">
				<ele>98.49208861682564</ele>
				<time>2026-05-03T11:51:18Z</time>
			</trkpt>
			<trkpt lat="47.224737932661064" lon="18.964840353565556">
				<ele>98.44897610973567</ele>
				<time>2026-05-03T11:51:20Z</time>
			</trkpt>
			<trkpt lat="47.22476456319513" lon="18.964850180969528">
				<ele>98.27662862371653</ele>
				<time>2026-05-03T11:51:22Z</time>
			</trkpt>
			<trkpt lat="47.22478890270491" lon="18.964859387907744">
				<ele>98.61696683429182</ele>
				<time>2026-05-03T11:51:24Z</time>
			</trkpt>
			<trkpt lat="47.22481150445115" lon="18.9648611848665">
				<ele>98.11490463186055</ele>
				<time>2026-05-03T11:51:26Z</time>
			</trkpt>
			<trkpt lat="47.22483425653996" lon="18.964857876658083">
				<ele>97.44717512093484</ele>
				<time>2026-05-03T11:51:28Z</time>
			</trkpt>
			<trkpt lat="47.22485879291902" lon="18.964850026058357">
				<ele>97.80263114348054</ele>
				<time>2026-05-03T11:51:30Z</time>
			</trkpt>
			<trkpt lat="47.22488390800202" lon="18.96484688092715">
				<ele>98.07456592842937</ele>
				<time>2026-05-03T11:51:32Z</time>
			</trkpt>
			<trkpt lat="47.22490632800722" lon="18.96485322923635">
				<ele>98.27721494529396</ele>
				<time>2026-05-03T11:51:34Z</time>
			</trkpt>
			<trkpt lat="47.22493068158458" lon="18.96486095216483">
				<ele>98.72665669303387</ele>
				<time>2026-05-03T11:51:36Z</time>
			</trkpt>
			<trkpt lat="47.22495225324995" lon="18.96486957586086">
				<ele>98.72095219697803</ele>
				<time>2026-05-03T11:51:38Z</time>
			</trkpt>
			<trkpt lat="47.22498031132815" lon="18.964879404846275">
				<ele>98.32103022746742</ele>
				<time>2026-05-03T11:51:40Z</time>
			</trkpt>
			<trkpt lat="47.22501813600786" lon="18.964886952433826">
				<ele>98.72596526239067</ele>
				<time>2026-05-03T11:51:43Z</time>
			</trkpt>
			<trkpt lat="47.2250373077122" lon="18.964893967587862">
				<ele>98.60920000821352</ele>
				<time>2026-05-03T11:51:45Z</time>
			</trkpt>
			<trkpt lat="47.22505744437734" lon="18.964902402740186">
				<ele>98.84541359171271</ele>
				<time>2026-05-03T11:51:47Z</time>
			</trkpt>
			<trkpt lat="47.22508522683942" lon="18.96490801465657">
				<ele>98.32146441657096</ele>
				<time>2026-05-03T11:51:49Z</time>
			</trkpt>
			<trkpt lat="47.225120498037064" lon="18.96491761626939">
				<ele>98.44466159585863</ele>
				<time>2026-05-03T11:51:52Z</time>
			</trkpt>
			<trkpt lat="47.225142664350024" lon="18.96492656593015">
				<ele>98.52028092276305</ele>
				<time>2026-05-03T11:51:54Z</time>
			</trkpt>
			<trkpt lat="47.22516558323695" lon="18.964938411847122">
				<ele>98.3285685479641</ele>
				<time>2026-05-03T11:51:56Z</time>
			</trkpt>
			<trkpt lat="47.225190211949965" lon="18.964956493741816">
				<ele>98.62317154649645</ele>
				<time>2026-05-03T11:51:58Z</time>
			</trkpt>
			<trkpt lat="47.22521256142135" lon="18.96497634185456">
				<ele>98.2075117919594</ele>
				<time>2026-05-03T11:52:00Z</time>
			</trkpt>
			<trkpt lat="47.22523166727203" lon="18.964998314972664">
				<ele>98.15718704648316</ele>
				<time>2026-05-03T11:52:02Z</time>
			</trkpt>
			<trkpt lat="47.22525164913994" lon="18.96501607585449">
				<ele>98.4008051911369</ele>
				<time>2026-05-03T11:52:04Z</time>
			</trkpt>
			<trkpt lat="47.22527243167932" lon="18.965035039349132">
				<ele>98.18481418304145</ele>
				<time>2026-05-03T11:52:06Z</time>
			</trkpt>
			<trkpt lat="47.22528579159572" lon="18.96504932466284">
				<ele>98.5515585290268</ele>
				<time>2026-05-03T11:52:07Z</time>
			</trkpt>
			<trkpt lat="47.22530896635915" lon="18.965072782006096">
				<ele>98.7009327383712</ele>
				<time>2026-05-03T11:52:09Z</time>
			</trkpt>
			<trkpt lat="47.22533363026217" lon="18.965100467976704">
				<ele>99.51871421840042</ele>
				<time>2026-05-03T11:52:11Z</time>
			</trkpt>
			<trkpt lat="47.225354156965935" lon="18.965124786351115">
				<ele>99.4898565672338</ele>
				<time>2026-05-03T11:52:13Z</time>
			</trkpt>
			<trkpt lat="47.225371978046994" lon="18.96514102301346">
				<ele>98.42882370296866</ele>
				<time>2026-05-03T11:52:15Z</time>
			</trkpt>
			<trkpt lat="47.225391434802184" lon="18.96515632543155">
				<ele>98.54189247451723</ele>
				<time>2026-05-03T11:52:17Z</time>
			</trkpt>
			<trkpt lat="47.22542357350769" lon="18.965178729388516">
				<ele>97.8100242773071</ele>
				<time>2026-05-03T11:52:20Z</time>
			</trkpt>
			<trkpt lat="47.22545011166766" lon="18.965186781024503">
				<ele>97.8187714368105</ele>
				<time>2026-05-03T11:52:22Z</time>
			</trkpt>
			<trkpt lat="47.22547457693632" lon="18.965190336614853">
				<ele>98.06514835637063</ele>
				<time>2026-05-03T11:52:24Z</time>
			</trkpt>
			<trkpt lat="47.225497284639275" lon="18.965191097956602">
				<ele>97.64097612351179</ele>
				<time>2026-05-03T11:52:26Z</time>
			</trkpt>
			<trkpt lat="47.2255219578556" lon="18.96519031739188">
				<ele>97.70462439861149</ele>
				<time>2026-05-03T11:52:28Z</time>
			</trkpt>
			<trkpt lat="47.22554795872871" lon="18.9651867501428">
				<ele>97.84596701618284</ele>
				<time>2026-05-03T11:52:30Z</time>
			</trkpt>
			<trkpt lat="47.225573928981355" lon="18.9651845607294">
				<ele>97.29830686282367</ele>
				<time>2026-05-03T11:52:32Z</time>
			</trkpt>
			<trkpt lat="47.22560284354995" lon="18.965181064680664">
				<ele>97.5031342022121</ele>
				<time>2026-05-03T11:52:34Z</time>
			</trkpt>
			<trkpt lat="47.22563296540292" lon="18.965175579672643">
				<ele>97.01015716791153</ele>
				<time>2026-05-03T11:52:36Z</time>
			</trkpt>
			<trkpt lat="47.22566415096084" lon="18.965168662317325">
				<ele>96.94527764432132</ele>
				<time>2026-05-03T11:52:38Z</time>
			</trkpt>
			<trkpt lat="47.22569266691103" lon="18.965161491621263">
				<ele>97.2471868796274</ele>
				<time>2026-05-03T11:52:40Z</time>
			</trkpt>
			<trkpt lat="47.22572406396228" lon="18.96514993175583">
				<ele>97.29594774730504</ele>
				<time>2026-05-03T11:52:42Z</time>
			</trkpt>
			<trkpt lat="47.225752981546194" lon="18.965142979896243">
				<ele>98.78237601649016</ele>
				<time>2026-05-03T11:52:44Z</time>
			</trkpt>
			<trkpt lat="47.22576945313675" lon="18.96513377836748">
				<ele>98.00539238657802</ele>
				<time>2026-05-03T11:52:45Z</time>
			</trkpt>
			<trkpt lat="47.225786989562074" lon="18.96512296707661">
				<ele>98.08934155106544</ele>
				<time>2026-05-03T11:52:46Z</time>
			</trkpt>
			<trkpt lat="47.22582148888068" lon="18.965114084773166">
				<ele>98.30973865836859</ele>
				<time>2026-05-03T11:52:48Z</time>
			</trkpt>
			<trkpt lat="47.2258548945085" lon="18.965110192176397">
				<ele>98.22636197600514</ele>
				<time>2026-05-03T11:52:50Z</time>
			</trkpt>
			<trkpt lat="47.22588575832535" lon="18.96510552465032">
				<ele>98.62301174458116</ele>
				<time>2026-05-03T11:52:52Z</time>
			</trkpt>
			<trkpt lat="47.22589995784343" lon="18.96509506349783">
				<ele>98.24170803371817</ele>
				<time>2026-05-03T11:52:53Z</time>
			</trkpt>
			<trkpt lat="47.22592736032497" lon="18.96508067935625">
				<ele>97.75478780362755</ele>
				<time>2026-05-03T11:52:55Z</time>
			</trkpt>
			<trkpt lat="47.22595513217134" lon="18.96507448290793">
				<ele>97.82305625360459</ele>
				<time>2026-05-03T11:52:57Z</time>
			</trkpt>
			<trkpt lat="47.22598098739652" lon="18.965074468136134">
				<ele>97.34800141956657</ele>
				<time>2026-05-03T11:52:59Z</time>
			</trkpt>
			<trkpt lat="47.22600200833492" lon="18.96507264961223">
				<ele>98.1891478644684</ele>
				<time>2026-05-03T11:53:01Z</time>
			</trkpt>
			<trkpt lat="47.22603243121453" lon="18.96507210812175">
				<ele>98.81243835575879</ele>
				<time>2026-05-03T11:53:03Z</time>
			</trkpt>
			<trkpt lat="47.22606417457384" lon="18.965078946096448">
				<ele>98.47826860379428</ele>
				<time>2026-05-03T11:53:05Z</time>
			</trkpt>
			<trkpt lat="47.2260965931976" lon="18.96508985701177">
				<ele>98.08675625827163</ele>
				<time>2026-05-03T11:53:07Z</time>
			</trkpt>
			<trkpt lat="47.22612744571524" lon="18.96509435585414">
				<ele>98.34779810532928</ele>
				<time>2026-05-03T11:53:09Z</time>
			</trkpt>
			<trkpt lat="47.226155608209986" lon="18.965095921879538">
				<ele>98.76776765380055</ele>
				<time>2026-05-03T11:53:11Z</time>
			</trkpt>
			<trkpt lat="47.22618021705388" lon="18.96509712048369">
				<ele>98.77673358190805</ele>
				<time>2026-05-03T11:53:13Z</time>
			</trkpt>
			<trkpt lat="47.22619620932754" lon="18.965094454157963">
				<ele>97.63412778824568</ele>
				<time>2026-05-03T11:53:14Z</time>
			</trkpt>
			<trkpt lat="47.22622541599419" lon="18.965101519793638">
				<ele>97.65735617652535</ele>
				<time>2026-05-03T11:53:16Z</time>
			</trkpt>
			<trkpt lat="47.22625945862262" lon="18.965103493335608">
				<ele>97.19399987440556</ele>
				<time>2026-05-03T11:53:19Z</time>
			</trkpt>
			<trkpt lat="47.22628255300428" lon="18.96510522368825">
				<ele>97.67524606082588</ele>
				<time>2026-05-03T11:53:21Z</time>
			</trkpt>
			<trkpt lat="47.22630858507871" lon="18.9651040918977">
				<ele>98.02940006926656</ele>
				<time>2026-05-03T11:53:23Z</time>
			</trkpt>
			<trkpt lat="47.22633665881698" lon="18.96509982679404">
				<ele>97.9967419654131</ele>
				<time>2026-05-03T11:53:25Z</time>
			</trkpt>
			<trkpt lat="47.226363302040546" lon="18.96508843520669">
				<ele>97.80993755441159</ele>
				<time>2026-05-03T11:53:27Z</time>
			</trkpt>
			<trkpt lat="47.22638739445571" lon="18.965075776661255">
				<ele>97.68893677182496</ele>
				<time>2026-05-03T11:53:29Z</time>
			</trkpt>
			<trkpt lat="47.226407056724945" lon="18.96506124159565">
				<ele>97.7553248340264</ele>
				<time>2026-05-03T11:53:31Z</time>
			</trkpt>
			<trkpt lat="47.22643056298472" lon="18.96503725565028">
				<ele>97.5270567489788</ele>
				<time>2026-05-03T11:53:33Z</time>
			</trkpt>
			<trkpt lat="47.22645263203125" lon="18.965011469277215">
				<ele>96.69529616180807</ele>
				<time>2026-05-03T11:53:35Z</time>
			</trkpt>
			<trkpt lat="47.226462972327255" lon="18.964996228173053">
				<ele>97.3187370095402</ele>
				<time>2026-05-03T11:53:37Z</time>
			</trkpt>
			<trkpt lat="47.22647410336964" lon="18.964981016446504">
				<ele>97.47694819793105</ele>
				<time>2026-05-03T11:53:38Z</time>
			</trkpt>
			<trkpt lat="47.226496270731005" lon="18.964955943755204">
				<ele>97.81818538066</ele>
				<time>2026-05-03T11:53:40Z</time>
			</trkpt>
			<trkpt lat="47.22651525345236" lon="18.964928806243506">
				<ele>98.08542429935187</ele>
				<time>2026-05-03T11:53:42Z</time>
			</trkpt>
			<trkpt lat="47.226532517137294" lon="18.964901630743523">
				<ele>97.9853563355282</ele>
				<time>2026-05-03T11:53:44Z</time>
			</trkpt>
			<trkpt lat="47.2265434887074" lon="18.96488385268849">
				<ele>98.0084409750998</ele>
				<time>2026-05-03T11:53:45Z</time>
			</trkpt>
			<trkpt lat="47.22656080644133" lon="18.96485381302363">
				<ele>98.0869044456631</ele>
				<time>2026-05-03T11:53:47Z</time>
			</trkpt>
			<trkpt lat="47.22657605571227" lon="18.964824918975943">
				<ele>97.96815203782171</ele>
				<time>2026-05-03T11:53:49Z</time>
			</trkpt>
			<trkpt lat="47.22658355561373" lon="18.964807816001663">
				<ele>98.26412839069963</ele>
				<time>2026-05-03T11:53:51Z</time>
			</trkpt>
			<trkpt lat="47.22659380880518" lon="18.964786365578888">
				<ele>97.7734462954104</ele>
				<time>2026-05-03T11:53:53Z</time>
			</trkpt>
			<trkpt lat="47.2266114386444" lon="18.96474363532238">
				<ele>98.21143658645451</ele>
				<time>2026-05-03T11:53:56Z</time>
			</trkpt>
			<trkpt lat="47.226618495391676" lon="18.964724638952006">
				<ele>97.98327599931508</ele>
				<time>2026-05-03T11:53:58Z</time>
			</trkpt>
			<trkpt lat="47.22662390114552" lon="18.964709542921966">
				<ele>97.82362036779523</ele>
				<time>2026-05-03T11:54:00Z</time>
			</trkpt>
			<trkpt lat="47.22663948548462" lon="18.964660914794546">
				<ele>97.68814458698034</ele>
				<time>2026-05-03T11:54:04Z</time>
			</trkpt>
			<trkpt lat="47.22665044406641" lon="18.964629230059543">
				<ele>97.81322745233774</ele>
				<time>2026-05-03T11:54:07Z</time>
			</trkpt>
			<trkpt lat="47.226657294319025" lon="18.96461174403439">
				<ele>97.78830257896334</ele>
				<time>2026-05-03T11:54:10Z</time>
			</trkpt>
			<trkpt lat="47.226665316075454" lon="18.964590281572807">
				<ele>98.00514709483832</ele>
				<time>2026-05-03T11:54:13Z</time>
			</trkpt>
			<trkpt lat="47.2266749109023" lon="18.964563698045986">
				<ele>97.1402579434216</ele>
				<time>2026-05-03T11:54:17Z</time>
			</trkpt>
			<trkpt lat="47.226684705772655" lon="18.964532257668232">
				<ele>98.8077444890514</ele>
				<time>2026-05-03T11:54:19Z</time>
			</trkpt>
			<trkpt lat="47.22669367098903" lon="18.964489588024268">
				<ele>99.27524490468204</ele>
				<time>2026-05-03T11:54:24Z</time>
			</trkpt>
			<trkpt lat="47.2266891062337" lon="18.96445651178898">
				<ele>99.67532495595515</ele>
				<time>2026-05-03T11:54:32Z</time>
			</trkpt>
			<trkpt lat="47.22670103583976" lon="18.964432712817672">
				<ele>99.86553697381169</ele>
				<time>2026-05-03T11:54:52Z</time>
			</trkpt>
			<trkpt lat="47.22668835678408" lon="18.964436604954926">
				<ele>99.19228380639106</ele>
				<time>2026-05-03T11:55:08Z</time>
			</trkpt>
			<trkpt lat="47.22669436342894" lon="18.96444668640515">
				<ele>99.36043750774115</ele>
				<time>2026-05-03T11:55:10Z</time>
			</trkpt>
			<trkpt lat="47.226695323734745" lon="18.9644358160803">
				<ele>100.33368310704827</ele>
				<time>2026-05-03T11:55:14Z</time>
			</trkpt>
			<trkpt lat="47.22668898500608" lon="18.96443223042846">
				<ele>99.8702003620565</ele>
				<time>2026-05-03T11:55:18Z</time>
			</trkpt>
			<trkpt lat="47.226718052608895" lon="18.96443565423409">
				<ele>101.19578026607633</ele>
				<time>2026-05-03T11:55:36Z</time>
			</trkpt>
			<trkpt lat="47.22670579342324" lon="18.96443186345511">
				<ele>100.2884565545246</ele>
				<time>2026-05-03T11:55:37Z</time>
			</trkpt>
			<trkpt lat="47.22669541942871" lon="18.96442281064946">
				<ele>101.69053065869957</ele>
				<time>2026-05-03T11:55:42Z</time>
			</trkpt>
			<trkpt lat="47.22573835059855" lon="18.96582153222976">
				<ele>96.86935935840148</ele>
				<time>2026-05-03T12:18:47Z</time>
			</trkpt>
			<trkpt lat="47.22573199829108" lon="18.96582853040868">
				<ele>97.84109204851106</ele>
				<time>2026-05-03T12:18:48Z</time>
			</trkpt>
			<trkpt lat="47.22572494765988" lon="18.96583599191602">
				<ele>97.91493310316653</ele>
				<time>2026-05-03T12:18:49Z</time>
			</trkpt>
			<trkpt lat="47.22572208267431" lon="18.965847887868133">
				<ele>97.89291742065254</ele>
				<time>2026-05-03T12:18:50Z</time>
			</trkpt>
			<trkpt lat="47.22571665249045" lon="18.96586055933151">
				<ele>97.97863220651104</ele>
				<time>2026-05-03T12:18:51Z</time>
			</trkpt>
			<trkpt lat="47.22570732201125" lon="18.965875024128753">
				<ele>98.0852837010091</ele>
				<time>2026-05-03T12:18:53Z</time>
			</trkpt>
			<trkpt lat="47.22569349285227" lon="18.96590205074259">
				<ele>97.82267849797796</ele>
				<time>2026-05-03T12:18:55Z</time>
			</trkpt>
			<trkpt lat="47.22567294499754" lon="18.96594724128375">
				<ele>97.49156771227717</ele>
				<time>2026-05-03T12:18:58Z</time>
			</trkpt>
			<trkpt lat="47.225654912459234" lon="18.965982071823603">
				<ele>97.76461827848107</ele>
				<time>2026-05-03T12:19:00Z</time>
			</trkpt>
			<trkpt lat="47.22564411384054" lon="18.96600665879703">
				<ele>97.90146353002638</ele>
				<time>2026-05-03T12:19:01Z</time>
			</trkpt>
			<trkpt lat="47.22562705671098" lon="18.96604236864365">
				<ele>97.76092022750527</ele>
				<time>2026-05-03T12:19:03Z</time>
			</trkpt>
			<trkpt lat="47.225613411862696" lon="18.966077078179946">
				<ele>97.7274910369888</ele>
				<time>2026-05-03T12:19:05Z</time>
			</trkpt>
			<trkpt lat="47.22559734963487" lon="18.966110055148025">
				<ele>97.00107799656689</ele>
				<time>2026-05-03T12:19:07Z</time>
			</trkpt>
			<trkpt lat="47.22557871719068" lon="18.966134956932112">
				<ele>97.26394882425666</ele>
				<time>2026-05-03T12:19:09Z</time>
			</trkpt>
			<trkpt lat="47.2255586964748" lon="18.966153587889096">
				<ele>97.42408502846956</ele>
				<time>2026-05-03T12:19:11Z</time>
			</trkpt>
			<trkpt lat="47.22553753165479" lon="18.966169554030856">
				<ele>97.55911871790886</ele>
				<time>2026-05-03T12:19:13Z</time>
			</trkpt>
			<trkpt lat="47.22552901863773" lon="18.966181790460556">
				<ele>97.21641844604164</ele>
				<time>2026-05-03T12:19:14Z</time>
			</trkpt>
			<trkpt lat="47.22551060271727" lon="18.966211886168153">
				<ele>97.20510846376419</ele>
				<time>2026-05-03T12:19:16Z</time>
			</trkpt>
			<trkpt lat="47.22548660888653" lon="18.96623836331069">
				<ele>98.11809031199664</ele>
				<time>2026-05-03T12:19:18Z</time>
			</trkpt>
			<trkpt lat="47.22546507151078" lon="18.96623101422855">
				<ele>98.3415614804253</ele>
				<time>2026-05-03T12:19:19Z</time>
			</trkpt>
			<trkpt lat="47.225431861916974" lon="18.966227059106743">
				<ele>98.22804905101657</ele>
				<time>2026-05-03T12:19:21Z</time>
			</trkpt>
			<trkpt lat="47.22541358487243" lon="18.96622065461013">
				<ele>97.98020364996046</ele>
				<time>2026-05-03T12:19:22Z</time>
			</trkpt>
			<trkpt lat="47.225383202172125" lon="18.966230046712113">
				<ele>97.65393024217337</ele>
				<time>2026-05-03T12:19:24Z</time>
			</trkpt>
			<trkpt lat="47.22536714099075" lon="18.966228852048506">
				<ele>97.78792857378721</ele>
				<time>2026-05-03T12:19:25Z</time>
			</trkpt>
			<trkpt lat="47.225326544256454" lon="18.966236412641948">
				<ele>98.71488405577838</ele>
				<time>2026-05-03T12:19:27Z</time>
			</trkpt>
			<trkpt lat="47.22529724196297" lon="18.966249877430453">
				<ele>99.11464946437627</ele>
				<time>2026-05-03T12:19:30Z</time>
			</trkpt>
			<trkpt lat="47.22528261484192" lon="18.966256422020905">
				<ele>99.02875145897269</ele>
				<time>2026-05-03T12:19:31Z</time>
			</trkpt>
			<trkpt lat="47.22525718789933" lon="18.966269176819665">
				<ele>98.77727587055415</ele>
				<time>2026-05-03T12:19:33Z</time>
			</trkpt>
			<trkpt lat="47.22523661285027" lon="18.96626827343796">
				<ele>98.3933824757114</ele>
				<time>2026-05-03T12:19:35Z</time>
			</trkpt>
			<trkpt lat="47.225215674893036" lon="18.96626888047796">
				<ele>98.27857637684792</ele>
				<time>2026-05-03T12:19:37Z</time>
			</trkpt>
			<trkpt lat="47.22518109332454" lon="18.966277659014334">
				<ele>98.31980884820223</ele>
				<time>2026-05-03T12:19:39Z</time>
			</trkpt>
			<trkpt lat="47.22515010142944" lon="18.966288151380684">
				<ele>98.8176614092663</ele>
				<time>2026-05-03T12:19:41Z</time>
			</trkpt>
			<trkpt lat="47.22512638343173" lon="18.96628712249135">
				<ele>98.09995833132416</ele>
				<time>2026-05-03T12:19:42Z</time>
			</trkpt>
			<trkpt lat="47.22509412804506" lon="18.96628839687286">
				<ele>98.66850867494941</ele>
				<time>2026-05-03T12:19:44Z</time>
			</trkpt>
			<trkpt lat="47.225062149860136" lon="18.966296214381412">
				<ele>98.05701870471239</ele>
				<time>2026-05-03T12:19:46Z</time>
			</trkpt>
			<trkpt lat="47.22503807136817" lon="18.966307016586253">
				<ele>97.3674092926085</ele>
				<time>2026-05-03T12:19:48Z</time>
			</trkpt>
			<trkpt lat="47.22501074920197" lon="18.966310026385536">
				<ele>98.77090030629188</ele>
				<time>2026-05-03T12:19:50Z</time>
			</trkpt>
			<trkpt lat="47.224980324778585" lon="18.966305139338235">
				<ele>98.40737861953676</ele>
				<time>2026-05-03T12:19:53Z</time>
			</trkpt>
			<trkpt lat="47.22496082874603" lon="18.966308479160446">
				<ele>97.60997772123665</ele>
				<time>2026-05-03T12:19:55Z</time>
			</trkpt>
			<trkpt lat="47.22492718927706" lon="18.966312967441464">
				<ele>98.040567047894</ele>
				<time>2026-05-03T12:19:57Z</time>
			</trkpt>
			<trkpt lat="47.224895579479686" lon="18.966310681097408">
				<ele>97.69810780417174</ele>
				<time>2026-05-03T12:19:59Z</time>
			</trkpt>
			<trkpt lat="47.22487798074556" lon="18.966304077997677">
				<ele>97.7521402835846</ele>
				<time>2026-05-03T12:20:00Z</time>
			</trkpt>
			<trkpt lat="47.22484949874573" lon="18.96630552325401">
				<ele>97.5429737912491</ele>
				<time>2026-05-03T12:20:02Z</time>
			</trkpt>
			<trkpt lat="47.22481735140889" lon="18.966308945555394">
				<ele>97.12418865133077</ele>
				<time>2026-05-03T12:20:04Z</time>
			</trkpt>
			<trkpt lat="47.224791201800876" lon="18.96630951802585">
				<ele>97.88257488515228</ele>
				<time>2026-05-03T12:20:06Z</time>
			</trkpt>
			<trkpt lat="47.22477219137276" lon="18.966310479142166">
				<ele>97.52406647615135</ele>
				<time>2026-05-03T12:20:08Z</time>
			</trkpt>
			<trkpt lat="47.22475529265317" lon="18.966309530542734">
				<ele>97.12498226575553</ele>
				<time>2026-05-03T12:20:09Z</time>
			</trkpt>
			<trkpt lat="47.224726747711365" lon="18.96630539274011">
				<ele>98.64106578938663</ele>
				<time>2026-05-03T12:20:11Z</time>
			</trkpt>
			<trkpt lat="47.22470837097955" lon="18.96631274267839">
				<ele>97.64724738616496</ele>
				<time>2026-05-03T12:20:12Z</time>
			</trkpt>
			<trkpt lat="47.22467118115176" lon="18.966321604073443">
				<ele>96.96085358969867</ele>
				<time>2026-05-03T12:20:14Z</time>
			</trkpt>
			<trkpt lat="47.2246417205569" lon="18.96632620388365">
				<ele>97.74649933166802</ele>
				<time>2026-05-03T12:20:16Z</time>
			</trkpt>
			<trkpt lat="47.22462999171567" lon="18.9663167884282">
				<ele>98.24094117246568</ele>
				<time>2026-05-03T12:20:17Z</time>
			</trkpt>
			<trkpt lat="47.22460139672109" lon="18.966307152513245">
				<ele>98.20727296732366</ele>
				<time>2026-05-03T12:20:19Z</time>
			</trkpt>
			<trkpt lat="47.224571987726605" lon="18.966299975368276">
				<ele>98.54014314804226</ele>
				<time>2026-05-03T12:20:21Z</time>
			</trkpt>
			<trkpt lat="47.224542112181716" lon="18.96629169624093">
				<ele>98.07140434533358</ele>
				<time>2026-05-03T12:20:23Z</time>
			</trkpt>
			<trkpt lat="47.224521222878884" lon="18.966277148002522">
				<ele>98.02709906548262</ele>
				<time>2026-05-03T12:20:25Z</time>
			</trkpt>
			<trkpt lat="47.224500308281804" lon="18.966264754614937">
				<ele>97.63024178985506</ele>
				<time>2026-05-03T12:20:27Z</time>
			</trkpt>
			<trkpt lat="47.2244829458537" lon="18.966264629640982">
				<ele>96.94464771170169</ele>
				<time>2026-05-03T12:20:28Z</time>
			</trkpt>
			<trkpt lat="47.22445225889144" lon="18.96625971410136">
				<ele>96.55797931645066</ele>
				<time>2026-05-03T12:20:30Z</time>
			</trkpt>
			<trkpt lat="47.22441638981362" lon="18.966256402050472">
				<ele>96.80791274085641</ele>
				<time>2026-05-03T12:20:32Z</time>
			</trkpt>
			<trkpt lat="47.224380587071316" lon="18.96625523218473">
				<ele>96.00256945658475</ele>
				<time>2026-05-03T12:20:34Z</time>
			</trkpt>
			<trkpt lat="47.22435204780735" lon="18.96625511444865">
				<ele>96.35515919048339</ele>
				<time>2026-05-03T12:20:36Z</time>
			</trkpt>
			<trkpt lat="47.22432372621943" lon="18.966254997513985">
				<ele>96.35449150856584</ele>
				<time>2026-05-03T12:20:38Z</time>
			</trkpt>
			<trkpt lat="47.224290122064545" lon="18.966256085560733">
				<ele>96.57616541627795</ele>
				<time>2026-05-03T12:20:40Z</time>
			</trkpt>
			<trkpt lat="47.2242563237449" lon="18.96625730715302">
				<ele>96.84391717612743</ele>
				<time>2026-05-03T12:20:42Z</time>
			</trkpt>
			<trkpt lat="47.22423208028023" lon="18.96626041233644">
				<ele>96.77164860907942</ele>
				<time>2026-05-03T12:20:44Z</time>
			</trkpt>
			<trkpt lat="47.22420420144616" lon="18.966266806006175">
				<ele>96.8935586605221</ele>
				<time>2026-05-03T12:20:46Z</time>
			</trkpt>
			<trkpt lat="47.22417016116324" lon="18.966273288433865">
				<ele>96.88141600973904</ele>
				<time>2026-05-03T12:20:48Z</time>
			</trkpt>
			<trkpt lat="47.22414223263478" lon="18.96628234778298">
				<ele>96.88627264648676</ele>
				<time>2026-05-03T12:20:50Z</time>
			</trkpt>
			<trkpt lat="47.224116664185715" lon="18.966290911524833">
				<ele>97.22900474257767</ele>
				<time>2026-05-03T12:20:52Z</time>
			</trkpt>
			<trkpt lat="47.22408866198523" lon="18.9662967033515">
				<ele>97.16445050667971</ele>
				<time>2026-05-03T12:20:54Z</time>
			</trkpt>
			<trkpt lat="47.22406015091899" lon="18.96630413364536">
				<ele>97.13820044323802</ele>
				<time>2026-05-03T12:20:56Z</time>
			</trkpt>
			<trkpt lat="47.22404768223166" lon="18.966307929029664">
				<ele>96.96438102051616</ele>
				<time>2026-05-03T12:20:58Z</time>
			</trkpt>
			<trkpt lat="47.224027770726245" lon="18.966319058284622">
				<ele>96.81235896330327</ele>
				<time>2026-05-03T12:21:00Z</time>
			</trkpt>
			<trkpt lat="47.22400254499868" lon="18.966333744498897">
				<ele>96.90177679806948</ele>
				<time>2026-05-03T12:21:02Z</time>
			</trkpt>
			<trkpt lat="47.22397350836091" lon="18.96634621740423">
				<ele>96.7734457263723</ele>
				<time>2026-05-03T12:21:04Z</time>
			</trkpt>
			<trkpt lat="47.22394349737351" lon="18.966349970303618">
				<ele>97.86270926240832</ele>
				<time>2026-05-03T12:21:06Z</time>
			</trkpt>
			<trkpt lat="47.22392497317514" lon="18.96635157405249">
				<ele>97.63209600001574</ele>
				<time>2026-05-03T12:21:07Z</time>
			</trkpt>
			<trkpt lat="47.22390683758398" lon="18.966358628604127">
				<ele>97.11028109956533</ele>
				<time>2026-05-03T12:21:08Z</time>
			</trkpt>
			<trkpt lat="47.22388667650242" lon="18.966367146918987">
				<ele>95.79937559459358</ele>
				<time>2026-05-03T12:21:09Z</time>
			</trkpt>
			<trkpt lat="47.22385451227526" lon="18.966372396935462">
				<ele>96.53044229373336</ele>
				<time>2026-05-03T12:21:11Z</time>
			</trkpt>
			<trkpt lat="47.22381790278786" lon="18.96638038517356">
				<ele>96.72719333413988</ele>
				<time>2026-05-03T12:21:13Z</time>
			</trkpt>
			<trkpt lat="47.22377912326153" lon="18.96638520213429">
				<ele>96.68300055526197</ele>
				<time>2026-05-03T12:21:15Z</time>
			</trkpt>
			<trkpt lat="47.22374749647106" lon="18.966386722231512">
				<ele>96.90149693097919</ele>
				<time>2026-05-03T12:21:17Z</time>
			</trkpt>
			<trkpt lat="47.223734735308994" lon="18.96637803923859">
				<ele>97.50808650255203</ele>
				<time>2026-05-03T12:21:18Z</time>
			</trkpt>
			<trkpt lat="47.223711817638815" lon="18.966370962344435">
				<ele>97.19848616886884</ele>
				<time>2026-05-03T12:21:20Z</time>
			</trkpt>
			<trkpt lat="47.22368200889978" lon="18.96636102466393">
				<ele>97.33803185634315</ele>
				<time>2026-05-03T12:21:22Z</time>
			</trkpt>
			<trkpt lat="47.22364897171873" lon="18.966353090741457">
				<ele>97.38632645644248</ele>
				<time>2026-05-03T12:21:24Z</time>
			</trkpt>
			<trkpt lat="47.22361302557295" lon="18.966353573580392">
				<ele>97.49316261615604</ele>
				<time>2026-05-03T12:21:26Z</time>
			</trkpt>
			<trkpt lat="47.223580440376885" lon="18.966345481678452">
				<ele>97.74484424479306</ele>
				<time>2026-05-03T12:21:28Z</time>
			</trkpt>
			<trkpt lat="47.22355252592616" lon="18.966341952865218">
				<ele>97.58128837775439</ele>
				<time>2026-05-03T12:21:30Z</time>
			</trkpt>
			<trkpt lat="47.2235291023586" lon="18.966324754282436">
				<ele>97.74216237850487</ele>
				<time>2026-05-03T12:21:32Z</time>
			</trkpt>
			<trkpt lat="47.22350281456525" lon="18.9663095489763">
				<ele>97.62935807183385</ele>
				<time>2026-05-03T12:21:34Z</time>
			</trkpt>
			<trkpt lat="47.223470028199095" lon="18.966289157502377">
				<ele>97.28743378911167</ele>
				<time>2026-05-03T12:21:36Z</time>
			</trkpt>
			<trkpt lat="47.22343817220842" lon="18.966280543358742">
				<ele>97.2033688602969</ele>
				<time>2026-05-03T12:21:38Z</time>
			</trkpt>
			<trkpt lat="47.2234054572564" lon="18.966274229492623">
				<ele>97.76203890983015</ele>
				<time>2026-05-03T12:21:40Z</time>
			</trkpt>
			<trkpt lat="47.22337181164432" lon="18.966265700359173">
				<ele>97.72006717976183</ele>
				<time>2026-05-03T12:21:42Z</time>
			</trkpt>
			<trkpt lat="47.22333759914081" lon="18.966261435333262">
				<ele>97.50285638868809</ele>
				<time>2026-05-03T12:21:44Z</time>
			</trkpt>
			<trkpt lat="47.22330838488908" lon="18.966257123483132">
				<ele>97.95146429631859</ele>
				<time>2026-05-03T12:21:46Z</time>
			</trkpt>
			<trkpt lat="47.22327617674357" lon="18.966255294566196">
				<ele>98.01662065088749</ele>
				<time>2026-05-03T12:21:48Z</time>
			</trkpt>
			<trkpt lat="47.223244841462815" lon="18.96625692337754">
				<ele>97.52505808044225</ele>
				<time>2026-05-03T12:21:50Z</time>
			</trkpt>
			<trkpt lat="47.22322135584874" lon="18.96625725556775">
				<ele>97.45718080084771</ele>
				<time>2026-05-03T12:21:52Z</time>
			</trkpt>
			<trkpt lat="47.22319813401641" lon="18.96625734310822">
				<ele>97.22554494161159</ele>
				<time>2026-05-03T12:21:54Z</time>
			</trkpt>
			<trkpt lat="47.2231716565537" lon="18.966256349036605">
				<ele>97.5509262336418</ele>
				<time>2026-05-03T12:21:56Z</time>
			</trkpt>
			<trkpt lat="47.22314183593555" lon="18.966253290597837">
				<ele>96.93748584296554</ele>
				<time>2026-05-03T12:21:58Z</time>
			</trkpt>
			<trkpt lat="47.22311052868092" lon="18.966249952186953">
				<ele>96.69833286479115</ele>
				<time>2026-05-03T12:22:00Z</time>
			</trkpt>
			<trkpt lat="47.22308471463937" lon="18.96625218193312">
				<ele>96.94981451984495</ele>
				<time>2026-05-03T12:22:02Z</time>
			</trkpt>
			<trkpt lat="47.223063940388876" lon="18.96625648697508">
				<ele>97.99390738364309</ele>
				<time>2026-05-03T12:22:04Z</time>
			</trkpt>
			<trkpt lat="47.22303369528305" lon="18.966273233433704">
				<ele>97.81284446362406</ele>
				<time>2026-05-03T12:22:06Z</time>
			</trkpt>
			<trkpt lat="47.22300256279471" lon="18.96629125361699">
				<ele>99.42276178114116</ele>
				<time>2026-05-03T12:22:08Z</time>
			</trkpt>
			<trkpt lat="47.22297492229715" lon="18.966301655327296">
				<ele>99.41934494674206</ele>
				<time>2026-05-03T12:22:10Z</time>
			</trkpt>
			<trkpt lat="47.22294905426801" lon="18.966315354127456">
				<ele>99.54092384316027</ele>
				<time>2026-05-03T12:22:12Z</time>
			</trkpt>
			<trkpt lat="47.22292178637028" lon="18.966314765267807">
				<ele>99.51683000661433</ele>
				<time>2026-05-03T12:22:14Z</time>
			</trkpt>
			<trkpt lat="47.222892629178396" lon="18.96631435260512">
				<ele>99.36902790609747</ele>
				<time>2026-05-03T12:22:16Z</time>
			</trkpt>
			<trkpt lat="47.22286793021925" lon="18.966317656558186">
				<ele>98.85272207576782</ele>
				<time>2026-05-03T12:22:18Z</time>
			</trkpt>
			<trkpt lat="47.2228450453874" lon="18.966318188116873">
				<ele>99.58099231589586</ele>
				<time>2026-05-03T12:22:20Z</time>
			</trkpt>
			<trkpt lat="47.22283025539594" lon="18.966305527572775">
				<ele>99.99008287768811</ele>
				<time>2026-05-03T12:22:22Z</time>
			</trkpt>
			<trkpt lat="47.22281739955064" lon="18.9663026327623">
				<ele>99.97685475368053</ele>
				<time>2026-05-03T12:22:23Z</time>
			</trkpt>
			<trkpt lat="47.2227941850066" lon="18.966301009851957">
				<ele>99.90677672345191</ele>
				<time>2026-05-03T12:22:25Z</time>
			</trkpt>
			<trkpt lat="47.22277224489609" lon="18.96630273666862">
				<ele>99.88027125503868</ele>
				<time>2026-05-03T12:22:27Z</time>
			</trkpt>
			<trkpt lat="47.222760877260896" lon="18.96630429880208">
				<ele>99.49355064239353</ele>
				<time>2026-05-03T12:22:29Z</time>
			</trkpt>
			<trkpt lat="47.22275207343404" lon="18.96630518993626">
				<ele>99.21083184052259</ele>
				<time>2026-05-03T12:22:31Z</time>
			</trkpt>
			<trkpt lat="47.22273998684296" lon="18.96630861587299">
				<ele>99.07963799592108</ele>
				<time>2026-05-03T12:22:33Z</time>
			</trkpt>
			<trkpt lat="47.22272493246356" lon="18.966307099017122">
				<ele>99.07618414517492</ele>
				<time>2026-05-03T12:22:35Z</time>
			</trkpt>
			<trkpt lat="47.22270280724153" lon="18.966305763653608">
				<ele>98.8087750216946</ele>
				<time>2026-05-03T12:22:38Z</time>
			</trkpt>
			<trkpt lat="47.22267991390139" lon="18.96630597692961">
				<ele>98.87309549935162</ele>
				<time>2026-05-03T12:22:41Z</time>
			</trkpt>
			<trkpt lat="47.2226585890236" lon="18.96630763447824">
				<ele>98.77637800760567</ele>
				<time>2026-05-03T12:22:44Z</time>
			</trkpt>
			<trkpt lat="47.22263768442675" lon="18.966310306244555">
				<ele>98.39510764274746</ele>
				<time>2026-05-03T12:22:47Z</time>
			</trkpt>
			<trkpt lat="47.22261569808416" lon="18.966313029792012">
				<ele>98.22081935126334</ele>
				<time>2026-05-03T12:22:50Z</time>
			</trkpt>
			<trkpt lat="47.22258043085886" lon="18.96631941424035">
				<ele>98.63393916934729</ele>
				<time>2026-05-03T12:22:53Z</time>
			</trkpt>
			<trkpt lat="47.222554723420096" lon="18.96632212241806">
				<ele>98.30823741294444</ele>
				<time>2026-05-03T12:22:56Z</time>
			</trkpt>
			<trkpt lat="47.22253820434233" lon="18.966323201939936">
				<ele>98.41426191851497</ele>
				<time>2026-05-03T12:22:59Z</time>
			</trkpt>
			<trkpt lat="47.22251539908757" lon="18.966323488148223">
				<ele>98.51474276557565</ele>
				<time>2026-05-03T12:23:03Z</time>
			</trkpt>
			<trkpt lat="47.222494008842595" lon="18.966324259297206">
				<ele>98.69467927794904</ele>
				<time>2026-05-03T12:23:06Z</time>
			</trkpt>
			<trkpt lat="47.222466266798804" lon="18.966326406742414">
				<ele>98.77535175718367</ele>
				<time>2026-05-03T12:23:11Z</time>
			</trkpt>
			<trkpt lat="47.22244549002277" lon="18.96633082527452">
				<ele>98.68683225475252</ele>
				<time>2026-05-03T12:23:14Z</time>
			</trkpt>
			<trkpt lat="47.22242360780902" lon="18.966332111043968">
				<ele>98.59767635725439</ele>
				<time>2026-05-03T12:23:19Z</time>
			</trkpt>
			<trkpt lat="47.22240379191188" lon="18.966333656965602">
				<ele>98.6175985056907</ele>
				<time>2026-05-03T12:23:23Z</time>
			</trkpt>
			<trkpt lat="47.22238462606919" lon="18.966334934958553">
				<ele>98.6577515322715</ele>
				<time>2026-05-03T12:23:27Z</time>
			</trkpt>
			<trkpt lat="47.22236287775677" lon="18.966335244011784">
				<ele>98.3879503654316</ele>
				<time>2026-05-03T12:23:32Z</time>
			</trkpt>
			<trkpt lat="47.2223421668627" lon="18.966334802168817">
				<ele>98.63726792298257</ele>
				<time>2026-05-03T12:23:36Z</time>
			</trkpt>
			<trkpt lat="47.22231947082691" lon="18.966333164733456">
				<ele>98.81690461747348</ele>
				<time>2026-05-03T12:23:41Z</time>
			</trkpt>
			<trkpt lat="47.222299976373144" lon="18.966332064051016">
				<ele>98.95572885405272</ele>
				<time>2026-05-03T12:23:46Z</time>
			</trkpt>
			<trkpt lat="47.22227745894267" lon="18.9663255552391">
				<ele>99.01109239365906</ele>
				<time>2026-05-03T12:23:52Z</time>
			</trkpt>
			<trkpt lat="47.22225345325566" lon="18.966315849677127">
				<ele>98.578403939493</ele>
				<time>2026-05-03T12:23:59Z</time>
			</trkpt>
			<trkpt lat="47.22223591758943" lon="18.96631053881949">
				<ele>98.52423849701881</ele>
				<time>2026-05-03T12:24:04Z</time>
			</trkpt>
			<trkpt lat="47.22221618141929" lon="18.966301353929566">
				<ele>98.4931489340961</ele>
				<time>2026-05-03T12:24:12Z</time>
			</trkpt>
			<trkpt lat="47.222197891765624" lon="18.96629428127147">
				<ele>98.32209953851998</ele>
				<time>2026-05-03T12:24:19Z</time>
			</trkpt>
			<trkpt lat="47.22217824420768" lon="18.96628674999435">
				<ele>98.39118329249322</ele>
				<time>2026-05-03T12:24:28Z</time>
			</trkpt>
			<trkpt lat="47.222156490987366" lon="18.966274942877362">
				<ele>98.12263616453856</ele>
				<time>2026-05-03T12:24:36Z</time>
			</trkpt>
			<trkpt lat="47.22214514524539" lon="18.96627938945234">
				<ele>97.64467294514179</ele>
				<time>2026-05-03T12:24:39Z</time>
			</trkpt>
			<trkpt lat="47.22212208297008" lon="18.96630062932688">
				<ele>97.22981070075184</ele>
				<time>2026-05-03T12:24:42Z</time>
			</trkpt>
			<trkpt lat="47.22210660006323" lon="18.966312863251048">
				<ele>97.06465482804924</ele>
				<time>2026-05-03T12:24:44Z</time>
			</trkpt>
			<trkpt lat="47.22209433692981" lon="18.966321384996675">
				<ele>97.49401388503611</ele>
				<time>2026-05-03T12:24:46Z</time>
			</trkpt>
			<trkpt lat="47.222082509057145" lon="18.96633067099362">
				<ele>97.30097786895931</ele>
				<time>2026-05-03T12:24:48Z</time>
			</trkpt>
			<trkpt lat="47.22206501073256" lon="18.966350212085093">
				<ele>97.79292558599263</ele>
				<time>2026-05-03T12:24:50Z</time>
			</trkpt>
			<trkpt lat="47.22204002905818" lon="18.96637646680046">
				<ele>97.32189080864191</ele>
				<time>2026-05-03T12:24:52Z</time>
			</trkpt>
			<trkpt lat="47.22202090605994" lon="18.966393097840157">
				<ele>97.75723957177252</ele>
				<time>2026-05-03T12:24:53Z</time>
			</trkpt>
			<trkpt lat="47.22199534020202" lon="18.9664097428763">
				<ele>97.8149999268353</ele>
				<time>2026-05-03T12:24:56Z</time>
			</trkpt>
			<trkpt lat="47.22196958618724" lon="18.966413261247517">
				<ele>97.68612099438906</ele>
				<time>2026-05-03T12:24:58Z</time>
			</trkpt>
			<trkpt lat="47.22192955774554" lon="18.96641103189843">
				<ele>98.52806386910379</ele>
				<time>2026-05-03T12:25:00Z</time>
			</trkpt>
			<trkpt lat="47.22189319813282" lon="18.96640276909975">
				<ele>98.78403752483428</ele>
				<time>2026-05-03T12:25:02Z</time>
			</trkpt>
			<trkpt lat="47.221859815061094" lon="18.966402215606156">
				<ele>98.11062719393522</ele>
				<time>2026-05-03T12:25:04Z</time>
			</trkpt>
			<trkpt lat="47.22183098365429" lon="18.966399536255896">
				<ele>98.1747419135645</ele>
				<time>2026-05-03T12:25:06Z</time>
			</trkpt>
			<trkpt lat="47.221800643738185" lon="18.96639178390572">
				<ele>97.9904705081135</ele>
				<time>2026-05-03T12:25:08Z</time>
			</trkpt>
			<trkpt lat="47.221784216877914" lon="18.966395314215717">
				<ele>97.58347235247493</ele>
				<time>2026-05-03T12:25:09Z</time>
			</trkpt>
			<trkpt lat="47.22175408707511" lon="18.9663982600742">
				<ele>97.5193439675495</ele>
				<time>2026-05-03T12:25:11Z</time>
			</trkpt>
			<trkpt lat="47.22172572284112" lon="18.966392099584382">
				<ele>97.44661082141101</ele>
				<time>2026-05-03T12:25:13Z</time>
			</trkpt>
			<trkpt lat="47.221711978282464" lon="18.966376251661014">
				<ele>97.36811434477568</ele>
				<time>2026-05-03T12:25:14Z</time>
			</trkpt>
			<trkpt lat="47.221685376076444" lon="18.966357605089996">
				<ele>97.71261170972139</ele>
				<time>2026-05-03T12:25:16Z</time>
			</trkpt>
			<trkpt lat="47.22166060967047" lon="18.966348227774617">
				<ele>97.87592057138681</ele>
				<time>2026-05-03T12:25:18Z</time>
			</trkpt>
			<trkpt lat="47.221630176757714" lon="18.966348845983326">
				<ele>97.39629027433693</ele>
				<time>2026-05-03T12:25:20Z</time>
			</trkpt>
			<trkpt lat="47.22159885464521" lon="18.966345667840525">
				<ele>97.24027284327894</ele>
				<time>2026-05-03T12:25:22Z</time>
			</trkpt>
			<trkpt lat="47.221571482615154" lon="18.966336316705377">
				<ele>97.40056431572884</ele>
				<time>2026-05-03T12:25:24Z</time>
			</trkpt>
			<trkpt lat="47.221547518117255" lon="18.966323166081988">
				<ele>97.21118453983217</ele>
				<time>2026-05-03T12:25:26Z</time>
			</trkpt>
			<trkpt lat="47.221523258401014" lon="18.966308823732476">
				<ele>98.19918688386679</ele>
				<time>2026-05-03T12:25:28Z</time>
			</trkpt>
			<trkpt lat="47.22149882575782" lon="18.966301502816187">
				<ele>98.33587651513517</ele>
				<time>2026-05-03T12:25:30Z</time>
			</trkpt>
			<trkpt lat="47.22146458086304" lon="18.96628140823199">
				<ele>98.34142766520381</ele>
				<time>2026-05-03T12:25:33Z</time>
			</trkpt>
			<trkpt lat="47.22143670224889" lon="18.96627208776233">
				<ele>97.57318299356848</ele>
				<time>2026-05-03T12:25:35Z</time>
			</trkpt>
			<trkpt lat="47.221413701382296" lon="18.966266113839918">
				<ele>97.9792053764686</ele>
				<time>2026-05-03T12:25:37Z</time>
			</trkpt>
			<trkpt lat="47.22138810576667" lon="18.96626086025989">
				<ele>98.2294864775613</ele>
				<time>2026-05-03T12:25:39Z</time>
			</trkpt>
			<trkpt lat="47.221365071151496" lon="18.96625200367105">
				<ele>97.7113986639306</ele>
				<time>2026-05-03T12:25:41Z</time>
			</trkpt>
			<trkpt lat="47.221339252419384" lon="18.966246714639563">
				<ele>97.30302872881293</ele>
				<time>2026-05-03T12:25:43Z</time>
			</trkpt>
			<trkpt lat="47.221312467932144" lon="18.96624254410869">
				<ele>97.52340471930802</ele>
				<time>2026-05-03T12:25:45Z</time>
			</trkpt>
			<trkpt lat="47.221284188176355" lon="18.96623517186085">
				<ele>97.59789936430752</ele>
				<time>2026-05-03T12:25:47Z</time>
			</trkpt>
			<trkpt lat="47.221255296460825" lon="18.96621429093131">
				<ele>97.78412204422057</ele>
				<time>2026-05-03T12:25:49Z</time>
			</trkpt>
			<trkpt lat="47.22123736349786" lon="18.966192035428858">
				<ele>98.36593560222536</ele>
				<time>2026-05-03T12:25:51Z</time>
			</trkpt>
			<trkpt lat="47.221209480542946" lon="18.966169078939853">
				<ele>98.39176477119327</ele>
				<time>2026-05-03T12:25:54Z</time>
			</trkpt>
			<trkpt lat="47.22119035772177" lon="18.966150611104986">
				<ele>97.877799667418</ele>
				<time>2026-05-03T12:25:56Z</time>
			</trkpt>
			<trkpt lat="47.22116271560169" lon="18.966135122273876">
				<ele>97.37520616222173</ele>
				<time>2026-05-03T12:25:58Z</time>
			</trkpt>
			<trkpt lat="47.22113517471231" lon="18.96611750165413">
				<ele>97.37687957007438</ele>
				<time>2026-05-03T12:26:00Z</time>
			</trkpt>
			<trkpt lat="47.22110445685043" lon="18.966101981648958">
				<ele>97.55392998177558</ele>
				<time>2026-05-03T12:26:02Z</time>
			</trkpt>
			<trkpt lat="47.22107641239936" lon="18.966090784137023">
				<ele>97.36335128452629</ele>
				<time>2026-05-03T12:26:04Z</time>
			</trkpt>
			<trkpt lat="47.22104794428469" lon="18.966090211203866">
				<ele>96.23050791397691</ele>
				<time>2026-05-03T12:26:06Z</time>
			</trkpt>
			<trkpt lat="47.22101425501541" lon="18.966095063316896">
				<ele>96.9349691811949</ele>
				<time>2026-05-03T12:26:08Z</time>
			</trkpt>
			<trkpt lat="47.22097949545799" lon="18.966100064360372">
				<ele>97.42309726029634</ele>
				<time>2026-05-03T12:26:10Z</time>
			</trkpt>
			<trkpt lat="47.22094910748329" lon="18.96610617631108">
				<ele>98.15251497365534</ele>
				<time>2026-05-03T12:26:12Z</time>
			</trkpt>
			<trkpt lat="47.22092511758679" lon="18.96610723585731">
				<ele>97.96479146461934</ele>
				<time>2026-05-03T12:26:14Z</time>
			</trkpt>
			<trkpt lat="47.22091178782025" lon="18.966110571538092">
				<ele>97.54221493471414</ele>
				<time>2026-05-03T12:26:15Z</time>
			</trkpt>
			<trkpt lat="47.22088911953078" lon="18.966105454615615">
				<ele>97.08181627374142</ele>
				<time>2026-05-03T12:26:17Z</time>
			</trkpt>
			<trkpt lat="47.220865146097395" lon="18.96609638122429">
				<ele>98.03035130444914</ele>
				<time>2026-05-03T12:26:19Z</time>
			</trkpt>
			<trkpt lat="47.22084863543884" lon="18.966085500098135">
				<ele>97.62483205646276</ele>
				<time>2026-05-03T12:26:20Z</time>
			</trkpt>
			<trkpt lat="47.22081508811139" lon="18.9660642680308">
				<ele>97.83534148987383</ele>
				<time>2026-05-03T12:26:22Z</time>
			</trkpt>
			<trkpt lat="47.22078569261039" lon="18.966037927310623">
				<ele>97.22346627153456</ele>
				<time>2026-05-03T12:26:24Z</time>
			</trkpt>
			<trkpt lat="47.22076652117991" lon="18.966021741256476">
				<ele>97.84185059275478</ele>
				<time>2026-05-03T12:26:27Z</time>
			</trkpt>
			<trkpt lat="47.22074835227298" lon="18.966009366298113">
				<ele>97.42684405483305</ele>
				<time>2026-05-03T12:26:29Z</time>
			</trkpt>
			<trkpt lat="47.22072274158643" lon="18.965984355739334">
				<ele>97.90724985022098</ele>
				<time>2026-05-03T12:26:31Z</time>
			</trkpt>
			<trkpt lat="47.2206982653524" lon="18.965966782562397">
				<ele>98.06890821177512</ele>
				<time>2026-05-03T12:26:33Z</time>
			</trkpt>
			<trkpt lat="47.220671250541464" lon="18.965957889587752">
				<ele>97.12794134952128</ele>
				<time>2026-05-03T12:26:35Z</time>
			</trkpt>
			<trkpt lat="47.220655374978215" lon="18.965948530819293">
				<ele>97.9213647916913</ele>
				<time>2026-05-03T12:26:36Z</time>
			</trkpt>
			<trkpt lat="47.220638552269065" lon="18.965942528912404">
				<ele>97.41742025781423</ele>
				<time>2026-05-03T12:26:37Z</time>
			</trkpt>
			<trkpt lat="47.2206030275358" lon="18.96593532775614">
				<ele>97.71326688770205</ele>
				<time>2026-05-03T12:26:39Z</time>
			</trkpt>
			<trkpt lat="47.22056748723872" lon="18.96592630827879">
				<ele>99.1500837225467</ele>
				<time>2026-05-03T12:26:41Z</time>
			</trkpt>
			<trkpt lat="47.22055045513333" lon="18.965922659931195">
				<ele>98.5832643918693</ele>
				<time>2026-05-03T12:26:42Z</time>
			</trkpt>
			<trkpt lat="47.22053186954327" lon="18.965920506860893">
				<ele>98.22842569556087</ele>
				<time>2026-05-03T12:26:43Z</time>
			</trkpt>
			<trkpt lat="47.22049551076569" lon="18.965908249255396">
				<ele>98.84123431146145</ele>
				<time>2026-05-03T12:26:45Z</time>
			</trkpt>
			<trkpt lat="47.220467467585586" lon="18.965890180173606">
				<ele>99.06027489621192</ele>
				<time>2026-05-03T12:26:47Z</time>
			</trkpt>
			<trkpt lat="47.22044868174962" lon="18.965876357841893">
				<ele>98.40585659909993</ele>
				<time>2026-05-03T12:26:49Z</time>
			</trkpt>
			<trkpt lat="47.22043622892512" lon="18.965873800908295">
				<ele>98.1355745838955</ele>
				<time>2026-05-03T12:26:50Z</time>
			</trkpt>
			<trkpt lat="47.220406705879206" lon="18.96586756458086">
				<ele>98.2784627424553</ele>
				<time>2026-05-03T12:26:52Z</time>
			</trkpt>
			<trkpt lat="47.2203810394559" lon="18.965848173321575">
				<ele>98.03516360279173</ele>
				<time>2026-05-03T12:26:54Z</time>
			</trkpt>
			<trkpt lat="47.220358100247424" lon="18.965824596593944">
				<ele>97.64336576219648</ele>
				<time>2026-05-03T12:26:56Z</time>
			</trkpt>
			<trkpt lat="47.22033304495209" lon="18.96581207194765">
				<ele>98.14047332014889</ele>
				<time>2026-05-03T12:26:58Z</time>
			</trkpt>
			<trkpt lat="47.22030751830879" lon="18.965795360086073">
				<ele>98.98266796860844</ele>
				<time>2026-05-03T12:27:00Z</time>
			</trkpt>
			<trkpt lat="47.220292610442534" lon="18.96579383762111">
				<ele>98.1196886235848</ele>
				<time>2026-05-03T12:27:01Z</time>
			</trkpt>
			<trkpt lat="47.22027853871191" lon="18.965781470124153">
				<ele>97.4920005435124</ele>
				<time>2026-05-03T12:27:02Z</time>
			</trkpt>
			<trkpt lat="47.220250486840456" lon="18.965762544358643">
				<ele>97.49788664188236</ele>
				<time>2026-05-03T12:27:04Z</time>
			</trkpt>
			<trkpt lat="47.22022039633714" lon="18.96575166572077">
				<ele>96.20299799647182</ele>
				<time>2026-05-03T12:27:06Z</time>
			</trkpt>
			<trkpt lat="47.22019227669125" lon="18.965745363619593">
				<ele>95.9517861418426</ele>
				<time>2026-05-03T12:27:08Z</time>
			</trkpt>
			<trkpt lat="47.22016070715684" lon="18.965736049668877">
				<ele>95.53008635062724</ele>
				<time>2026-05-03T12:27:10Z</time>
			</trkpt>
			<trkpt lat="47.22012837221851" lon="18.965726136459544">
				<ele>95.8032342819497</ele>
				<time>2026-05-03T12:27:12Z</time>
			</trkpt>
			<trkpt lat="47.220097101350724" lon="18.965714703074035">
				<ele>96.71584323327988</ele>
				<time>2026-05-03T12:27:14Z</time>
			</trkpt>
			<trkpt lat="47.22006793212937" lon="18.965703513452738">
				<ele>97.93360677920282</ele>
				<time>2026-05-03T12:27:16Z</time>
			</trkpt>
			<trkpt lat="47.220042246541254" lon="18.965688606751183">
				<ele>99.47300878260285</ele>
				<time>2026-05-03T12:27:18Z</time>
			</trkpt>
			<trkpt lat="47.22002734900016" lon="18.965677859818612">
				<ele>99.9573781453073</ele>
				<time>2026-05-03T12:27:19Z</time>
			</trkpt>
			<trkpt lat="47.21999924054705" lon="18.96566372228868">
				<ele>98.84616862423718</ele>
				<time>2026-05-03T12:27:21Z</time>
			</trkpt>
			<trkpt lat="47.219967002720196" lon="18.965647330206103">
				<ele>98.92911543603987</ele>
				<time>2026-05-03T12:27:23Z</time>
			</trkpt>
			<trkpt lat="47.21994060437139" lon="18.96563331014387">
				<ele>98.24744260776788</ele>
				<time>2026-05-03T12:27:25Z</time>
			</trkpt>
			<trkpt lat="47.21991994510103" lon="18.96561601634697">
				<ele>98.04287875257432</ele>
				<time>2026-05-03T12:27:27Z</time>
			</trkpt>
			<trkpt lat="47.21990542761164" lon="18.965592959530465">
				<ele>98.58249677717686</ele>
				<time>2026-05-03T12:27:29Z</time>
			</trkpt>
			<trkpt lat="47.21988677484476" lon="18.965581064699624">
				<ele>98.72859069798142</ele>
				<time>2026-05-03T12:27:31Z</time>
			</trkpt>
			<trkpt lat="47.21986392937239" lon="18.96557152068916">
				<ele>98.25330673530698</ele>
				<time>2026-05-03T12:27:33Z</time>
			</trkpt>
			<trkpt lat="47.219841319036355" lon="18.96556572481932">
				<ele>98.07976219523698</ele>
				<time>2026-05-03T12:27:35Z</time>
			</trkpt>
			<trkpt lat="47.21981383378881" lon="18.96554798671394">
				<ele>97.79888802859932</ele>
				<time>2026-05-03T12:27:37Z</time>
			</trkpt>
			<trkpt lat="47.2197906815455" lon="18.965532471635594">
				<ele>97.73165897838771</ele>
				<time>2026-05-03T12:27:39Z</time>
			</trkpt>
			<trkpt lat="47.21976435909517" lon="18.965520107580744">
				<ele>97.57786193303764</ele>
				<time>2026-05-03T12:27:41Z</time>
			</trkpt>
			<trkpt lat="47.219740904577606" lon="18.965497796544096">
				<ele>97.65034495387226</ele>
				<time>2026-05-03T12:27:43Z</time>
			</trkpt>
			<trkpt lat="47.21971638630898" lon="18.965483272489063">
				<ele>97.08357945270836</ele>
				<time>2026-05-03T12:27:45Z</time>
			</trkpt>
			<trkpt lat="47.21968968586834" lon="18.96547614864537">
				<ele>97.43543073348701</ele>
				<time>2026-05-03T12:27:47Z</time>
			</trkpt>
			<trkpt lat="47.219660900650666" lon="18.965466497587286">
				<ele>97.61891758814454</ele>
				<time>2026-05-03T12:27:49Z</time>
			</trkpt>
			<trkpt lat="47.21963248898406" lon="18.965455995346318">
				<ele>97.54997577425092</ele>
				<time>2026-05-03T12:27:51Z</time>
			</trkpt>
			<trkpt lat="47.21961648896876" lon="18.965451521498355">
				<ele>97.37300448212773</ele>
				<time>2026-05-03T12:27:52Z</time>
			</trkpt>
			<trkpt lat="47.219588521921274" lon="18.96544578270906">
				<ele>97.57712980359793</ele>
				<time>2026-05-03T12:27:54Z</time>
			</trkpt>
			<trkpt lat="47.219558522842625" lon="18.965442346232354">
				<ele>97.02424177154899</ele>
				<time>2026-05-03T12:27:56Z</time>
			</trkpt>
			<trkpt lat="47.21953215122304" lon="18.965438299440503">
				<ele>97.24366546235979</ele>
				<time>2026-05-03T12:27:58Z</time>
			</trkpt>
			<trkpt lat="47.21950561106301" lon="18.9654315868516">
				<ele>97.87005050014704</ele>
				<time>2026-05-03T12:28:00Z</time>
			</trkpt>
			<trkpt lat="47.219475628241874" lon="18.965422196648554">
				<ele>98.4770626462996</ele>
				<time>2026-05-03T12:28:02Z</time>
			</trkpt>
			<trkpt lat="47.21943557821424" lon="18.965412917574568">
				<ele>98.86818476952612</ele>
				<time>2026-05-03T12:28:04Z</time>
			</trkpt>
			<trkpt lat="47.21939725175765" lon="18.965396256881444">
				<ele>98.70378470607102</ele>
				<time>2026-05-03T12:28:07Z</time>
			</trkpt>
			<trkpt lat="47.219384748603204" lon="18.9653953794499">
				<ele>98.33682876359671</ele>
				<time>2026-05-03T12:28:08Z</time>
			</trkpt>
			<trkpt lat="47.21935644252528" lon="18.96539183834949">
				<ele>99.15629242453724</ele>
				<time>2026-05-03T12:28:10Z</time>
			</trkpt>
			<trkpt lat="47.21932974738157" lon="18.9653852198974">
				<ele>98.99179911799729</ele>
				<time>2026-05-03T12:28:12Z</time>
			</trkpt>
			<trkpt lat="47.21930255241598" lon="18.965373551859937">
				<ele>98.62636395916343</ele>
				<time>2026-05-03T12:28:14Z</time>
			</trkpt>
			<trkpt lat="47.21927947611312" lon="18.965356270238136">
				<ele>98.33878675941378</ele>
				<time>2026-05-03T12:28:16Z</time>
			</trkpt>
			<trkpt lat="47.21925536008337" lon="18.96534008713393">
				<ele>98.17548584472388</ele>
				<time>2026-05-03T12:28:18Z</time>
			</trkpt>
			<trkpt lat="47.21923617277666" lon="18.965325357026916">
				<ele>98.0404611993581</ele>
				<time>2026-05-03T12:28:20Z</time>
			</trkpt>
			<trkpt lat="47.21921770989226" lon="18.96531405273245">
				<ele>97.99001292977482</ele>
				<time>2026-05-03T12:28:22Z</time>
			</trkpt>
			<trkpt lat="47.21919553632799" lon="18.965298881715995">
				<ele>97.59618614427745</ele>
				<time>2026-05-03T12:28:24Z</time>
			</trkpt>
			<trkpt lat="47.219173331923564" lon="18.965276554830186">
				<ele>97.84260760061443</ele>
				<time>2026-05-03T12:28:26Z</time>
			</trkpt>
			<trkpt lat="47.219151763434766" lon="18.965256399099417">
				<ele>98.32964114286005</ele>
				<time>2026-05-03T12:28:28Z</time>
			</trkpt>
			<trkpt lat="47.21912846413619" lon="18.965237485196674">
				<ele>97.63456657994539</ele>
				<time>2026-05-03T12:28:30Z</time>
			</trkpt>
			<trkpt lat="47.219106048183065" lon="18.965218216779565">
				<ele>97.49630755465478</ele>
				<time>2026-05-03T12:28:32Z</time>
			</trkpt>
			<trkpt lat="47.21909006211988" lon="18.965210946652643">
				<ele>97.58555729035288</ele>
				<time>2026-05-03T12:28:33Z</time>
			</trkpt>
			<trkpt lat="47.219077050648636" lon="18.965190951212378">
				<ele>97.11139410361648</ele>
				<time>2026-05-03T12:28:34Z</time>
			</trkpt>
			<trkpt lat="47.21906028952037" lon="18.965174487298672">
				<ele>97.50300205126405</ele>
				<time>2026-05-03T12:28:35Z</time>
			</trkpt>
			<trkpt lat="47.21903370867078" lon="18.965144956570036">
				<ele>97.58860380388796</ele>
				<time>2026-05-03T12:28:37Z</time>
			</trkpt>
			<trkpt lat="47.21901163619867" lon="18.96512096216752">
				<ele>97.47782420367002</ele>
				<time>2026-05-03T12:28:39Z</time>
			</trkpt>
			<trkpt lat="47.218992006586056" lon="18.96509103259895">
				<ele>96.536546388641</ele>
				<time>2026-05-03T12:28:41Z</time>
			</trkpt>
			<trkpt lat="47.21896837941014" lon="18.9650729757326">
				<ele>96.88331061322242</ele>
				<time>2026-05-03T12:28:43Z</time>
			</trkpt>
			<trkpt lat="47.218940164642305" lon="18.96505016385197">
				<ele>96.97166412230581</ele>
				<time>2026-05-03T12:28:45Z</time>
			</trkpt>
			<trkpt lat="47.21890919988558" lon="18.96502808443757">
				<ele>97.12020647153258</ele>
				<time>2026-05-03T12:28:47Z</time>
			</trkpt>
			<trkpt lat="47.21887773718177" lon="18.965009551396456">
				<ele>97.59006859082729</ele>
				<time>2026-05-03T12:28:49Z</time>
			</trkpt>
			<trkpt lat="47.21885123796359" lon="18.964992391974466">
				<ele>97.84816384129226</ele>
				<time>2026-05-03T12:28:51Z</time>
			</trkpt>
			<trkpt lat="47.21883690164267" lon="18.96498600100428">
				<ele>97.31383187137544</ele>
				<time>2026-05-03T12:28:52Z</time>
			</trkpt>
			<trkpt lat="47.218820320222775" lon="18.964976552266947">
				<ele>97.71826004330069</ele>
				<time>2026-05-03T12:28:53Z</time>
			</trkpt>
			<trkpt lat="47.21879019455107" lon="18.96495911902166">
				<ele>97.75648630410433</ele>
				<time>2026-05-03T12:28:55Z</time>
			</trkpt>
			<trkpt lat="47.2187599206042" lon="18.964948521273616">
				<ele>97.14442654233426</ele>
				<time>2026-05-03T12:28:57Z</time>
			</trkpt>
			<trkpt lat="47.21873027653473" lon="18.964940451224486">
				<ele>96.80424754414707</ele>
				<time>2026-05-03T12:28:59Z</time>
			</trkpt>
			<trkpt lat="47.21870249866659" lon="18.96492938746">
				<ele>97.79896340053529</ele>
				<time>2026-05-03T12:29:01Z</time>
			</trkpt>
			<trkpt lat="47.218677198640755" lon="18.964920167341706">
				<ele>98.98071096651256</ele>
				<time>2026-05-03T12:29:03Z</time>
			</trkpt>
			<trkpt lat="47.21864900395695" lon="18.96490465722134">
				<ele>99.10355825629085</ele>
				<time>2026-05-03T12:29:05Z</time>
			</trkpt>
			<trkpt lat="47.21862515445613" lon="18.96489001988666">
				<ele>98.2885358966887</ele>
				<time>2026-05-03T12:29:07Z</time>
			</trkpt>
			<trkpt lat="47.21860223035389" lon="18.964872537745478">
				<ele>98.38564814068377</ele>
				<time>2026-05-03T12:29:09Z</time>
			</trkpt>
			<trkpt lat="47.21857839224117" lon="18.9648587617958">
				<ele>97.97253168467432</ele>
				<time>2026-05-03T12:29:11Z</time>
			</trkpt>
			<trkpt lat="47.2185572677759" lon="18.96484586943092">
				<ele>97.33917425107211</ele>
				<time>2026-05-03T12:29:13Z</time>
			</trkpt>
			<trkpt lat="47.2185348171992" lon="18.9648251536138">
				<ele>97.57892904337496</ele>
				<time>2026-05-03T12:29:15Z</time>
			</trkpt>
			<trkpt lat="47.21851550688009" lon="18.964800645463473">
				<ele>97.35201144311577</ele>
				<time>2026-05-03T12:29:17Z</time>
			</trkpt>
			<trkpt lat="47.21850236316722" lon="18.96479987614994">
				<ele>97.91108068916947</ele>
				<time>2026-05-03T12:29:18Z</time>
			</trkpt>
			<trkpt lat="47.218489122386536" lon="18.96478865615234">
				<ele>98.03831392154098</ele>
				<time>2026-05-03T12:29:19Z</time>
			</trkpt>
			<trkpt lat="47.21846377904372" lon="18.964772929606195">
				<ele>97.31618156004697</ele>
				<time>2026-05-03T12:29:21Z</time>
			</trkpt>
			<trkpt lat="47.218440599864756" lon="18.964752991447988">
				<ele>96.92497827578336</ele>
				<time>2026-05-03T12:29:23Z</time>
			</trkpt>
			<trkpt lat="47.218419301639706" lon="18.964733104997052">
				<ele>98.25688055437058</ele>
				<time>2026-05-03T12:29:25Z</time>
			</trkpt>
			<trkpt lat="47.21839314559779" lon="18.964715682062344">
				<ele>98.03179603908211</ele>
				<time>2026-05-03T12:29:27Z</time>
			</trkpt>
			<trkpt lat="47.21837092644951" lon="18.964689844340896">
				<ele>98.24974848143756</ele>
				<time>2026-05-03T12:29:29Z</time>
			</trkpt>
			<trkpt lat="47.21834556561814" lon="18.96466694596283">
				<ele>98.32049039844424</ele>
				<time>2026-05-03T12:29:31Z</time>
			</trkpt>
			<trkpt lat="47.218319930709534" lon="18.964651437765788">
				<ele>98.02039549779147</ele>
				<time>2026-05-03T12:29:33Z</time>
			</trkpt>
			<trkpt lat="47.21829341003016" lon="18.96463807749758">
				<ele>97.64001156855375</ele>
				<time>2026-05-03T12:29:35Z</time>
			</trkpt>
			<trkpt lat="47.21826882911954" lon="18.964621578974224">
				<ele>97.41938981320709</ele>
				<time>2026-05-03T12:29:37Z</time>
			</trkpt>
			<trkpt lat="47.21824188652073" lon="18.964600611875493">
				<ele>97.84676523692906</ele>
				<time>2026-05-03T12:29:39Z</time>
			</trkpt>
			<trkpt lat="47.218216635779584" lon="18.964582911717905">
				<ele>97.72670145146549</ele>
				<time>2026-05-03T12:29:41Z</time>
			</trkpt>
			<trkpt lat="47.218201295086956" lon="18.96457502749892">
				<ele>98.13250282220542</ele>
				<time>2026-05-03T12:29:42Z</time>
			</trkpt>
			<trkpt lat="47.21817565729387" lon="18.964568040549313">
				<ele>98.20091175753623</ele>
				<time>2026-05-03T12:29:44Z</time>
			</trkpt>
			<trkpt lat="47.21815918127929" lon="18.96456684933923">
				<ele>98.46761006861925</ele>
				<time>2026-05-03T12:29:45Z</time>
			</trkpt>
			<trkpt lat="47.21812457598536" lon="18.964544566039603">
				<ele>98.75176477059722</ele>
				<time>2026-05-03T12:29:48Z</time>
			</trkpt>
			<trkpt lat="47.218094887242025" lon="18.96452456493375">
				<ele>98.10437678173184</ele>
				<time>2026-05-03T12:29:51Z</time>
			</trkpt>
			<trkpt lat="47.2180732675674" lon="18.964511894915706">
				<ele>97.72099275328219</ele>
				<time>2026-05-03T12:29:53Z</time>
			</trkpt>
			<trkpt lat="47.21805298565779" lon="18.96449896519577">
				<ele>98.38228243775666</ele>
				<time>2026-05-03T12:29:55Z</time>
			</trkpt>
			<trkpt lat="47.21803301972782" lon="18.964480824012377">
				<ele>97.68111308384687</ele>
				<time>2026-05-03T12:29:57Z</time>
			</trkpt>
			<trkpt lat="47.21801011346556" lon="18.96446226418295">
				<ele>96.88880742434412</ele>
				<time>2026-05-03T12:29:59Z</time>
			</trkpt>
			<trkpt lat="47.21798623754625" lon="18.96444201261016">
				<ele>97.20291784126312</ele>
				<time>2026-05-03T12:30:01Z</time>
			</trkpt>
			<trkpt lat="47.217964165238826" lon="18.964418183002895">
				<ele>97.14991986844689</ele>
				<time>2026-05-03T12:30:03Z</time>
			</trkpt>
			<trkpt lat="47.217943242176545" lon="18.9643857492714">
				<ele>97.88340969756246</ele>
				<time>2026-05-03T12:30:05Z</time>
			</trkpt>
			<trkpt lat="47.21792517002034" lon="18.964361514475517">
				<ele>97.52092991676182</ele>
				<time>2026-05-03T12:30:07Z</time>
			</trkpt>
			<trkpt lat="47.217914194156535" lon="18.964351594073484">
				<ele>96.82926544453949</ele>
				<time>2026-05-03T12:30:09Z</time>
			</trkpt>
			<trkpt lat="47.21790151136891" lon="18.96434667302606">
				<ele>96.9953656475991</ele>
				<time>2026-05-03T12:30:10Z</time>
			</trkpt>
			<trkpt lat="47.217874044308196" lon="18.964334128753585">
				<ele>97.52247572224587</ele>
				<time>2026-05-03T12:30:12Z</time>
			</trkpt>
			<trkpt lat="47.217843076708" lon="18.964319437478537">
				<ele>97.17219271697104</ele>
				<time>2026-05-03T12:30:14Z</time>
			</trkpt>
			<trkpt lat="47.21781498942237" lon="18.96430689344599">
				<ele>97.25205536838621</ele>
				<time>2026-05-03T12:30:16Z</time>
			</trkpt>
			<trkpt lat="47.21779254748264" lon="18.964292413320738">
				<ele>98.62556754238904</ele>
				<time>2026-05-03T12:30:18Z</time>
			</trkpt>
			<trkpt lat="47.21777844396735" lon="18.96428292414415">
				<ele>98.76270284038037</ele>
				<time>2026-05-03T12:30:19Z</time>
			</trkpt>
			<trkpt lat="47.217751874201525" lon="18.964268374671157">
				<ele>97.72340838890523</ele>
				<time>2026-05-03T12:30:21Z</time>
			</trkpt>
			<trkpt lat="47.217726371978955" lon="18.964252191251212">
				<ele>97.99868170171976</ele>
				<time>2026-05-03T12:30:23Z</time>
			</trkpt>
			<trkpt lat="47.217706306997464" lon="18.96423412507803">
				<ele>98.06125049293041</ele>
				<time>2026-05-03T12:30:25Z</time>
			</trkpt>
			<trkpt lat="47.217684075944895" lon="18.964213932328">
				<ele>97.921306271106</ele>
				<time>2026-05-03T12:30:27Z</time>
			</trkpt>
			<trkpt lat="47.21766570128196" lon="18.964192034835868">
				<ele>98.14808498788625</ele>
				<time>2026-05-03T12:30:29Z</time>
			</trkpt>
			<trkpt lat="47.21764799025591" lon="18.96417326294439">
				<ele>98.4690475538373</ele>
				<time>2026-05-03T12:30:31Z</time>
			</trkpt>
			<trkpt lat="47.21763159306045" lon="18.96415139188727">
				<ele>97.52723155822605</ele>
				<time>2026-05-03T12:30:33Z</time>
			</trkpt>
			<trkpt lat="47.21761186715445" lon="18.964131697840806">
				<ele>97.93257543817163</ele>
				<time>2026-05-03T12:30:35Z</time>
			</trkpt>
			<trkpt lat="47.217589900977586" lon="18.964112847830425">
				<ele>97.63614465482533</ele>
				<time>2026-05-03T12:30:37Z</time>
			</trkpt>
			<trkpt lat="47.21756840717274" lon="18.964099038511524">
				<ele>97.2254719575867</ele>
				<time>2026-05-03T12:30:39Z</time>
			</trkpt>
			<trkpt lat="47.21754605973257" lon="18.96408504336985">
				<ele>96.76978537160903</ele>
				<time>2026-05-03T12:30:41Z</time>
			</trkpt>
			<trkpt lat="47.21751991850935" lon="18.964071306863726">
				<ele>97.19004616513848</ele>
				<time>2026-05-03T12:30:43Z</time>
			</trkpt>
			<trkpt lat="47.2174973638237" lon="18.96405183327741">
				<ele>97.38373878132552</ele>
				<time>2026-05-03T12:30:45Z</time>
			</trkpt>
			<trkpt lat="47.21748330073522" lon="18.96403844200289">
				<ele>97.1569984825328</ele>
				<time>2026-05-03T12:30:47Z</time>
			</trkpt>
			<trkpt lat="47.21746323006788" lon="18.964021741336218">
				<ele>97.04207742959261</ele>
				<time>2026-05-03T12:30:49Z</time>
			</trkpt>
			<trkpt lat="47.217435833119566" lon="18.96399888510783">
				<ele>96.95207273866981</ele>
				<time>2026-05-03T12:30:51Z</time>
			</trkpt>
			<trkpt lat="47.2174083739707" lon="18.963975561121906">
				<ele>96.85063257534057</ele>
				<time>2026-05-03T12:30:53Z</time>
			</trkpt>
			<trkpt lat="47.217382144769594" lon="18.963955811549337">
				<ele>96.98236753512174</ele>
				<time>2026-05-03T12:30:55Z</time>
			</trkpt>
			<trkpt lat="47.217357677310034" lon="18.96393617181462">
				<ele>96.64329701662064</ele>
				<time>2026-05-03T12:30:57Z</time>
			</trkpt>
			<trkpt lat="47.21733211830959" lon="18.9639171676787">
				<ele>96.28715765289962</ele>
				<time>2026-05-03T12:30:59Z</time>
			</trkpt>
			<trkpt lat="47.21730868185513" lon="18.96389820727697">
				<ele>97.199776109308</ele>
				<time>2026-05-03T12:31:01Z</time>
			</trkpt>
			<trkpt lat="47.217286700706346" lon="18.963885239694378">
				<ele>96.85539394896477</ele>
				<time>2026-05-03T12:31:03Z</time>
			</trkpt>
			<trkpt lat="47.21726415913081" lon="18.96387286067874">
				<ele>97.2891623582691</ele>
				<time>2026-05-03T12:31:05Z</time>
			</trkpt>
			<trkpt lat="47.21725078969469" lon="18.963861969662595">
				<ele>97.65009299386293</ele>
				<time>2026-05-03T12:31:06Z</time>
			</trkpt>
			<trkpt lat="47.21722564656796" lon="18.963842256360657">
				<ele>98.37534824293107</ele>
				<time>2026-05-03T12:31:08Z</time>
			</trkpt>
			<trkpt lat="47.217200780940985" lon="18.963827226033334">
				<ele>98.11817006766796</ele>
				<time>2026-05-03T12:31:10Z</time>
			</trkpt>
			<trkpt lat="47.21717804980212" lon="18.96381516374205">
				<ele>98.09518940094858</ele>
				<time>2026-05-03T12:31:12Z</time>
			</trkpt>
			<trkpt lat="47.217166126681086" lon="18.963811101161056">
				<ele>97.25844849366695</ele>
				<time>2026-05-03T12:31:14Z</time>
			</trkpt>
			<trkpt lat="47.217144585619955" lon="18.963804869907932">
				<ele>96.86221652571112</ele>
				<time>2026-05-03T12:31:16Z</time>
			</trkpt>
			<trkpt lat="47.21711890141969" lon="18.963794381454235">
				<ele>96.87809301540256</ele>
				<time>2026-05-03T12:31:18Z</time>
			</trkpt>
			<trkpt lat="47.217091066022945" lon="18.963779087390595">
				<ele>96.79832165967673</ele>
				<time>2026-05-03T12:31:20Z</time>
			</trkpt>
			<trkpt lat="47.217062145019455" lon="18.963765140683574">
				<ele>96.91511268820614</ele>
				<time>2026-05-03T12:31:22Z</time>
			</trkpt>
			<trkpt lat="47.217031212747244" lon="18.963743421329198">
				<ele>97.28353617526591</ele>
				<time>2026-05-03T12:31:24Z</time>
			</trkpt>
			<trkpt lat="47.2170043427361" lon="18.963722003411032">
				<ele>97.33853779360652</ele>
				<time>2026-05-03T12:31:26Z</time>
			</trkpt>
			<trkpt lat="47.21697869217626" lon="18.963702629407234">
				<ele>97.45841358788311</ele>
				<time>2026-05-03T12:31:28Z</time>
			</trkpt>
			<trkpt lat="47.216954801397314" lon="18.963687701308512">
				<ele>97.58449085894972</ele>
				<time>2026-05-03T12:31:30Z</time>
			</trkpt>
			<trkpt lat="47.2169319310201" lon="18.96367752214687">
				<ele>97.16442749742419</ele>
				<time>2026-05-03T12:31:32Z</time>
			</trkpt>
			<trkpt lat="47.21690820941513" lon="18.963665923850158">
				<ele>97.99940809980035</ele>
				<time>2026-05-03T12:31:34Z</time>
			</trkpt>
			<trkpt lat="47.21688216881513" lon="18.96365506730469">
				<ele>97.85309081431478</ele>
				<time>2026-05-03T12:31:36Z</time>
			</trkpt>
			<trkpt lat="47.216868720500806" lon="18.963647490099095">
				<ele>97.84169891569763</ele>
				<time>2026-05-03T12:31:38Z</time>
			</trkpt>
			<trkpt lat="47.21686084072357" lon="18.963630216366294">
				<ele>97.59435777924955</ele>
				<time>2026-05-03T12:31:39Z</time>
			</trkpt>
			<trkpt lat="47.21683922567479" lon="18.963605003989883">
				<ele>97.65044257417321</ele>
				<time>2026-05-03T12:31:41Z</time>
			</trkpt>
			<trkpt lat="47.21681678410269" lon="18.963579198921913">
				<ele>97.37204635329545</ele>
				<time>2026-05-03T12:31:43Z</time>
			</trkpt>
			<trkpt lat="47.21679686782422" lon="18.963568850195365">
				<ele>97.27450691629201</ele>
				<time>2026-05-03T12:31:44Z</time>
			</trkpt>
			<trkpt lat="47.21676882876521" lon="18.963553789225205">
				<ele>97.79016756918281</ele>
				<time>2026-05-03T12:31:46Z</time>
			</trkpt>
			<trkpt lat="47.21675935079414" lon="18.963537241718583">
				<ele>98.64197188150138</ele>
				<time>2026-05-03T12:31:47Z</time>
			</trkpt>
			<trkpt lat="47.21674138857937" lon="18.963511817160985">
				<ele>97.87452338356525</ele>
				<time>2026-05-03T12:31:49Z</time>
			</trkpt>
			<trkpt lat="47.21671971707945" lon="18.963487304911155">
				<ele>98.2891361983493</ele>
				<time>2026-05-03T12:31:51Z</time>
			</trkpt>
			<trkpt lat="47.21669816790128" lon="18.96346761268932">
				<ele>97.35496453382075</ele>
				<time>2026-05-03T12:31:53Z</time>
			</trkpt>
			<trkpt lat="47.216669498499684" lon="18.963448474019025">
				<ele>97.56575161591172</ele>
				<time>2026-05-03T12:31:55Z</time>
			</trkpt>
			<trkpt lat="47.21664263478174" lon="18.963433103145224">
				<ele>97.8732043672353</ele>
				<time>2026-05-03T12:31:57Z</time>
			</trkpt>
			<trkpt lat="47.216617539604364" lon="18.963416060369806">
				<ele>97.79614377953112</ele>
				<time>2026-05-03T12:31:59Z</time>
			</trkpt>
			<trkpt lat="47.2165943738864" lon="18.96339977902448">
				<ele>97.39962016418576</ele>
				<time>2026-05-03T12:32:01Z</time>
			</trkpt>
			<trkpt lat="47.216573361760844" lon="18.96338254887271">
				<ele>97.50054098758847</ele>
				<time>2026-05-03T12:32:03Z</time>
			</trkpt>
			<trkpt lat="47.21655135096219" lon="18.963369747641938">
				<ele>97.18585120514035</ele>
				<time>2026-05-03T12:32:05Z</time>
			</trkpt>
			<trkpt lat="47.216527457891374" lon="18.96335372265598">
				<ele>97.16223308909684</ele>
				<time>2026-05-03T12:32:07Z</time>
			</trkpt>
			<trkpt lat="47.2165102974864" lon="18.963343130415925">
				<ele>97.1902800379321</ele>
				<time>2026-05-03T12:32:08Z</time>
			</trkpt>
			<trkpt lat="47.216481207970865" lon="18.96332586090998">
				<ele>96.99864386208355</ele>
				<time>2026-05-03T12:32:10Z</time>
			</trkpt>
			<trkpt lat="47.21645061868969" lon="18.963310640996294">
				<ele>96.6818067105487</ele>
				<time>2026-05-03T12:32:12Z</time>
			</trkpt>
			<trkpt lat="47.216432779025126" lon="18.96330674001325">
				<ele>96.63225245755166</ele>
				<time>2026-05-03T12:32:13Z</time>
			</trkpt>
			<trkpt lat="47.216399472482024" lon="18.96329544266846">
				<ele>97.33062930218875</ele>
				<time>2026-05-03T12:32:15Z</time>
			</trkpt>
			<trkpt lat="47.21637384996066" lon="18.963281696274638">
				<ele>98.85272244457155</ele>
				<time>2026-05-03T12:32:17Z</time>
			</trkpt>
			<trkpt lat="47.216358333425056" lon="18.963278309218218">
				<ele>97.36275091767311</ele>
				<time>2026-05-03T12:32:18Z</time>
			</trkpt>
			<trkpt lat="47.21632682483258" lon="18.963270644788583">
				<ele>97.20757470652461</ele>
				<time>2026-05-03T12:32:20Z</time>
			</trkpt>
			<trkpt lat="47.21630357404865" lon="18.963259954525178">
				<ele>97.5239121420309</ele>
				<time>2026-05-03T12:32:22Z</time>
			</trkpt>
			<trkpt lat="47.21627894510337" lon="18.963243555532564">
				<ele>97.66496994718909</ele>
				<time>2026-05-03T12:32:24Z</time>
			</trkpt>
			<trkpt lat="47.21625213665042" lon="18.96322195856341">
				<ele>97.5143002383411</ele>
				<time>2026-05-03T12:32:26Z</time>
			</trkpt>
			<trkpt lat="47.21622921956652" lon="18.963203212119762">
				<ele>98.74874431453645</ele>
				<time>2026-05-03T12:32:28Z</time>
			</trkpt>
			<trkpt lat="47.21620352054174" lon="18.963181393156617">
				<ele>99.22434420045465</ele>
				<time>2026-05-03T12:32:30Z</time>
			</trkpt>
			<trkpt lat="47.21617709727013" lon="18.96315853299959">
				<ele>98.40303674340248</ele>
				<time>2026-05-03T12:32:32Z</time>
			</trkpt>
			<trkpt lat="47.216153160670686" lon="18.963134422361676">
				<ele>98.96615704521537</ele>
				<time>2026-05-03T12:32:34Z</time>
			</trkpt>
			<trkpt lat="47.21613119338936" lon="18.963109579664504">
				<ele>98.30178568698466</ele>
				<time>2026-05-03T12:32:36Z</time>
			</trkpt>
			<trkpt lat="47.21610558760738" lon="18.963090858447785">
				<ele>98.18613084312528</ele>
				<time>2026-05-03T12:32:38Z</time>
			</trkpt>
			<trkpt lat="47.21607965077742" lon="18.963061624178366">
				<ele>98.56403588689864</ele>
				<time>2026-05-03T12:32:40Z</time>
			</trkpt>
			<trkpt lat="47.21605647497739" lon="18.96304384223903">
				<ele>98.92224967945367</ele>
				<time>2026-05-03T12:32:42Z</time>
			</trkpt>
			<trkpt lat="47.216032635224124" lon="18.96302725783129">
				<ele>98.53610707912594</ele>
				<time>2026-05-03T12:32:44Z</time>
			</trkpt>
			<trkpt lat="47.21601246071236" lon="18.963008761636885">
				<ele>98.14425235521048</ele>
				<time>2026-05-03T12:32:46Z</time>
			</trkpt>
			<trkpt lat="47.2159941171705" lon="18.962982663375964">
				<ele>98.6552049042657</ele>
				<time>2026-05-03T12:32:48Z</time>
			</trkpt>
			<trkpt lat="47.21597345613846" lon="18.962956919587317">
				<ele>99.80620617698878</ele>
				<time>2026-05-03T12:32:50Z</time>
			</trkpt>
			<trkpt lat="47.21595892170323" lon="18.96295136955888">
				<ele>98.40921095758677</ele>
				<time>2026-05-03T12:32:51Z</time>
			</trkpt>
			<trkpt lat="47.21594621262827" lon="18.962936673867578">
				<ele>97.98668902367353</ele>
				<time>2026-05-03T12:32:52Z</time>
			</trkpt>
			<trkpt lat="47.21592337910384" lon="18.962911040400524">
				<ele>97.53648032341152</ele>
				<time>2026-05-03T12:32:54Z</time>
			</trkpt>
			<trkpt lat="47.21590936960274" lon="18.96289749789411">
				<ele>97.8158978112042</ele>
				<time>2026-05-03T12:32:55Z</time>
			</trkpt>
			<trkpt lat="47.21588183936414" lon="18.96287554120014">
				<ele>97.64122258685529</ele>
				<time>2026-05-03T12:32:57Z</time>
			</trkpt>
			<trkpt lat="47.215866710095604" lon="18.962865248183967">
				<ele>97.49141869321465</ele>
				<time>2026-05-03T12:32:58Z</time>
			</trkpt>
			<trkpt lat="47.21583563656359" lon="18.962848048154495">
				<ele>97.00532685127109</ele>
				<time>2026-05-03T12:33:00Z</time>
			</trkpt>
			<trkpt lat="47.215803162513346" lon="18.962830468888484">
				<ele>96.82352301105857</ele>
				<time>2026-05-03T12:33:02Z</time>
			</trkpt>
			<trkpt lat="47.21577789336368" lon="18.9628121067019">
				<ele>96.67295826785266</ele>
				<time>2026-05-03T12:33:04Z</time>
			</trkpt>
			<trkpt lat="47.215752099186325" lon="18.962797254923895">
				<ele>97.02967638708651</ele>
				<time>2026-05-03T12:33:06Z</time>
			</trkpt>
			<trkpt lat="47.21572825442479" lon="18.96278033199083">
				<ele>96.97288700565696</ele>
				<time>2026-05-03T12:33:08Z</time>
			</trkpt>
			<trkpt lat="47.21571378811046" lon="18.96276807616413">
				<ele>97.39638213906437</ele>
				<time>2026-05-03T12:33:09Z</time>
			</trkpt>
			<trkpt lat="47.21568446978534" lon="18.962750317569654">
				<ele>97.18295023217797</ele>
				<time>2026-05-03T12:33:11Z</time>
			</trkpt>
			<trkpt lat="47.2156587555056" lon="18.962736360625776">
				<ele>97.46538374107331</ele>
				<time>2026-05-03T12:33:13Z</time>
			</trkpt>
			<trkpt lat="47.21564625244479" lon="18.962729008638018">
				<ele>97.16767430491745</ele>
				<time>2026-05-03T12:33:15Z</time>
			</trkpt>
			<trkpt lat="47.21563167199521" lon="18.962720147329726">
				<ele>97.48034325893968</ele>
				<time>2026-05-03T12:33:16Z</time>
			</trkpt>
			<trkpt lat="47.215609444807654" lon="18.962705417487836">
				<ele>97.02721448522061</ele>
				<time>2026-05-03T12:33:18Z</time>
			</trkpt>
			<trkpt lat="47.215585520771135" lon="18.96268936950645">
				<ele>97.47806034237146</ele>
				<time>2026-05-03T12:33:20Z</time>
			</trkpt>
			<trkpt lat="47.2155697148741" lon="18.96267977946784">
				<ele>97.64768991898745</ele>
				<time>2026-05-03T12:33:21Z</time>
			</trkpt>
			<trkpt lat="47.21554478922757" lon="18.962667573796384">
				<ele>97.45679637882859</ele>
				<time>2026-05-03T12:33:23Z</time>
			</trkpt>
			<trkpt lat="47.215520066985434" lon="18.962654913818938">
				<ele>97.95552788395435</ele>
				<time>2026-05-03T12:33:25Z</time>
			</trkpt>
			<trkpt lat="47.21548514315671" lon="18.962641415304077">
				<ele>96.96777160838246</ele>
				<time>2026-05-03T12:33:28Z</time>
			</trkpt>
			<trkpt lat="47.215472144253624" lon="18.962637074936733">
				<ele>97.16695317346603</ele>
				<time>2026-05-03T12:33:29Z</time>
			</trkpt>
			<trkpt lat="47.215449892015634" lon="18.962628671231936">
				<ele>97.13362527359277</ele>
				<time>2026-05-03T12:33:31Z</time>
			</trkpt>
			<trkpt lat="47.21543900197807" lon="18.962624767988245">
				<ele>96.63518687989563</ele>
				<time>2026-05-03T12:33:33Z</time>
			</trkpt>
			<trkpt lat="47.21542434512245" lon="18.962619776900123">
				<ele>96.70110432244837</ele>
				<time>2026-05-03T12:33:34Z</time>
			</trkpt>
			<trkpt lat="47.21540303916822" lon="18.962607619145405">
				<ele>98.15737608168274</ele>
				<time>2026-05-03T12:33:36Z</time>
			</trkpt>
			<trkpt lat="47.21537736445241" lon="18.96260006267803">
				<ele>97.90331976674497</ele>
				<time>2026-05-03T12:33:38Z</time>
			</trkpt>
			<trkpt lat="47.21535132228161" lon="18.962594358209014">
				<ele>99.10447541810572</ele>
				<time>2026-05-03T12:33:40Z</time>
			</trkpt>
			<trkpt lat="47.21532240510673" lon="18.962587068779555">
				<ele>98.38073407579213</ele>
				<time>2026-05-03T12:33:42Z</time>
			</trkpt>
			<trkpt lat="47.21530501495827" lon="18.9625692235576">
				<ele>99.69372387137264</ele>
				<time>2026-05-03T12:33:43Z</time>
			</trkpt>
			<trkpt lat="47.21526059911503" lon="18.962548719120452">
				<ele>98.31450865697116</ele>
				<time>2026-05-03T12:33:46Z</time>
			</trkpt>
			<trkpt lat="47.2152457400698" lon="18.962536761325683">
				<ele>98.7596185952425</ele>
				<time>2026-05-03T12:33:47Z</time>
			</trkpt>
			<trkpt lat="47.21521859442928" lon="18.96251622598396">
				<ele>98.65116019640118</ele>
				<time>2026-05-03T12:33:49Z</time>
			</trkpt>
			<trkpt lat="47.215181956417055" lon="18.962493683918478">
				<ele>98.37202283367515</ele>
				<time>2026-05-03T12:33:51Z</time>
			</trkpt>
			<trkpt lat="47.215151558726355" lon="18.962472502956956">
				<ele>98.84097593277693</ele>
				<time>2026-05-03T12:33:53Z</time>
			</trkpt>
			<trkpt lat="47.21513566607105" lon="18.96246057612259">
				<ele>97.93895068950951</ele>
				<time>2026-05-03T12:33:56Z</time>
			</trkpt>
			<trkpt lat="47.21512611403275" lon="18.96245139441451">
				<ele>98.38954744767398</ele>
				<time>2026-05-03T12:33:57Z</time>
			</trkpt>
			<trkpt lat="47.21510713075748" lon="18.962433342486484">
				<ele>98.22441490832716</ele>
				<time>2026-05-03T12:33:59Z</time>
			</trkpt>
			<trkpt lat="47.21508962184627" lon="18.962410713475492">
				<ele>98.06290380377322</ele>
				<time>2026-05-03T12:34:01Z</time>
			</trkpt>
			<trkpt lat="47.215072375136344" lon="18.962395652563444">
				<ele>99.0513629000634</ele>
				<time>2026-05-03T12:34:02Z</time>
			</trkpt>
			<trkpt lat="47.21504278453842" lon="18.962363596691585">
				<ele>97.87126576527953</ele>
				<time>2026-05-03T12:34:04Z</time>
			</trkpt>
			<trkpt lat="47.215020664790934" lon="18.962334460684076">
				<ele>97.51964226644486</ele>
				<time>2026-05-03T12:34:06Z</time>
			</trkpt>
			<trkpt lat="47.21500629360598" lon="18.962295806848896">
				<ele>98.31396220065653</ele>
				<time>2026-05-03T12:34:08Z</time>
			</trkpt>
			<trkpt lat="47.214995457333586" lon="18.96228147215799">
				<ele>97.62448773346841</ele>
				<time>2026-05-03T12:34:09Z</time>
			</trkpt>
			<trkpt lat="47.214974073071446" lon="18.962251719215526">
				<ele>97.4150716168806</ele>
				<time>2026-05-03T12:34:11Z</time>
			</trkpt>
			<trkpt lat="47.21494688537467" lon="18.96222874379786">
				<ele>97.11229130625725</ele>
				<time>2026-05-03T12:34:13Z</time>
			</trkpt>
			<trkpt lat="47.21493110082558" lon="18.96221471477551">
				<ele>96.82944380771369</ele>
				<time>2026-05-03T12:34:14Z</time>
			</trkpt>
			<trkpt lat="47.21490664016064" lon="18.962191841287105">
				<ele>96.47872659936547</ele>
				<time>2026-05-03T12:34:16Z</time>
			</trkpt>
			<trkpt lat="47.21487949664245" lon="18.962169186687593">
				<ele>96.30032771453261</ele>
				<time>2026-05-03T12:34:18Z</time>
			</trkpt>
			<trkpt lat="47.21485129592316" lon="18.962149580431188">
				<ele>96.23809422925115</ele>
				<time>2026-05-03T12:34:20Z</time>
			</trkpt>
			<trkpt lat="47.21482334837902" lon="18.96213122522305">
				<ele>96.48624219372869</ele>
				<time>2026-05-03T12:34:22Z</time>
			</trkpt>
			<trkpt lat="47.21479828789603" lon="18.962111574286045">
				<ele>96.710149647668</ele>
				<time>2026-05-03T12:34:24Z</time>
			</trkpt>
			<trkpt lat="47.214785757247185" lon="18.962096828909907">
				<ele>97.18795238342136</ele>
				<time>2026-05-03T12:34:25Z</time>
			</trkpt>
			<trkpt lat="47.21475678611705" lon="18.962074073550323">
				<ele>97.12681366596371</ele>
				<time>2026-05-03T12:34:27Z</time>
			</trkpt>
			<trkpt lat="47.21472908954951" lon="18.96205408285611">
				<ele>97.04760673828423</ele>
				<time>2026-05-03T12:34:29Z</time>
			</trkpt>
			<trkpt lat="47.21470792556059" lon="18.962032445055346">
				<ele>97.86320096999407</ele>
				<time>2026-05-03T12:34:31Z</time>
			</trkpt>
			<trkpt lat="47.214682930231675" lon="18.962021991972865">
				<ele>97.39443473052233</ele>
				<time>2026-05-03T12:34:33Z</time>
			</trkpt>
			<trkpt lat="47.21466289229355" lon="18.962002964268084">
				<ele>97.40333187766373</ele>
				<time>2026-05-03T12:34:35Z</time>
			</trkpt>
			<trkpt lat="47.214646513817506" lon="18.9619798255345">
				<ele>97.71351119317114</ele>
				<time>2026-05-03T12:34:37Z</time>
			</trkpt>
			<trkpt lat="47.214632397386225" lon="18.961969049805166">
				<ele>97.18576626013964</ele>
				<time>2026-05-03T12:34:38Z</time>
			</trkpt>
			<trkpt lat="47.21460848508396" lon="18.96194466362652">
				<ele>97.32847490999848</ele>
				<time>2026-05-03T12:34:40Z</time>
			</trkpt>
			<trkpt lat="47.214589858370374" lon="18.961918409540615">
				<ele>96.83819812722504</ele>
				<time>2026-05-03T12:34:42Z</time>
			</trkpt>
			<trkpt lat="47.21458086690159" lon="18.961897828354044">
				<ele>97.50282482337207</ele>
				<time>2026-05-03T12:34:43Z</time>
			</trkpt>
			<trkpt lat="47.21455005005094" lon="18.961858786375124">
				<ele>98.02220624219626</ele>
				<time>2026-05-03T12:34:46Z</time>
			</trkpt>
			<trkpt lat="47.21453085216729" lon="18.961836836768867">
				<ele>97.7799492040649</ele>
				<time>2026-05-03T12:34:48Z</time>
			</trkpt>
			<trkpt lat="47.21450802553365" lon="18.961816568835864">
				<ele>97.54742843937129</ele>
				<time>2026-05-03T12:34:50Z</time>
			</trkpt>
			<trkpt lat="47.214486947246996" lon="18.9617923906086">
				<ele>97.52495757211</ele>
				<time>2026-05-03T12:34:52Z</time>
			</trkpt>
			<trkpt lat="47.21446670679198" lon="18.961767233026773">
				<ele>97.82084290124476</ele>
				<time>2026-05-03T12:34:54Z</time>
			</trkpt>
			<trkpt lat="47.2144412362481" lon="18.961741823829104">
				<ele>97.90599623974413</ele>
				<time>2026-05-03T12:34:56Z</time>
			</trkpt>
			<trkpt lat="47.21441473102459" lon="18.961715748485776">
				<ele>98.05593862198293</ele>
				<time>2026-05-03T12:34:58Z</time>
			</trkpt>
			<trkpt lat="47.21438731583767" lon="18.961692395567148">
				<ele>98.16459555458277</ele>
				<time>2026-05-03T12:35:00Z</time>
			</trkpt>
			<trkpt lat="47.214370046341074" lon="18.961683253529333">
				<ele>97.94113827403635</ele>
				<time>2026-05-03T12:35:01Z</time>
			</trkpt>
			<trkpt lat="47.214340575411114" lon="18.961666982538862">
				<ele>97.93266253359616</ele>
				<time>2026-05-03T12:35:03Z</time>
			</trkpt>
			<trkpt lat="47.21431874038562" lon="18.96165303793461">
				<ele>97.83437050040811</ele>
				<time>2026-05-03T12:35:05Z</time>
			</trkpt>
			<trkpt lat="47.214295819587306" lon="18.96163924338604">
				<ele>97.42102583590895</ele>
				<time>2026-05-03T12:35:07Z</time>
			</trkpt>
			<trkpt lat="47.21426794278111" lon="18.961619088384893">
				<ele>98.6384093342349</ele>
				<time>2026-05-03T12:35:09Z</time>
			</trkpt>
			<trkpt lat="47.21424300890836" lon="18.961598501704035">
				<ele>97.13023185357451</ele>
				<time>2026-05-03T12:35:11Z</time>
			</trkpt>
			<trkpt lat="47.21422574835134" lon="18.96157308203438">
				<ele>98.03004451282322</ele>
				<time>2026-05-03T12:35:13Z</time>
			</trkpt>
			<trkpt lat="47.2142069313178" lon="18.961545103311913">
				<ele>98.13460709247738</ele>
				<time>2026-05-03T12:35:15Z</time>
			</trkpt>
			<trkpt lat="47.214193581171635" lon="18.96153515935112">
				<ele>97.63781418744475</ele>
				<time>2026-05-03T12:35:16Z</time>
			</trkpt>
			<trkpt lat="47.214185134363895" lon="18.96151669970881">
				<ele>97.62517891917378</ele>
				<time>2026-05-03T12:35:17Z</time>
			</trkpt>
			<trkpt lat="47.21417315097125" lon="18.961500050615186">
				<ele>97.06036951672286</ele>
				<time>2026-05-03T12:35:18Z</time>
			</trkpt>
			<trkpt lat="47.214149650107906" lon="18.96146930587904">
				<ele>97.54384931456298</ele>
				<time>2026-05-03T12:35:20Z</time>
			</trkpt>
			<trkpt lat="47.21412502133824" lon="18.961442936330968">
				<ele>97.89221089798957</ele>
				<time>2026-05-03T12:35:22Z</time>
			</trkpt>
			<trkpt lat="47.21410128515284" lon="18.961420500072933">
				<ele>98.35439724847674</ele>
				<time>2026-05-03T12:35:24Z</time>
			</trkpt>
			<trkpt lat="47.214076754247664" lon="18.961399244276688">
				<ele>97.81056786049157</ele>
				<time>2026-05-03T12:35:26Z</time>
			</trkpt>
			<trkpt lat="47.21405949686184" lon="18.96139085130759">
				<ele>96.91438287589699</ele>
				<time>2026-05-03T12:35:27Z</time>
			</trkpt>
			<trkpt lat="47.21403069500081" lon="18.961372496688654">
				<ele>96.4120530448854</ele>
				<time>2026-05-03T12:35:29Z</time>
			</trkpt>
			<trkpt lat="47.214002145368866" lon="18.96135372027996">
				<ele>96.67734210938215</ele>
				<time>2026-05-03T12:35:31Z</time>
			</trkpt>
			<trkpt lat="47.21397259055971" lon="18.96133230642489">
				<ele>96.94302264135331</ele>
				<time>2026-05-03T12:35:33Z</time>
			</trkpt>
			<trkpt lat="47.21394717648001" lon="18.96130815451615">
				<ele>97.54008382093161</ele>
				<time>2026-05-03T12:35:35Z</time>
			</trkpt>
			<trkpt lat="47.21392167708461" lon="18.961285579941396">
				<ele>97.91818269900978</ele>
				<time>2026-05-03T12:35:37Z</time>
			</trkpt>
			<trkpt lat="47.2139047487753" lon="18.96127412938731">
				<ele>97.26967140752822</ele>
				<time>2026-05-03T12:35:38Z</time>
			</trkpt>
			<trkpt lat="47.21386796569625" lon="18.961255875492462">
				<ele>96.7514125648886</ele>
				<time>2026-05-03T12:35:40Z</time>
			</trkpt>
			<trkpt lat="47.21383679086821" lon="18.961240986050328">
				<ele>96.7327433237806</ele>
				<time>2026-05-03T12:35:42Z</time>
			</trkpt>
			<trkpt lat="47.21380884501584" lon="18.961221540990234">
				<ele>96.82500762026757</ele>
				<time>2026-05-03T12:35:44Z</time>
			</trkpt>
			<trkpt lat="47.21378441423893" lon="18.961202701367544">
				<ele>97.5924533251673</ele>
				<time>2026-05-03T12:35:46Z</time>
			</trkpt>
			<trkpt lat="47.21375631298847" lon="18.961182773753155">
				<ele>97.05366511829197</ele>
				<time>2026-05-03T12:35:48Z</time>
			</trkpt>
			<trkpt lat="47.21372840259189" lon="18.961163012203034">
				<ele>97.01280055940151</ele>
				<time>2026-05-03T12:35:50Z</time>
			</trkpt>
			<trkpt lat="47.213700857124365" lon="18.961143541088035">
				<ele>96.90197903942317</ele>
				<time>2026-05-03T12:35:52Z</time>
			</trkpt>
			<trkpt lat="47.213687658690965" lon="18.961130863148046">
				<ele>96.90213704574853</ele>
				<time>2026-05-03T12:35:53Z</time>
			</trkpt>
			<trkpt lat="47.21366075182727" lon="18.9611061408697">
				<ele>97.09237238764763</ele>
				<time>2026-05-03T12:35:55Z</time>
			</trkpt>
			<trkpt lat="47.213636119538876" lon="18.96108215752468">
				<ele>97.34783856756985</ele>
				<time>2026-05-03T12:35:57Z</time>
			</trkpt>
			<trkpt lat="47.213621925752925" lon="18.96107013970172">
				<ele>97.04760589636862</ele>
				<time>2026-05-03T12:35:58Z</time>
			</trkpt>
			<trkpt lat="47.213591219698856" lon="18.96104709048826">
				<ele>97.30741857551038</ele>
				<time>2026-05-03T12:36:00Z</time>
			</trkpt>
			<trkpt lat="47.21356348694111" lon="18.961027844468465">
				<ele>97.05643876548856</ele>
				<time>2026-05-03T12:36:02Z</time>
			</trkpt>
			<trkpt lat="47.21353867379723" lon="18.961006351202368">
				<ele>97.65042276773602</ele>
				<time>2026-05-03T12:36:04Z</time>
			</trkpt>
			<trkpt lat="47.2135129516466" lon="18.96098649580421">
				<ele>97.00807530246675</ele>
				<time>2026-05-03T12:36:06Z</time>
			</trkpt>
			<trkpt lat="47.21348299297859" lon="18.960964878638556">
				<ele>96.72939336579293</ele>
				<time>2026-05-03T12:36:08Z</time>
			</trkpt>
			<trkpt lat="47.213454236314846" lon="18.960946907096066">
				<ele>96.42601994983852</ele>
				<time>2026-05-03T12:36:10Z</time>
			</trkpt>
			<trkpt lat="47.213428242219" lon="18.96093151388178">
				<ele>96.62890524230897</ele>
				<time>2026-05-03T12:36:12Z</time>
			</trkpt>
			<trkpt lat="47.21340317480964" lon="18.960912700964588">
				<ele>96.95631280075759</ele>
				<time>2026-05-03T12:36:14Z</time>
			</trkpt>
			<trkpt lat="47.21337690267051" lon="18.96089120269396">
				<ele>97.01893424615264</ele>
				<time>2026-05-03T12:36:16Z</time>
			</trkpt>
			<trkpt lat="47.213360732437295" lon="18.96087801163132">
				<ele>97.0104972710833</ele>
				<time>2026-05-03T12:36:17Z</time>
			</trkpt>
			<trkpt lat="47.21333259481943" lon="18.960853952850456">
				<ele>97.10237543750554</ele>
				<time>2026-05-03T12:36:19Z</time>
			</trkpt>
			<trkpt lat="47.213301599163906" lon="18.960827814965167">
				<ele>96.79527770821005</ele>
				<time>2026-05-03T12:36:21Z</time>
			</trkpt>
			<trkpt lat="47.21327398886925" lon="18.960801381989683">
				<ele>97.06965740770102</ele>
				<time>2026-05-03T12:36:23Z</time>
			</trkpt>
			<trkpt lat="47.213243519116205" lon="18.960775978467773">
				<ele>96.4372818171978</ele>
				<time>2026-05-03T12:36:25Z</time>
			</trkpt>
			<trkpt lat="47.21321532259184" lon="18.96075233269423">
				<ele>96.75991441402584</ele>
				<time>2026-05-03T12:36:27Z</time>
			</trkpt>
			<trkpt lat="47.21318686387424" lon="18.960728030899983">
				<ele>96.71926958300173</ele>
				<time>2026-05-03T12:36:29Z</time>
			</trkpt>
			<trkpt lat="47.21315637565344" lon="18.960705309306036">
				<ele>96.2180154453963</ele>
				<time>2026-05-03T12:36:31Z</time>
			</trkpt>
			<trkpt lat="47.21312333502581" lon="18.960684879357455">
				<ele>96.15040539205074</ele>
				<time>2026-05-03T12:36:33Z</time>
			</trkpt>
			<trkpt lat="47.213092615947" lon="18.960663935542804">
				<ele>96.35262642707676</ele>
				<time>2026-05-03T12:36:35Z</time>
			</trkpt>
			<trkpt lat="47.213059746404106" lon="18.960644426245445">
				<ele>96.38908263668418</ele>
				<time>2026-05-03T12:36:37Z</time>
			</trkpt>
			<trkpt lat="47.21302796766684" lon="18.96062076563482">
				<ele>96.56677447259426</ele>
				<time>2026-05-03T12:36:39Z</time>
			</trkpt>
			<trkpt lat="47.21300035781718" lon="18.960603473208188">
				<ele>96.05700663477182</ele>
				<time>2026-05-03T12:36:41Z</time>
			</trkpt>
			<trkpt lat="47.212978481304475" lon="18.960591627472006">
				<ele>96.10576471313834</ele>
				<time>2026-05-03T12:36:43Z</time>
			</trkpt>
			<trkpt lat="47.21296071559268" lon="18.960567814466533">
				<ele>95.47069543134421</ele>
				<time>2026-05-03T12:36:45Z</time>
			</trkpt>
			<trkpt lat="47.21294771340887" lon="18.96055164464158">
				<ele>95.49556460790336</ele>
				<time>2026-05-03T12:36:46Z</time>
			</trkpt>
			<trkpt lat="47.2129301759213" lon="18.96053838065376">
				<ele>95.79851098358631</ele>
				<time>2026-05-03T12:36:47Z</time>
			</trkpt>
			<trkpt lat="47.2128919590995" lon="18.960511286347398">
				<ele>96.68204988259822</ele>
				<time>2026-05-03T12:36:50Z</time>
			</trkpt>
			<trkpt lat="47.212866523791185" lon="18.960493396089568">
				<ele>96.53449178300798</ele>
				<time>2026-05-03T12:36:52Z</time>
			</trkpt>
			<trkpt lat="47.212839868601094" lon="18.96047938511746">
				<ele>96.40809009224176</ele>
				<time>2026-05-03T12:36:54Z</time>
			</trkpt>
			<trkpt lat="47.21281353371923" lon="18.96046481171488">
				<ele>95.70442907884717</ele>
				<time>2026-05-03T12:36:56Z</time>
			</trkpt>
			<trkpt lat="47.21279248446418" lon="18.960445118372885">
				<ele>95.84685109741986</ele>
				<time>2026-05-03T12:36:58Z</time>
			</trkpt>
			<trkpt lat="47.21277087254309" lon="18.960427621202314">
				<ele>96.21780706942081</ele>
				<time>2026-05-03T12:37:00Z</time>
			</trkpt>
			<trkpt lat="47.21274780771322" lon="18.96040856085286">
				<ele>95.71253020875156</ele>
				<time>2026-05-03T12:37:02Z</time>
			</trkpt>
			<trkpt lat="47.21272362505181" lon="18.960392892318875">
				<ele>95.67543720267713</ele>
				<time>2026-05-03T12:37:04Z</time>
			</trkpt>
			<trkpt lat="47.212699189050426" lon="18.96037935109767">
				<ele>95.82074767816812</ele>
				<time>2026-05-03T12:37:06Z</time>
			</trkpt>
			<trkpt lat="47.212674036461244" lon="18.960361390254402">
				<ele>96.72458020970225</ele>
				<time>2026-05-03T12:37:08Z</time>
			</trkpt>
			<trkpt lat="47.21264617372234" lon="18.960341856903465">
				<ele>96.41363816522062</ele>
				<time>2026-05-03T12:37:10Z</time>
			</trkpt>
			<trkpt lat="47.212621077665645" lon="18.96032044881426">
				<ele>96.59041519835591</ele>
				<time>2026-05-03T12:37:12Z</time>
			</trkpt>
			<trkpt lat="47.21259717320308" lon="18.96029577208447">
				<ele>96.36306947469711</ele>
				<time>2026-05-03T12:37:14Z</time>
			</trkpt>
			<trkpt lat="47.21257166391957" lon="18.96027131701177">
				<ele>96.33253325521946</ele>
				<time>2026-05-03T12:37:16Z</time>
			</trkpt>
			<trkpt lat="47.21254896088512" lon="18.96024770670132">
				<ele>96.32776781450957</ele>
				<time>2026-05-03T12:37:18Z</time>
			</trkpt>
			<trkpt lat="47.2125393488284" lon="18.96023062625318">
				<ele>96.36353882681578</ele>
				<time>2026-05-03T12:37:19Z</time>
			</trkpt>
			<trkpt lat="47.212518929833855" lon="18.960202591061552">
				<ele>96.13426345027983</ele>
				<time>2026-05-03T12:37:21Z</time>
			</trkpt>
			<trkpt lat="47.21249767663414" lon="18.960176737728226">
				<ele>96.88642420992255</ele>
				<time>2026-05-03T12:37:23Z</time>
			</trkpt>
			<trkpt lat="47.212472051337556" lon="18.960150335289743">
				<ele>96.79655026365072</ele>
				<time>2026-05-03T12:37:25Z</time>
			</trkpt>
			<trkpt lat="47.21244443896189" lon="18.96012787888766">
				<ele>96.32677590381354</ele>
				<time>2026-05-03T12:37:27Z</time>
			</trkpt>
			<trkpt lat="47.212420081138276" lon="18.960106523053202">
				<ele>96.72067133244127</ele>
				<time>2026-05-03T12:37:29Z</time>
			</trkpt>
			<trkpt lat="47.212398611285415" lon="18.960079274417623">
				<ele>96.32561890594661</ele>
				<time>2026-05-03T12:37:31Z</time>
			</trkpt>
			<trkpt lat="47.212388289513726" lon="18.960062033076248">
				<ele>96.69780563004315</ele>
				<time>2026-05-03T12:37:32Z</time>
			</trkpt>
			<trkpt lat="47.21236466817007" lon="18.960032480736675">
				<ele>97.08788951765746</ele>
				<time>2026-05-03T12:37:34Z</time>
			</trkpt>
			<trkpt lat="47.21234080396058" lon="18.960005356890136">
				<ele>96.9535459401086</ele>
				<time>2026-05-03T12:37:36Z</time>
			</trkpt>
			<trkpt lat="47.21231760995146" lon="18.95998189947234">
				<ele>96.72810499090701</ele>
				<time>2026-05-03T12:37:38Z</time>
			</trkpt>
			<trkpt lat="47.21230013257814" lon="18.959966372657487">
				<ele>96.73744131624699</ele>
				<time>2026-05-03T12:37:39Z</time>
			</trkpt>
			<trkpt lat="47.21226654862584" lon="18.959931393794182">
				<ele>96.78982423245907</ele>
				<time>2026-05-03T12:37:42Z</time>
			</trkpt>
			<trkpt lat="47.21224848189891" lon="18.95990707174386">
				<ele>96.72210990451276</ele>
				<time>2026-05-03T12:37:44Z</time>
			</trkpt>
			<trkpt lat="47.21222038559503" lon="18.95987094306141">
				<ele>97.05981766339391</ele>
				<time>2026-05-03T12:37:47Z</time>
			</trkpt>
			<trkpt lat="47.21220436363695" lon="18.959848747438336">
				<ele>97.21211829129606</ele>
				<time>2026-05-03T12:37:49Z</time>
			</trkpt>
			<trkpt lat="47.212186152583975" lon="18.959829348787515">
				<ele>97.39714078977704</ele>
				<time>2026-05-03T12:37:51Z</time>
			</trkpt>
			<trkpt lat="47.212164529047854" lon="18.959811311797953">
				<ele>96.87128304876387</ele>
				<time>2026-05-03T12:37:53Z</time>
			</trkpt>
			<trkpt lat="47.21215252887862" lon="18.959801579690346">
				<ele>97.07034332770854</ele>
				<time>2026-05-03T12:37:55Z</time>
			</trkpt>
			<trkpt lat="47.21213036139866" lon="18.95978492411775">
				<ele>96.4435104476288</ele>
				<time>2026-05-03T12:37:57Z</time>
			</trkpt>
			<trkpt lat="47.21210395103944" lon="18.95976446680146">
				<ele>96.80315115489066</ele>
				<time>2026-05-03T12:37:59Z</time>
			</trkpt>
			<trkpt lat="47.21207781742221" lon="18.95974227583168">
				<ele>96.28569932375103</ele>
				<time>2026-05-03T12:38:01Z</time>
			</trkpt>
			<trkpt lat="47.2120514122437" lon="18.95971829725336">
				<ele>95.94145023450255</ele>
				<time>2026-05-03T12:38:03Z</time>
			</trkpt>
			<trkpt lat="47.21203564462146" lon="18.959706688008414">
				<ele>96.32839195709676</ele>
				<time>2026-05-03T12:38:04Z</time>
			</trkpt>
			<trkpt lat="47.2120042640829" lon="18.959688296455266">
				<ele>95.91371779236943</ele>
				<time>2026-05-03T12:38:06Z</time>
			</trkpt>
			<trkpt lat="47.21197619784453" lon="18.95967379705954">
				<ele>95.83709336351603</ele>
				<time>2026-05-03T12:38:08Z</time>
			</trkpt>
			<trkpt lat="47.21195045030921" lon="18.959656350928444">
				<ele>96.15836211573333</ele>
				<time>2026-05-03T12:38:10Z</time>
			</trkpt>
			<trkpt lat="47.21191844860463" lon="18.95963102619041">
				<ele>96.1972835874185</ele>
				<time>2026-05-03T12:38:13Z</time>
			</trkpt>
			<trkpt lat="47.21189369635092" lon="18.959612168231164">
				<ele>96.26048310101032</ele>
				<time>2026-05-03T12:38:15Z</time>
			</trkpt>
			<trkpt lat="47.21187072312398" lon="18.959595642524828">
				<ele>96.46993052959442</ele>
				<time>2026-05-03T12:38:17Z</time>
			</trkpt>
			<trkpt lat="47.21184626062272" lon="18.959582682733913">
				<ele>96.94628847576678</ele>
				<time>2026-05-03T12:38:19Z</time>
			</trkpt>
			<trkpt lat="47.21182265967382" lon="18.959569642959572">
				<ele>96.64042789768428</ele>
				<time>2026-05-03T12:38:21Z</time>
			</trkpt>
			<trkpt lat="47.21180101916208" lon="18.959560682820797">
				<ele>97.54738447070122</ele>
				<time>2026-05-03T12:38:23Z</time>
			</trkpt>
			<trkpt lat="47.21177737478687" lon="18.95955182510816">
				<ele>97.4013375043869</ele>
				<time>2026-05-03T12:38:25Z</time>
			</trkpt>
			<trkpt lat="47.21175168264217" lon="18.959539869811678">
				<ele>97.36418720334768</ele>
				<time>2026-05-03T12:38:27Z</time>
			</trkpt>
			<trkpt lat="47.211725537651276" lon="18.959531017631026">
				<ele>97.20163800474256</ele>
				<time>2026-05-03T12:38:29Z</time>
			</trkpt>
			<trkpt lat="47.21170163548291" lon="18.95952247425741">
				<ele>98.22820999845862</ele>
				<time>2026-05-03T12:38:31Z</time>
			</trkpt>
			<trkpt lat="47.211671084010895" lon="18.959520152321232">
				<ele>97.64090002514422</ele>
				<time>2026-05-03T12:38:33Z</time>
			</trkpt>
			<trkpt lat="47.211646655420644" lon="18.959516118438664">
				<ele>98.83551418688148</ele>
				<time>2026-05-03T12:38:35Z</time>
			</trkpt>
			<trkpt lat="47.21161811889803" lon="18.959509205859973">
				<ele>98.08534960914403</ele>
				<time>2026-05-03T12:38:37Z</time>
			</trkpt>
			<trkpt lat="47.21159016919387" lon="18.959499471264">
				<ele>97.5454799644649</ele>
				<time>2026-05-03T12:38:39Z</time>
			</trkpt>
			<trkpt lat="47.21155756630277" lon="18.959482072432667">
				<ele>97.98341026343405</ele>
				<time>2026-05-03T12:38:41Z</time>
			</trkpt>
			<trkpt lat="47.21152431082702" lon="18.95946205425832">
				<ele>97.84755752421916</ele>
				<time>2026-05-03T12:38:43Z</time>
			</trkpt>
			<trkpt lat="47.21149414011793" lon="18.959439681511828">
				<ele>97.93270261958241</ele>
				<time>2026-05-03T12:38:45Z</time>
			</trkpt>
			<trkpt lat="47.21145923608469" lon="18.959414961996508">
				<ele>98.61683087889105</ele>
				<time>2026-05-03T12:38:47Z</time>
			</trkpt>
			<trkpt lat="47.21141088560347" lon="18.959381416136576">
				<ele>97.29244756605476</ele>
				<time>2026-05-03T12:38:51Z</time>
			</trkpt>
			<trkpt lat="47.2113922461297" lon="18.95935820597818">
				<ele>97.92557843588293</ele>
				<time>2026-05-03T12:38:53Z</time>
			</trkpt>
			<trkpt lat="47.21137248400703" lon="18.959326211393172">
				<ele>98.68548684567213</ele>
				<time>2026-05-03T12:38:55Z</time>
			</trkpt>
			<trkpt lat="47.21134820584213" lon="18.959312222295566">
				<ele>99.03834551945329</ele>
				<time>2026-05-03T12:38:57Z</time>
			</trkpt>
			<trkpt lat="47.21132346439452" lon="18.959295312846734">
				<ele>98.27293320931494</ele>
				<time>2026-05-03T12:38:59Z</time>
			</trkpt>
			<trkpt lat="47.211306954815456" lon="18.95927694690654">
				<ele>97.92620672192425</ele>
				<time>2026-05-03T12:39:01Z</time>
			</trkpt>
			<trkpt lat="47.21129528988909" lon="18.959268051129865">
				<ele>97.5706868711859</ele>
				<time>2026-05-03T12:39:03Z</time>
			</trkpt>
			<trkpt lat="47.21127681835575" lon="18.959255868681712">
				<ele>97.11374095175415</ele>
				<time>2026-05-03T12:39:05Z</time>
			</trkpt>
			<trkpt lat="47.21125159667427" lon="18.95923844743164">
				<ele>97.38653717190027</ele>
				<time>2026-05-03T12:39:07Z</time>
			</trkpt>
			<trkpt lat="47.21123015394911" lon="18.959221295251666">
				<ele>96.61697287391871</ele>
				<time>2026-05-03T12:39:10Z</time>
			</trkpt>
			<trkpt lat="47.21120913663211" lon="18.95920530832408">
				<ele>96.80411185696721</ele>
				<time>2026-05-03T12:39:12Z</time>
			</trkpt>
			<trkpt lat="47.211189185264146" lon="18.959190008418176">
				<ele>97.40348425786942</ele>
				<time>2026-05-03T12:39:15Z</time>
			</trkpt>
			<trkpt lat="47.211172187611915" lon="18.959169312390372">
				<ele>97.64726650062948</ele>
				<time>2026-05-03T12:39:17Z</time>
			</trkpt>
			<trkpt lat="47.21115118831479" lon="18.959145222332076">
				<ele>97.45931097585708</ele>
				<time>2026-05-03T12:39:19Z</time>
			</trkpt>
			<trkpt lat="47.211128293468086" lon="18.959107821067164">
				<ele>96.4050738895312</ele>
				<time>2026-05-03T12:39:22Z</time>
			</trkpt>
			<trkpt lat="47.211108403273165" lon="18.959068673733587">
				<ele>97.5921775167808</ele>
				<time>2026-05-03T12:39:25Z</time>
			</trkpt>
			<trkpt lat="47.21109888490661" lon="18.959034503711568">
				<ele>96.86108349449933</ele>
				<time>2026-05-03T12:39:27Z</time>
			</trkpt>
			<trkpt lat="47.21108799225063" lon="18.958998598172727">
				<ele>96.53612115513533</ele>
				<time>2026-05-03T12:39:29Z</time>
			</trkpt>
			<trkpt lat="47.21108392205373" lon="18.95897655946806">
				<ele>97.05152255482972</ele>
				<time>2026-05-03T12:39:31Z</time>
			</trkpt>
			<trkpt lat="47.21108212395085" lon="18.95894607610126">
				<ele>97.04677437059581</ele>
				<time>2026-05-03T12:39:33Z</time>
			</trkpt>
			<trkpt lat="47.21107825098143" lon="18.95892076932843">
				<ele>97.05427145026624</ele>
				<time>2026-05-03T12:39:35Z</time>
			</trkpt>
			<trkpt lat="47.21106624959466" lon="18.95888370705342">
				<ele>96.99137128796428</ele>
				<time>2026-05-03T12:39:37Z</time>
			</trkpt>
			<trkpt lat="47.211061472626916" lon="18.95885104465431">
				<ele>98.44910600408912</ele>
				<time>2026-05-03T12:39:38Z</time>
			</trkpt>
			<trkpt lat="47.21105185021886" lon="18.958809461401643">
				<ele>97.93579793721437</ele>
				<time>2026-05-03T12:39:40Z</time>
			</trkpt>
			<trkpt lat="47.21104349291517" lon="18.9587691808086">
				<ele>97.10656477697194</ele>
				<time>2026-05-03T12:39:42Z</time>
			</trkpt>
			<trkpt lat="47.21102669741168" lon="18.95872259758696">
				<ele>96.38633942976594</ele>
				<time>2026-05-03T12:39:45Z</time>
			</trkpt>
			<trkpt lat="47.21101196286007" lon="18.95869140585882">
				<ele>96.54619105439633</ele>
				<time>2026-05-03T12:39:47Z</time>
			</trkpt>
			<trkpt lat="47.21099849483759" lon="18.958656624993232">
				<ele>96.87540112342685</ele>
				<time>2026-05-03T12:39:49Z</time>
			</trkpt>
			<trkpt lat="47.210983142996035" lon="18.958629918883705">
				<ele>97.55401883646846</ele>
				<time>2026-05-03T12:39:51Z</time>
			</trkpt>
			<trkpt lat="47.210972142277846" lon="18.958618524887957">
				<ele>96.60436103958637</ele>
				<time>2026-05-03T12:39:52Z</time>
			</trkpt>
			<trkpt lat="47.21095409681643" lon="18.958586214575423">
				<ele>96.68815804645419</ele>
				<time>2026-05-03T12:39:54Z</time>
			</trkpt>
			<trkpt lat="47.21093303140026" lon="18.958554695730275">
				<ele>96.96898173447698</ele>
				<time>2026-05-03T12:39:56Z</time>
			</trkpt>
			<trkpt lat="47.21090800488857" lon="18.958526416442687">
				<ele>96.72813243791461</ele>
				<time>2026-05-03T12:39:57Z</time>
			</trkpt>
			<trkpt lat="47.21088548119558" lon="18.958504512888332">
				<ele>96.35738732665777</ele>
				<time>2026-05-03T12:39:59Z</time>
			</trkpt>
			<trkpt lat="47.21086171623411" lon="18.958478232944262">
				<ele>96.79350919555873</ele>
				<time>2026-05-03T12:40:01Z</time>
			</trkpt>
			<trkpt lat="47.21083891428852" lon="18.958450539617996">
				<ele>97.15342905279249</ele>
				<time>2026-05-03T12:40:03Z</time>
			</trkpt>
			<trkpt lat="47.21081917468593" lon="18.958426639085605">
				<ele>96.70301934424788</ele>
				<time>2026-05-03T12:40:06Z</time>
			</trkpt>
			<trkpt lat="47.210801210150585" lon="18.958406422400568">
				<ele>96.22800711449236</ele>
				<time>2026-05-03T12:40:08Z</time>
			</trkpt>
			<trkpt lat="47.21078273544578" lon="18.958384521869863">
				<ele>96.26395105570555</ele>
				<time>2026-05-03T12:40:10Z</time>
			</trkpt>
			<trkpt lat="47.210771851775" lon="18.958371463621145">
				<ele>97.01357117667794</ele>
				<time>2026-05-03T12:40:12Z</time>
			</trkpt>
			<trkpt lat="47.21076357507615" lon="18.95836330956387">
				<ele>96.73419991694391</ele>
				<time>2026-05-03T12:40:14Z</time>
			</trkpt>
			<trkpt lat="47.21074260322881" lon="18.958346324309943">
				<ele>96.74873971752822</ele>
				<time>2026-05-03T12:40:16Z</time>
			</trkpt>
			<trkpt lat="47.210717758276004" lon="18.958325276404704">
				<ele>96.75662028323859</ele>
				<time>2026-05-03T12:40:18Z</time>
			</trkpt>
			<trkpt lat="47.210677867125455" lon="18.958293165572925">
				<ele>96.93291981052607</ele>
				<time>2026-05-03T12:40:21Z</time>
			</trkpt>
			<trkpt lat="47.21064732420083" lon="18.95827589161649">
				<ele>96.74176051467657</ele>
				<time>2026-05-03T12:40:23Z</time>
			</trkpt>
			<trkpt lat="47.21062329877365" lon="18.958265754959182">
				<ele>97.17777172196656</ele>
				<time>2026-05-03T12:40:25Z</time>
			</trkpt>
			<trkpt lat="47.21059937244973" lon="18.95825549378613">
				<ele>97.47817518003285</ele>
				<time>2026-05-03T12:40:27Z</time>
			</trkpt>
			<trkpt lat="47.210587502335876" lon="18.958235756877478">
				<ele>100.24727476201952</ele>
				<time>2026-05-03T12:40:28Z</time>
			</trkpt>
			<trkpt lat="47.21055766187512" lon="18.958200401166366">
				<ele>98.84506565146148</ele>
				<time>2026-05-03T12:40:31Z</time>
			</trkpt>
			<trkpt lat="47.210543640206744" lon="18.95819469677781">
				<ele>99.084189331159</ele>
				<time>2026-05-03T12:40:32Z</time>
			</trkpt>
			<trkpt lat="47.21052658836126" lon="18.958174012184752">
				<ele>99.45701705198735</ele>
				<time>2026-05-03T12:40:34Z</time>
			</trkpt>
			<trkpt lat="47.21050579235886" lon="18.95815737018466">
				<ele>99.27092662360519</ele>
				<time>2026-05-03T12:40:36Z</time>
			</trkpt>
			<trkpt lat="47.21048636076592" lon="18.95814093217387">
				<ele>98.29752958007157</ele>
				<time>2026-05-03T12:40:38Z</time>
			</trkpt>
			<trkpt lat="47.210470080375394" lon="18.95811819978312">
				<ele>98.19640722870827</ele>
				<time>2026-05-03T12:40:40Z</time>
			</trkpt>
			<trkpt lat="47.21044949086373" lon="18.95809588995418">
				<ele>97.79389079194516</ele>
				<time>2026-05-03T12:40:42Z</time>
			</trkpt>
			<trkpt lat="47.21043757420172" lon="18.95807963501999">
				<ele>97.93914828822017</ele>
				<time>2026-05-03T12:40:44Z</time>
			</trkpt>
			<trkpt lat="47.21042747817105" lon="18.95805960810524">
				<ele>98.37164380215108</ele>
				<time>2026-05-03T12:40:45Z</time>
			</trkpt>
			<trkpt lat="47.210410375327385" lon="18.958035010838124">
				<ele>98.0382417626679</ele>
				<time>2026-05-03T12:40:47Z</time>
			</trkpt>
			<trkpt lat="47.21038873580425" lon="18.958004133347284">
				<ele>98.1315940618515</ele>
				<time>2026-05-03T12:40:49Z</time>
			</trkpt>
			<trkpt lat="47.21036835757152" lon="18.957982834518326">
				<ele>98.20962022803724</ele>
				<time>2026-05-03T12:40:51Z</time>
			</trkpt>
			<trkpt lat="47.21035828891595" lon="18.957966922098045">
				<ele>98.41748795006424</ele>
				<time>2026-05-03T12:40:52Z</time>
			</trkpt>
			<trkpt lat="47.210339601810176" lon="18.95793341209329">
				<ele>98.28615496773273</ele>
				<time>2026-05-03T12:40:54Z</time>
			</trkpt>
			<trkpt lat="47.21031679990023" lon="18.95790404978141">
				<ele>97.91183553542942</ele>
				<time>2026-05-03T12:40:56Z</time>
			</trkpt>
			<trkpt lat="47.21030020374263" lon="18.957871908709226">
				<ele>97.98205378465354</ele>
				<time>2026-05-03T12:40:58Z</time>
			</trkpt>
			<trkpt lat="47.21028434620234" lon="18.957842648489525">
				<ele>98.52023151516914</ele>
				<time>2026-05-03T12:41:00Z</time>
			</trkpt>
			<trkpt lat="47.21025981593794" lon="18.95781951277737">
				<ele>98.27379970345646</ele>
				<time>2026-05-03T12:41:02Z</time>
			</trkpt>
			<trkpt lat="47.21024441591896" lon="18.957795096206212">
				<ele>98.71814514044672</ele>
				<time>2026-05-03T12:41:04Z</time>
			</trkpt>
			<trkpt lat="47.21023021105945" lon="18.957783060213817">
				<ele>98.128657925874</ele>
				<time>2026-05-03T12:41:06Z</time>
			</trkpt>
			<trkpt lat="47.21021192132903" lon="18.95776564825233">
				<ele>97.58275844436139</ele>
				<time>2026-05-03T12:41:08Z</time>
			</trkpt>
			<trkpt lat="47.21019038697411" lon="18.957739911327756">
				<ele>97.26979738101363</ele>
				<time>2026-05-03T12:41:10Z</time>
			</trkpt>
			<trkpt lat="47.21016555004634" lon="18.957708985965418">
				<ele>96.74475041311234</ele>
				<time>2026-05-03T12:41:12Z</time>
			</trkpt>
			<trkpt lat="47.21014736453892" lon="18.957677429521556">
				<ele>97.21792802680284</ele>
				<time>2026-05-03T12:41:14Z</time>
			</trkpt>
			<trkpt lat="47.2101260722977" lon="18.95764862957496">
				<ele>97.36381061188877</ele>
				<time>2026-05-03T12:41:16Z</time>
			</trkpt>
			<trkpt lat="47.210101180430335" lon="18.957629660821407">
				<ele>97.2586504323408</ele>
				<time>2026-05-03T12:41:18Z</time>
			</trkpt>
			<trkpt lat="47.21007438823127" lon="18.957614787131085">
				<ele>96.97225099802017</ele>
				<time>2026-05-03T12:41:20Z</time>
			</trkpt>
			<trkpt lat="47.21004740868155" lon="18.957597259732577">
				<ele>96.31130441371351</ele>
				<time>2026-05-03T12:41:22Z</time>
			</trkpt>
			<trkpt lat="47.210019765533495" lon="18.95757943939985">
				<ele>96.38855721708387</ele>
				<time>2026-05-03T12:41:24Z</time>
			</trkpt>
			<trkpt lat="47.20999006384884" lon="18.957561103060076">
				<ele>96.50759886112064</ele>
				<time>2026-05-03T12:41:26Z</time>
			</trkpt>
			<trkpt lat="47.2099617551652" lon="18.95754508223861">
				<ele>96.10694312956184</ele>
				<time>2026-05-03T12:41:28Z</time>
			</trkpt>
			<trkpt lat="47.20993927828237" lon="18.957527072877166">
				<ele>96.9293179018423</ele>
				<time>2026-05-03T12:41:30Z</time>
			</trkpt>
			<trkpt lat="47.209924842161975" lon="18.957518015762023">
				<ele>96.98787356726825</ele>
				<time>2026-05-03T12:41:31Z</time>
			</trkpt>
			<trkpt lat="47.20989650602253" lon="18.957499529649418">
				<ele>97.13841301947832</ele>
				<time>2026-05-03T12:41:33Z</time>
			</trkpt>
			<trkpt lat="47.20987100094386" lon="18.957488483796368">
				<ele>96.97068685013801</ele>
				<time>2026-05-03T12:41:35Z</time>
			</trkpt>
			<trkpt lat="47.2098555004899" lon="18.957470031337365">
				<ele>97.52844961825758</ele>
				<time>2026-05-03T12:41:37Z</time>
			</trkpt>
			<trkpt lat="47.20983579759521" lon="18.95744840344479">
				<ele>97.79950478859246</ele>
				<time>2026-05-03T12:41:39Z</time>
			</trkpt>
			<trkpt lat="47.209819888503844" lon="18.95744214019335">
				<ele>97.73846797738224</ele>
				<time>2026-05-03T12:41:40Z</time>
			</trkpt>
			<trkpt lat="47.20979623115903" lon="18.95741480049832">
				<ele>98.25705614220351</ele>
				<time>2026-05-03T12:41:42Z</time>
			</trkpt>
			<trkpt lat="47.209755719084264" lon="18.957391270007555">
				<ele>98.76938917860389</ele>
				<time>2026-05-03T12:41:44Z</time>
			</trkpt>
			<trkpt lat="47.209731632842306" lon="18.957362734339174">
				<ele>97.49062251020223</ele>
				<time>2026-05-03T12:41:46Z</time>
			</trkpt>
			<trkpt lat="47.20971634034407" lon="18.957342450723463">
				<ele>97.96955653466284</ele>
				<time>2026-05-03T12:41:48Z</time>
			</trkpt>
			<trkpt lat="47.20970099412279" lon="18.957322738467013">
				<ele>98.3538675494492</ele>
				<time>2026-05-03T12:41:50Z</time>
			</trkpt>
			<trkpt lat="47.209679050588036" lon="18.957299129708616">
				<ele>97.81400828808546</ele>
				<time>2026-05-03T12:41:52Z</time>
			</trkpt>
			<trkpt lat="47.20966908785464" lon="18.957280135789564">
				<ele>97.52328278124332</ele>
				<time>2026-05-03T12:41:53Z</time>
			</trkpt>
			<trkpt lat="47.20964918615706" lon="18.957251952055906">
				<ele>97.53704400267452</ele>
				<time>2026-05-03T12:41:55Z</time>
			</trkpt>
			<trkpt lat="47.20963041629361" lon="18.957229468663748">
				<ele>96.71358450036496</ele>
				<time>2026-05-03T12:41:57Z</time>
			</trkpt>
			<trkpt lat="47.209604976440865" lon="18.957197671836873">
				<ele>97.0210526669398</ele>
				<time>2026-05-03T12:42:00Z</time>
			</trkpt>
			<trkpt lat="47.20959485043432" lon="18.957186481966264">
				<ele>97.04192891623825</ele>
				<time>2026-05-03T12:42:01Z</time>
			</trkpt>
			<trkpt lat="47.20957424366736" lon="18.95716460328514">
				<ele>96.55995839182287</ele>
				<time>2026-05-03T12:42:03Z</time>
			</trkpt>
			<trkpt lat="47.2095581464673" lon="18.957148295137365">
				<ele>96.16151615511626</ele>
				<time>2026-05-03T12:42:06Z</time>
			</trkpt>
			<trkpt lat="47.209549170334384" lon="18.957140291587024">
				<ele>95.8843966703862</ele>
				<time>2026-05-03T12:42:09Z</time>
			</trkpt>
			<trkpt lat="47.209537802310095" lon="18.957130419889268">
				<ele>95.82002115622163</ele>
				<time>2026-05-03T12:42:12Z</time>
			</trkpt>
			<trkpt lat="47.20952493339452" lon="18.957118591288665">
				<ele>96.0006046872586</ele>
				<time>2026-05-03T12:42:15Z</time>
			</trkpt>
			<trkpt lat="47.20951151722846" lon="18.957108054698782">
				<ele>96.11560535430908</ele>
				<time>2026-05-03T12:42:17Z</time>
			</trkpt>
			<trkpt lat="47.209494934475316" lon="18.957093151878862">
				<ele>96.21862105093896</ele>
				<time>2026-05-03T12:42:20Z</time>
			</trkpt>
			<trkpt lat="47.20947970175261" lon="18.957077854261996">
				<ele>96.67804069258273</ele>
				<time>2026-05-03T12:42:22Z</time>
			</trkpt>
			<trkpt lat="47.20946453818767" lon="18.957064111771682">
				<ele>96.54144677426666</ele>
				<time>2026-05-03T12:42:24Z</time>
			</trkpt>
			<trkpt lat="47.20943652079052" lon="18.957041289604742">
				<ele>96.70756916236132</ele>
				<time>2026-05-03T12:42:26Z</time>
			</trkpt>
			<trkpt lat="47.209415074443385" lon="18.957024054462387">
				<ele>96.71202699374408</ele>
				<time>2026-05-03T12:42:28Z</time>
			</trkpt>
			<trkpt lat="47.20939742344518" lon="18.9570109596102">
				<ele>96.73966637440026</ele>
				<time>2026-05-03T12:42:30Z</time>
			</trkpt>
			<trkpt lat="47.209369819234624" lon="18.956992688142844">
				<ele>97.04638313129544</ele>
				<time>2026-05-03T12:42:32Z</time>
			</trkpt>
			<trkpt lat="47.209347528500324" lon="18.956982173305448">
				<ele>96.61240678653121</ele>
				<time>2026-05-03T12:42:33Z</time>
			</trkpt>
			<trkpt lat="47.209317102551864" lon="18.95696906458573">
				<ele>96.3951476411894</ele>
				<time>2026-05-03T12:42:35Z</time>
			</trkpt>
			<trkpt lat="47.20928930255689" lon="18.956956070900752">
				<ele>96.51540578529239</ele>
				<time>2026-05-03T12:42:37Z</time>
			</trkpt>
			<trkpt lat="47.20926791004965" lon="18.95694520506288">
				<ele>97.45620464067906</ele>
				<time>2026-05-03T12:42:39Z</time>
			</trkpt>
			<trkpt lat="47.209242625024075" lon="18.956934794179517">
				<ele>96.68998002726585</ele>
				<time>2026-05-03T12:42:41Z</time>
			</trkpt>
			<trkpt lat="47.209219409505195" lon="18.95692559891023">
				<ele>97.09941510856152</ele>
				<time>2026-05-03T12:42:44Z</time>
			</trkpt>
			<trkpt lat="47.20920864253395" lon="18.95691954276673">
				<ele>98.54511542059481</ele>
				<time>2026-05-03T12:42:46Z</time>
			</trkpt>
			<trkpt lat="47.20919211106679" lon="18.956899247231135">
				<ele>97.48732824530452</ele>
				<time>2026-05-03T12:42:48Z</time>
			</trkpt>
			<trkpt lat="47.209175068577196" lon="18.956891003104307">
				<ele>97.59309919271618</ele>
				<time>2026-05-03T12:42:49Z</time>
			</trkpt>
			<trkpt lat="47.20914364605151" lon="18.956878996224646">
				<ele>97.1406382881105</ele>
				<time>2026-05-03T12:42:51Z</time>
			</trkpt>
			<trkpt lat="47.20912257763485" lon="18.956867553878485">
				<ele>97.3231825530529</ele>
				<time>2026-05-03T12:42:52Z</time>
			</trkpt>
			<trkpt lat="47.20909191714878" lon="18.95685127081325">
				<ele>97.73394475504756</ele>
				<time>2026-05-03T12:42:54Z</time>
			</trkpt>
			<trkpt lat="47.20907869242282" lon="18.95684061472586">
				<ele>98.59878681320697</ele>
				<time>2026-05-03T12:42:56Z</time>
			</trkpt>
			<trkpt lat="47.2090636924044" lon="18.95683447785182">
				<ele>98.50298776943237</ele>
				<time>2026-05-03T12:42:57Z</time>
			</trkpt>
			<trkpt lat="47.209048936110634" lon="18.95682057974478">
				<ele>99.01251527480781</ele>
				<time>2026-05-03T12:42:58Z</time>
			</trkpt>
			<trkpt lat="47.209011775535366" lon="18.956795778017767">
				<ele>97.97153317928314</ele>
				<time>2026-05-03T12:43:01Z</time>
			</trkpt>
			<trkpt lat="47.20899138290778" lon="18.95677691055612">
				<ele>98.40954148489982</ele>
				<time>2026-05-03T12:43:03Z</time>
			</trkpt>
			<trkpt lat="47.208973058784565" lon="18.956757485953055">
				<ele>99.58621758036315</ele>
				<time>2026-05-03T12:43:04Z</time>
			</trkpt>
			<trkpt lat="47.20893944321635" lon="18.95672149013317">
				<ele>98.56438651867211</ele>
				<time>2026-05-03T12:43:07Z</time>
			</trkpt>
			<trkpt lat="47.208926280381284" lon="18.9567226506659">
				<ele>98.6689865142107</ele>
				<time>2026-05-03T12:43:08Z</time>
			</trkpt>
			<trkpt lat="47.20890199296194" lon="18.956707586760228">
				<ele>98.60992050915956</ele>
				<time>2026-05-03T12:43:10Z</time>
			</trkpt>
			<trkpt lat="47.20887960654843" lon="18.956692139352977">
				<ele>98.53459058515728</ele>
				<time>2026-05-03T12:43:12Z</time>
			</trkpt>
			<trkpt lat="47.208853682293245" lon="18.95667364146546">
				<ele>97.96931323315948</ele>
				<time>2026-05-03T12:43:14Z</time>
			</trkpt>
			<trkpt lat="47.208842674262335" lon="18.956654585660687">
				<ele>97.91110843513161</ele>
				<time>2026-05-03T12:43:15Z</time>
			</trkpt>
			<trkpt lat="47.208823350467156" lon="18.956619684435097">
				<ele>98.17342736385763</ele>
				<time>2026-05-03T12:43:17Z</time>
			</trkpt>
			<trkpt lat="47.208798559684254" lon="18.95658784241029">
				<ele>98.36628856509924</ele>
				<time>2026-05-03T12:43:19Z</time>
			</trkpt>
			<trkpt lat="47.208772016145836" lon="18.956551314633373">
				<ele>98.58258536830544</ele>
				<time>2026-05-03T12:43:21Z</time>
			</trkpt>
			<trkpt lat="47.208746447890654" lon="18.956520501385413">
				<ele>98.88064141571522</ele>
				<time>2026-05-03T12:43:23Z</time>
			</trkpt>
			<trkpt lat="47.20872409803182" lon="18.956499075406697">
				<ele>98.31646436173469</ele>
				<time>2026-05-03T12:43:25Z</time>
			</trkpt>
			<trkpt lat="47.20871567472682" lon="18.956480328189055">
				<ele>98.37961814925075</ele>
				<time>2026-05-03T12:43:26Z</time>
			</trkpt>
			<trkpt lat="47.20869791395878" lon="18.956459266746695">
				<ele>98.24321653693914</ele>
				<time>2026-05-03T12:43:28Z</time>
			</trkpt>
			<trkpt lat="47.20868974475652" lon="18.956444727467925">
				<ele>98.3388156387955</ele>
				<time>2026-05-03T12:43:29Z</time>
			</trkpt>
			<trkpt lat="47.2086761716997" lon="18.956412501705795">
				<ele>97.75359643623233</ele>
				<time>2026-05-03T12:43:31Z</time>
			</trkpt>
			<trkpt lat="47.208661306322135" lon="18.956383000850103">
				<ele>98.21535654831678</ele>
				<time>2026-05-03T12:43:33Z</time>
			</trkpt>
			<trkpt lat="47.208645475259615" lon="18.956350536099833">
				<ele>98.46765927504748</ele>
				<time>2026-05-03T12:43:35Z</time>
			</trkpt>
			<trkpt lat="47.20862008748567" lon="18.95632510353129">
				<ele>98.03612501453608</ele>
				<time>2026-05-03T12:43:37Z</time>
			</trkpt>
			<trkpt lat="47.20859574941077" lon="18.956309509876018">
				<ele>98.64737285207957</ele>
				<time>2026-05-03T12:43:39Z</time>
			</trkpt>
			<trkpt lat="47.208574734932355" lon="18.956287112333996">
				<ele>99.17628090828657</ele>
				<time>2026-05-03T12:43:41Z</time>
			</trkpt>
			<trkpt lat="47.20856012467415" lon="18.95628472664876">
				<ele>99.34571060538292</ele>
				<time>2026-05-03T12:43:42Z</time>
			</trkpt>
			<trkpt lat="47.20854561598691" lon="18.956256027597746">
				<ele>99.60307143442333</ele>
				<time>2026-05-03T12:43:44Z</time>
			</trkpt>
			<trkpt lat="47.20853592876427" lon="18.95623915676071">
				<ele>99.91004313994199</ele>
				<time>2026-05-03T12:43:46Z</time>
			</trkpt>
			<trkpt lat="47.208521479333996" lon="18.956233960077206">
				<ele>99.40560168400407</ele>
				<time>2026-05-03T12:43:47Z</time>
			</trkpt>
			<trkpt lat="47.20849775270829" lon="18.95621167832385">
				<ele>99.34221821837127</ele>
				<time>2026-05-03T12:43:49Z</time>
			</trkpt>
			<trkpt lat="47.20848119464373" lon="18.956203150768978">
				<ele>99.15313285030425</ele>
				<time>2026-05-03T12:43:50Z</time>
			</trkpt>
			<trkpt lat="47.20845146544941" lon="18.956185455796778">
				<ele>98.64890058897436</ele>
				<time>2026-05-03T12:43:52Z</time>
			</trkpt>
			<trkpt lat="47.208423773839314" lon="18.95616654110649">
				<ele>98.4154490120709</ele>
				<time>2026-05-03T12:43:54Z</time>
			</trkpt>
			<trkpt lat="47.2084071461275" lon="18.956158093769226">
				<ele>98.43061466049403</ele>
				<time>2026-05-03T12:43:55Z</time>
			</trkpt>
			<trkpt lat="47.208376648781" lon="18.95614835187567">
				<ele>98.29625703487545</ele>
				<time>2026-05-03T12:43:57Z</time>
			</trkpt>
			<trkpt lat="47.20836016052008" lon="18.956141249528958">
				<ele>98.27209130581468</ele>
				<time>2026-05-03T12:43:59Z</time>
			</trkpt>
			<trkpt lat="47.208338922143945" lon="18.956131393800074">
				<ele>97.6755914799869</ele>
				<time>2026-05-03T12:44:00Z</time>
			</trkpt>
			<trkpt lat="47.20831192890147" lon="18.956118526818912">
				<ele>97.80633582361042</ele>
				<time>2026-05-03T12:44:02Z</time>
			</trkpt>
			<trkpt lat="47.20828430451592" lon="18.956108694609508">
				<ele>97.68006792385131</ele>
				<time>2026-05-03T12:44:04Z</time>
			</trkpt>
			<trkpt lat="47.20825394305278" lon="18.95609731286939">
				<ele>97.9604411823675</ele>
				<time>2026-05-03T12:44:06Z</time>
			</trkpt>
			<trkpt lat="47.20822512982825" lon="18.95608600168891">
				<ele>98.43036427348852</ele>
				<time>2026-05-03T12:44:08Z</time>
			</trkpt>
			<trkpt lat="47.20820840256079" lon="18.956078562410156">
				<ele>98.34389555640519</ele>
				<time>2026-05-03T12:44:09Z</time>
			</trkpt>
			<trkpt lat="47.20817891058503" lon="18.956068071023907">
				<ele>99.53693520650268</ele>
				<time>2026-05-03T12:44:11Z</time>
			</trkpt>
			<trkpt lat="47.20815938136274" lon="18.956063416641854">
				<ele>98.99910476524383</ele>
				<time>2026-05-03T12:44:12Z</time>
			</trkpt>
			<trkpt lat="47.20812604239977" lon="18.956053797467103">
				<ele>98.92799081187695</ele>
				<time>2026-05-03T12:44:14Z</time>
			</trkpt>
			<trkpt lat="47.208096747434936" lon="18.95604884121711">
				<ele>98.80082227382809</ele>
				<time>2026-05-03T12:44:16Z</time>
			</trkpt>
			<trkpt lat="47.20806817162395" lon="18.95604743448322">
				<ele>99.89458458963782</ele>
				<time>2026-05-03T12:44:18Z</time>
			</trkpt>
			<trkpt lat="47.20804972269997" lon="18.956049688242885">
				<ele>99.5363174714148</ele>
				<time>2026-05-03T12:44:19Z</time>
			</trkpt>
			<trkpt lat="47.2080176844131" lon="18.956058980452784">
				<ele>99.88229474052787</ele>
				<time>2026-05-03T12:44:21Z</time>
			</trkpt>
			<trkpt lat="47.207986566921804" lon="18.956071311515895">
				<ele>99.61875743698329</ele>
				<time>2026-05-03T12:44:23Z</time>
			</trkpt>
			<trkpt lat="47.20795766217668" lon="18.956075123604883">
				<ele>99.60626350622624</ele>
				<time>2026-05-03T12:44:25Z</time>
			</trkpt>
			<trkpt lat="47.20792855403704" lon="18.95607196813251">
				<ele>99.1410425119102</ele>
				<time>2026-05-03T12:44:27Z</time>
			</trkpt>
			<trkpt lat="47.20789367954186" lon="18.956072884722445">
				<ele>99.05872242152691</ele>
				<time>2026-05-03T12:44:29Z</time>
			</trkpt>
			<trkpt lat="47.207866686688966" lon="18.956074112937078">
				<ele>99.19002047833055</ele>
				<time>2026-05-03T12:44:31Z</time>
			</trkpt>
			<trkpt lat="47.20783957785197" lon="18.956069757731065">
				<ele>98.62349200434983</ele>
				<time>2026-05-03T12:44:33Z</time>
			</trkpt>
			<trkpt lat="47.20781585634522" lon="18.95606153926373">
				<ele>98.71586952079087</ele>
				<time>2026-05-03T12:44:35Z</time>
			</trkpt>
			<trkpt lat="47.207806307398045" lon="18.95604921603938">
				<ele>98.72640738915652</ele>
				<time>2026-05-03T12:44:36Z</time>
			</trkpt>
			<trkpt lat="47.20779142714695" lon="18.956047166343275">
				<ele>98.76767509616911</ele>
				<time>2026-05-03T12:44:37Z</time>
			</trkpt>
			<trkpt lat="47.20776196760685" lon="18.956047973816403">
				<ele>98.47959058824927</ele>
				<time>2026-05-03T12:44:39Z</time>
			</trkpt>
			<trkpt lat="47.20772899407739" lon="18.956036855163894">
				<ele>99.29002250917256</ele>
				<time>2026-05-03T12:44:41Z</time>
			</trkpt>
			<trkpt lat="47.20769639297602" lon="18.956036248074003">
				<ele>98.99921299796551</ele>
				<time>2026-05-03T12:44:43Z</time>
			</trkpt>
			<trkpt lat="47.20768400321289" lon="18.956024613632525">
				<ele>98.96731968224049</ele>
				<time>2026-05-03T12:44:44Z</time>
			</trkpt>
			<trkpt lat="47.207657014975375" lon="18.956013719029343">
				<ele>98.77261155471206</ele>
				<time>2026-05-03T12:44:46Z</time>
			</trkpt>
			<trkpt lat="47.20763781688584" lon="18.956005408036717">
				<ele>98.30696975719184</ele>
				<time>2026-05-03T12:44:48Z</time>
			</trkpt>
			<trkpt lat="47.207617632140234" lon="18.95599417905279">
				<ele>98.25006711762398</ele>
				<time>2026-05-03T12:44:50Z</time>
			</trkpt>
			<trkpt lat="47.20760244011042" lon="18.95599039601109">
				<ele>98.70067546609789</ele>
				<time>2026-05-03T12:44:51Z</time>
			</trkpt>
			<trkpt lat="47.20757923327541" lon="18.955974446841896">
				<ele>98.67138827964664</ele>
				<time>2026-05-03T12:44:53Z</time>
			</trkpt>
			<trkpt lat="47.20755793283206" lon="18.95595186440124">
				<ele>97.99490302987397</ele>
				<time>2026-05-03T12:44:55Z</time>
			</trkpt>
			<trkpt lat="47.20753365010276" lon="18.955930171327296">
				<ele>98.8369642784819</ele>
				<time>2026-05-03T12:44:57Z</time>
			</trkpt>
			<trkpt lat="47.20750946616404" lon="18.955909725573463">
				<ele>99.13486723508686</ele>
				<time>2026-05-03T12:44:59Z</time>
			</trkpt>
			<trkpt lat="47.20749436301812" lon="18.955894118474973">
				<ele>99.61224803235382</ele>
				<time>2026-05-03T12:45:00Z</time>
			</trkpt>
			<trkpt lat="47.207471138953174" lon="18.955867983349936">
				<ele>98.88068556133658</ele>
				<time>2026-05-03T12:45:02Z</time>
			</trkpt>
			<trkpt lat="47.207453552614545" lon="18.955838241702946">
				<ele>98.68224268686026</ele>
				<time>2026-05-03T12:45:04Z</time>
			</trkpt>
			<trkpt lat="47.207432868078875" lon="18.955817845724727">
				<ele>98.09470675233752</ele>
				<time>2026-05-03T12:45:06Z</time>
			</trkpt>
			<trkpt lat="47.20741074248641" lon="18.955803831351243">
				<ele>98.70612358115613</ele>
				<time>2026-05-03T12:45:08Z</time>
			</trkpt>
			<trkpt lat="47.20739630478384" lon="18.955800361783435">
				<ele>97.9168090922758</ele>
				<time>2026-05-03T12:45:09Z</time>
			</trkpt>
			<trkpt lat="47.207368452356754" lon="18.9557877378279">
				<ele>98.58955270051956</ele>
				<time>2026-05-03T12:45:11Z</time>
			</trkpt>
			<trkpt lat="47.20735178581298" lon="18.955779637150503">
				<ele>98.49381800740957</ele>
				<time>2026-05-03T12:45:12Z</time>
			</trkpt>
			<trkpt lat="47.207313825165066" lon="18.955764720436942">
				<ele>97.94496202562004</ele>
				<time>2026-05-03T12:45:14Z</time>
			</trkpt>
			<trkpt lat="47.20728453577176" lon="18.955752252484128">
				<ele>98.01558907795697</ele>
				<time>2026-05-03T12:45:16Z</time>
			</trkpt>
			<trkpt lat="47.207256231950545" lon="18.955738862778254">
				<ele>98.44420552719384</ele>
				<time>2026-05-03T12:45:18Z</time>
			</trkpt>
			<trkpt lat="47.207231984766146" lon="18.955726375930457">
				<ele>98.2656393731013</ele>
				<time>2026-05-03T12:45:20Z</time>
			</trkpt>
			<trkpt lat="47.2072194876722" lon="18.955718113921158">
				<ele>98.2833122452721</ele>
				<time>2026-05-03T12:45:22Z</time>
			</trkpt>
			<trkpt lat="47.207210919510025" lon="18.955712583034593">
				<ele>98.33132343553007</ele>
				<time>2026-05-03T12:45:24Z</time>
			</trkpt>
			<trkpt lat="47.207189716872996" lon="18.95570273315937">
				<ele>98.51194276381284</ele>
				<time>2026-05-03T12:45:26Z</time>
			</trkpt>
			<trkpt lat="47.207165280368464" lon="18.955693911805835">
				<ele>98.10178543347865</ele>
				<time>2026-05-03T12:45:29Z</time>
			</trkpt>
			<trkpt lat="47.20714079062574" lon="18.955688416425687">
				<ele>98.17854613624513</ele>
				<time>2026-05-03T12:45:31Z</time>
			</trkpt>
			<trkpt lat="47.207113316702355" lon="18.955682995571898">
				<ele>98.40078337490559</ele>
				<time>2026-05-03T12:45:33Z</time>
			</trkpt>
			<trkpt lat="47.20708704770436" lon="18.955677350592566">
				<ele>98.10277338325977</ele>
				<time>2026-05-03T12:45:35Z</time>
			</trkpt>
			<trkpt lat="47.20706153246112" lon="18.955672019706096">
				<ele>98.93384503293782</ele>
				<time>2026-05-03T12:45:37Z</time>
			</trkpt>
			<trkpt lat="47.20702894445033" lon="18.95567353929762">
				<ele>99.25512642413378</ele>
				<time>2026-05-03T12:45:40Z</time>
			</trkpt>
			<trkpt lat="47.206997505850794" lon="18.9556707166446">
				<ele>98.06093399506062</ele>
				<time>2026-05-03T12:45:43Z</time>
			</trkpt>
			<trkpt lat="47.206966585713516" lon="18.955666935367272">
				<ele>98.59338568616658</ele>
				<time>2026-05-03T12:45:45Z</time>
			</trkpt>
			<trkpt lat="47.20694238100687" lon="18.95566781189457">
				<ele>98.51105666160583</ele>
				<time>2026-05-03T12:45:48Z</time>
			</trkpt>
			<trkpt lat="47.20692283310804" lon="18.955662692456976">
				<ele>99.9612142611295</ele>
				<time>2026-05-03T12:45:49Z</time>
			</trkpt>
			<trkpt lat="47.20689097349913" lon="18.955641438391915">
				<ele>99.05840829852968</ele>
				<time>2026-05-03T12:45:52Z</time>
			</trkpt>
			<trkpt lat="47.20687681256096" lon="18.955643834876945">
				<ele>99.56152129080147</ele>
				<time>2026-05-03T12:45:53Z</time>
			</trkpt>
			<trkpt lat="47.20684973800243" lon="18.955635205310163">
				<ele>99.4882024731487</ele>
				<time>2026-05-03T12:45:55Z</time>
			</trkpt>
			<trkpt lat="47.20682058133755" lon="18.955628844588293">
				<ele>99.59831835422665</ele>
				<time>2026-05-03T12:45:57Z</time>
			</trkpt>
			<trkpt lat="47.20679685479081" lon="18.955618058609783">
				<ele>98.88335490785539</ele>
				<time>2026-05-03T12:45:59Z</time>
			</trkpt>
			<trkpt lat="47.20678644203254" lon="18.95560101540277">
				<ele>98.62328711990267</ele>
				<time>2026-05-03T12:46:00Z</time>
			</trkpt>
			<trkpt lat="47.20676437829299" lon="18.95558595591244">
				<ele>98.3305285954848</ele>
				<time>2026-05-03T12:46:02Z</time>
			</trkpt>
			<trkpt lat="47.206750420792375" lon="18.955580204901498">
				<ele>98.10110554471612</ele>
				<time>2026-05-03T12:46:04Z</time>
			</trkpt>
			<trkpt lat="47.2067247532774" lon="18.955572331409545">
				<ele>97.60273338854313</ele>
				<time>2026-05-03T12:46:06Z</time>
			</trkpt>
			<trkpt lat="47.206697874559595" lon="18.955563696338015">
				<ele>98.02600060589612</ele>
				<time>2026-05-03T12:46:08Z</time>
			</trkpt>
			<trkpt lat="47.206671829970226" lon="18.955551132335476">
				<ele>98.39847467653453</ele>
				<time>2026-05-03T12:46:10Z</time>
			</trkpt>
			<trkpt lat="47.20665670760575" lon="18.955542110298204">
				<ele>98.13936446979642</ele>
				<time>2026-05-03T12:46:11Z</time>
			</trkpt>
			<trkpt lat="47.20663124906862" lon="18.955530811288337">
				<ele>98.30255036894232</ele>
				<time>2026-05-03T12:46:13Z</time>
			</trkpt>
			<trkpt lat="47.20660772119006" lon="18.955522814129218">
				<ele>97.8364832252264</ele>
				<time>2026-05-03T12:46:15Z</time>
			</trkpt>
			<trkpt lat="47.20659196480597" lon="18.95551847581016">
				<ele>97.2463252088055</ele>
				<time>2026-05-03T12:46:16Z</time>
			</trkpt>
			<trkpt lat="47.20656243570736" lon="18.955508943324745">
				<ele>97.99883163254708</ele>
				<time>2026-05-03T12:46:18Z</time>
			</trkpt>
			<trkpt lat="47.20653712445401" lon="18.955502380697705">
				<ele>97.74378653988242</ele>
				<time>2026-05-03T12:46:19Z</time>
			</trkpt>
			<trkpt lat="47.206510181617155" lon="18.95549919446645">
				<ele>97.66604151856154</ele>
				<time>2026-05-03T12:46:21Z</time>
			</trkpt>
			<trkpt lat="47.20647076474384" lon="18.955494337875162">
				<ele>98.55641463026404</ele>
				<time>2026-05-03T12:46:25Z</time>
			</trkpt>
			<trkpt lat="47.20643650925227" lon="18.955490869400997">
				<ele>98.88259644526988</ele>
				<time>2026-05-03T12:46:27Z</time>
			</trkpt>
			<trkpt lat="47.20640092338407" lon="18.955478352361773">
				<ele>98.1297017717734</ele>
				<time>2026-05-03T12:46:30Z</time>
			</trkpt>
			<trkpt lat="47.206394001643254" lon="18.95547410621672">
				<ele>98.33723594993353</ele>
				<time>2026-05-03T12:46:32Z</time>
			</trkpt>
			<trkpt lat="47.206374996105616" lon="18.955467074042147">
				<ele>97.89974823966622</ele>
				<time>2026-05-03T12:46:34Z</time>
			</trkpt>
			<trkpt lat="47.20633956942092" lon="18.955458804963243">
				<ele>98.08179028332233</ele>
				<time>2026-05-03T12:46:37Z</time>
			</trkpt>
			<trkpt lat="47.20632031807006" lon="18.955454136385598">
				<ele>99.00893198512495</ele>
				<time>2026-05-03T12:46:38Z</time>
			</trkpt>
			<trkpt lat="47.20628009435691" lon="18.955442528546566">
				<ele>98.77294548600912</ele>
				<time>2026-05-03T12:46:41Z</time>
			</trkpt>
			<trkpt lat="47.20626049791943" lon="18.955432881584905">
				<ele>98.55529544502497</ele>
				<time>2026-05-03T12:46:43Z</time>
			</trkpt>
			<trkpt lat="47.20624681630208" lon="18.95542742772885">
				<ele>98.47348177526146</ele>
				<time>2026-05-03T12:46:45Z</time>
			</trkpt>
			<trkpt lat="47.20622663054616" lon="18.95541753758184">
				<ele>98.34937610570341</ele>
				<time>2026-05-03T12:46:47Z</time>
			</trkpt>
			<trkpt lat="47.20620119383771" lon="18.955405760504423">
				<ele>98.21618076507002</ele>
				<time>2026-05-03T12:46:49Z</time>
			</trkpt>
			<trkpt lat="47.20617630873917" lon="18.955393956996552">
				<ele>97.80303688999265</ele>
				<time>2026-05-03T12:46:51Z</time>
			</trkpt>
			<trkpt lat="47.20615268545828" lon="18.95537997910547">
				<ele>97.98982008825988</ele>
				<time>2026-05-03T12:46:53Z</time>
			</trkpt>
			<trkpt lat="47.20612870122476" lon="18.95536843903578">
				<ele>97.81946623045951</ele>
				<time>2026-05-03T12:46:55Z</time>
			</trkpt>
			<trkpt lat="47.20611268524173" lon="18.955360754795436">
				<ele>97.8141482276842</ele>
				<time>2026-05-03T12:46:57Z</time>
			</trkpt>
			<trkpt lat="47.20609986936084" lon="18.955356501278533">
				<ele>97.7386809233576</ele>
				<time>2026-05-03T12:46:59Z</time>
			</trkpt>
			<trkpt lat="47.20607382575789" lon="18.955354070970007">
				<ele>97.36304274667054</ele>
				<time>2026-05-03T12:47:01Z</time>
			</trkpt>
			<trkpt lat="47.20604039964575" lon="18.955347386946013">
				<ele>97.08732684608549</ele>
				<time>2026-05-03T12:47:03Z</time>
			</trkpt>
			<trkpt lat="47.20601991666516" lon="18.955340696381004">
				<ele>97.09406694676727</ele>
				<time>2026-05-03T12:47:04Z</time>
			</trkpt>
			<trkpt lat="47.205987847672496" lon="18.9553346311442">
				<ele>96.96625300124288</ele>
				<time>2026-05-03T12:47:06Z</time>
			</trkpt>
			<trkpt lat="47.20596024880809" lon="18.95533013817245">
				<ele>96.9413124602288</ele>
				<time>2026-05-03T12:47:08Z</time>
			</trkpt>
			<trkpt lat="47.20593176622766" lon="18.95532542152025">
				<ele>96.85414524096996</ele>
				<time>2026-05-03T12:47:10Z</time>
			</trkpt>
			<trkpt lat="47.205903347919396" lon="18.955318527806607">
				<ele>96.8823616867885</ele>
				<time>2026-05-03T12:47:12Z</time>
			</trkpt>
			<trkpt lat="47.20587422458222" lon="18.955314301960758">
				<ele>97.22326817642897</ele>
				<time>2026-05-03T12:47:14Z</time>
			</trkpt>
			<trkpt lat="47.20585080394545" lon="18.955307878435804">
				<ele>98.44746677111834</ele>
				<time>2026-05-03T12:47:16Z</time>
			</trkpt>
			<trkpt lat="47.205836723958356" lon="18.95530252993831">
				<ele>98.53204656112939</ele>
				<time>2026-05-03T12:47:17Z</time>
			</trkpt>
			<trkpt lat="47.20581918154256" lon="18.955300380169692">
				<ele>97.67793530784547</ele>
				<time>2026-05-03T12:47:18Z</time>
			</trkpt>
			<trkpt lat="47.20579812259539" lon="18.95529452716856">
				<ele>99.07255897391587</ele>
				<time>2026-05-03T12:47:19Z</time>
			</trkpt>
			<trkpt lat="47.20575517262035" lon="18.955274774551853">
				<ele>99.01610242016613</ele>
				<time>2026-05-03T12:47:22Z</time>
			</trkpt>
			<trkpt lat="47.20572473978865" lon="18.95526483015746">
				<ele>97.85048431437463</ele>
				<time>2026-05-03T12:47:25Z</time>
			</trkpt>
			<trkpt lat="47.205700981217205" lon="18.955259198932787">
				<ele>97.56133542675525</ele>
				<time>2026-05-03T12:47:27Z</time>
			</trkpt>
			<trkpt lat="47.205676494068804" lon="18.955252213797827">
				<ele>97.89815786667168</ele>
				<time>2026-05-03T12:47:29Z</time>
			</trkpt>
			<trkpt lat="47.20565257285777" lon="18.955237863778066">
				<ele>97.65611032955348</ele>
				<time>2026-05-03T12:47:31Z</time>
			</trkpt>
			<trkpt lat="47.205638639394905" lon="18.95522794287798">
				<ele>98.76591645553708</ele>
				<time>2026-05-03T12:47:32Z</time>
			</trkpt>
			<trkpt lat="47.20561436856674" lon="18.95521422271716">
				<ele>97.609663576819</ele>
				<time>2026-05-03T12:47:34Z</time>
			</trkpt>
			<trkpt lat="47.205591266441026" lon="18.955201498272594">
				<ele>97.66608050093055</ele>
				<time>2026-05-03T12:47:36Z</time>
			</trkpt>
			<trkpt lat="47.205567072374805" lon="18.95518926470353">
				<ele>97.11397147830576</ele>
				<time>2026-05-03T12:47:38Z</time>
			</trkpt>
			<trkpt lat="47.205552120662276" lon="18.95517962204838">
				<ele>97.0613268930465</ele>
				<time>2026-05-03T12:47:39Z</time>
			</trkpt>
			<trkpt lat="47.20551993335149" lon="18.955162983106803">
				<ele>97.47393107973039</ele>
				<time>2026-05-03T12:47:41Z</time>
			</trkpt>
			<trkpt lat="47.20549475471561" lon="18.9551435794366">
				<ele>97.69078313745558</ele>
				<time>2026-05-03T12:47:43Z</time>
			</trkpt>
			<trkpt lat="47.205469630928974" lon="18.955120631290356">
				<ele>97.59001167677343</ele>
				<time>2026-05-03T12:47:45Z</time>
			</trkpt>
			<trkpt lat="47.205443159970315" lon="18.955097885194714">
				<ele>97.36866195872426</ele>
				<time>2026-05-03T12:47:47Z</time>
			</trkpt>
			<trkpt lat="47.20542797943412" lon="18.955084303934854">
				<ele>97.9159792875871</ele>
				<time>2026-05-03T12:47:48Z</time>
			</trkpt>
			<trkpt lat="47.20541185138209" lon="18.955075731957557">
				<ele>97.94074608758092</ele>
				<time>2026-05-03T12:47:49Z</time>
			</trkpt>
			<trkpt lat="47.205382869187325" lon="18.9550608910242">
				<ele>97.430828419514</ele>
				<time>2026-05-03T12:47:51Z</time>
			</trkpt>
			<trkpt lat="47.205358102133985" lon="18.95504525726252">
				<ele>97.62100132461637</ele>
				<time>2026-05-03T12:47:53Z</time>
			</trkpt>
			<trkpt lat="47.20533197962735" lon="18.955028744848256">
				<ele>96.75003650318831</ele>
				<time>2026-05-03T12:47:55Z</time>
			</trkpt>
			<trkpt lat="47.205307726295025" lon="18.955015817281794">
				<ele>96.84242424368858</ele>
				<time>2026-05-03T12:47:57Z</time>
			</trkpt>
			<trkpt lat="47.2052832706024" lon="18.955006559897388">
				<ele>96.73477417696267</ele>
				<time>2026-05-03T12:47:59Z</time>
			</trkpt>
			<trkpt lat="47.20526857924729" lon="18.955001215102737">
				<ele>96.3322201538831</ele>
				<time>2026-05-03T12:48:00Z</time>
			</trkpt>
			<trkpt lat="47.20524075691173" lon="18.95499054331758">
				<ele>96.26244598161429</ele>
				<time>2026-05-03T12:48:02Z</time>
			</trkpt>
			<trkpt lat="47.20521201868777" lon="18.95498010260241">
				<ele>96.50685338117182</ele>
				<time>2026-05-03T12:48:04Z</time>
			</trkpt>
			<trkpt lat="47.20518169062371" lon="18.954968783703624">
				<ele>97.3613557536155</ele>
				<time>2026-05-03T12:48:06Z</time>
			</trkpt>
			<trkpt lat="47.205151232184804" lon="18.954962629734737">
				<ele>96.90503597445786</ele>
				<time>2026-05-03T12:48:08Z</time>
			</trkpt>
			<trkpt lat="47.205122811236606" lon="18.954958126921248">
				<ele>96.97848407644778</ele>
				<time>2026-05-03T12:48:10Z</time>
			</trkpt>
			<trkpt lat="47.205095021594666" lon="18.954954427187356">
				<ele>97.48337026685476</ele>
				<time>2026-05-03T12:48:12Z</time>
			</trkpt>
			<trkpt lat="47.2050673976725" lon="18.954953633193977">
				<ele>97.0287996865809</ele>
				<time>2026-05-03T12:48:14Z</time>
			</trkpt>
			<trkpt lat="47.205042525539014" lon="18.95495655661621">
				<ele>97.24635720532387</ele>
				<time>2026-05-03T12:48:16Z</time>
			</trkpt>
			<trkpt lat="47.20501295853578" lon="18.954956240677504">
				<ele>98.24695080704987</ele>
				<time>2026-05-03T12:48:18Z</time>
			</trkpt>
			<trkpt lat="47.20497590927266" lon="18.95496319765055">
				<ele>97.92205049470067</ele>
				<time>2026-05-03T12:48:20Z</time>
			</trkpt>
			<trkpt lat="47.20494090001405" lon="18.954948191008892">
				<ele>97.02409850526601</ele>
				<time>2026-05-03T12:48:23Z</time>
			</trkpt>
			<trkpt lat="47.20493160403204" lon="18.95494527799769">
				<ele>97.15760295744985</ele>
				<time>2026-05-03T12:48:24Z</time>
			</trkpt>
			<trkpt lat="47.204905966794925" lon="18.954938695413514">
				<ele>97.16846509091556</ele>
				<time>2026-05-03T12:48:26Z</time>
			</trkpt>
			<trkpt lat="47.20487997128963" lon="18.954928654583792">
				<ele>98.18446316197515</ele>
				<time>2026-05-03T12:48:28Z</time>
			</trkpt>
			<trkpt lat="47.20485657198134" lon="18.95491932532583">
				<ele>97.65670618601143</ele>
				<time>2026-05-03T12:48:30Z</time>
			</trkpt>
			<trkpt lat="47.20483512143746" lon="18.95491114084199">
				<ele>96.91397371329367</ele>
				<time>2026-05-03T12:48:32Z</time>
			</trkpt>
			<trkpt lat="47.20482447125917" lon="18.95490216091015">
				<ele>97.04620047472417</ele>
				<time>2026-05-03T12:48:34Z</time>
			</trkpt>
			<trkpt lat="47.204812641685244" lon="18.95488154460565">
				<ele>98.10918941628188</ele>
				<time>2026-05-03T12:48:35Z</time>
			</trkpt>
			<trkpt lat="47.204784259308205" lon="18.954857735160367">
				<ele>97.36092713661492</ele>
				<time>2026-05-03T12:48:37Z</time>
			</trkpt>
			<trkpt lat="47.20475411867029" lon="18.95483073243922">
				<ele>97.89673882443458</ele>
				<time>2026-05-03T12:48:39Z</time>
			</trkpt>
			<trkpt lat="47.20472672427307" lon="18.954811369873223">
				<ele>97.01915688347071</ele>
				<time>2026-05-03T12:48:41Z</time>
			</trkpt>
			<trkpt lat="47.20471129079526" lon="18.95480821443991">
				<ele>96.87652842421085</ele>
				<time>2026-05-03T12:48:42Z</time>
			</trkpt>
			<trkpt lat="47.20469625434509" lon="18.954792898697807">
				<ele>96.98939745407552</ele>
				<time>2026-05-03T12:48:43Z</time>
			</trkpt>
			<trkpt lat="47.20467231651924" lon="18.954770476642956">
				<ele>96.96283181104809</ele>
				<time>2026-05-03T12:48:45Z</time>
			</trkpt>
			<trkpt lat="47.20464761637159" lon="18.954748873832997">
				<ele>96.74304113537073</ele>
				<time>2026-05-03T12:48:47Z</time>
			</trkpt>
			<trkpt lat="47.20461910612302" lon="18.954732717822846">
				<ele>97.25427849963307</ele>
				<time>2026-05-03T12:48:49Z</time>
			</trkpt>
			<trkpt lat="47.204587239915995" lon="18.954716816825588">
				<ele>97.19766714423895</ele>
				<time>2026-05-03T12:48:51Z</time>
			</trkpt>
			<trkpt lat="47.20455622857705" lon="18.95470673970078">
				<ele>96.7893202835694</ele>
				<time>2026-05-03T12:48:53Z</time>
			</trkpt>
			<trkpt lat="47.20452475779454" lon="18.954699088395536">
				<ele>96.27049100678414</ele>
				<time>2026-05-03T12:48:55Z</time>
			</trkpt>
			<trkpt lat="47.204507560501646" lon="18.954691679753594">
				<ele>96.30344601441175</ele>
				<time>2026-05-03T12:48:56Z</time>
			</trkpt>
			<trkpt lat="47.20447512170912" lon="18.9546819551549">
				<ele>96.2651262851432</ele>
				<time>2026-05-03T12:48:58Z</time>
			</trkpt>
			<trkpt lat="47.20444490266527" lon="18.954673526397233">
				<ele>96.97210404276848</ele>
				<time>2026-05-03T12:49:00Z</time>
			</trkpt>
			<trkpt lat="47.204413581761614" lon="18.9546644186419">
				<ele>96.67359943594784</ele>
				<time>2026-05-03T12:49:02Z</time>
			</trkpt>
			<trkpt lat="47.20438039751682" lon="18.95465695238698">
				<ele>96.48179289977998</ele>
				<time>2026-05-03T12:49:04Z</time>
			</trkpt>
			<trkpt lat="47.204347324039475" lon="18.954648422157156">
				<ele>97.00222255289555</ele>
				<time>2026-05-03T12:49:06Z</time>
			</trkpt>
			<trkpt lat="47.204317810475885" lon="18.95464684430065">
				<ele>96.58233271352947</ele>
				<time>2026-05-03T12:49:08Z</time>
			</trkpt>
			<trkpt lat="47.20430062433997" lon="18.954646402892482">
				<ele>98.43219912797213</ele>
				<time>2026-05-03T12:49:09Z</time>
			</trkpt>
			<trkpt lat="47.204267943223975" lon="18.954642905940624">
				<ele>97.91792911104858</ele>
				<time>2026-05-03T12:49:11Z</time>
			</trkpt>
			<trkpt lat="47.204236577293145" lon="18.95463352549108">
				<ele>97.51042763888836</ele>
				<time>2026-05-03T12:49:13Z</time>
			</trkpt>
			<trkpt lat="47.204222090567136" lon="18.95463134046339">
				<ele>97.15378093160689</ele>
				<time>2026-05-03T12:49:14Z</time>
			</trkpt>
			<trkpt lat="47.204197913944164" lon="18.954624760629866">
				<ele>97.44723404664546</ele>
				<time>2026-05-03T12:49:16Z</time>
			</trkpt>
			<trkpt lat="47.20418473969405" lon="18.954620292271667">
				<ele>97.67781403940171</ele>
				<time>2026-05-03T12:49:17Z</time>
			</trkpt>
			<trkpt lat="47.20415700304439" lon="18.95461948369873">
				<ele>97.71841757930815</ele>
				<time>2026-05-03T12:49:19Z</time>
			</trkpt>
			<trkpt lat="47.20412906120743" lon="18.954624868876557">
				<ele>97.34798308555037</ele>
				<time>2026-05-03T12:49:21Z</time>
			</trkpt>
			<trkpt lat="47.20411253016251" lon="18.954627686892668">
				<ele>97.72744672186673</ele>
				<time>2026-05-03T12:49:22Z</time>
			</trkpt>
			<trkpt lat="47.20408418387793" lon="18.954621260619565">
				<ele>97.9947056574747</ele>
				<time>2026-05-03T12:49:24Z</time>
			</trkpt>
			<trkpt lat="47.204068082800646" lon="18.95461297442043">
				<ele>98.06184803880751</ele>
				<time>2026-05-03T12:49:25Z</time>
			</trkpt>
			<trkpt lat="47.20405291679579" lon="18.954614841479884">
				<ele>97.88405069708824</ele>
				<time>2026-05-03T12:49:26Z</time>
			</trkpt>
			<trkpt lat="47.2040349281405" lon="18.95461556153368">
				<ele>98.18239201232791</ele>
				<time>2026-05-03T12:49:27Z</time>
			</trkpt>
			<trkpt lat="47.20400842688748" lon="18.95461021594677">
				<ele>97.91168022807688</ele>
				<time>2026-05-03T12:49:29Z</time>
			</trkpt>
			<trkpt lat="47.20399426517578" lon="18.954613355146535">
				<ele>98.13054472673684</ele>
				<time>2026-05-03T12:49:30Z</time>
			</trkpt>
			<trkpt lat="47.2039634470534" lon="18.95461675078954">
				<ele>97.69389706011862</ele>
				<time>2026-05-03T12:49:32Z</time>
			</trkpt>
			<trkpt lat="47.20393222737646" lon="18.954615575939094">
				<ele>97.19978353846818</ele>
				<time>2026-05-03T12:49:34Z</time>
			</trkpt>
			<trkpt lat="47.20390410930301" lon="18.95460718453825">
				<ele>97.0525920856744</ele>
				<time>2026-05-03T12:49:36Z</time>
			</trkpt>
			<trkpt lat="47.20388675306264" lon="18.954598238231682">
				<ele>97.06538091041148</ele>
				<time>2026-05-03T12:49:37Z</time>
			</trkpt>
			<trkpt lat="47.20385090363545" lon="18.954587312452755">
				<ele>96.05529649648815</ele>
				<time>2026-05-03T12:49:40Z</time>
			</trkpt>
			<trkpt lat="47.203835927170566" lon="18.954576111690333">
				<ele>96.33683453500271</ele>
				<time>2026-05-03T12:49:41Z</time>
			</trkpt>
			<trkpt lat="47.20380301074127" lon="18.954560569446972">
				<ele>97.2671323325485</ele>
				<time>2026-05-03T12:49:43Z</time>
			</trkpt>
			<trkpt lat="47.20377381161066" lon="18.954542333622094">
				<ele>96.3434921996668</ele>
				<time>2026-05-03T12:49:45Z</time>
			</trkpt>
			<trkpt lat="47.20374969564187" lon="18.95453660257141">
				<ele>97.21656786929816</ele>
				<time>2026-05-03T12:49:47Z</time>
			</trkpt>
			<trkpt lat="47.20371913151002" lon="18.954520002321036">
				<ele>96.12032845709473</ele>
				<time>2026-05-03T12:49:49Z</time>
			</trkpt>
			<trkpt lat="47.20369068305967" lon="18.954495456945452">
				<ele>96.73893231712282</ele>
				<time>2026-05-03T12:49:51Z</time>
			</trkpt>
			<trkpt lat="47.203665049089466" lon="18.9544735339501">
				<ele>97.09818413946778</ele>
				<time>2026-05-03T12:49:53Z</time>
			</trkpt>
			<trkpt lat="47.20364089011218" lon="18.954460209707374">
				<ele>97.61370369791985</ele>
				<time>2026-05-03T12:49:55Z</time>
			</trkpt>
			<trkpt lat="47.20361446445758" lon="18.9544360507194">
				<ele>97.14752855338156</ele>
				<time>2026-05-03T12:49:57Z</time>
			</trkpt>
			<trkpt lat="47.20358882276201" lon="18.954415628119293">
				<ele>97.23771382123232</ele>
				<time>2026-05-03T12:49:59Z</time>
			</trkpt>
			<trkpt lat="47.20355926692677" lon="18.954400430925872">
				<ele>97.28461557719857</ele>
				<time>2026-05-03T12:50:01Z</time>
			</trkpt>
			<trkpt lat="47.20353003069638" lon="18.954390374462125">
				<ele>97.305643661879</ele>
				<time>2026-05-03T12:50:03Z</time>
			</trkpt>
			<trkpt lat="47.20350001725956" lon="18.954378651250675">
				<ele>97.58770165592432</ele>
				<time>2026-05-03T12:50:05Z</time>
			</trkpt>
			<trkpt lat="47.203471772972065" lon="18.954368058050342">
				<ele>97.10076436586678</ele>
				<time>2026-05-03T12:50:07Z</time>
			</trkpt>
			<trkpt lat="47.203441009094654" lon="18.954360280980797">
				<ele>97.0008974308148</ele>
				<time>2026-05-03T12:50:09Z</time>
			</trkpt>
			<trkpt lat="47.20340997885989" lon="18.95434773831663">
				<ele>97.1771728983149</ele>
				<time>2026-05-03T12:50:11Z</time>
			</trkpt>
			<trkpt lat="47.203377936550474" lon="18.954339272288944">
				<ele>96.42627872154117</ele>
				<time>2026-05-03T12:50:13Z</time>
			</trkpt>
			<trkpt lat="47.20334658073659" lon="18.95433337294704">
				<ele>96.50197045132518</ele>
				<time>2026-05-03T12:50:15Z</time>
			</trkpt>
			<trkpt lat="47.20331372280619" lon="18.954325343733082">
				<ele>96.65038091316819</ele>
				<time>2026-05-03T12:50:17Z</time>
			</trkpt>
			<trkpt lat="47.203277833704554" lon="18.95431698406657">
				<ele>97.1625831099227</ele>
				<time>2026-05-03T12:50:19Z</time>
			</trkpt>
			<trkpt lat="47.20324209435016" lon="18.954315416502897">
				<ele>97.12750143371522</ele>
				<time>2026-05-03T12:50:21Z</time>
			</trkpt>
			<trkpt lat="47.20320675496168" lon="18.954319430719345">
				<ele>96.91620861459523</ele>
				<time>2026-05-03T12:50:23Z</time>
			</trkpt>
			<trkpt lat="47.203173631374995" lon="18.954324663678033">
				<ele>96.71096243988723</ele>
				<time>2026-05-03T12:50:25Z</time>
			</trkpt>
			<trkpt lat="47.203141723926336" lon="18.95433009385881">
				<ele>96.56032488495111</ele>
				<time>2026-05-03T12:50:27Z</time>
			</trkpt>
			<trkpt lat="47.20310976192587" lon="18.954333833229033">
				<ele>96.70923775900155</ele>
				<time>2026-05-03T12:50:29Z</time>
			</trkpt>
			<trkpt lat="47.20307596352506" lon="18.954342921439487">
				<ele>96.51420882996172</ele>
				<time>2026-05-03T12:50:31Z</time>
			</trkpt>
			<trkpt lat="47.203046058387926" lon="18.954348244534046">
				<ele>96.85142484027892</ele>
				<time>2026-05-03T12:50:33Z</time>
			</trkpt>
			<trkpt lat="47.20301467871987" lon="18.954355015805348">
				<ele>96.7093360926956</ele>
				<time>2026-05-03T12:50:35Z</time>
			</trkpt>
			<trkpt lat="47.202983669115866" lon="18.95436226166665">
				<ele>96.40836623497307</ele>
				<time>2026-05-03T12:50:37Z</time>
			</trkpt>
			<trkpt lat="47.20295335629406" lon="18.954370455122593">
				<ele>96.68515389319509</ele>
				<time>2026-05-03T12:50:39Z</time>
			</trkpt>
			<trkpt lat="47.20292611404427" lon="18.954376546695787">
				<ele>96.14377475064248</ele>
				<time>2026-05-03T12:50:41Z</time>
			</trkpt>
			<trkpt lat="47.2028915517648" lon="18.954386900283076">
				<ele>96.35228562075645</ele>
				<time>2026-05-03T12:50:43Z</time>
			</trkpt>
			<trkpt lat="47.202864209550896" lon="18.954391600000644">
				<ele>96.45858263690025</ele>
				<time>2026-05-03T12:50:45Z</time>
			</trkpt>
			<trkpt lat="47.2028416727869" lon="18.95439808735109">
				<ele>96.6135236332193</ele>
				<time>2026-05-03T12:50:47Z</time>
			</trkpt>
			<trkpt lat="47.202818311724194" lon="18.954404989425676">
				<ele>96.73463067226112</ele>
				<time>2026-05-03T12:50:49Z</time>
			</trkpt>
			<trkpt lat="47.20279388655791" lon="18.954410795928876">
				<ele>96.63323999661952</ele>
				<time>2026-05-03T12:50:51Z</time>
			</trkpt>
			<trkpt lat="47.20277508313423" lon="18.954417295127822">
				<ele>97.27855166047812</ele>
				<time>2026-05-03T12:50:52Z</time>
			</trkpt>
			<trkpt lat="47.202744705718345" lon="18.95442388050019">
				<ele>96.88178450707346</ele>
				<time>2026-05-03T12:50:54Z</time>
			</trkpt>
			<trkpt lat="47.202716698929045" lon="18.954426830833174">
				<ele>97.21833969373256</ele>
				<time>2026-05-03T12:50:56Z</time>
			</trkpt>
			<trkpt lat="47.20268997315697" lon="18.954435275075664">
				<ele>96.79728114884347</ele>
				<time>2026-05-03T12:50:58Z</time>
			</trkpt>
			<trkpt lat="47.20266377504141" lon="18.954440174341002">
				<ele>96.79881782550365</ele>
				<time>2026-05-03T12:51:00Z</time>
			</trkpt>
			<trkpt lat="47.20264349608941" lon="18.954439476544938">
				<ele>96.98498923704028</ele>
				<time>2026-05-03T12:51:02Z</time>
			</trkpt>
			<trkpt lat="47.20263024946121" lon="18.954437016456808">
				<ele>97.76029794011265</ele>
				<time>2026-05-03T12:51:03Z</time>
			</trkpt>
			<trkpt lat="47.20260057597328" lon="18.95443684618558">
				<ele>96.99748458433896</ele>
				<time>2026-05-03T12:51:05Z</time>
			</trkpt>
			<trkpt lat="47.20257225425691" lon="18.954437475543536">
				<ele>97.03310219291598</ele>
				<time>2026-05-03T12:51:07Z</time>
			</trkpt>
			<trkpt lat="47.20254935859041" lon="18.954434779783725">
				<ele>96.93297030963004</ele>
				<time>2026-05-03T12:51:09Z</time>
			</trkpt>
			<trkpt lat="47.20252167382104" lon="18.954428337517285">
				<ele>97.18440126534551</ele>
				<time>2026-05-03T12:51:11Z</time>
			</trkpt>
			<trkpt lat="47.202497740096135" lon="18.95442659676637">
				<ele>97.70724945981055</ele>
				<time>2026-05-03T12:51:13Z</time>
			</trkpt>
			<trkpt lat="47.202480259544025" lon="18.95443276449206">
				<ele>97.72820191457868</ele>
				<time>2026-05-03T12:51:16Z</time>
			</trkpt>
			<trkpt lat="47.20246388441997" lon="18.954438673084695">
				<ele>97.617311228998</ele>
				<time>2026-05-03T12:51:18Z</time>
			</trkpt>
			<trkpt lat="47.20244733357336" lon="18.954424700366424">
				<ele>98.0863294210285</ele>
				<time>2026-05-03T12:51:20Z</time>
			</trkpt>
			<trkpt lat="47.20243458983806" lon="18.954411731112906">
				<ele>97.24459774140269</ele>
				<time>2026-05-03T12:51:22Z</time>
			</trkpt>
			<trkpt lat="47.202420124169315" lon="18.95441474391468">
				<ele>97.20067680533975</ele>
				<time>2026-05-03T12:51:23Z</time>
			</trkpt>
			<trkpt lat="47.20239895845461" lon="18.954409896168343">
				<ele>95.7584628611803</ele>
				<time>2026-05-03T12:51:25Z</time>
			</trkpt>
			<trkpt lat="47.202376525338" lon="18.954406307877257">
				<ele>96.80856604129076</ele>
				<time>2026-05-03T12:51:27Z</time>
			</trkpt>
			<trkpt lat="47.20235281400933" lon="18.95440882964477">
				<ele>96.15160608291626</ele>
				<time>2026-05-03T12:51:29Z</time>
			</trkpt>
			<trkpt lat="47.20232976874401" lon="18.954408100325786">
				<ele>96.21230084449053</ele>
				<time>2026-05-03T12:51:31Z</time>
			</trkpt>
			<trkpt lat="47.202289412747234" lon="18.9544170422729">
				<ele>96.85330124292523</ele>
				<time>2026-05-03T12:51:34Z</time>
			</trkpt>
			<trkpt lat="47.202274196963806" lon="18.954419496856495">
				<ele>96.95033789705485</ele>
				<time>2026-05-03T12:51:36Z</time>
			</trkpt>
			<trkpt lat="47.20226477914326" lon="18.954419317596898">
				<ele>97.34735950920731</ele>
				<time>2026-05-03T12:51:38Z</time>
			</trkpt>
			<trkpt lat="47.202249175936544" lon="18.954421113962105">
				<ele>97.67804760299623</ele>
				<time>2026-05-03T12:51:41Z</time>
			</trkpt>
			<trkpt lat="47.20223084457926" lon="18.95442411148285">
				<ele>97.6244574887678</ele>
				<time>2026-05-03T12:51:44Z</time>
			</trkpt>
			<trkpt lat="47.20221324935691" lon="18.95442620691282">
				<ele>97.6557535091415</ele>
				<time>2026-05-03T12:51:47Z</time>
			</trkpt>
			<trkpt lat="47.202187803195336" lon="18.95442645937958">
				<ele>97.56554814055562</ele>
				<time>2026-05-03T12:51:51Z</time>
			</trkpt>
			<trkpt lat="47.20215710085035" lon="18.95443185901658">
				<ele>97.32208000868559</ele>
				<time>2026-05-03T12:51:55Z</time>
			</trkpt>
			<trkpt lat="47.20212866487416" lon="18.954426876005176">
				<ele>96.60533033311367</ele>
				<time>2026-05-03T12:51:57Z</time>
			</trkpt>
			<trkpt lat="47.202100928930776" lon="18.95442150307099">
				<ele>97.03962664678693</ele>
				<time>2026-05-03T12:52:00Z</time>
			</trkpt>
			<trkpt lat="47.202084631085626" lon="18.954418311419484">
				<ele>97.44743402674794</ele>
				<time>2026-05-03T12:52:02Z</time>
			</trkpt>
			<trkpt lat="47.20205822497298" lon="18.954413927915077">
				<ele>96.9951124638319</ele>
				<time>2026-05-03T12:52:04Z</time>
			</trkpt>
			<trkpt lat="47.20204016824421" lon="18.95440525315256">
				<ele>97.89983986131847</ele>
				<time>2026-05-03T12:52:06Z</time>
			</trkpt>
			<trkpt lat="47.202021541717514" lon="18.954404075062996">
				<ele>98.01428877469152</ele>
				<time>2026-05-03T12:52:07Z</time>
			</trkpt>
			<trkpt lat="47.20199257596862" lon="18.95440170313592">
				<ele>98.28309976682067</ele>
				<time>2026-05-03T12:52:09Z</time>
			</trkpt>
			<trkpt lat="47.20196001662322" lon="18.954391086250787">
				<ele>99.07612985745072</ele>
				<time>2026-05-03T12:52:11Z</time>
			</trkpt>
			<trkpt lat="47.20191362280104" lon="18.954395913788584">
				<ele>97.38375179469585</ele>
				<time>2026-05-03T12:52:14Z</time>
			</trkpt>
			<trkpt lat="47.201896893302916" lon="18.954397772096268">
				<ele>97.65094555914402</ele>
				<time>2026-05-03T12:52:15Z</time>
			</trkpt>
			<trkpt lat="47.20187360141488" lon="18.954395947958222">
				<ele>96.9381041135639</ele>
				<time>2026-05-03T12:52:18Z</time>
			</trkpt>
			<trkpt lat="47.20186455116019" lon="18.954395345902498">
				<ele>97.24149162136018</ele>
				<time>2026-05-03T12:52:20Z</time>
			</trkpt>
			<trkpt lat="47.201845705060556" lon="18.954389669737107">
				<ele>97.87740462087095</ele>
				<time>2026-05-03T12:52:21Z</time>
			</trkpt>
			<trkpt lat="47.201810262948975" lon="18.954373654731274">
				<ele>96.89008938893676</ele>
				<time>2026-05-03T12:52:24Z</time>
			</trkpt>
			<trkpt lat="47.201784528322854" lon="18.95436299508569">
				<ele>97.90023592300713</ele>
				<time>2026-05-03T12:52:26Z</time>
			</trkpt>
			<trkpt lat="47.2017645555669" lon="18.954363149972366">
				<ele>97.78889827430248</ele>
				<time>2026-05-03T12:52:27Z</time>
			</trkpt>
			<trkpt lat="47.20172725594885" lon="18.95434965479125">
				<ele>98.11041540838778</ele>
				<time>2026-05-03T12:52:30Z</time>
			</trkpt>
			<trkpt lat="47.201704139438476" lon="18.954347520393352">
				<ele>98.1959810713306</ele>
				<time>2026-05-03T12:52:32Z</time>
			</trkpt>
			<trkpt lat="47.201686579631925" lon="18.954333005176558">
				<ele>98.69607772212476</ele>
				<time>2026-05-03T12:52:34Z</time>
			</trkpt>
			<trkpt lat="47.20166864656694" lon="18.954324673696703">
				<ele>98.01320571452379</ele>
				<time>2026-05-03T12:52:36Z</time>
			</trkpt>
			<trkpt lat="47.2016587060299" lon="18.954330098924764">
				<ele>97.77670864388347</ele>
				<time>2026-05-03T12:52:38Z</time>
			</trkpt>
			<trkpt lat="47.20164262787032" lon="18.95432672515641">
				<ele>96.92468657996505</ele>
				<time>2026-05-03T12:52:40Z</time>
			</trkpt>
			<trkpt lat="47.201629121642235" lon="18.954326209642023">
				<ele>96.95466286037117</ele>
				<time>2026-05-03T12:52:42Z</time>
			</trkpt>
			<trkpt lat="47.20161360280621" lon="18.954325853688808">
				<ele>96.91262093186378</ele>
				<time>2026-05-03T12:52:45Z</time>
			</trkpt>
			<trkpt lat="47.20159407222573" lon="18.954321962940114">
				<ele>96.77846231032163</ele>
				<time>2026-05-03T12:52:48Z</time>
			</trkpt>
			<trkpt lat="47.20157174698115" lon="18.95431706155145">
				<ele>97.26813260093331</ele>
				<time>2026-05-03T12:52:51Z</time>
			</trkpt>
			<trkpt lat="47.20155075420082" lon="18.9543136416876">
				<ele>97.76251785829663</ele>
				<time>2026-05-03T12:52:54Z</time>
			</trkpt>
			<trkpt lat="47.201526814293004" lon="18.954319823862267">
				<ele>98.10726325120777</ele>
				<time>2026-05-03T12:52:58Z</time>
			</trkpt>
			<trkpt lat="47.20149566366233" lon="18.9543283869794">
				<ele>97.21987207513303</ele>
				<time>2026-05-03T12:53:00Z</time>
			</trkpt>
			<trkpt lat="47.20146795030871" lon="18.954345272009537">
				<ele>98.68012050259858</ele>
				<time>2026-05-03T12:53:04Z</time>
			</trkpt>
			<trkpt lat="47.20146077512388" lon="18.954363417837943">
				<ele>99.28535508271307</ele>
				<time>2026-05-03T12:53:07Z</time>
			</trkpt>
			<trkpt lat="47.20145474108666" lon="18.954385516904352">
				<ele>99.39106007944793</ele>
				<time>2026-05-03T12:53:10Z</time>
			</trkpt>
			<trkpt lat="47.20144862864054" lon="18.954407445711336">
				<ele>98.8199085155502</ele>
				<time>2026-05-03T12:53:13Z</time>
			</trkpt>
			<trkpt lat="47.201442883069774" lon="18.954432506924597">
				<ele>99.16297398786992</ele>
				<time>2026-05-03T12:53:16Z</time>
			</trkpt>
			<trkpt lat="47.20143651059663" lon="18.954465462295612">
				<ele>99.86456996947527</ele>
				<time>2026-05-03T12:53:20Z</time>
			</trkpt>
			<trkpt lat="47.201430720281806" lon="18.954497707869685">
				<ele>99.97684057801962</ele>
				<time>2026-05-03T12:53:23Z</time>
			</trkpt>
			<trkpt lat="47.20142665908869" lon="18.954528921973846">
				<ele>101.5319839483127</ele>
				<time>2026-05-03T12:53:26Z</time>
			</trkpt>
			<trkpt lat="47.20142321724755" lon="18.954564379125312">
				<ele>102.58692626841366</ele>
				<time>2026-05-03T12:53:31Z</time>
			</trkpt>
			<trkpt lat="47.20141810791005" lon="18.954595259791326">
				<ele>102.39743579830974</ele>
				<time>2026-05-03T12:53:34Z</time>
			</trkpt>
			<trkpt lat="47.20141138303568" lon="18.95462852403052">
				<ele>101.31494838092476</ele>
				<time>2026-05-03T12:53:38Z</time>
			</trkpt>
			<trkpt lat="47.201402488154265" lon="18.95465271075164">
				<ele>100.82290052808821</ele>
				<time>2026-05-03T12:53:41Z</time>
			</trkpt>
			<trkpt lat="47.20139421294917" lon="18.954675663489905">
				<ele>100.9797169873491</ele>
				<time>2026-05-03T12:53:44Z</time>
			</trkpt>
			<trkpt lat="47.201382519917345" lon="18.954706896319372">
				<ele>101.50686464179307</ele>
				<time>2026-05-03T12:53:48Z</time>
			</trkpt>
			<trkpt lat="47.20136850856248" lon="18.954751356226282">
				<ele>102.34878431353718</ele>
				<time>2026-05-03T12:53:52Z</time>
			</trkpt>
			<trkpt lat="47.20135301090358" lon="18.95478098905093">
				<ele>102.7446348182857</ele>
				<time>2026-05-03T12:53:55Z</time>
			</trkpt>
			<trkpt lat="47.20133845230572" lon="18.954804940502996">
				<ele>103.07471837196499</ele>
				<time>2026-05-03T12:53:58Z</time>
			</trkpt>
			<trkpt lat="47.2013257280149" lon="18.954835294605136">
				<ele>102.95543984975666</ele>
				<time>2026-05-03T12:54:02Z</time>
			</trkpt>
			<trkpt lat="47.20131588275214" lon="18.954861374195236">
				<ele>102.47586815059185</ele>
				<time>2026-05-03T12:54:05Z</time>
			</trkpt>
			<trkpt lat="47.20130665195642" lon="18.954882488783834">
				<ele>101.93086818046868</ele>
				<time>2026-05-03T12:54:07Z</time>
			</trkpt>
			<trkpt lat="47.20130033250438" lon="18.95490347337241">
				<ele>102.016607564874</ele>
				<time>2026-05-03T12:54:09Z</time>
			</trkpt>
			<trkpt lat="47.20129087001106" lon="18.954930440647352">
				<ele>101.19348013680428</ele>
				<time>2026-05-03T12:54:10Z</time>
			</trkpt>
			<trkpt lat="47.2012808911174" lon="18.954956703829556">
				<ele>101.10906067676842</ele>
				<time>2026-05-03T12:54:12Z</time>
			</trkpt>
			<trkpt lat="47.20125437112616" lon="18.954991938599193">
				<ele>102.41477856133133</ele>
				<time>2026-05-03T12:54:15Z</time>
			</trkpt>
			<trkpt lat="47.201241616706426" lon="18.955019272281117">
				<ele>102.64178561139852</ele>
				<time>2026-05-03T12:54:17Z</time>
			</trkpt>
			<trkpt lat="47.20122079097177" lon="18.955053363621392">
				<ele>103.12726268079132</ele>
				<time>2026-05-03T12:54:19Z</time>
			</trkpt>
			<trkpt lat="47.20120039524135" lon="18.955088868058308">
				<ele>103.39103135559708</ele>
				<time>2026-05-03T12:54:22Z</time>
			</trkpt>
			<trkpt lat="47.20119582895971" lon="18.955119022651502">
				<ele>103.03461147285998</ele>
				<time>2026-05-03T12:54:23Z</time>
			</trkpt>
			<trkpt lat="47.20118287738622" lon="18.955169411265548">
				<ele>102.22447194810957</ele>
				<time>2026-05-03T12:54:26Z</time>
			</trkpt>
			<trkpt lat="47.201172228864486" lon="18.955205616211995">
				<ele>102.25136370584369</ele>
				<time>2026-05-03T12:54:28Z</time>
			</trkpt>
			<trkpt lat="47.20116357509098" lon="18.955223503175514">
				<ele>102.4073618017137</ele>
				<time>2026-05-03T12:54:30Z</time>
			</trkpt>
			<trkpt lat="47.20115560440275" lon="18.955242278398075">
				<ele>101.98586221970618</ele>
				<time>2026-05-03T12:54:31Z</time>
			</trkpt>
			<trkpt lat="47.20114597398786" lon="18.955254398752484">
				<ele>103.22314141783863</ele>
				<time>2026-05-03T12:54:33Z</time>
			</trkpt>
			<trkpt lat="47.20114103266454" lon="18.955263658009773">
				<ele>102.65880457311869</ele>
				<time>2026-05-03T12:54:35Z</time>
			</trkpt>
			<trkpt lat="47.20113015735374" lon="18.955284470684067">
				<ele>102.31543190218508</ele>
				<time>2026-05-03T12:54:37Z</time>
			</trkpt>
			<trkpt lat="47.20111486862888" lon="18.955302864867672">
				<ele>102.49071800615638</ele>
				<time>2026-05-03T12:54:40Z</time>
			</trkpt>
			<trkpt lat="47.20110475542208" lon="18.955310409207623">
				<ele>102.22519164718688</ele>
				<time>2026-05-03T12:54:42Z</time>
			</trkpt>
			<trkpt lat="47.2010905578154" lon="18.95531563200147">
				<ele>102.83265719935298</ele>
				<time>2026-05-03T12:54:45Z</time>
			</trkpt>
			<trkpt lat="47.20106916357214" lon="18.9553264346586">
				<ele>102.26482390146703</ele>
				<time>2026-05-03T12:54:49Z</time>
			</trkpt>
			<trkpt lat="47.201048575844084" lon="18.955339579859253">
				<ele>102.7197642037645</ele>
				<time>2026-05-03T12:54:52Z</time>
			</trkpt>
			<trkpt lat="47.20102830601878" lon="18.955346264275835">
				<ele>102.33867734111845</ele>
				<time>2026-05-03T12:54:55Z</time>
			</trkpt>
			<trkpt lat="47.201011975405365" lon="18.95535585646282">
				<ele>102.22066225390881</ele>
				<time>2026-05-03T12:54:57Z</time>
			</trkpt>
			<trkpt lat="47.20099608081783" lon="18.955365439310693">
				<ele>101.67799249757081</ele>
				<time>2026-05-03T12:54:59Z</time>
			</trkpt>
			<trkpt lat="47.20097598199038" lon="18.955367165027166">
				<ele>101.26467592734843</ele>
				<time>2026-05-03T12:55:00Z</time>
			</trkpt>
			<trkpt lat="47.20095672227697" lon="18.955375860917165">
				<ele>100.68032044824213</ele>
				<time>2026-05-03T12:55:01Z</time>
			</trkpt>
			<trkpt lat="47.20092778610106" lon="18.955384122820625">
				<ele>101.21584385912865</ele>
				<time>2026-05-03T12:55:03Z</time>
			</trkpt>
			<trkpt lat="47.20089057845188" lon="18.95540133729056">
				<ele>100.82310432195663</ele>
				<time>2026-05-03T12:55:06Z</time>
			</trkpt>
			<trkpt lat="47.200853381150736" lon="18.955420768709114">
				<ele>100.91186995431781</ele>
				<time>2026-05-03T12:55:09Z</time>
			</trkpt>
			<trkpt lat="47.2008209444599" lon="18.955432118454528">
				<ele>100.20723015349358</ele>
				<time>2026-05-03T12:55:12Z</time>
			</trkpt>
			<trkpt lat="47.200795457593046" lon="18.955430386990866">
				<ele>99.69884481094778</ele>
				<time>2026-05-03T12:55:14Z</time>
			</trkpt>
			<trkpt lat="47.2007816199803" lon="18.95543003041719">
				<ele>99.8420131886378</ele>
				<time>2026-05-03T12:55:16Z</time>
			</trkpt>
			<trkpt lat="47.20077165895451" lon="18.955426408742316">
				<ele>99.79704243969172</ele>
				<time>2026-05-03T12:55:18Z</time>
			</trkpt>
			<trkpt lat="47.20075318484283" lon="18.955427493670303">
				<ele>99.62996006011963</ele>
				<time>2026-05-03T12:55:19Z</time>
			</trkpt>
			<trkpt lat="47.200719685533684" lon="18.955431946858873">
				<ele>99.30434560403228</ele>
				<time>2026-05-03T12:55:21Z</time>
			</trkpt>
			<trkpt lat="47.20067788666529" lon="18.955445842041584">
				<ele>100.06373833026737</ele>
				<time>2026-05-03T12:55:24Z</time>
			</trkpt>
			<trkpt lat="47.200654689131476" lon="18.95546130537139">
				<ele>99.84915424324572</ele>
				<time>2026-05-03T12:55:26Z</time>
			</trkpt>
			<trkpt lat="47.20062303271342" lon="18.955480278907764">
				<ele>100.77585943415761</ele>
				<time>2026-05-03T12:55:29Z</time>
			</trkpt>
			<trkpt lat="47.200601858208515" lon="18.95549429064719">
				<ele>101.18792164791375</ele>
				<time>2026-05-03T12:55:31Z</time>
			</trkpt>
			<trkpt lat="47.200577931304345" lon="18.955500734680484">
				<ele>101.55122120026499</ele>
				<time>2026-05-03T12:55:33Z</time>
			</trkpt>
			<trkpt lat="47.20054786980818" lon="18.955512534389904">
				<ele>101.33570899069309</ele>
				<time>2026-05-03T12:55:36Z</time>
			</trkpt>
			<trkpt lat="47.20053032609054" lon="18.955519850193806">
				<ele>101.25510440859944</ele>
				<time>2026-05-03T12:55:38Z</time>
			</trkpt>
			<trkpt lat="47.2005078348276" lon="18.955505384215552">
				<ele>101.10075836256146</ele>
				<time>2026-05-03T12:55:40Z</time>
			</trkpt>
			<trkpt lat="47.2004903105764" lon="18.955502760961142">
				<ele>99.90855508949608</ele>
				<time>2026-05-03T12:55:43Z</time>
			</trkpt>
			<trkpt lat="47.20047899681517" lon="18.95550666616781">
				<ele>100.29496545158327</ele>
				<time>2026-05-03T12:55:45Z</time>
			</trkpt>
			<trkpt lat="47.20046415912524" lon="18.955517745008336">
				<ele>101.39677395112813</ele>
				<time>2026-05-03T12:55:47Z</time>
			</trkpt>
			<trkpt lat="47.20045094229508" lon="18.955515097053077">
				<ele>101.06337738316506</ele>
				<time>2026-05-03T12:55:49Z</time>
			</trkpt>
			<trkpt lat="47.200435527352084" lon="18.955518378744987">
				<ele>101.18782462086529</ele>
				<time>2026-05-03T12:55:51Z</time>
			</trkpt>
			<trkpt lat="47.20041609433225" lon="18.95552778700854">
				<ele>101.06061010621488</ele>
				<time>2026-05-03T12:55:52Z</time>
			</trkpt>
			<trkpt lat="47.200390139413074" lon="18.95554372848169">
				<ele>101.30838860012591</ele>
				<time>2026-05-03T12:55:54Z</time>
			</trkpt>
			<trkpt lat="47.200372065013795" lon="18.955549077834164">
				<ele>102.47456596046686</ele>
				<time>2026-05-03T12:55:56Z</time>
			</trkpt>
			<trkpt lat="47.20034533075551" lon="18.955557480623735">
				<ele>101.12018013838679</ele>
				<time>2026-05-03T12:55:58Z</time>
			</trkpt>
			<trkpt lat="47.200328289915255" lon="18.955570380089693">
				<ele>101.70365330390632</ele>
				<time>2026-05-03T12:56:00Z</time>
			</trkpt>
			<trkpt lat="47.200306476298216" lon="18.95558099408152">
				<ele>100.97897359263152</ele>
				<time>2026-05-03T12:56:02Z</time>
			</trkpt>
			<trkpt lat="47.20027776254485" lon="18.95559327269895">
				<ele>101.12741933390498</ele>
				<time>2026-05-03T12:56:04Z</time>
			</trkpt>
			<trkpt lat="47.20024295283879" lon="18.955597219700874">
				<ele>100.85941710602492</ele>
				<time>2026-05-03T12:56:06Z</time>
			</trkpt>
			<trkpt lat="47.20020320218315" lon="18.95561007462035">
				<ele>101.05770763941109</ele>
				<time>2026-05-03T12:56:09Z</time>
			</trkpt>
			<trkpt lat="47.20018972063128" lon="18.95561893665702">
				<ele>101.52975017391145</ele>
				<time>2026-05-03T12:56:10Z</time>
			</trkpt>
			<trkpt lat="47.200153157894114" lon="18.955635871601075">
				<ele>101.0301030902192</ele>
				<time>2026-05-03T12:56:13Z</time>
			</trkpt>
			<trkpt lat="47.2001155754768" lon="18.955659518879035">
				<ele>101.23816564120352</ele>
				<time>2026-05-03T12:56:17Z</time>
			</trkpt>
			<trkpt lat="47.20008716941594" lon="18.955654732159708">
				<ele>100.02468450274318</ele>
				<time>2026-05-03T12:56:19Z</time>
			</trkpt>
			<trkpt lat="47.20006207830392" lon="18.955671648708535">
				<ele>99.74619790259749</ele>
				<time>2026-05-03T12:56:22Z</time>
			</trkpt>
			<trkpt lat="47.200046276833895" lon="18.955681853600407">
				<ele>98.87241776753217</ele>
				<time>2026-05-03T12:56:24Z</time>
			</trkpt>
			<trkpt lat="47.20002913373186" lon="18.95568544259903">
				<ele>99.30504066403955</ele>
				<time>2026-05-03T12:56:26Z</time>
			</trkpt>
			<trkpt lat="47.200002122873244" lon="18.95568364135263">
				<ele>99.8057421008125</ele>
				<time>2026-05-03T12:56:29Z</time>
			</trkpt>
			<trkpt lat="47.19998344390227" lon="18.95567091700822">
				<ele>100.42620946932584</ele>
				<time>2026-05-03T12:56:31Z</time>
			</trkpt>
			<trkpt lat="47.199970790923665" lon="18.955672834641316">
				<ele>100.11413483787328</ele>
				<time>2026-05-03T12:56:32Z</time>
			</trkpt>
			<trkpt lat="47.199946318813716" lon="18.955692641932984">
				<ele>100.58969752956182</ele>
				<time>2026-05-03T12:56:34Z</time>
			</trkpt>
			<trkpt lat="47.19992444474609" lon="18.955711796640696">
				<ele>99.9365263255313</ele>
				<time>2026-05-03T12:56:36Z</time>
			</trkpt>
			<trkpt lat="47.19989703745625" lon="18.955713220519037">
				<ele>100.09745995420963</ele>
				<time>2026-05-03T12:56:38Z</time>
			</trkpt>
			<trkpt lat="47.199848701732044" lon="18.95570811002364">
				<ele>99.28800941910595</ele>
				<time>2026-05-03T12:56:41Z</time>
			</trkpt>
			<trkpt lat="47.19982047334833" lon="18.955714987005052">
				<ele>99.74973961804062</ele>
				<time>2026-05-03T12:56:43Z</time>
			</trkpt>
			<trkpt lat="47.19979595291659" lon="18.955725803127848">
				<ele>100.80689613427967</ele>
				<time>2026-05-03T12:56:45Z</time>
			</trkpt>
			<trkpt lat="47.19977960014394" lon="18.955721254922775">
				<ele>101.67508235014975</ele>
				<time>2026-05-03T12:56:46Z</time>
			</trkpt>
			<trkpt lat="47.19975300332922" lon="18.955731079478998">
				<ele>101.22363239433616</ele>
				<time>2026-05-03T12:56:48Z</time>
			</trkpt>
			<trkpt lat="47.199743003982256" lon="18.955719403255802">
				<ele>101.59399955533445</ele>
				<time>2026-05-03T12:56:49Z</time>
			</trkpt>
			<trkpt lat="47.19970593361006" lon="18.955708747130583">
				<ele>100.47332661598921</ele>
				<time>2026-05-03T12:56:53Z</time>
			</trkpt>
			<trkpt lat="47.19969109321995" lon="18.955709576747047">
				<ele>100.15321985632181</ele>
				<time>2026-05-03T12:56:54Z</time>
			</trkpt>
			<trkpt lat="47.1996599596743" lon="18.95571253035224">
				<ele>99.55799940787256</ele>
				<time>2026-05-03T12:56:56Z</time>
			</trkpt>
			<trkpt lat="47.19962398300523" lon="18.95571994177008">
				<ele>99.28519899304956</ele>
				<time>2026-05-03T12:56:59Z</time>
			</trkpt>
			<trkpt lat="47.199607825066494" lon="18.955721043587282">
				<ele>99.32372352480888</ele>
				<time>2026-05-03T12:57:00Z</time>
			</trkpt>
			<trkpt lat="47.19958343615565" lon="18.955721459414118">
				<ele>99.01080887299031</ele>
				<time>2026-05-03T12:57:02Z</time>
			</trkpt>
			<trkpt lat="47.19956856773967" lon="18.955722170816617">
				<ele>99.05134152900428</ele>
				<time>2026-05-03T12:57:03Z</time>
			</trkpt>
			<trkpt lat="47.19953973443832" lon="18.955734008844043">
				<ele>99.7952274614945</ele>
				<time>2026-05-03T12:57:05Z</time>
			</trkpt>
			<trkpt lat="47.19949478169405" lon="18.955748823126264">
				<ele>100.36074719019234</ele>
				<time>2026-05-03T12:57:09Z</time>
			</trkpt>
			<trkpt lat="47.19947143416586" lon="18.955775476705547">
				<ele>99.28265100717545</ele>
				<time>2026-05-03T12:57:11Z</time>
			</trkpt>
			<trkpt lat="47.19944338189184" lon="18.95579309388717">
				<ele>101.19489979557693</ele>
				<time>2026-05-03T12:57:13Z</time>
			</trkpt>
			<trkpt lat="47.19940864496015" lon="18.955813975305215">
				<ele>100.04752785991877</ele>
				<time>2026-05-03T12:57:16Z</time>
			</trkpt>
			<trkpt lat="47.199387401549934" lon="18.95583231733944">
				<ele>99.3762275017798</ele>
				<time>2026-05-03T12:57:18Z</time>
			</trkpt>
			<trkpt lat="47.19936034874325" lon="18.955852122986354">
				<ele>99.44500509183854</ele>
				<time>2026-05-03T12:57:21Z</time>
			</trkpt>
			<trkpt lat="47.19934340614847" lon="18.955858626923952">
				<ele>99.21506470255554</ele>
				<time>2026-05-03T12:57:23Z</time>
			</trkpt>
			<trkpt lat="47.199332725285046" lon="18.95585966281467">
				<ele>99.38057500030845</ele>
				<time>2026-05-03T12:57:25Z</time>
			</trkpt>
			<trkpt lat="47.199322596090575" lon="18.95585934273871">
				<ele>98.98156490828842</ele>
				<time>2026-05-03T12:57:28Z</time>
			</trkpt>
			<trkpt lat="47.199308200613665" lon="18.95586078541046">
				<ele>99.72433495242149</ele>
				<time>2026-05-03T12:57:32Z</time>
			</trkpt>
			<trkpt lat="47.19929846030886" lon="18.95587061196173">
				<ele>99.4813304822892</ele>
				<time>2026-05-03T12:57:34Z</time>
			</trkpt>
			<trkpt lat="47.199282548466186" lon="18.955878637572262">
				<ele>99.93430019635707</ele>
				<time>2026-05-03T12:57:38Z</time>
			</trkpt>
			<trkpt lat="47.19926670367454" lon="18.955885490967287">
				<ele>100.12506849411875</ele>
				<time>2026-05-03T12:57:40Z</time>
			</trkpt>
			<trkpt lat="47.19924120899913" lon="18.955896723601334">
				<ele>100.24067326169461</ele>
				<time>2026-05-03T12:57:44Z</time>
			</trkpt>
			<trkpt lat="47.19921579678793" lon="18.955895845194487">
				<ele>101.24551218748093</ele>
				<time>2026-05-03T12:57:46Z</time>
			</trkpt>
			<trkpt lat="47.19918467715541" lon="18.95590221165781">
				<ele>100.97555534448475</ele>
				<time>2026-05-03T12:57:50Z</time>
			</trkpt>
			<trkpt lat="47.19916613204051" lon="18.955904860289174">
				<ele>100.98728765547276</ele>
				<time>2026-05-03T12:57:53Z</time>
			</trkpt>
			<trkpt lat="47.19914979702127" lon="18.955908017049975">
				<ele>101.5149271292612</ele>
				<time>2026-05-03T12:57:56Z</time>
			</trkpt>
			<trkpt lat="47.19912577914774" lon="18.955912652441825">
				<ele>101.33957093767822</ele>
				<time>2026-05-03T12:57:58Z</time>
			</trkpt>
			<trkpt lat="47.19910149224035" lon="18.955903677865262">
				<ele>102.07659030891955</ele>
				<time>2026-05-03T12:58:00Z</time>
			</trkpt>
			<trkpt lat="47.199088163092796" lon="18.95590916377833">
				<ele>101.00684619043022</ele>
				<time>2026-05-03T12:58:01Z</time>
			</trkpt>
			<trkpt lat="47.19906360500909" lon="18.95591711160196">
				<ele>101.63753132987767</ele>
				<time>2026-05-03T12:58:05Z</time>
			</trkpt>
			<trkpt lat="47.19905191703731" lon="18.955924259593758">
				<ele>101.53311300463974</ele>
				<time>2026-05-03T12:58:08Z</time>
			</trkpt>
			<trkpt lat="47.19902814244201" lon="18.955934964222234">
				<ele>101.84319765679538</ele>
				<time>2026-05-03T12:58:11Z</time>
			</trkpt>
			<trkpt lat="47.19900708016666" lon="18.955944595562464">
				<ele>100.9935493497178</ele>
				<time>2026-05-03T12:58:14Z</time>
			</trkpt>
			<trkpt lat="47.19898404029906" lon="18.955955263762075">
				<ele>101.03856355231255</ele>
				<time>2026-05-03T12:58:18Z</time>
			</trkpt>
			<trkpt lat="47.1989606726694" lon="18.955950203189317">
				<ele>100.42118023801595</ele>
				<time>2026-05-03T12:58:22Z</time>
			</trkpt>
			<trkpt lat="47.19893441787676" lon="18.955939088259925">
				<ele>101.2380830226466</ele>
				<time>2026-05-03T12:58:25Z</time>
			</trkpt>
			<trkpt lat="47.19891592624428" lon="18.955935234985493">
				<ele>100.18584416713566</ele>
				<time>2026-05-03T12:58:27Z</time>
			</trkpt>
			<trkpt lat="47.19889819806867" lon="18.95593232126048">
				<ele>100.1876944694668</ele>
				<time>2026-05-03T12:58:30Z</time>
			</trkpt>
			<trkpt lat="47.19887399287482" lon="18.955916713126765">
				<ele>101.50151517335325</ele>
				<time>2026-05-03T12:58:32Z</time>
			</trkpt>
			<trkpt lat="47.198848677815874" lon="18.955909223299802">
				<ele>99.82801417727023</ele>
				<time>2026-05-03T12:58:35Z</time>
			</trkpt>
			<trkpt lat="47.19883371959167" lon="18.955910909416048">
				<ele>100.0277707008645</ele>
				<time>2026-05-03T12:58:38Z</time>
			</trkpt>
			<trkpt lat="47.19881814813027" lon="18.955912201324942">
				<ele>100.8632505228743</ele>
				<time>2026-05-03T12:58:41Z</time>
			</trkpt>
			<trkpt lat="47.19879602621005" lon="18.955916987737886">
				<ele>99.12513654585928</ele>
				<time>2026-05-03T12:58:46Z</time>
			</trkpt>
			<trkpt lat="47.19877687162139" lon="18.955915057291623">
				<ele>99.1709573790431</ele>
				<time>2026-05-03T12:58:49Z</time>
			</trkpt>
			<trkpt lat="47.198756535322445" lon="18.955917696439496">
				<ele>98.96229796297848</ele>
				<time>2026-05-03T12:58:50Z</time>
			</trkpt>
			<trkpt lat="47.198724159267584" lon="18.955924438308703">
				<ele>98.72104375902563</ele>
				<time>2026-05-03T12:58:53Z</time>
			</trkpt>
			<trkpt lat="47.19869774428414" lon="18.95593790016675">
				<ele>99.18097427953035</ele>
				<time>2026-05-03T12:58:57Z</time>
			</trkpt>
			<trkpt lat="47.19868831743613" lon="18.95594691644282">
				<ele>99.34384630341083</ele>
				<time>2026-05-03T12:58:59Z</time>
			</trkpt>
			<trkpt lat="47.1986730717643" lon="18.955956993115436">
				<ele>98.90504492633045</ele>
				<time>2026-05-03T12:59:02Z</time>
			</trkpt>
			<trkpt lat="47.19865832746635" lon="18.95597236989127">
				<ele>98.67128907516599</ele>
				<time>2026-05-03T12:59:05Z</time>
			</trkpt>
			<trkpt lat="47.1986439385498" lon="18.955988236703313">
				<ele>98.9507026039064</ele>
				<time>2026-05-03T12:59:08Z</time>
			</trkpt>
			<trkpt lat="47.198628945466155" lon="18.95600299268369">
				<ele>99.0811347803101</ele>
				<time>2026-05-03T12:59:11Z</time>
			</trkpt>
			<trkpt lat="47.19861182153827" lon="18.95601881098838">
				<ele>99.27239620499313</ele>
				<time>2026-05-03T12:59:14Z</time>
			</trkpt>
			<trkpt lat="47.1985956342962" lon="18.95602574801634">
				<ele>99.30760935414582</ele>
				<time>2026-05-03T12:59:16Z</time>
			</trkpt>
			<trkpt lat="47.19857181035296" lon="18.956034627760474">
				<ele>99.05910360813141</ele>
				<time>2026-05-03T12:59:20Z</time>
			</trkpt>
			<trkpt lat="47.19855289034962" lon="18.95604349443355">
				<ele>99.35610099881887</ele>
				<time>2026-05-03T12:59:23Z</time>
			</trkpt>
			<trkpt lat="47.19852009862671" lon="18.956049201428083">
				<ele>99.84339381102473</ele>
				<time>2026-05-03T12:59:27Z</time>
			</trkpt>
			<trkpt lat="47.19848852389985" lon="18.956056814600156">
				<ele>99.2017660913989</ele>
				<time>2026-05-03T12:59:32Z</time>
			</trkpt>
			<trkpt lat="47.19847214378208" lon="18.956066285674954">
				<ele>98.82225677743554</ele>
				<time>2026-05-03T12:59:37Z</time>
			</trkpt>
			<trkpt lat="47.198459935090355" lon="18.95606915233701">
				<ele>98.99024682864547</ele>
				<time>2026-05-03T12:59:39Z</time>
			</trkpt>
			<trkpt lat="47.198446455660665" lon="18.956073222915965">
				<ele>98.71152901742607</ele>
				<time>2026-05-03T12:59:42Z</time>
			</trkpt>
			<trkpt lat="47.19842564268976" lon="18.956100445410193">
				<ele>97.54911783151329</ele>
				<time>2026-05-03T12:59:45Z</time>
			</trkpt>
			<trkpt lat="47.19840442087733" lon="18.95614340310512">
				<ele>97.21074396558106</ele>
				<time>2026-05-03T12:59:48Z</time>
			</trkpt>
			<trkpt lat="47.198394790099194" lon="18.956171645934084">
				<ele>97.28036590106785</ele>
				<time>2026-05-03T12:59:51Z</time>
			</trkpt>
			<trkpt lat="47.19838941296454" lon="18.95619192719179">
				<ele>97.58794827014208</ele>
				<time>2026-05-03T12:59:54Z</time>
			</trkpt>
			<trkpt lat="47.19838445389276" lon="18.956218377330604">
				<ele>97.64914956502616</ele>
				<time>2026-05-03T12:59:58Z</time>
			</trkpt>
			<trkpt lat="47.19837859563656" lon="18.95624805677559">
				<ele>96.7450313474983</ele>
				<time>2026-05-03T12:59:59Z</time>
			</trkpt>
			<trkpt lat="47.198365041345646" lon="18.956282516583663">
				<ele>97.73966083861887</ele>
				<time>2026-05-03T13:00:03Z</time>
			</trkpt>
			<trkpt lat="47.19835095847456" lon="18.95629425559203">
				<ele>97.45772669278085</ele>
				<time>2026-05-03T13:00:06Z</time>
			</trkpt>
			<trkpt lat="47.19832787707116" lon="18.95630074261547">
				<ele>98.77896949648857</ele>
				<time>2026-05-03T13:00:08Z</time>
			</trkpt>
			<trkpt lat="47.198290933731165" lon="18.95630240229114">
				<ele>98.68662747461349</ele>
				<time>2026-05-03T13:00:11Z</time>
			</trkpt>
			<trkpt lat="47.19826871441066" lon="18.956303572595612">
				<ele>99.01546632125974</ele>
				<time>2026-05-03T13:00:14Z</time>
			</trkpt>
			<trkpt lat="47.19825575633481" lon="18.956307347433476">
				<ele>97.80510782822967</ele>
				<time>2026-05-03T13:00:17Z</time>
			</trkpt>
			<trkpt lat="47.19823942123722" lon="18.956310463244222">
				<ele>97.57792017608881</ele>
				<time>2026-05-03T13:00:20Z</time>
			</trkpt>
			<trkpt lat="47.198220653353616" lon="18.956319958456415">
				<ele>97.54772263672203</ele>
				<time>2026-05-03T13:00:23Z</time>
			</trkpt>
			<trkpt lat="47.19820730949551" lon="18.956332810446803">
				<ele>97.29710393399</ele>
				<time>2026-05-03T13:00:25Z</time>
			</trkpt>
			<trkpt lat="47.19819314171267" lon="18.956362198156253">
				<ele>97.08985074236989</ele>
				<time>2026-05-03T13:00:27Z</time>
			</trkpt>
			<trkpt lat="47.19818296568771" lon="18.956395380450893">
				<ele>97.43130191601813</ele>
				<time>2026-05-03T13:00:30Z</time>
			</trkpt>
			<trkpt lat="47.19817557943294" lon="18.95644348326306">
				<ele>97.42247466463596</ele>
				<time>2026-05-03T13:00:33Z</time>
			</trkpt>
			<trkpt lat="47.19817014539857" lon="18.95649197176504">
				<ele>97.61358234472573</ele>
				<time>2026-05-03T13:00:37Z</time>
			</trkpt>
			<trkpt lat="47.198157273830496" lon="18.95652512592286">
				<ele>99.12517133820802</ele>
				<time>2026-05-03T13:00:40Z</time>
			</trkpt>
			<trkpt lat="47.1981430772336" lon="18.956554073923062">
				<ele>99.1947060469538</ele>
				<time>2026-05-03T13:00:42Z</time>
			</trkpt>
			<trkpt lat="47.19812822557154" lon="18.956584062516576">
				<ele>98.19771953392774</ele>
				<time>2026-05-03T13:00:44Z</time>
			</trkpt>
			<trkpt lat="47.198104876793934" lon="18.956622779739078">
				<ele>98.79273202456534</ele>
				<time>2026-05-03T13:00:47Z</time>
			</trkpt>
			<trkpt lat="47.19809486382865" lon="18.95663576897073">
				<ele>98.3809027094394</ele>
				<time>2026-05-03T13:00:49Z</time>
			</trkpt>
			<trkpt lat="47.198086078611276" lon="18.956643810848643">
				<ele>98.85611466411501</ele>
				<time>2026-05-03T13:00:51Z</time>
			</trkpt>
			<trkpt lat="47.198071654814484" lon="18.956655655140725">
				<ele>98.3895123442635</ele>
				<time>2026-05-03T13:00:54Z</time>
			</trkpt>
			<trkpt lat="47.19805256271161" lon="18.956670377264107">
				<ele>98.11673191096634</ele>
				<time>2026-05-03T13:00:57Z</time>
			</trkpt>
			<trkpt lat="47.198031125416165" lon="18.956682973528252">
				<ele>98.23882982134819</ele>
				<time>2026-05-03T13:01:00Z</time>
			</trkpt>
			<trkpt lat="47.198007881771076" lon="18.956696959247967">
				<ele>97.75557555537671</ele>
				<time>2026-05-03T13:01:02Z</time>
			</trkpt>
			<trkpt lat="47.19796828832902" lon="18.956719432553175">
				<ele>97.92041280865669</ele>
				<time>2026-05-03T13:01:05Z</time>
			</trkpt>
			<trkpt lat="47.197942553247685" lon="18.956734764350035">
				<ele>97.67175161838531</ele>
				<time>2026-05-03T13:01:08Z</time>
			</trkpt>
			<trkpt lat="47.19792213458541" lon="18.95674372707051">
				<ele>98.75935854855925</ele>
				<time>2026-05-03T13:01:09Z</time>
			</trkpt>
			<trkpt lat="47.19788618903172" lon="18.95675690308729">
				<ele>97.67784992884845</ele>
				<time>2026-05-03T13:01:12Z</time>
			</trkpt>
			<trkpt lat="47.19787278040118" lon="18.956765661314165">
				<ele>98.33808393683285</ele>
				<time>2026-05-03T13:01:14Z</time>
			</trkpt>
			<trkpt lat="47.19785259206556" lon="18.956780493973877">
				<ele>98.4991725422442</ele>
				<time>2026-05-03T13:01:16Z</time>
			</trkpt>
			<trkpt lat="47.19782858678479" lon="18.956803989774002">
				<ele>98.56798501312733</ele>
				<time>2026-05-03T13:01:18Z</time>
			</trkpt>
			<trkpt lat="47.19780294958857" lon="18.956821394814828">
				<ele>98.50171260535717</ele>
				<time>2026-05-03T13:01:20Z</time>
			</trkpt>
			<trkpt lat="47.19777693410053" lon="18.956840755825873">
				<ele>98.39077261649072</ele>
				<time>2026-05-03T13:01:22Z</time>
			</trkpt>
			<trkpt lat="47.19774228692307" lon="18.95685489128677">
				<ele>98.38654448091984</ele>
				<time>2026-05-03T13:01:25Z</time>
			</trkpt>
			<trkpt lat="47.19773172233034" lon="18.956863060745334">
				<ele>97.80873295199126</ele>
				<time>2026-05-03T13:01:27Z</time>
			</trkpt>
			<trkpt lat="47.19771443241532" lon="18.956878874842186">
				<ele>98.04459923412651</ele>
				<time>2026-05-03T13:01:29Z</time>
			</trkpt>
			<trkpt lat="47.19769822902379" lon="18.956889304879784">
				<ele>97.83759249560535</ele>
				<time>2026-05-03T13:01:31Z</time>
			</trkpt>
			<trkpt lat="47.197680017357534" lon="18.95690073198876">
				<ele>97.46967810485512</ele>
				<time>2026-05-03T13:01:32Z</time>
			</trkpt>
			<trkpt lat="47.19765191898626" lon="18.956910903867914">
				<ele>98.87811612337828</ele>
				<time>2026-05-03T13:01:34Z</time>
			</trkpt>
			<trkpt lat="47.19762472803754" lon="18.95691880729878">
				<ele>98.95986220892519</ele>
				<time>2026-05-03T13:01:36Z</time>
			</trkpt>
			<trkpt lat="47.197600675804026" lon="18.956931109646902">
				<ele>99.93628575559705</ele>
				<time>2026-05-03T13:01:38Z</time>
			</trkpt>
			<trkpt lat="47.197578565676864" lon="18.95695183072881">
				<ele>98.94124931655824</ele>
				<time>2026-05-03T13:01:40Z</time>
			</trkpt>
			<trkpt lat="47.19755872717076" lon="18.95695942143732">
				<ele>100.08290361519903</ele>
				<time>2026-05-03T13:01:42Z</time>
			</trkpt>
			<trkpt lat="47.19754495711209" lon="18.95695680168714">
				<ele>100.3787454329431</ele>
				<time>2026-05-03T13:01:43Z</time>
			</trkpt>
			<trkpt lat="47.19751078712967" lon="18.956976770642363">
				<ele>99.13892151787877</ele>
				<time>2026-05-03T13:01:46Z</time>
			</trkpt>
			<trkpt lat="47.197495929117956" lon="18.95698583808584">
				<ele>99.4249435402453</ele>
				<time>2026-05-03T13:01:47Z</time>
			</trkpt>
			<trkpt lat="47.19747967833986" lon="18.95699676165789">
				<ele>99.36434403248131</ele>
				<time>2026-05-03T13:01:48Z</time>
			</trkpt>
			<trkpt lat="47.19744840452553" lon="18.957016000190173">
				<ele>99.84738371614367</ele>
				<time>2026-05-03T13:01:51Z</time>
			</trkpt>
			<trkpt lat="47.19743386695926" lon="18.95701817624093">
				<ele>99.96823952812701</ele>
				<time>2026-05-03T13:01:52Z</time>
			</trkpt>
			<trkpt lat="47.19740488575496" lon="18.95703895480468">
				<ele>98.99222111422569</ele>
				<time>2026-05-03T13:01:55Z</time>
			</trkpt>
			<trkpt lat="47.19738348352974" lon="18.957054316167692">
				<ele>98.68845946993679</ele>
				<time>2026-05-03T13:01:57Z</time>
			</trkpt>
			<trkpt lat="47.1973592873134" lon="18.95706865211332">
				<ele>97.8973309546709</ele>
				<time>2026-05-03T13:01:59Z</time>
			</trkpt>
			<trkpt lat="47.19734267801443" lon="18.957069265603916">
				<ele>98.9432742157951</ele>
				<time>2026-05-03T13:02:00Z</time>
			</trkpt>
			<trkpt lat="47.197307588008194" lon="18.95709265653504">
				<ele>98.65335902385414</ele>
				<time>2026-05-03T13:02:03Z</time>
			</trkpt>
			<trkpt lat="47.19728363655231" lon="18.957104716108823">
				<ele>99.19676237832755</ele>
				<time>2026-05-03T13:02:05Z</time>
			</trkpt>
			<trkpt lat="47.19726162155613" lon="18.957107315597803">
				<ele>98.96654237899929</ele>
				<time>2026-05-03T13:02:07Z</time>
			</trkpt>
			<trkpt lat="47.19723291410059" lon="18.95711765231789">
				<ele>98.54007026460022</ele>
				<time>2026-05-03T13:02:10Z</time>
			</trkpt>
			<trkpt lat="47.19721841927643" lon="18.95711890207829">
				<ele>99.49498957023025</ele>
				<time>2026-05-03T13:02:11Z</time>
			</trkpt>
			<trkpt lat="47.19720807414955" lon="18.957132763774606">
				<ele>99.15066450275481</ele>
				<time>2026-05-03T13:02:12Z</time>
			</trkpt>
			<trkpt lat="47.19718547008934" lon="18.957148804966316">
				<ele>98.9309699460864</ele>
				<time>2026-05-03T13:02:14Z</time>
			</trkpt>
			<trkpt lat="47.1971615949733" lon="18.95716016307016">
				<ele>99.07516189664602</ele>
				<time>2026-05-03T13:02:16Z</time>
			</trkpt>
			<trkpt lat="47.19713930229416" lon="18.957167707932495">
				<ele>97.79405039269477</ele>
				<time>2026-05-03T13:02:18Z</time>
			</trkpt>
			<trkpt lat="47.197118304851685" lon="18.957177169876243">
				<ele>97.7880297973752</ele>
				<time>2026-05-03T13:02:20Z</time>
			</trkpt>
			<trkpt lat="47.197089017158206" lon="18.957191584676515">
				<ele>98.90547329001129</ele>
				<time>2026-05-03T13:02:23Z</time>
			</trkpt>
			<trkpt lat="47.19706755625737" lon="18.957199517928427">
				<ele>98.49775856174529</ele>
				<time>2026-05-03T13:02:25Z</time>
			</trkpt>
			<trkpt lat="47.19704520265786" lon="18.957207538133606">
				<ele>98.21479669678956</ele>
				<time>2026-05-03T13:02:27Z</time>
			</trkpt>
			<trkpt lat="47.197024651943956" lon="18.9572169032128">
				<ele>98.29232467897236</ele>
				<time>2026-05-03T13:02:29Z</time>
			</trkpt>
			<trkpt lat="47.19700095324347" lon="18.957230065491554">
				<ele>98.1165230916813</ele>
				<time>2026-05-03T13:02:31Z</time>
			</trkpt>
			<trkpt lat="47.19698342134953" lon="18.957239489011293">
				<ele>98.63056174106896</ele>
				<time>2026-05-03T13:02:32Z</time>
			</trkpt>
			<trkpt lat="47.196955731165424" lon="18.957259656278158">
				<ele>99.97157949302346</ele>
				<time>2026-05-03T13:02:36Z</time>
			</trkpt>
			<trkpt lat="47.19694339668712" lon="18.95726494843882">
				<ele>99.75639237370342</ele>
				<time>2026-05-03T13:02:37Z</time>
			</trkpt>
			<trkpt lat="47.196926287441016" lon="18.95727670353857">
				<ele>100.82459961436689</ele>
				<time>2026-05-03T13:02:39Z</time>
			</trkpt>
			<trkpt lat="47.19690596997596" lon="18.957287681803084">
				<ele>99.86064849980175</ele>
				<time>2026-05-03T13:02:41Z</time>
			</trkpt>
			<trkpt lat="47.19688357687542" lon="18.957308301819616">
				<ele>99.3022569604218</ele>
				<time>2026-05-03T13:02:43Z</time>
			</trkpt>
			<trkpt lat="47.196860050694745" lon="18.95732210756979">
				<ele>100.57403709366918</ele>
				<time>2026-05-03T13:02:45Z</time>
			</trkpt>
			<trkpt lat="47.19683765567163" lon="18.95733473624899">
				<ele>101.07820338383317</ele>
				<time>2026-05-03T13:02:47Z</time>
			</trkpt>
			<trkpt lat="47.196807761341766" lon="18.957354232254094">
				<ele>100.34039269015193</ele>
				<time>2026-05-03T13:02:50Z</time>
			</trkpt>
			<trkpt lat="47.19679753172463" lon="18.957363687583523">
				<ele>100.67968138493598</ele>
				<time>2026-05-03T13:02:52Z</time>
			</trkpt>
			<trkpt lat="47.19677613748342" lon="18.957366774057967">
				<ele>100.64980230759829</ele>
				<time>2026-05-03T13:02:54Z</time>
			</trkpt>
			<trkpt lat="47.19675324353928" lon="18.957381152511783">
				<ele>101.3601725269109</ele>
				<time>2026-05-03T13:02:56Z</time>
			</trkpt>
			<trkpt lat="47.19673152089765" lon="18.957402920831715">
				<ele>100.10716313123703</ele>
				<time>2026-05-03T13:02:58Z</time>
			</trkpt>
			<trkpt lat="47.19671321230768" lon="18.957426086269738">
				<ele>99.65408880636096</ele>
				<time>2026-05-03T13:03:01Z</time>
			</trkpt>
			<trkpt lat="47.19669292393098" lon="18.957442450916126">
				<ele>100.64715528022498</ele>
				<time>2026-05-03T13:03:03Z</time>
			</trkpt>
			<trkpt lat="47.19666505484443" lon="18.957468692799758">
				<ele>98.7358290636912</ele>
				<time>2026-05-03T13:03:06Z</time>
			</trkpt>
			<trkpt lat="47.19665041263925" lon="18.95747357112972">
				<ele>100.02386929653585</ele>
				<time>2026-05-03T13:03:07Z</time>
			</trkpt>
			<trkpt lat="47.196632508828976" lon="18.957488309894085">
				<ele>99.12384678330272</ele>
				<time>2026-05-03T13:03:10Z</time>
			</trkpt>
			<trkpt lat="47.1966171261979" lon="18.957514776817888">
				<ele>98.69852434843779</ele>
				<time>2026-05-03T13:03:12Z</time>
			</trkpt>
			<trkpt lat="47.196595882181846" lon="18.957539824991482">
				<ele>98.82404805999249</ele>
				<time>2026-05-03T13:03:14Z</time>
			</trkpt>
			<trkpt lat="47.19657437272613" lon="18.957558462067727">
				<ele>99.17516476288438</ele>
				<time>2026-05-03T13:03:16Z</time>
			</trkpt>
			<trkpt lat="47.196546309559075" lon="18.957580362655744">
				<ele>99.06563199870288</ele>
				<time>2026-05-03T13:03:19Z</time>
			</trkpt>
			<trkpt lat="47.196530562907974" lon="18.95759455340837">
				<ele>99.10089092329144</ele>
				<time>2026-05-03T13:03:21Z</time>
			</trkpt>
			<trkpt lat="47.19650996706248" lon="18.957609455292733">
				<ele>99.04926087055355</ele>
				<time>2026-05-03T13:03:23Z</time>
			</trkpt>
			<trkpt lat="47.19649317695691" lon="18.95762479085963">
				<ele>99.31356013659388</ele>
				<time>2026-05-03T13:03:26Z</time>
			</trkpt>
			<trkpt lat="47.196483388906515" lon="18.95762945357013">
				<ele>99.08149096369743</ele>
				<time>2026-05-03T13:03:28Z</time>
			</trkpt>
			<trkpt lat="47.196471583194594" lon="18.957641844082396">
				<ele>99.84588853083551</ele>
				<time>2026-05-03T13:03:30Z</time>
			</trkpt>
			<trkpt lat="47.19644842520712" lon="18.95765747631771">
				<ele>99.5280598141253</ele>
				<time>2026-05-03T13:03:31Z</time>
			</trkpt>
			<trkpt lat="47.196425149609546" lon="18.957672737003378">
				<ele>99.73534862138331</ele>
				<time>2026-05-03T13:03:32Z</time>
			</trkpt>
			<trkpt lat="47.19639419105046" lon="18.957702443437302">
				<ele>98.43380210828036</ele>
				<time>2026-05-03T13:03:36Z</time>
			</trkpt>
			<trkpt lat="47.19638074953219" lon="18.957716858885593">
				<ele>98.62835407350212</ele>
				<time>2026-05-03T13:03:38Z</time>
			</trkpt>
			<trkpt lat="47.19636999295222" lon="18.957729174716004">
				<ele>98.89363098330796</ele>
				<time>2026-05-03T13:03:40Z</time>
			</trkpt>
			<trkpt lat="47.19635737548217" lon="18.95774373290072">
				<ele>99.05904963891953</ele>
				<time>2026-05-03T13:03:43Z</time>
			</trkpt>
			<trkpt lat="47.19634643301592" lon="18.957760045988937">
				<ele>99.26958560757339</ele>
				<time>2026-05-03T13:03:46Z</time>
			</trkpt>
			<trkpt lat="47.19633440189779" lon="18.95777920828295">
				<ele>99.87314095534384</ele>
				<time>2026-05-03T13:03:49Z</time>
			</trkpt>
			<trkpt lat="47.19631888475173" lon="18.957796896115138">
				<ele>100.31530782021582</ele>
				<time>2026-05-03T13:03:52Z</time>
			</trkpt>
			<trkpt lat="47.1962993113746" lon="18.95781934019358">
				<ele>99.58248534891754</ele>
				<time>2026-05-03T13:03:54Z</time>
			</trkpt>
			<trkpt lat="47.196276459306205" lon="18.9578389287582">
				<ele>99.68338158261031</ele>
				<time>2026-05-03T13:03:57Z</time>
			</trkpt>
			<trkpt lat="47.1962474496752" lon="18.957859811270016">
				<ele>100.87648504506797</ele>
				<time>2026-05-03T13:04:01Z</time>
			</trkpt>
			<trkpt lat="47.19622875295499" lon="18.95788221970981">
				<ele>100.01049869600683</ele>
				<time>2026-05-03T13:04:05Z</time>
			</trkpt>
			<trkpt lat="47.196220118167915" lon="18.957904397002505">
				<ele>100.1611645668745</ele>
				<time>2026-05-03T13:04:08Z</time>
			</trkpt>
			<trkpt lat="47.19620866408333" lon="18.95792611718281">
				<ele>100.19530148990452</ele>
				<time>2026-05-03T13:04:11Z</time>
			</trkpt>
			<trkpt lat="47.19619364382012" lon="18.95795306411009">
				<ele>100.9825419606641</ele>
				<time>2026-05-03T13:04:15Z</time>
			</trkpt>
			<trkpt lat="47.19617803655131" lon="18.957969416282598">
				<ele>100.69519469793886</ele>
				<time>2026-05-03T13:04:18Z</time>
			</trkpt>
			<trkpt lat="47.196158499214285" lon="18.957978963263706">
				<ele>99.74202890414745</ele>
				<time>2026-05-03T13:04:23Z</time>
			</trkpt>
			<trkpt lat="47.19613170966002" lon="18.957980243461733">
				<ele>99.27599127776921</ele>
				<time>2026-05-03T13:04:30Z</time>
			</trkpt>
			<trkpt lat="47.19611082861822" lon="18.957969959381906">
				<ele>98.42612193338573</ele>
				<time>2026-05-03T13:04:37Z</time>
			</trkpt>
			<trkpt lat="47.19611944854961" lon="18.95796351846095">
				<ele>99.52572571951896</ele>
				<time>2026-05-03T13:04:56Z</time>
			</trkpt>
			<trkpt lat="47.1961346202214" lon="18.957981537861915">
				<ele>98.83785202726722</ele>
				<time>2026-05-03T13:05:20Z</time>
			</trkpt>
			<trkpt lat="47.19613040398417" lon="18.95796656707774">
				<ele>98.28871987294406</ele>
				<time>2026-05-03T13:05:33Z</time>
			</trkpt>
			<trkpt lat="47.1961298402609" lon="18.957947516916906">
				<ele>98.92079274076968</ele>
				<time>2026-05-03T13:05:37Z</time>
			</trkpt>
			<trkpt lat="47.19613339676573" lon="18.957950750835003">
				<ele>98.97499542031437</ele>
				<time>2026-05-03T13:05:40Z</time>
			</trkpt>
			<trkpt lat="47.196136096823636" lon="18.957965743600116">
				<ele>99.55425174254924</ele>
				<time>2026-05-03T13:05:45Z</time>
			</trkpt>
			<trkpt lat="47.196135791901895" lon="18.958014585204417">
				<ele>98.86417189519852</ele>
				<time>2026-05-03T13:05:59Z</time>
			</trkpt>
			<trkpt lat="47.19613730817495" lon="18.958017355715473">
				<ele>100.00109688658267</ele>
				<time>2026-05-03T13:06:07Z</time>
			</trkpt>
		</trkseg>
	</trk>
</gpx>
