<?xml version="1.0" encoding="UTF-8"?>
<gpx xmlns:xsi="http://www.w3.org/2001/XMLSchema-instance" xmlns="http://www.topografix.com/GPX/1/1" xmlns:gpxtpx="http://www.garmin.com/xmlschemas/TrackPointExtension/v2" xsi:schemaLocation="http://www.topografix.com/GPX/1/1 http://www.topografix.com/GPX/1/1/gpx.xsd https://www8.garmin.com/xmlschemas/TrackPointExtensionv2.xsd" version="1.1" creator="Fitstatics">
	<metadata>
		<name>Workout</name>
		<time>2026-06-16T18:32:25Z</time>
		<extensions>
			<sourceModel>178</sourceModel>
			<activeEnergyBurned>310.75453957981966</activeEnergyBurned>
			<endDate>2025-07-15T15:04:01Z</endDate>
			<activityTypeRaw>31</activityTypeRaw>
			<sourceName>GoSUP</sourceName>
			<sourceType>watch</sourceType>
			<startDate>2025-07-15T14:25:30Z</startDate>
			<hkWorkoutID>D0A611EE-DE31-4FD1-97D7-C6D2D34FBD9A</hkWorkoutID>
		</extensions>
	</metadata>
	<trk>
		<trkseg>
			<trkpt lat="47.33984448472913" lon="19.048934154366737">
				<ele>102.77500543731858</ele>
				<time>2025-07-15T14:25:41Z</time>
				<extensions>
					<vAcc>0.0</vAcc>
					<course>-1.0</course>
					<hAcc>0.0</hAcc>
					<speed>0.0995941162109375</speed>
					<speedAcc>-1.0</speedAcc>
					<courseAcc>-1.0</courseAcc>
					<gpxtpx:TrackPointExtension>
						<gpxtpx:hr>81.0</gpxtpx:hr>
					</gpxtpx:TrackPointExtension>
				</extensions>
			</trkpt>
			<trkpt lat="47.33985617471609" lon="19.048923647699347">
				<ele>102.97349729388952</ele>
				<time>2025-07-15T14:25:50Z</time>
				<extensions>
					<vAcc>0.0</vAcc>
					<course>360.0</course>
					<hAcc>0.0</hAcc>
					<speed>0.22912264723139028</speed>
					<speedAcc>-1.0</speedAcc>
					<courseAcc>-1.0</courseAcc>
					<gpxtpx:TrackPointExtension>
						<gpxtpx:hr>81.0</gpxtpx:hr>
					</gpxtpx:TrackPointExtension>
				</extensions>
			</trkpt>
			<trkpt lat="47.339850598167196" lon="19.048922415462858">
				<ele>102.83634002692997</ele>
				<time>2025-07-15T14:25:53Z</time>
				<extensions>
					<vAcc>0.0</vAcc>
					<course>-1.0</course>
					<hAcc>0.0</hAcc>
					<speed>0.13379245852216998</speed>
					<speedAcc>-1.0</speedAcc>
					<courseAcc>-1.0</courseAcc>
					<gpxtpx:TrackPointExtension>
						<gpxtpx:hr>81.0</gpxtpx:hr>
					</gpxtpx:TrackPointExtension>
				</extensions>
			</trkpt>
			<trkpt lat="47.339888099246004" lon="19.048916970443884">
				<ele>102.43755080644041</ele>
				<time>2025-07-15T14:26:05Z</time>
				<extensions>
					<vAcc>0.0</vAcc>
					<course>345.57455476372047</course>
					<hAcc>0.0</hAcc>
					<speed>0.623398918848682</speed>
					<speedAcc>-1.0</speedAcc>
					<courseAcc>-1.0</courseAcc>
					<gpxtpx:TrackPointExtension>
						<gpxtpx:hr>84.0</gpxtpx:hr>
					</gpxtpx:TrackPointExtension>
				</extensions>
			</trkpt>
			<trkpt lat="47.339873311303606" lon="19.048903967243646">
				<ele>101.83111458737403</ele>
				<time>2025-07-15T14:26:08Z</time>
				<extensions>
					<vAcc>0.0</vAcc>
					<course>212.0699280112338</course>
					<hAcc>0.0</hAcc>
					<speed>0.5546628003113768</speed>
					<speedAcc>-1.0</speedAcc>
					<courseAcc>-1.0</courseAcc>
					<gpxtpx:TrackPointExtension>
						<gpxtpx:hr>84.0</gpxtpx:hr>
					</gpxtpx:TrackPointExtension>
				</extensions>
			</trkpt>
			<trkpt lat="47.33986105940197" lon="19.048881582741714">
				<ele>101.21682402957231</ele>
				<time>2025-07-15T14:26:10Z</time>
				<extensions>
					<vAcc>0.0</vAcc>
					<course>213.39396031487132</course>
					<hAcc>0.0</hAcc>
					<speed>0.7550754877219228</speed>
					<speedAcc>-1.0</speedAcc>
					<courseAcc>-1.0</courseAcc>
					<gpxtpx:TrackPointExtension>
						<gpxtpx:hr>95.0</gpxtpx:hr>
					</gpxtpx:TrackPointExtension>
				</extensions>
			</trkpt>
			<trkpt lat="47.33984483222617" lon="19.048869725544343">
				<ele>100.65236364584416</ele>
				<time>2025-07-15T14:26:12Z</time>
				<extensions>
					<vAcc>0.0</vAcc>
					<course>169.11932882565682</course>
					<hAcc>0.0</hAcc>
					<speed>0.812295864121622</speed>
					<speedAcc>-1.0</speedAcc>
					<courseAcc>-1.0</courseAcc>
					<gpxtpx:TrackPointExtension>
						<gpxtpx:hr>95.0</gpxtpx:hr>
					</gpxtpx:TrackPointExtension>
				</extensions>
			</trkpt>
			<trkpt lat="47.33984200941527" lon="19.048858409625154">
				<ele>100.46342182252556</ele>
				<time>2025-07-15T14:26:14Z</time>
				<extensions>
					<vAcc>0.0</vAcc>
					<course>-1.0</course>
					<hAcc>0.0</hAcc>
					<speed>0.1496559358572449</speed>
					<speedAcc>-1.0</speedAcc>
					<courseAcc>-1.0</courseAcc>
					<gpxtpx:TrackPointExtension>
						<gpxtpx:hr>106.0</gpxtpx:hr>
					</gpxtpx:TrackPointExtension>
				</extensions>
			</trkpt>
			<trkpt lat="47.33985596297259" lon="19.048859011620998">
				<ele>100.9235196178779</ele>
				<time>2025-07-15T14:26:18Z</time>
				<extensions>
					<vAcc>0.0</vAcc>
					<course>24.86585550724342</course>
					<hAcc>0.0</hAcc>
					<speed>0.6723474079029174</speed>
					<speedAcc>-1.0</speedAcc>
					<courseAcc>-1.0</courseAcc>
					<gpxtpx:TrackPointExtension>
						<gpxtpx:hr>106.0</gpxtpx:hr>
					</gpxtpx:TrackPointExtension>
				</extensions>
			</trkpt>
			<trkpt lat="47.339875231824344" lon="19.04886530863675">
				<ele>101.22853276133537</ele>
				<time>2025-07-15T14:26:20Z</time>
				<extensions>
					<vAcc>0.0</vAcc>
					<course>9.973674489674293</course>
					<hAcc>0.0</hAcc>
					<speed>0.99502389398592</speed>
					<speedAcc>-1.0</speedAcc>
					<courseAcc>-1.0</courseAcc>
					<gpxtpx:TrackPointExtension>
						<gpxtpx:hr>106.0</gpxtpx:hr>
					</gpxtpx:TrackPointExtension>
				</extensions>
			</trkpt>
			<trkpt lat="47.33988799114177" lon="19.04887029593797">
				<ele>101.11857057642192</ele>
				<time>2025-07-15T14:26:21Z</time>
				<extensions>
					<vAcc>0.0</vAcc>
					<course>5.5982073171096305</course>
					<hAcc>0.0</hAcc>
					<speed>1.0972260694668112</speed>
					<speedAcc>-1.0</speedAcc>
					<courseAcc>-1.0</courseAcc>
					<gpxtpx:TrackPointExtension>
						<gpxtpx:hr>106.0</gpxtpx:hr>
					</gpxtpx:TrackPointExtension>
				</extensions>
			</trkpt>
			<trkpt lat="47.339911454114926" lon="19.048874542328832">
				<ele>101.40002054534853</ele>
				<time>2025-07-15T14:26:27Z</time>
				<extensions>
					<vAcc>0.0</vAcc>
					<course>-1.0</course>
					<hAcc>0.0</hAcc>
					<speed>0.24512646065031843</speed>
					<speedAcc>-1.0</speedAcc>
					<courseAcc>-1.0</courseAcc>
					<gpxtpx:TrackPointExtension>
						<gpxtpx:hr>109.0</gpxtpx:hr>
					</gpxtpx:TrackPointExtension>
				</extensions>
			</trkpt>
			<trkpt lat="47.339894056292074" lon="19.0488734838707">
				<ele>101.39434733148664</ele>
				<time>2025-07-15T14:26:28Z</time>
				<extensions>
					<vAcc>0.0</vAcc>
					<course>165.7456457602958</course>
					<hAcc>0.0</hAcc>
					<speed>0.23294569072614288</speed>
					<speedAcc>-1.0</speedAcc>
					<courseAcc>-1.0</courseAcc>
					<gpxtpx:TrackPointExtension>
						<gpxtpx:hr>109.0</gpxtpx:hr>
					</gpxtpx:TrackPointExtension>
				</extensions>
			</trkpt>
			<trkpt lat="47.33987774230594" lon="19.048868311399207">
				<ele>101.36889763828367</ele>
				<time>2025-07-15T14:26:32Z</time>
				<extensions>
					<vAcc>0.0</vAcc>
					<course>340.64062166847947</course>
					<hAcc>0.0</hAcc>
					<speed>0.045857549974007414</speed>
					<speedAcc>-1.0</speedAcc>
					<courseAcc>-1.0</courseAcc>
					<gpxtpx:TrackPointExtension>
						<gpxtpx:hr>114.0</gpxtpx:hr>
					</gpxtpx:TrackPointExtension>
				</extensions>
			</trkpt>
			<trkpt lat="47.339878501967775" lon="19.04886679497691">
				<ele>101.23975305072963</ele>
				<time>2025-07-15T14:26:36Z</time>
				<extensions>
					<vAcc>0.0</vAcc>
					<course>358.6653912258189</course>
					<hAcc>0.0</hAcc>
					<speed>0.4325446636609419</speed>
					<speedAcc>-1.0</speedAcc>
					<courseAcc>-1.0</courseAcc>
					<gpxtpx:TrackPointExtension>
						<gpxtpx:hr>114.0</gpxtpx:hr>
					</gpxtpx:TrackPointExtension>
				</extensions>
			</trkpt>
			<trkpt lat="47.33987797787463" lon="19.04887426105625">
				<ele>101.41219494119287</ele>
				<time>2025-07-15T14:26:39Z</time>
				<extensions>
					<vAcc>0.0</vAcc>
					<course>356.92684304758393</course>
					<hAcc>0.0</hAcc>
					<speed>0.10732606466065535</speed>
					<speedAcc>-1.0</speedAcc>
					<courseAcc>-1.0</courseAcc>
					<gpxtpx:TrackPointExtension>
						<gpxtpx:hr>114.0</gpxtpx:hr>
					</gpxtpx:TrackPointExtension>
				</extensions>
			</trkpt>
			<trkpt lat="47.339869585343536" lon="19.0488897609922">
				<ele>101.97043426148593</ele>
				<time>2025-07-15T14:26:51Z</time>
				<extensions>
					<vAcc>0.0</vAcc>
					<course>-1.0</course>
					<hAcc>0.0</hAcc>
					<speed>0.05778021197739291</speed>
					<speedAcc>-1.0</speedAcc>
					<courseAcc>-1.0</courseAcc>
					<gpxtpx:TrackPointExtension>
						<gpxtpx:hr>115.0</gpxtpx:hr>
					</gpxtpx:TrackPointExtension>
				</extensions>
			</trkpt>
			<trkpt lat="47.339844870401656" lon="19.04889421798695">
				<ele>102.79190491698682</ele>
				<time>2025-07-15T14:26:56Z</time>
				<extensions>
					<vAcc>0.0</vAcc>
					<course>223.25250337047976</course>
					<hAcc>0.0</hAcc>
					<speed>0.2891800880466421</speed>
					<speedAcc>-1.0</speedAcc>
					<courseAcc>-1.0</courseAcc>
					<gpxtpx:TrackPointExtension>
						<gpxtpx:hr>117.0</gpxtpx:hr>
					</gpxtpx:TrackPointExtension>
				</extensions>
			</trkpt>
			<trkpt lat="47.339811142348275" lon="19.048897066096618">
				<ele>102.01318888925016</ele>
				<time>2025-07-15T14:27:05Z</time>
				<extensions>
					<vAcc>0.0</vAcc>
					<course>176.9567073740517</course>
					<hAcc>0.0</hAcc>
					<speed>0.29441124258855694</speed>
					<speedAcc>-1.0</speedAcc>
					<courseAcc>-1.0</courseAcc>
					<gpxtpx:TrackPointExtension>
						<gpxtpx:hr>113.0</gpxtpx:hr>
					</gpxtpx:TrackPointExtension>
				</extensions>
			</trkpt>
			<trkpt lat="47.339805555844734" lon="19.04890269698045">
				<ele>101.5712312599644</ele>
				<time>2025-07-15T14:27:11Z</time>
				<extensions>
					<vAcc>0.0</vAcc>
					<course>176.9567017276388</course>
					<hAcc>0.0</hAcc>
					<speed>0.1346799525116787</speed>
					<speedAcc>-1.0</speedAcc>
					<courseAcc>-1.0</courseAcc>
					<gpxtpx:TrackPointExtension>
						<gpxtpx:hr>113.0</gpxtpx:hr>
					</gpxtpx:TrackPointExtension>
				</extensions>
			</trkpt>
			<trkpt lat="47.33980932590088" lon="19.04892524774288">
				<ele>102.4005519868806</ele>
				<time>2025-07-15T14:27:13Z</time>
				<extensions>
					<vAcc>0.0</vAcc>
					<course>90.67584079232967</course>
					<hAcc>0.0</hAcc>
					<speed>0.6046281042728295</speed>
					<speedAcc>-1.0</speedAcc>
					<courseAcc>-1.0</courseAcc>
					<gpxtpx:TrackPointExtension>
						<gpxtpx:hr>124.00000000000001</gpxtpx:hr>
					</gpxtpx:TrackPointExtension>
				</extensions>
			</trkpt>
			<trkpt lat="47.33981285035767" lon="19.048933177235302">
				<ele>101.7699925545603</ele>
				<time>2025-07-15T14:27:19Z</time>
				<extensions>
					<vAcc>0.0</vAcc>
					<course>33.76214350235961</course>
					<hAcc>0.0</hAcc>
					<speed>0.1084681050265861</speed>
					<speedAcc>-1.0</speedAcc>
					<courseAcc>-1.0</courseAcc>
					<gpxtpx:TrackPointExtension>
						<gpxtpx:hr>124.00000000000001</gpxtpx:hr>
					</gpxtpx:TrackPointExtension>
				</extensions>
			</trkpt>
			<trkpt lat="47.33981050402363" lon="19.048919329697906">
				<ele>101.74907844793051</ele>
				<time>2025-07-15T14:27:24Z</time>
				<extensions>
					<vAcc>0.0</vAcc>
					<course>59.053001247912164</course>
					<hAcc>0.0</hAcc>
					<speed>0.06503235232897792</speed>
					<speedAcc>-1.0</speedAcc>
					<courseAcc>-1.0</courseAcc>
					<gpxtpx:TrackPointExtension>
						<gpxtpx:hr>124.00000000000001</gpxtpx:hr>
					</gpxtpx:TrackPointExtension>
				</extensions>
			</trkpt>
			<trkpt lat="47.339804028022385" lon="19.048901410237796">
				<ele>101.46249021962285</ele>
				<time>2025-07-15T14:27:28Z</time>
				<extensions>
					<vAcc>0.0</vAcc>
					<course>59.05298305395395</course>
					<hAcc>0.0</hAcc>
					<speed>0.017775679452828142</speed>
					<speedAcc>-1.0</speedAcc>
					<courseAcc>-1.0</courseAcc>
					<gpxtpx:TrackPointExtension>
						<gpxtpx:hr>124.00000000000001</gpxtpx:hr>
					</gpxtpx:TrackPointExtension>
				</extensions>
			</trkpt>
			<trkpt lat="47.33979465960164" lon="19.048882209064985">
				<ele>100.94439999386668</ele>
				<time>2025-07-15T14:27:31Z</time>
				<extensions>
					<vAcc>0.0</vAcc>
					<course>59.052962789771556</course>
					<hAcc>0.0</hAcc>
					<speed>0.01755876773432063</speed>
					<speedAcc>-1.0</speedAcc>
					<courseAcc>-1.0</courseAcc>
					<gpxtpx:TrackPointExtension>
						<gpxtpx:hr>124.00000000000001</gpxtpx:hr>
					</gpxtpx:TrackPointExtension>
				</extensions>
			</trkpt>
			<trkpt lat="47.339786662933335" lon="19.04886574105793">
				<ele>101.78277241438627</ele>
				<time>2025-07-15T14:27:34Z</time>
				<extensions>
					<vAcc>0.0</vAcc>
					<course>59.05294368654218</course>
					<hAcc>0.0</hAcc>
					<speed>0.008519658501033388</speed>
					<speedAcc>-1.0</speedAcc>
					<courseAcc>-1.0</courseAcc>
					<gpxtpx:TrackPointExtension>
						<gpxtpx:hr>118.0</gpxtpx:hr>
					</gpxtpx:TrackPointExtension>
				</extensions>
			</trkpt>
			<trkpt lat="47.339772267566794" lon="19.048845062265485">
				<ele>101.52231312636286</ele>
				<time>2025-07-15T14:27:36Z</time>
				<extensions>
					<vAcc>0.0</vAcc>
					<course>208.66762824972554</course>
					<hAcc>0.0</hAcc>
					<speed>0.6858072477101554</speed>
					<speedAcc>-1.0</speedAcc>
					<courseAcc>-1.0</courseAcc>
					<gpxtpx:TrackPointExtension>
						<gpxtpx:hr>118.0</gpxtpx:hr>
					</gpxtpx:TrackPointExtension>
				</extensions>
			</trkpt>
			<trkpt lat="47.33975158263779" lon="19.048818235655094">
				<ele>101.29525857232511</ele>
				<time>2025-07-15T14:27:39Z</time>
				<extensions>
					<vAcc>0.0</vAcc>
					<course>209.24898007221736</course>
					<hAcc>0.0</hAcc>
					<speed>0.6585007785160301</speed>
					<speedAcc>-1.0</speedAcc>
					<courseAcc>-1.0</courseAcc>
					<gpxtpx:TrackPointExtension>
						<gpxtpx:hr>118.0</gpxtpx:hr>
					</gpxtpx:TrackPointExtension>
				</extensions>
			</trkpt>
			<trkpt lat="47.33973171735179" lon="19.048794308811548">
				<ele>100.74331177957356</ele>
				<time>2025-07-15T14:27:41Z</time>
				<extensions>
					<vAcc>0.0</vAcc>
					<course>210.72703314862272</course>
					<hAcc>0.0</hAcc>
					<speed>0.9471168793133676</speed>
					<speedAcc>-1.0</speedAcc>
					<courseAcc>-1.0</courseAcc>
					<gpxtpx:TrackPointExtension>
						<gpxtpx:hr>118.0</gpxtpx:hr>
					</gpxtpx:TrackPointExtension>
				</extensions>
			</trkpt>
			<trkpt lat="47.33970966581538" lon="19.048769209865444">
				<ele>101.67954201623797</ele>
				<time>2025-07-15T14:27:43Z</time>
				<extensions>
					<vAcc>0.0</vAcc>
					<course>212.19002401618545</course>
					<hAcc>0.0</hAcc>
					<speed>1.129741543583256</speed>
					<speedAcc>-1.0</speedAcc>
					<courseAcc>-1.0</courseAcc>
					<gpxtpx:TrackPointExtension>
						<gpxtpx:hr>109.0</gpxtpx:hr>
					</gpxtpx:TrackPointExtension>
				</extensions>
			</trkpt>
			<trkpt lat="47.339689103496966" lon="19.04874361938178">
				<ele>99.89847637619823</ele>
				<time>2025-07-15T14:27:45Z</time>
				<extensions>
					<vAcc>0.0</vAcc>
					<course>216.33141055607777</course>
					<hAcc>0.0</hAcc>
					<speed>1.1166319421649202</speed>
					<speedAcc>-1.0</speedAcc>
					<courseAcc>-1.0</courseAcc>
					<gpxtpx:TrackPointExtension>
						<gpxtpx:hr>109.0</gpxtpx:hr>
					</gpxtpx:TrackPointExtension>
				</extensions>
			</trkpt>
			<trkpt lat="47.33965679535933" lon="19.048707346256712">
				<ele>100.354537836276</ele>
				<time>2025-07-15T14:27:50Z</time>
				<extensions>
					<vAcc>0.0</vAcc>
					<course>210.48880357087688</course>
					<hAcc>0.0</hAcc>
					<speed>0.5621216455184842</speed>
					<speedAcc>-1.0</speedAcc>
					<courseAcc>-1.0</courseAcc>
					<gpxtpx:TrackPointExtension>
						<gpxtpx:hr>101.0</gpxtpx:hr>
					</gpxtpx:TrackPointExtension>
				</extensions>
			</trkpt>
			<trkpt lat="47.33964043537127" lon="19.0486868303823">
				<ele>101.09066294506192</ele>
				<time>2025-07-15T14:27:54Z</time>
				<extensions>
					<vAcc>0.0</vAcc>
					<course>203.90855016608657</course>
					<hAcc>0.0</hAcc>
					<speed>0.4545314955633102</speed>
					<speedAcc>-1.0</speedAcc>
					<courseAcc>-1.0</courseAcc>
					<gpxtpx:TrackPointExtension>
						<gpxtpx:hr>99.0</gpxtpx:hr>
					</gpxtpx:TrackPointExtension>
				</extensions>
			</trkpt>
			<trkpt lat="47.33961896577256" lon="19.04866303686694">
				<ele>100.90572787821293</ele>
				<time>2025-07-15T14:27:58Z</time>
				<extensions>
					<vAcc>0.0</vAcc>
					<course>216.19855730631065</course>
					<hAcc>0.0</hAcc>
					<speed>0.8137082737716141</speed>
					<speedAcc>-1.0</speedAcc>
					<courseAcc>-1.0</courseAcc>
					<gpxtpx:TrackPointExtension>
						<gpxtpx:hr>98.0</gpxtpx:hr>
					</gpxtpx:TrackPointExtension>
				</extensions>
			</trkpt>
			<trkpt lat="47.33960106638148" lon="19.04864214405264">
				<ele>100.11602594610304</ele>
				<time>2025-07-15T14:28:01Z</time>
				<extensions>
					<vAcc>0.0</vAcc>
					<course>222.147141792505</course>
					<hAcc>0.0</hAcc>
					<speed>0.7347697391002825</speed>
					<speedAcc>-1.0</speedAcc>
					<courseAcc>-1.0</courseAcc>
					<gpxtpx:TrackPointExtension>
						<gpxtpx:hr>98.0</gpxtpx:hr>
					</gpxtpx:TrackPointExtension>
				</extensions>
			</trkpt>
			<trkpt lat="47.33957026271774" lon="19.048621370486867">
				<ele>100.3756241761148</ele>
				<time>2025-07-15T14:28:07Z</time>
				<extensions>
					<vAcc>0.0</vAcc>
					<course>203.10520270138665</course>
					<hAcc>0.0</hAcc>
					<speed>0.5812024027567408</speed>
					<speedAcc>-1.0</speedAcc>
					<courseAcc>-1.0</courseAcc>
					<gpxtpx:TrackPointExtension>
						<gpxtpx:hr>97.0</gpxtpx:hr>
					</gpxtpx:TrackPointExtension>
				</extensions>
			</trkpt>
			<trkpt lat="47.33955217657295" lon="19.048615053259862">
				<ele>101.00090309791267</ele>
				<time>2025-07-15T14:28:10Z</time>
				<extensions>
					<vAcc>0.0</vAcc>
					<course>208.70823659057453</course>
					<hAcc>0.0</hAcc>
					<speed>0.7460894065017225</speed>
					<speedAcc>-1.0</speedAcc>
					<courseAcc>-1.0</courseAcc>
					<gpxtpx:TrackPointExtension>
						<gpxtpx:hr>94.0</gpxtpx:hr>
					</gpxtpx:TrackPointExtension>
				</extensions>
			</trkpt>
			<trkpt lat="47.33953137168039" lon="19.048606392729546">
				<ele>100.26256243418902</ele>
				<time>2025-07-15T14:28:14Z</time>
				<extensions>
					<vAcc>0.0</vAcc>
					<course>200.58545769431876</course>
					<hAcc>0.0</hAcc>
					<speed>0.5499500562557222</speed>
					<speedAcc>-1.0</speedAcc>
					<courseAcc>-1.0</courseAcc>
					<gpxtpx:TrackPointExtension>
						<gpxtpx:hr>88.0</gpxtpx:hr>
					</gpxtpx:TrackPointExtension>
				</extensions>
			</trkpt>
			<trkpt lat="47.339516761088774" lon="19.048590435871674">
				<ele>99.53740638680756</ele>
				<time>2025-07-15T14:28:18Z</time>
				<extensions>
					<vAcc>0.0</vAcc>
					<course>226.49528757548686</course>
					<hAcc>0.0</hAcc>
					<speed>0.6005114164967684</speed>
					<speedAcc>-1.0</speedAcc>
					<courseAcc>-1.0</courseAcc>
					<gpxtpx:TrackPointExtension>
						<gpxtpx:hr>88.0</gpxtpx:hr>
					</gpxtpx:TrackPointExtension>
				</extensions>
			</trkpt>
			<trkpt lat="47.33950207333516" lon="19.048569183263808">
				<ele>99.25964876264334</ele>
				<time>2025-07-15T14:28:23Z</time>
				<extensions>
					<vAcc>0.0</vAcc>
					<course>228.98872908479007</course>
					<hAcc>0.0</hAcc>
					<speed>0.3394222284025447</speed>
					<speedAcc>-1.0</speedAcc>
					<courseAcc>-1.0</courseAcc>
					<gpxtpx:TrackPointExtension>
						<gpxtpx:hr>86.0</gpxtpx:hr>
					</gpxtpx:TrackPointExtension>
				</extensions>
			</trkpt>
			<trkpt lat="47.339487294478225" lon="19.048551914849554">
				<ele>98.8755792658776</ele>
				<time>2025-07-15T14:28:28Z</time>
				<extensions>
					<vAcc>0.0</vAcc>
					<course>222.19738640828353</course>
					<hAcc>0.0</hAcc>
					<speed>0.44200262780694904</speed>
					<speedAcc>-1.0</speedAcc>
					<courseAcc>-1.0</courseAcc>
					<gpxtpx:TrackPointExtension>
						<gpxtpx:hr>90.0</gpxtpx:hr>
					</gpxtpx:TrackPointExtension>
				</extensions>
			</trkpt>
			<trkpt lat="47.339472643022525" lon="19.048536761872377">
				<ele>98.7259467728436</ele>
				<time>2025-07-15T14:28:32Z</time>
				<extensions>
					<vAcc>0.0</vAcc>
					<course>205.1161441198957</course>
					<hAcc>0.0</hAcc>
					<speed>0.4819193170884572</speed>
					<speedAcc>-1.0</speedAcc>
					<courseAcc>-1.0</courseAcc>
					<gpxtpx:TrackPointExtension>
						<gpxtpx:hr>91.0</gpxtpx:hr>
					</gpxtpx:TrackPointExtension>
				</extensions>
			</trkpt>
			<trkpt lat="47.3394577942942" lon="19.04850930931641">
				<ele>99.03097778651863</ele>
				<time>2025-07-15T14:28:37Z</time>
				<extensions>
					<vAcc>0.0</vAcc>
					<course>232.26803611172915</course>
					<hAcc>0.0</hAcc>
					<speed>0.5377438482037799</speed>
					<speedAcc>-1.0</speedAcc>
					<courseAcc>-1.0</courseAcc>
					<gpxtpx:TrackPointExtension>
						<gpxtpx:hr>93.0</gpxtpx:hr>
					</gpxtpx:TrackPointExtension>
				</extensions>
			</trkpt>
			<trkpt lat="47.339445451158056" lon="19.04848272313529">
				<ele>99.22797393519431</ele>
				<time>2025-07-15T14:28:42Z</time>
				<extensions>
					<vAcc>0.0</vAcc>
					<course>227.13986758241674</course>
					<hAcc>0.0</hAcc>
					<speed>0.41462695316495785</speed>
					<speedAcc>-1.0</speedAcc>
					<courseAcc>-1.0</courseAcc>
					<gpxtpx:TrackPointExtension>
						<gpxtpx:hr>95.0</gpxtpx:hr>
					</gpxtpx:TrackPointExtension>
				</extensions>
			</trkpt>
			<trkpt lat="47.339436723226726" lon="19.048450182539735">
				<ele>99.15723655093461</ele>
				<time>2025-07-15T14:28:50Z</time>
				<extensions>
					<vAcc>0.0</vAcc>
					<course>247.27574985499615</course>
					<hAcc>0.0</hAcc>
					<speed>0.3257474075179021</speed>
					<speedAcc>-1.0</speedAcc>
					<courseAcc>-1.0</courseAcc>
					<gpxtpx:TrackPointExtension>
						<gpxtpx:hr>96.0</gpxtpx:hr>
					</gpxtpx:TrackPointExtension>
				</extensions>
			</trkpt>
			<trkpt lat="47.33943540457131" lon="19.04843160420088">
				<ele>98.63912737555802</ele>
				<time>2025-07-15T14:28:55Z</time>
				<extensions>
					<vAcc>0.0</vAcc>
					<course>298.52736510782256</course>
					<hAcc>0.0</hAcc>
					<speed>0.1491678050172479</speed>
					<speedAcc>-1.0</speedAcc>
					<courseAcc>-1.0</courseAcc>
					<gpxtpx:TrackPointExtension>
						<gpxtpx:hr>97.0</gpxtpx:hr>
					</gpxtpx:TrackPointExtension>
				</extensions>
			</trkpt>
			<trkpt lat="47.33943048293687" lon="19.048409780786756">
				<ele>99.65513147227466</ele>
				<time>2025-07-15T14:29:02Z</time>
				<extensions>
					<vAcc>0.0</vAcc>
					<course>260.73879278623303</course>
					<hAcc>0.0</hAcc>
					<speed>0.2142302017290375</speed>
					<speedAcc>-1.0</speedAcc>
					<courseAcc>-1.0</courseAcc>
					<gpxtpx:TrackPointExtension>
						<gpxtpx:hr>113.0</gpxtpx:hr>
					</gpxtpx:TrackPointExtension>
				</extensions>
			</trkpt>
			<trkpt lat="47.33941470749018" lon="19.048385675237604">
				<ele>99.08216060232371</ele>
				<time>2025-07-15T14:29:06Z</time>
				<extensions>
					<vAcc>0.0</vAcc>
					<course>225.4519350056639</course>
					<hAcc>0.0</hAcc>
					<speed>0.7260404189429085</speed>
					<speedAcc>-1.0</speedAcc>
					<courseAcc>-1.0</courseAcc>
					<gpxtpx:TrackPointExtension>
						<gpxtpx:hr>113.0</gpxtpx:hr>
					</gpxtpx:TrackPointExtension>
				</extensions>
			</trkpt>
			<trkpt lat="47.33941787971932" lon="19.048367126437984">
				<ele>99.96039086580276</ele>
				<time>2025-07-15T14:29:08Z</time>
				<extensions>
					<vAcc>0.0</vAcc>
					<course>301.42257799979296</course>
					<hAcc>0.0</hAcc>
					<speed>0.6044544815964926</speed>
					<speedAcc>-1.0</speedAcc>
					<courseAcc>-1.0</courseAcc>
					<gpxtpx:TrackPointExtension>
						<gpxtpx:hr>128.0</gpxtpx:hr>
					</gpxtpx:TrackPointExtension>
				</extensions>
			</trkpt>
			<trkpt lat="47.33941393191769" lon="19.048331899789698">
				<ele>99.60184598434716</ele>
				<time>2025-07-15T14:29:11Z</time>
				<extensions>
					<vAcc>0.0</vAcc>
					<course>254.343333496409</course>
					<hAcc>0.0</hAcc>
					<speed>0.9697035958870699</speed>
					<speedAcc>-1.0</speedAcc>
					<courseAcc>-1.0</courseAcc>
					<gpxtpx:TrackPointExtension>
						<gpxtpx:hr>128.0</gpxtpx:hr>
					</gpxtpx:TrackPointExtension>
				</extensions>
			</trkpt>
			<trkpt lat="47.33941507837355" lon="19.048302693631264">
				<ele>99.1851651519537</ele>
				<time>2025-07-15T14:29:13Z</time>
				<extensions>
					<vAcc>0.0</vAcc>
					<course>282.1284663007116</course>
					<hAcc>0.0</hAcc>
					<speed>1.0652471358960158</speed>
					<speedAcc>-1.0</speedAcc>
					<courseAcc>-1.0</courseAcc>
					<gpxtpx:TrackPointExtension>
						<gpxtpx:hr>132.0</gpxtpx:hr>
					</gpxtpx:TrackPointExtension>
				</extensions>
			</trkpt>
			<trkpt lat="47.339408499129995" lon="19.04827132318175">
				<ele>98.75604413449764</ele>
				<time>2025-07-15T14:29:16Z</time>
				<extensions>
					<vAcc>0.0</vAcc>
					<course>251.99749723739876</course>
					<hAcc>0.0</hAcc>
					<speed>0.7535166484938735</speed>
					<speedAcc>-1.0</speedAcc>
					<courseAcc>-1.0</courseAcc>
					<gpxtpx:TrackPointExtension>
						<gpxtpx:hr>132.0</gpxtpx:hr>
					</gpxtpx:TrackPointExtension>
				</extensions>
			</trkpt>
			<trkpt lat="47.3393970912041" lon="19.048236687642813">
				<ele>98.74413855932653</ele>
				<time>2025-07-15T14:29:19Z</time>
				<extensions>
					<vAcc>0.0</vAcc>
					<course>259.49875289689277</course>
					<hAcc>0.0</hAcc>
					<speed>1.031729528567503</speed>
					<speedAcc>-1.0</speedAcc>
					<courseAcc>-1.0</courseAcc>
					<gpxtpx:TrackPointExtension>
						<gpxtpx:hr>133.0</gpxtpx:hr>
					</gpxtpx:TrackPointExtension>
				</extensions>
			</trkpt>
			<trkpt lat="47.33938690336231" lon="19.04821109022615">
				<ele>98.4513238221407</ele>
				<time>2025-07-15T14:29:21Z</time>
				<extensions>
					<vAcc>0.0</vAcc>
					<course>257.2650279119099</course>
					<hAcc>0.0</hAcc>
					<speed>1.0575920674421642</speed>
					<speedAcc>-1.0</speedAcc>
					<courseAcc>-1.0</courseAcc>
					<gpxtpx:TrackPointExtension>
						<gpxtpx:hr>133.0</gpxtpx:hr>
					</gpxtpx:TrackPointExtension>
				</extensions>
			</trkpt>
			<trkpt lat="47.33937881570144" lon="19.048184120765928">
				<ele>99.00166934728622</ele>
				<time>2025-07-15T14:29:24Z</time>
				<extensions>
					<vAcc>0.0</vAcc>
					<course>256.50690127909775</course>
					<hAcc>0.0</hAcc>
					<speed>0.5104546821634197</speed>
					<speedAcc>-1.0</speedAcc>
					<courseAcc>-1.0</courseAcc>
					<gpxtpx:TrackPointExtension>
						<gpxtpx:hr>133.0</gpxtpx:hr>
					</gpxtpx:TrackPointExtension>
				</extensions>
			</trkpt>
			<trkpt lat="47.339369487950364" lon="19.04816893563451">
				<ele>99.13125049136579</ele>
				<time>2025-07-15T14:29:26Z</time>
				<extensions>
					<vAcc>0.0</vAcc>
					<course>235.68142246428823</course>
					<hAcc>0.0</hAcc>
					<speed>0.6988875878876374</speed>
					<speedAcc>-1.0</speedAcc>
					<courseAcc>-1.0</courseAcc>
					<gpxtpx:TrackPointExtension>
						<gpxtpx:hr>133.0</gpxtpx:hr>
					</gpxtpx:TrackPointExtension>
				</extensions>
			</trkpt>
			<trkpt lat="47.339361740199024" lon="19.048136841571033">
				<ele>99.17169650923461</ele>
				<time>2025-07-15T14:29:29Z</time>
				<extensions>
					<vAcc>0.0</vAcc>
					<course>263.8400147545894</course>
					<hAcc>0.0</hAcc>
					<speed>0.8320754458451934</speed>
					<speedAcc>-1.0</speedAcc>
					<courseAcc>-1.0</courseAcc>
					<gpxtpx:TrackPointExtension>
						<gpxtpx:hr>133.0</gpxtpx:hr>
					</gpxtpx:TrackPointExtension>
				</extensions>
			</trkpt>
			<trkpt lat="47.33935451807232" lon="19.048108298082052">
				<ele>99.4107615519315</ele>
				<time>2025-07-15T14:29:32Z</time>
				<extensions>
					<vAcc>0.0</vAcc>
					<course>256.2134007240065</course>
					<hAcc>0.0</hAcc>
					<speed>0.5570206249643398</speed>
					<speedAcc>-1.0</speedAcc>
					<courseAcc>-1.0</courseAcc>
					<gpxtpx:TrackPointExtension>
						<gpxtpx:hr>133.0</gpxtpx:hr>
					</gpxtpx:TrackPointExtension>
				</extensions>
			</trkpt>
			<trkpt lat="47.33934840628107" lon="19.048080051669142">
				<ele>99.30355626996607</ele>
				<time>2025-07-15T14:29:35Z</time>
				<extensions>
					<vAcc>0.0</vAcc>
					<course>256.5743721157354</course>
					<hAcc>0.0</hAcc>
					<speed>0.6846101996562978</speed>
					<speedAcc>-1.0</speedAcc>
					<courseAcc>-1.0</courseAcc>
					<gpxtpx:TrackPointExtension>
						<gpxtpx:hr>133.0</gpxtpx:hr>
					</gpxtpx:TrackPointExtension>
				</extensions>
			</trkpt>
			<trkpt lat="47.33934195047242" lon="19.0480550803662">
				<ele>98.87730827834457</ele>
				<time>2025-07-15T14:29:38Z</time>
				<extensions>
					<vAcc>0.0</vAcc>
					<course>249.72318404268617</course>
					<hAcc>0.0</hAcc>
					<speed>0.37988155868217527</speed>
					<speedAcc>-1.0</speedAcc>
					<courseAcc>-1.0</courseAcc>
					<gpxtpx:TrackPointExtension>
						<gpxtpx:hr>133.0</gpxtpx:hr>
					</gpxtpx:TrackPointExtension>
				</extensions>
			</trkpt>
			<trkpt lat="47.33932666915526" lon="19.048032110637493">
				<ele>98.80126976408064</ele>
				<time>2025-07-15T14:29:42Z</time>
				<extensions>
					<vAcc>0.0</vAcc>
					<course>206.4735928182509</course>
					<hAcc>0.0</hAcc>
					<speed>0.591774229005414</speed>
					<speedAcc>-1.0</speedAcc>
					<courseAcc>-1.0</courseAcc>
					<gpxtpx:TrackPointExtension>
						<gpxtpx:hr>134.0</gpxtpx:hr>
					</gpxtpx:TrackPointExtension>
				</extensions>
			</trkpt>
			<trkpt lat="47.3393125350757" lon="19.048003573095464">
				<ele>99.32674055546522</ele>
				<time>2025-07-15T14:29:46Z</time>
				<extensions>
					<vAcc>0.0</vAcc>
					<course>252.23535947686008</course>
					<hAcc>0.0</hAcc>
					<speed>0.5372530888422101</speed>
					<speedAcc>-1.0</speedAcc>
					<courseAcc>-1.0</courseAcc>
					<gpxtpx:TrackPointExtension>
						<gpxtpx:hr>132.0</gpxtpx:hr>
					</gpxtpx:TrackPointExtension>
				</extensions>
			</trkpt>
			<trkpt lat="47.33930330063969" lon="19.047980218839516">
				<ele>99.36722688376904</ele>
				<time>2025-07-15T14:29:49Z</time>
				<extensions>
					<vAcc>0.0</vAcc>
					<course>230.92589214350946</course>
					<hAcc>0.0</hAcc>
					<speed>0.40629740501075057</speed>
					<speedAcc>-1.0</speedAcc>
					<courseAcc>-1.0</courseAcc>
					<gpxtpx:TrackPointExtension>
						<gpxtpx:hr>132.0</gpxtpx:hr>
					</gpxtpx:TrackPointExtension>
				</extensions>
			</trkpt>
			<trkpt lat="47.33928434592892" lon="19.0479490988664">
				<ele>98.94255058094859</ele>
				<time>2025-07-15T14:29:54Z</time>
				<extensions>
					<vAcc>0.0</vAcc>
					<course>213.08021472190063</course>
					<hAcc>0.0</hAcc>
					<speed>0.6682825517224569</speed>
					<speedAcc>-1.0</speedAcc>
					<courseAcc>-1.0</courseAcc>
					<gpxtpx:TrackPointExtension>
						<gpxtpx:hr>119.0</gpxtpx:hr>
					</gpxtpx:TrackPointExtension>
				</extensions>
			</trkpt>
			<trkpt lat="47.33926845237262" lon="19.047925578856304">
				<ele>99.13947535958141</ele>
				<time>2025-07-15T14:29:57Z</time>
				<extensions>
					<vAcc>0.0</vAcc>
					<course>216.3037552380196</course>
					<hAcc>0.0</hAcc>
					<speed>0.7614735372507005</speed>
					<speedAcc>-1.0</speedAcc>
					<courseAcc>-1.0</courseAcc>
					<gpxtpx:TrackPointExtension>
						<gpxtpx:hr>119.0</gpxtpx:hr>
					</gpxtpx:TrackPointExtension>
				</extensions>
			</trkpt>
			<trkpt lat="47.339250171981405" lon="19.04790943240579">
				<ele>99.76049647387117</ele>
				<time>2025-07-15T14:29:59Z</time>
				<extensions>
					<vAcc>0.0</vAcc>
					<course>202.53097276669132</course>
					<hAcc>0.0</hAcc>
					<speed>1.0708451564064587</speed>
					<speedAcc>-1.0</speedAcc>
					<courseAcc>-1.0</courseAcc>
					<gpxtpx:TrackPointExtension>
						<gpxtpx:hr>114.0</gpxtpx:hr>
					</gpxtpx:TrackPointExtension>
				</extensions>
			</trkpt>
			<trkpt lat="47.33922388952087" lon="19.047882639808158">
				<ele>98.98460336215794</ele>
				<time>2025-07-15T14:30:03Z</time>
				<extensions>
					<vAcc>0.0</vAcc>
					<course>214.31923100706211</course>
					<hAcc>0.0</hAcc>
					<speed>0.7313502911573299</speed>
					<speedAcc>-1.0</speedAcc>
					<courseAcc>-1.0</courseAcc>
					<gpxtpx:TrackPointExtension>
						<gpxtpx:hr>100.0</gpxtpx:hr>
					</gpxtpx:TrackPointExtension>
				</extensions>
			</trkpt>
			<trkpt lat="47.33920864007338" lon="19.047864049091128">
				<ele>99.40735691599548</ele>
				<time>2025-07-15T14:30:06Z</time>
				<extensions>
					<vAcc>0.0</vAcc>
					<course>209.439548597889</course>
					<hAcc>0.0</hAcc>
					<speed>0.6454249965450956</speed>
					<speedAcc>-1.0</speedAcc>
					<courseAcc>-1.0</courseAcc>
					<gpxtpx:TrackPointExtension>
						<gpxtpx:hr>100.0</gpxtpx:hr>
					</gpxtpx:TrackPointExtension>
				</extensions>
			</trkpt>
			<trkpt lat="47.33919291320659" lon="19.047846307956675">
				<ele>99.70995985995978</ele>
				<time>2025-07-15T14:30:09Z</time>
				<extensions>
					<vAcc>0.0</vAcc>
					<course>209.285975806447</course>
					<hAcc>0.0</hAcc>
					<speed>0.6366430965905128</speed>
					<speedAcc>-1.0</speedAcc>
					<courseAcc>-1.0</courseAcc>
					<gpxtpx:TrackPointExtension>
						<gpxtpx:hr>94.0</gpxtpx:hr>
					</gpxtpx:TrackPointExtension>
				</extensions>
			</trkpt>
			<trkpt lat="47.33917333874392" lon="19.047827686742615">
				<ele>99.67006768565625</ele>
				<time>2025-07-15T14:30:13Z</time>
				<extensions>
					<vAcc>0.0</vAcc>
					<course>208.2157165086637</course>
					<hAcc>0.0</hAcc>
					<speed>0.5581778087876222</speed>
					<speedAcc>-1.0</speedAcc>
					<courseAcc>-1.0</courseAcc>
					<gpxtpx:TrackPointExtension>
						<gpxtpx:hr>91.0</gpxtpx:hr>
					</gpxtpx:TrackPointExtension>
				</extensions>
			</trkpt>
			<trkpt lat="47.339152240618915" lon="19.047810778885538">
				<ele>99.56930942740291</ele>
				<time>2025-07-15T14:30:18Z</time>
				<extensions>
					<vAcc>0.0</vAcc>
					<course>207.36818078913592</course>
					<hAcc>0.0</hAcc>
					<speed>0.4704341022241858</speed>
					<speedAcc>-1.0</speedAcc>
					<courseAcc>-1.0</courseAcc>
					<gpxtpx:TrackPointExtension>
						<gpxtpx:hr>88.0</gpxtpx:hr>
					</gpxtpx:TrackPointExtension>
				</extensions>
			</trkpt>
			<trkpt lat="47.33913572535247" lon="19.047795540644614">
				<ele>99.2205491522327</ele>
				<time>2025-07-15T14:30:23Z</time>
				<extensions>
					<vAcc>0.0</vAcc>
					<course>214.74784872532598</course>
					<hAcc>0.0</hAcc>
					<speed>0.36342607682692685</speed>
					<speedAcc>-1.0</speedAcc>
					<courseAcc>-1.0</courseAcc>
					<gpxtpx:TrackPointExtension>
						<gpxtpx:hr>87.0</gpxtpx:hr>
					</gpxtpx:TrackPointExtension>
				</extensions>
			</trkpt>
			<trkpt lat="47.33911813204286" lon="19.047777743585208">
				<ele>99.06379468925297</ele>
				<time>2025-07-15T14:30:29Z</time>
				<extensions>
					<vAcc>0.0</vAcc>
					<course>214.74783673522487</course>
					<hAcc>0.0</hAcc>
					<speed>0.3980027606496854</speed>
					<speedAcc>-1.0</speedAcc>
					<courseAcc>-1.0</courseAcc>
					<gpxtpx:TrackPointExtension>
						<gpxtpx:hr>84.0</gpxtpx:hr>
					</gpxtpx:TrackPointExtension>
				</extensions>
			</trkpt>
			<trkpt lat="47.33911818597508" lon="19.047750928203254">
				<ele>99.76793758571148</ele>
				<time>2025-07-15T14:31:00Z</time>
				<extensions>
					<vAcc>0.0</vAcc>
					<course>280.950327638615</course>
					<hAcc>0.0</hAcc>
					<speed>0.34668078184573364</speed>
					<speedAcc>-1.0</speedAcc>
					<courseAcc>-1.0</courseAcc>
					<gpxtpx:TrackPointExtension>
						<gpxtpx:hr>112.0</gpxtpx:hr>
					</gpxtpx:TrackPointExtension>
				</extensions>
			</trkpt>
			<trkpt lat="47.33912633818761" lon="19.04777360087051">
				<ele>100.05715872626752</ele>
				<time>2025-07-15T14:31:02Z</time>
				<extensions>
					<vAcc>0.0</vAcc>
					<course>44.914684900122744</course>
					<hAcc>0.0</hAcc>
					<speed>0.2885865829577611</speed>
					<speedAcc>-1.0</speedAcc>
					<courseAcc>-1.0</courseAcc>
					<gpxtpx:TrackPointExtension>
						<gpxtpx:hr>112.0</gpxtpx:hr>
					</gpxtpx:TrackPointExtension>
				</extensions>
			</trkpt>
			<trkpt lat="47.33912267940723" lon="19.047801459866054">
				<ele>99.29534181393683</ele>
				<time>2025-07-15T14:31:07Z</time>
				<extensions>
					<vAcc>0.0</vAcc>
					<course>127.83409965240944</course>
					<hAcc>0.0</hAcc>
					<speed>0.4461875360207729</speed>
					<speedAcc>-1.0</speedAcc>
					<courseAcc>-1.0</courseAcc>
					<gpxtpx:TrackPointExtension>
						<gpxtpx:hr>134.0</gpxtpx:hr>
					</gpxtpx:TrackPointExtension>
				</extensions>
			</trkpt>
			<trkpt lat="47.339103358716585" lon="19.047796690756044">
				<ele>99.3329128595069</ele>
				<time>2025-07-15T14:31:11Z</time>
				<extensions>
					<vAcc>0.0</vAcc>
					<course>217.83424003320624</course>
					<hAcc>0.0</hAcc>
					<speed>0.7088722050528137</speed>
					<speedAcc>-1.0</speedAcc>
					<courseAcc>-1.0</courseAcc>
					<gpxtpx:TrackPointExtension>
						<gpxtpx:hr>134.0</gpxtpx:hr>
					</gpxtpx:TrackPointExtension>
				</extensions>
			</trkpt>
			<trkpt lat="47.3390818139186" lon="19.047799997270566">
				<ele>99.96870193071663</ele>
				<time>2025-07-15T14:31:13Z</time>
				<extensions>
					<vAcc>0.0</vAcc>
					<course>177.36660139059455</course>
					<hAcc>0.0</hAcc>
					<speed>1.0980843928783766</speed>
					<speedAcc>-1.0</speedAcc>
					<courseAcc>-1.0</courseAcc>
					<gpxtpx:TrackPointExtension>
						<gpxtpx:hr>134.0</gpxtpx:hr>
					</gpxtpx:TrackPointExtension>
				</extensions>
			</trkpt>
			<trkpt lat="47.33905756597201" lon="19.047809817059036">
				<ele>100.08795304503292</ele>
				<time>2025-07-15T14:31:15Z</time>
				<extensions>
					<vAcc>0.0</vAcc>
					<course>167.27438595278977</course>
					<hAcc>0.0</hAcc>
					<speed>1.2453115549524776</speed>
					<speedAcc>-1.0</speedAcc>
					<courseAcc>-1.0</courseAcc>
					<gpxtpx:TrackPointExtension>
						<gpxtpx:hr>134.0</gpxtpx:hr>
					</gpxtpx:TrackPointExtension>
				</extensions>
			</trkpt>
			<trkpt lat="47.33903419248616" lon="19.047816263472455">
				<ele>100.43430063780397</ele>
				<time>2025-07-15T14:31:17Z</time>
				<extensions>
					<vAcc>0.0</vAcc>
					<course>174.11115925792646</course>
					<hAcc>0.0</hAcc>
					<speed>1.1836024914436991</speed>
					<speedAcc>-1.0</speedAcc>
					<courseAcc>-1.0</courseAcc>
					<gpxtpx:TrackPointExtension>
						<gpxtpx:hr>134.0</gpxtpx:hr>
					</gpxtpx:TrackPointExtension>
				</extensions>
			</trkpt>
			<trkpt lat="47.33902124795437" lon="19.04780800883156">
				<ele>100.01153951603919</ele>
				<time>2025-07-15T14:31:18Z</time>
				<extensions>
					<vAcc>0.0</vAcc>
					<course>202.51561091127766</course>
					<hAcc>0.0</hAcc>
					<speed>1.2897414934753926</speed>
					<speedAcc>-1.0</speedAcc>
					<courseAcc>-1.0</courseAcc>
					<gpxtpx:TrackPointExtension>
						<gpxtpx:hr>134.0</gpxtpx:hr>
					</gpxtpx:TrackPointExtension>
				</extensions>
			</trkpt>
			<trkpt lat="47.33900751914322" lon="19.04780913670286">
				<ele>100.12805387564003</ele>
				<time>2025-07-15T14:31:19Z</time>
				<extensions>
					<vAcc>0.0</vAcc>
					<course>176.6643156011692</course>
					<hAcc>0.0</hAcc>
					<speed>1.3470086494972195</speed>
					<speedAcc>-1.0</speedAcc>
					<courseAcc>-1.0</courseAcc>
					<gpxtpx:TrackPointExtension>
						<gpxtpx:hr>134.0</gpxtpx:hr>
					</gpxtpx:TrackPointExtension>
				</extensions>
			</trkpt>
			<trkpt lat="47.338983525940776" lon="19.047803158256805">
				<ele>98.96913492400199</ele>
				<time>2025-07-15T14:31:21Z</time>
				<extensions>
					<vAcc>0.0</vAcc>
					<course>189.06848977617483</course>
					<hAcc>0.0</hAcc>
					<speed>1.3095788566679551</speed>
					<speedAcc>-1.0</speedAcc>
					<courseAcc>-1.0</courseAcc>
					<gpxtpx:TrackPointExtension>
						<gpxtpx:hr>134.0</gpxtpx:hr>
					</gpxtpx:TrackPointExtension>
				</extensions>
			</trkpt>
			<trkpt lat="47.338967020071124" lon="19.047789393756762">
				<ele>99.05276907514781</ele>
				<time>2025-07-15T14:31:22Z</time>
				<extensions>
					<vAcc>0.0</vAcc>
					<course>204.25814522585875</course>
					<hAcc>0.0</hAcc>
					<speed>1.6655150594138985</speed>
					<speedAcc>-1.0</speedAcc>
					<courseAcc>-1.0</courseAcc>
					<gpxtpx:TrackPointExtension>
						<gpxtpx:hr>137.0</gpxtpx:hr>
					</gpxtpx:TrackPointExtension>
				</extensions>
			</trkpt>
			<trkpt lat="47.33893221333447" lon="19.047782781089854">
				<ele>98.73603099677712</ele>
				<time>2025-07-15T14:31:25Z</time>
				<extensions>
					<vAcc>0.0</vAcc>
					<course>173.4411700745736</course>
					<hAcc>0.0</hAcc>
					<speed>1.2300426067908303</speed>
					<speedAcc>-1.0</speedAcc>
					<courseAcc>-1.0</courseAcc>
					<gpxtpx:TrackPointExtension>
						<gpxtpx:hr>137.0</gpxtpx:hr>
					</gpxtpx:TrackPointExtension>
				</extensions>
			</trkpt>
			<trkpt lat="47.33890706096516" lon="19.047788877403132">
				<ele>98.99047968816012</ele>
				<time>2025-07-15T14:31:27Z</time>
				<extensions>
					<vAcc>0.0</vAcc>
					<course>174.55386541922326</course>
					<hAcc>0.0</hAcc>
					<speed>1.4929931667051781</speed>
					<speedAcc>-1.0</speedAcc>
					<courseAcc>-1.0</courseAcc>
					<gpxtpx:TrackPointExtension>
						<gpxtpx:hr>137.0</gpxtpx:hr>
					</gpxtpx:TrackPointExtension>
				</extensions>
			</trkpt>
			<trkpt lat="47.33887227260944" lon="19.047793999619632">
				<ele>98.41029774025083</ele>
				<time>2025-07-15T14:31:30Z</time>
				<extensions>
					<vAcc>0.0</vAcc>
					<course>179.34831845336598</course>
					<hAcc>0.0</hAcc>
					<speed>1.314933387770079</speed>
					<speedAcc>-1.0</speedAcc>
					<courseAcc>-1.0</courseAcc>
					<gpxtpx:TrackPointExtension>
						<gpxtpx:hr>140.0</gpxtpx:hr>
					</gpxtpx:TrackPointExtension>
				</extensions>
			</trkpt>
			<trkpt lat="47.33885100146995" lon="19.047789311292814">
				<ele>98.55726664979011</ele>
				<time>2025-07-15T14:31:32Z</time>
				<extensions>
					<vAcc>0.0</vAcc>
					<course>188.98749318289524</course>
					<hAcc>0.0</hAcc>
					<speed>1.2733795355658257</speed>
					<speedAcc>-1.0</speedAcc>
					<courseAcc>-1.0</courseAcc>
					<gpxtpx:TrackPointExtension>
						<gpxtpx:hr>143.0</gpxtpx:hr>
					</gpxtpx:TrackPointExtension>
				</extensions>
			</trkpt>
			<trkpt lat="47.33882458726106" lon="19.047781424193207">
				<ele>98.90602328442037</ele>
				<time>2025-07-15T14:31:34Z</time>
				<extensions>
					<vAcc>0.0</vAcc>
					<course>187.14068429227245</course>
					<hAcc>0.0</hAcc>
					<speed>1.5613384959884142</speed>
					<speedAcc>-1.0</speedAcc>
					<courseAcc>-1.0</courseAcc>
					<gpxtpx:TrackPointExtension>
						<gpxtpx:hr>143.0</gpxtpx:hr>
					</gpxtpx:TrackPointExtension>
				</extensions>
			</trkpt>
			<trkpt lat="47.33880028576342" lon="19.047779597939716">
				<ele>98.34505739342421</ele>
				<time>2025-07-15T14:31:36Z</time>
				<extensions>
					<vAcc>0.0</vAcc>
					<course>177.87676911144828</course>
					<hAcc>0.0</hAcc>
					<speed>1.400061230371807</speed>
					<speedAcc>-1.0</speedAcc>
					<courseAcc>-1.0</courseAcc>
					<gpxtpx:TrackPointExtension>
						<gpxtpx:hr>139.00000000000003</gpxtpx:hr>
					</gpxtpx:TrackPointExtension>
				</extensions>
			</trkpt>
			<trkpt lat="47.3387749207424" lon="19.047784580384803">
				<ele>98.30057417880744</ele>
				<time>2025-07-15T14:31:38Z</time>
				<extensions>
					<vAcc>0.0</vAcc>
					<course>171.05404409986252</course>
					<hAcc>0.0</hAcc>
					<speed>1.5374459536581457</speed>
					<speedAcc>-1.0</speedAcc>
					<courseAcc>-1.0</courseAcc>
					<gpxtpx:TrackPointExtension>
						<gpxtpx:hr>139.00000000000003</gpxtpx:hr>
					</gpxtpx:TrackPointExtension>
				</extensions>
			</trkpt>
			<trkpt lat="47.33874021540547" lon="19.047793275743047">
				<ele>98.84568802453578</ele>
				<time>2025-07-15T14:31:41Z</time>
				<extensions>
					<vAcc>0.0</vAcc>
					<course>169.2005503381882</course>
					<hAcc>0.0</hAcc>
					<speed>1.3128871663900759</speed>
					<speedAcc>-1.0</speedAcc>
					<courseAcc>-1.0</courseAcc>
					<gpxtpx:TrackPointExtension>
						<gpxtpx:hr>139.00000000000003</gpxtpx:hr>
					</gpxtpx:TrackPointExtension>
				</extensions>
			</trkpt>
			<trkpt lat="47.33871949466143" lon="19.047795890729514">
				<ele>97.39398244023323</ele>
				<time>2025-07-15T14:31:43Z</time>
				<extensions>
					<vAcc>0.0</vAcc>
					<course>179.582117374158</course>
					<hAcc>0.0</hAcc>
					<speed>1.3058325444319032</speed>
					<speedAcc>-1.0</speedAcc>
					<courseAcc>-1.0</courseAcc>
					<gpxtpx:TrackPointExtension>
						<gpxtpx:hr>138.0</gpxtpx:hr>
					</gpxtpx:TrackPointExtension>
				</extensions>
			</trkpt>
			<trkpt lat="47.33869450549541" lon="19.047793513870023">
				<ele>96.69741863198578</ele>
				<time>2025-07-15T14:31:46Z</time>
				<extensions>
					<vAcc>0.0</vAcc>
					<course>192.07600866161135</course>
					<hAcc>0.0</hAcc>
					<speed>0.9362195089156271</speed>
					<speedAcc>-1.0</speedAcc>
					<courseAcc>-1.0</courseAcc>
					<gpxtpx:TrackPointExtension>
						<gpxtpx:hr>138.0</gpxtpx:hr>
					</gpxtpx:TrackPointExtension>
				</extensions>
			</trkpt>
			<trkpt lat="47.33867674897673" lon="19.047788278583113">
				<ele>96.97740414272994</ele>
				<time>2025-07-15T14:31:48Z</time>
				<extensions>
					<vAcc>0.0</vAcc>
					<course>195.2038436322608</course>
					<hAcc>0.0</hAcc>
					<speed>1.1644485350806881</speed>
					<speedAcc>-1.0</speedAcc>
					<courseAcc>-1.0</courseAcc>
					<gpxtpx:TrackPointExtension>
						<gpxtpx:hr>138.0</gpxtpx:hr>
					</gpxtpx:TrackPointExtension>
				</extensions>
			</trkpt>
			<trkpt lat="47.3386551744885" lon="19.047790287533537">
				<ele>97.04134950228035</ele>
				<time>2025-07-15T14:31:50Z</time>
				<extensions>
					<vAcc>0.0</vAcc>
					<course>178.34241577970684</course>
					<hAcc>0.0</hAcc>
					<speed>1.2936164466745574</speed>
					<speedAcc>-1.0</speedAcc>
					<courseAcc>-1.0</courseAcc>
					<gpxtpx:TrackPointExtension>
						<gpxtpx:hr>138.0</gpxtpx:hr>
					</gpxtpx:TrackPointExtension>
				</extensions>
			</trkpt>
			<trkpt lat="47.338640359747345" lon="19.04779549935417">
				<ele>97.78413544874638</ele>
				<time>2025-07-15T14:31:51Z</time>
				<extensions>
					<vAcc>0.0</vAcc>
					<course>174.45847295249686</course>
					<hAcc>0.0</hAcc>
					<speed>1.5034284483410345</speed>
					<speedAcc>-1.0</speedAcc>
					<courseAcc>-1.0</courseAcc>
					<gpxtpx:TrackPointExtension>
						<gpxtpx:hr>138.0</gpxtpx:hr>
					</gpxtpx:TrackPointExtension>
				</extensions>
			</trkpt>
			<trkpt lat="47.338616248130116" lon="19.047794363489395">
				<ele>98.45178702753037</ele>
				<time>2025-07-15T14:31:53Z</time>
				<extensions>
					<vAcc>0.0</vAcc>
					<course>192.3195878148274</course>
					<hAcc>0.0</hAcc>
					<speed>1.293255724437143</speed>
					<speedAcc>-1.0</speedAcc>
					<courseAcc>-1.0</courseAcc>
					<gpxtpx:TrackPointExtension>
						<gpxtpx:hr>138.0</gpxtpx:hr>
					</gpxtpx:TrackPointExtension>
				</extensions>
			</trkpt>
			<trkpt lat="47.33859265331031" lon="19.047790983997043">
				<ele>98.13824051059783</ele>
				<time>2025-07-15T14:31:55Z</time>
				<extensions>
					<vAcc>0.0</vAcc>
					<course>189.84312181513113</course>
					<hAcc>0.0</hAcc>
					<speed>1.2999812660954297</speed>
					<speedAcc>-1.0</speedAcc>
					<courseAcc>-1.0</courseAcc>
					<gpxtpx:TrackPointExtension>
						<gpxtpx:hr>138.0</gpxtpx:hr>
					</gpxtpx:TrackPointExtension>
				</extensions>
			</trkpt>
			<trkpt lat="47.33856597583992" lon="19.047785488370184">
				<ele>98.16183806862682</ele>
				<time>2025-07-15T14:31:57Z</time>
				<extensions>
					<vAcc>0.0</vAcc>
					<course>191.71407366115693</course>
					<hAcc>0.0</hAcc>
					<speed>1.5048418277757405</speed>
					<speedAcc>-1.0</speedAcc>
					<courseAcc>-1.0</courseAcc>
					<gpxtpx:TrackPointExtension>
						<gpxtpx:hr>138.0</gpxtpx:hr>
					</gpxtpx:TrackPointExtension>
				</extensions>
			</trkpt>
			<trkpt lat="47.338540715614954" lon="19.047785270950595">
				<ele>97.51968972850591</ele>
				<time>2025-07-15T14:31:59Z</time>
				<extensions>
					<vAcc>0.0</vAcc>
					<course>180.88582391186821</course>
					<hAcc>0.0</hAcc>
					<speed>1.3264291974065492</speed>
					<speedAcc>-1.0</speedAcc>
					<courseAcc>-1.0</courseAcc>
					<gpxtpx:TrackPointExtension>
						<gpxtpx:hr>138.0</gpxtpx:hr>
					</gpxtpx:TrackPointExtension>
				</extensions>
			</trkpt>
			<trkpt lat="47.33852476663017" lon="19.047785422010236">
				<ele>98.04858564957976</ele>
				<time>2025-07-15T14:32:00Z</time>
				<extensions>
					<vAcc>0.0</vAcc>
					<course>185.1679310570441</course>
					<hAcc>0.0</hAcc>
					<speed>1.5422483304130663</speed>
					<speedAcc>-1.0</speedAcc>
					<courseAcc>-1.0</courseAcc>
					<gpxtpx:TrackPointExtension>
						<gpxtpx:hr>138.0</gpxtpx:hr>
					</gpxtpx:TrackPointExtension>
				</extensions>
			</trkpt>
			<trkpt lat="47.338495413134396" lon="19.047783848383222">
				<ele>98.23683301452547</ele>
				<time>2025-07-15T14:32:02Z</time>
				<extensions>
					<vAcc>0.0</vAcc>
					<course>183.97713771542465</course>
					<hAcc>0.0</hAcc>
					<speed>1.6220365755331014</speed>
					<speedAcc>-1.0</speedAcc>
					<courseAcc>-1.0</courseAcc>
					<gpxtpx:TrackPointExtension>
						<gpxtpx:hr>138.0</gpxtpx:hr>
					</gpxtpx:TrackPointExtension>
				</extensions>
			</trkpt>
			<trkpt lat="47.33846609161786" lon="19.047779901830825">
				<ele>98.15531248226762</ele>
				<time>2025-07-15T14:32:04Z</time>
				<extensions>
					<vAcc>0.0</vAcc>
					<course>185.22719290608438</course>
					<hAcc>0.0</hAcc>
					<speed>1.6815684037342415</speed>
					<speedAcc>-1.0</speedAcc>
					<courseAcc>-1.0</courseAcc>
					<gpxtpx:TrackPointExtension>
						<gpxtpx:hr>138.0</gpxtpx:hr>
					</gpxtpx:TrackPointExtension>
				</extensions>
			</trkpt>
			<trkpt lat="47.33843357535379" lon="19.0477762445434">
				<ele>98.25400901399553</ele>
				<time>2025-07-15T14:32:06Z</time>
				<extensions>
					<vAcc>0.0</vAcc>
					<course>182.2467322239543</course>
					<hAcc>0.0</hAcc>
					<speed>1.8958185214218164</speed>
					<speedAcc>-1.0</speedAcc>
					<courseAcc>-1.0</courseAcc>
					<gpxtpx:TrackPointExtension>
						<gpxtpx:hr>140.0</gpxtpx:hr>
					</gpxtpx:TrackPointExtension>
				</extensions>
			</trkpt>
			<trkpt lat="47.33840480002637" lon="19.047763457742846">
				<ele>97.78905786387622</ele>
				<time>2025-07-15T14:32:08Z</time>
				<extensions>
					<vAcc>0.0</vAcc>
					<course>196.79906619356277</course>
					<hAcc>0.0</hAcc>
					<speed>1.7173246406724874</speed>
					<speedAcc>-1.0</speedAcc>
					<courseAcc>-1.0</courseAcc>
					<gpxtpx:TrackPointExtension>
						<gpxtpx:hr>140.0</gpxtpx:hr>
					</gpxtpx:TrackPointExtension>
				</extensions>
			</trkpt>
			<trkpt lat="47.33837603749401" lon="19.047749227061697">
				<ele>97.13353542238474</ele>
				<time>2025-07-15T14:32:10Z</time>
				<extensions>
					<vAcc>0.0</vAcc>
					<course>192.97853022721236</course>
					<hAcc>0.0</hAcc>
					<speed>1.8309238898834514</speed>
					<speedAcc>-1.0</speedAcc>
					<courseAcc>-1.0</courseAcc>
					<gpxtpx:TrackPointExtension>
						<gpxtpx:hr>140.0</gpxtpx:hr>
					</gpxtpx:TrackPointExtension>
				</extensions>
			</trkpt>
			<trkpt lat="47.33834490194516" lon="19.047739286359562">
				<ele>97.07411045208573</ele>
				<time>2025-07-15T14:32:12Z</time>
				<extensions>
					<vAcc>0.0</vAcc>
					<course>186.65435095012126</course>
					<hAcc>0.0</hAcc>
					<speed>1.9346470191797078</speed>
					<speedAcc>-1.0</speedAcc>
					<courseAcc>-1.0</courseAcc>
					<gpxtpx:TrackPointExtension>
						<gpxtpx:hr>140.0</gpxtpx:hr>
					</gpxtpx:TrackPointExtension>
				</extensions>
			</trkpt>
			<trkpt lat="47.33833332263809" lon="19.047725628517007">
				<ele>97.19830531720072</ele>
				<time>2025-07-15T14:32:13Z</time>
				<extensions>
					<vAcc>0.0</vAcc>
					<course>207.59327322936286</course>
					<hAcc>0.0</hAcc>
					<speed>1.7704675893476554</speed>
					<speedAcc>-1.0</speedAcc>
					<courseAcc>-1.0</courseAcc>
					<gpxtpx:TrackPointExtension>
						<gpxtpx:hr>140.0</gpxtpx:hr>
					</gpxtpx:TrackPointExtension>
				</extensions>
			</trkpt>
			<trkpt lat="47.338310673421844" lon="19.047705720063707">
				<ele>97.30154303647578</ele>
				<time>2025-07-15T14:32:15Z</time>
				<extensions>
					<vAcc>0.0</vAcc>
					<course>209.98339380086222</course>
					<hAcc>0.0</hAcc>
					<speed>1.4322218439516399</speed>
					<speedAcc>-1.0</speedAcc>
					<courseAcc>-1.0</courseAcc>
					<gpxtpx:TrackPointExtension>
						<gpxtpx:hr>140.0</gpxtpx:hr>
					</gpxtpx:TrackPointExtension>
				</extensions>
			</trkpt>
			<trkpt lat="47.33829680841042" lon="19.04769698628856">
				<ele>96.87519082427025</ele>
				<time>2025-07-15T14:32:16Z</time>
				<extensions>
					<vAcc>0.0</vAcc>
					<course>197.74159362528317</course>
					<hAcc>0.0</hAcc>
					<speed>1.5661712267434875</speed>
					<speedAcc>-1.0</speedAcc>
					<courseAcc>-1.0</courseAcc>
					<gpxtpx:TrackPointExtension>
						<gpxtpx:hr>140.0</gpxtpx:hr>
					</gpxtpx:TrackPointExtension>
				</extensions>
			</trkpt>
			<trkpt lat="47.3382820308669" lon="19.04768109331606">
				<ele>96.21763077378273</ele>
				<time>2025-07-15T14:32:17Z</time>
				<extensions>
					<vAcc>0.0</vAcc>
					<course>212.63008107135857</course>
					<hAcc>0.0</hAcc>
					<speed>1.7837947033213644</speed>
					<speedAcc>-1.0</speedAcc>
					<courseAcc>-1.0</courseAcc>
					<gpxtpx:TrackPointExtension>
						<gpxtpx:hr>140.0</gpxtpx:hr>
					</gpxtpx:TrackPointExtension>
				</extensions>
			</trkpt>
			<trkpt lat="47.33825633505121" lon="19.047660721568082">
				<ele>95.95019082911313</ele>
				<time>2025-07-15T14:32:19Z</time>
				<extensions>
					<vAcc>0.0</vAcc>
					<course>203.82307821262856</course>
					<hAcc>0.0</hAcc>
					<speed>1.5983171971002883</speed>
					<speedAcc>-1.0</speedAcc>
					<courseAcc>-1.0</courseAcc>
					<gpxtpx:TrackPointExtension>
						<gpxtpx:hr>140.0</gpxtpx:hr>
					</gpxtpx:TrackPointExtension>
				</extensions>
			</trkpt>
			<trkpt lat="47.33823146957823" lon="19.04763924552161">
				<ele>96.40464053861797</ele>
				<time>2025-07-15T14:32:21Z</time>
				<extensions>
					<vAcc>0.0</vAcc>
					<course>206.56916714657686</course>
					<hAcc>0.0</hAcc>
					<speed>1.6722909268896602</speed>
					<speedAcc>-1.0</speedAcc>
					<courseAcc>-1.0</courseAcc>
					<gpxtpx:TrackPointExtension>
						<gpxtpx:hr>138.0</gpxtpx:hr>
					</gpxtpx:TrackPointExtension>
				</extensions>
			</trkpt>
			<trkpt lat="47.3382028392959" lon="19.047624151347232">
				<ele>96.94292541407049</ele>
				<time>2025-07-15T14:32:23Z</time>
				<extensions>
					<vAcc>0.0</vAcc>
					<course>193.06315653121746</course>
					<hAcc>0.0</hAcc>
					<speed>1.7415286485982135</speed>
					<speedAcc>-1.0</speedAcc>
					<courseAcc>-1.0</courseAcc>
					<gpxtpx:TrackPointExtension>
						<gpxtpx:hr>138.0</gpxtpx:hr>
					</gpxtpx:TrackPointExtension>
				</extensions>
			</trkpt>
			<trkpt lat="47.33817796681353" lon="19.04760233259237">
				<ele>99.45999750588089</ele>
				<time>2025-07-15T14:32:25Z</time>
				<extensions>
					<vAcc>0.0</vAcc>
					<course>210.97330911957843</course>
					<hAcc>0.0</hAcc>
					<speed>1.6787567473902356</speed>
					<speedAcc>-1.0</speedAcc>
					<courseAcc>-1.0</courseAcc>
					<gpxtpx:TrackPointExtension>
						<gpxtpx:hr>131.0</gpxtpx:hr>
					</gpxtpx:TrackPointExtension>
				</extensions>
			</trkpt>
			<trkpt lat="47.338162284300644" lon="19.047592535819856">
				<ele>99.36632969602942</ele>
				<time>2025-07-15T14:32:26Z</time>
				<extensions>
					<vAcc>0.0</vAcc>
					<course>197.86741464440405</course>
					<hAcc>0.0</hAcc>
					<speed>1.9087779927017423</speed>
					<speedAcc>-1.0</speedAcc>
					<courseAcc>-1.0</courseAcc>
					<gpxtpx:TrackPointExtension>
						<gpxtpx:hr>131.0</gpxtpx:hr>
					</gpxtpx:TrackPointExtension>
				</extensions>
			</trkpt>
			<trkpt lat="47.33813788590067" lon="19.047574266553482">
				<ele>99.35123825259507</ele>
				<time>2025-07-15T14:32:28Z</time>
				<extensions>
					<vAcc>0.0</vAcc>
					<course>202.6944180889103</course>
					<hAcc>0.0</hAcc>
					<speed>1.5906794218172875</speed>
					<speedAcc>-1.0</speedAcc>
					<courseAcc>-1.0</courseAcc>
					<gpxtpx:TrackPointExtension>
						<gpxtpx:hr>131.0</gpxtpx:hr>
					</gpxtpx:TrackPointExtension>
				</extensions>
			</trkpt>
			<trkpt lat="47.33812157407479" lon="19.047554157101697">
				<ele>98.59471741132438</ele>
				<time>2025-07-15T14:32:30Z</time>
				<extensions>
					<vAcc>0.0</vAcc>
					<course>214.54574890264715</course>
					<hAcc>0.0</hAcc>
					<speed>1.2684400796359194</speed>
					<speedAcc>-1.0</speedAcc>
					<courseAcc>-1.0</courseAcc>
					<gpxtpx:TrackPointExtension>
						<gpxtpx:hr>131.0</gpxtpx:hr>
					</gpxtpx:TrackPointExtension>
				</extensions>
			</trkpt>
			<trkpt lat="47.33810825444192" lon="19.04752890766378">
				<ele>98.40071043930948</ele>
				<time>2025-07-15T14:32:32Z</time>
				<extensions>
					<vAcc>0.0</vAcc>
					<course>224.0869370915693</course>
					<hAcc>0.0</hAcc>
					<speed>1.2838565462608489</speed>
					<speedAcc>-1.0</speedAcc>
					<courseAcc>-1.0</courseAcc>
					<gpxtpx:TrackPointExtension>
						<gpxtpx:hr>131.0</gpxtpx:hr>
					</gpxtpx:TrackPointExtension>
				</extensions>
			</trkpt>
			<trkpt lat="47.338090034724935" lon="19.04749767634835">
				<ele>98.1630428424105</ele>
				<time>2025-07-15T14:32:35Z</time>
				<extensions>
					<vAcc>0.0</vAcc>
					<course>216.31378366836788</course>
					<hAcc>0.0</hAcc>
					<speed>1.1364084752742047</speed>
					<speedAcc>-1.0</speedAcc>
					<courseAcc>-1.0</courseAcc>
					<gpxtpx:TrackPointExtension>
						<gpxtpx:hr>131.0</gpxtpx:hr>
					</gpxtpx:TrackPointExtension>
				</extensions>
			</trkpt>
			<trkpt lat="47.338076305603686" lon="19.04747706965118">
				<ele>98.63622698001564</ele>
				<time>2025-07-15T14:32:37Z</time>
				<extensions>
					<vAcc>0.0</vAcc>
					<course>222.5485903118891</course>
					<hAcc>0.0</hAcc>
					<speed>1.1828270111143453</speed>
					<speedAcc>-1.0</speedAcc>
					<courseAcc>-1.0</courseAcc>
					<gpxtpx:TrackPointExtension>
						<gpxtpx:hr>131.0</gpxtpx:hr>
					</gpxtpx:TrackPointExtension>
				</extensions>
			</trkpt>
			<trkpt lat="47.33804955070383" lon="19.04745886635778">
				<ele>98.34724799636751</ele>
				<time>2025-07-15T14:32:40Z</time>
				<extensions>
					<vAcc>0.0</vAcc>
					<course>198.2591672144799</course>
					<hAcc>0.0</hAcc>
					<speed>1.1497461072345776</speed>
					<speedAcc>-1.0</speedAcc>
					<courseAcc>-1.0</courseAcc>
					<gpxtpx:TrackPointExtension>
						<gpxtpx:hr>131.0</gpxtpx:hr>
					</gpxtpx:TrackPointExtension>
				</extensions>
			</trkpt>
			<trkpt lat="47.338036900014735" lon="19.047447771144608">
				<ele>98.25682194065303</ele>
				<time>2025-07-15T14:32:41Z</time>
				<extensions>
					<vAcc>0.0</vAcc>
					<course>213.3496424619942</course>
					<hAcc>0.0</hAcc>
					<speed>1.4830252835030084</speed>
					<speedAcc>-1.0</speedAcc>
					<courseAcc>-1.0</courseAcc>
					<gpxtpx:TrackPointExtension>
						<gpxtpx:hr>131.0</gpxtpx:hr>
					</gpxtpx:TrackPointExtension>
				</extensions>
			</trkpt>
			<trkpt lat="47.338014528859595" lon="19.04743927362365">
				<ele>97.34647058323026</ele>
				<time>2025-07-15T14:32:43Z</time>
				<extensions>
					<vAcc>0.0</vAcc>
					<course>189.45773966988327</course>
					<hAcc>0.0</hAcc>
					<speed>1.3241088591292332</speed>
					<speedAcc>-1.0</speedAcc>
					<courseAcc>-1.0</courseAcc>
					<gpxtpx:TrackPointExtension>
						<gpxtpx:hr>131.0</gpxtpx:hr>
					</gpxtpx:TrackPointExtension>
				</extensions>
			</trkpt>
			<trkpt lat="47.33798580584946" lon="19.04743779643456">
				<ele>97.62994622811675</ele>
				<time>2025-07-15T14:32:45Z</time>
				<extensions>
					<vAcc>0.0</vAcc>
					<course>182.72985631406732</course>
					<hAcc>0.0</hAcc>
					<speed>1.686104867942533</speed>
					<speedAcc>-1.0</speedAcc>
					<courseAcc>-1.0</courseAcc>
					<gpxtpx:TrackPointExtension>
						<gpxtpx:hr>131.0</gpxtpx:hr>
					</gpxtpx:TrackPointExtension>
				</extensions>
			</trkpt>
			<trkpt lat="47.3379588923493" lon="19.04742711093599">
				<ele>97.35326282400638</ele>
				<time>2025-07-15T14:32:47Z</time>
				<extensions>
					<vAcc>0.0</vAcc>
					<course>201.8168783427699</course>
					<hAcc>0.0</hAcc>
					<speed>1.6224666670313561</speed>
					<speedAcc>-1.0</speedAcc>
					<courseAcc>-1.0</courseAcc>
					<gpxtpx:TrackPointExtension>
						<gpxtpx:hr>131.0</gpxtpx:hr>
					</gpxtpx:TrackPointExtension>
				</extensions>
			</trkpt>
			<trkpt lat="47.33793839376994" lon="19.047412720290293">
				<ele>97.56172705069184</ele>
				<time>2025-07-15T14:32:49Z</time>
				<extensions>
					<vAcc>0.0</vAcc>
					<course>204.3060824390811</course>
					<hAcc>0.0</hAcc>
					<speed>1.3554467956962337</speed>
					<speedAcc>-1.0</speedAcc>
					<courseAcc>-1.0</courseAcc>
					<gpxtpx:TrackPointExtension>
						<gpxtpx:hr>132.0</gpxtpx:hr>
					</gpxtpx:TrackPointExtension>
				</extensions>
			</trkpt>
			<trkpt lat="47.33792129728513" lon="19.047394393365707">
				<ele>97.68890669103712</ele>
				<time>2025-07-15T14:32:51Z</time>
				<extensions>
					<vAcc>0.0</vAcc>
					<course>211.29690373952545</course>
					<hAcc>0.0</hAcc>
					<speed>1.215301950148213</speed>
					<speedAcc>-1.0</speedAcc>
					<courseAcc>-1.0</courseAcc>
					<gpxtpx:TrackPointExtension>
						<gpxtpx:hr>129.0</gpxtpx:hr>
					</gpxtpx:TrackPointExtension>
				</extensions>
			</trkpt>
			<trkpt lat="47.33788540049649" lon="19.04737068864978">
				<ele>96.88313592877239</ele>
				<time>2025-07-15T14:32:54Z</time>
				<extensions>
					<vAcc>0.0</vAcc>
					<course>196.20090154888862</course>
					<hAcc>0.0</hAcc>
					<speed>1.6864486378202799</speed>
					<speedAcc>-1.0</speedAcc>
					<courseAcc>-1.0</courseAcc>
					<gpxtpx:TrackPointExtension>
						<gpxtpx:hr>129.0</gpxtpx:hr>
					</gpxtpx:TrackPointExtension>
				</extensions>
			</trkpt>
			<trkpt lat="47.337855905571566" lon="19.047357388921633">
				<ele>96.0109381545335</ele>
				<time>2025-07-15T14:32:56Z</time>
				<extensions>
					<vAcc>0.0</vAcc>
					<course>191.3033606578467</course>
					<hAcc>0.0</hAcc>
					<speed>1.845475698335703</speed>
					<speedAcc>-1.0</speedAcc>
					<courseAcc>-1.0</courseAcc>
					<gpxtpx:TrackPointExtension>
						<gpxtpx:hr>129.0</gpxtpx:hr>
					</gpxtpx:TrackPointExtension>
				</extensions>
			</trkpt>
			<trkpt lat="47.337826164839626" lon="19.047350270318237">
				<ele>96.43175691086799</ele>
				<time>2025-07-15T14:32:58Z</time>
				<extensions>
					<vAcc>0.0</vAcc>
					<course>182.5770460521987</course>
					<hAcc>0.0</hAcc>
					<speed>1.714389115117732</speed>
					<speedAcc>-1.0</speedAcc>
					<courseAcc>-1.0</courseAcc>
					<gpxtpx:TrackPointExtension>
						<gpxtpx:hr>128.0</gpxtpx:hr>
					</gpxtpx:TrackPointExtension>
				</extensions>
			</trkpt>
			<trkpt lat="47.33779151727427" lon="19.047345007476185">
				<ele>98.3035813625902</ele>
				<time>2025-07-15T14:33:01Z</time>
				<extensions>
					<vAcc>0.0</vAcc>
					<course>182.28508615693863</course>
					<hAcc>0.0</hAcc>
					<speed>1.1854461253510429</speed>
					<speedAcc>-1.0</speedAcc>
					<courseAcc>-1.0</courseAcc>
					<gpxtpx:TrackPointExtension>
						<gpxtpx:hr>128.0</gpxtpx:hr>
					</gpxtpx:TrackPointExtension>
				</extensions>
			</trkpt>
			<trkpt lat="47.33777553369262" lon="19.047349567615573">
				<ele>97.50315339956433</ele>
				<time>2025-07-15T14:33:02Z</time>
				<extensions>
					<vAcc>0.0</vAcc>
					<course>173.98458186517195</course>
					<hAcc>0.0</hAcc>
					<speed>1.6157355350096925</speed>
					<speedAcc>-1.0</speedAcc>
					<courseAcc>-1.0</courseAcc>
					<gpxtpx:TrackPointExtension>
						<gpxtpx:hr>128.0</gpxtpx:hr>
					</gpxtpx:TrackPointExtension>
				</extensions>
			</trkpt>
			<trkpt lat="47.33775177151819" lon="19.04734581763235">
				<ele>99.07735772244632</ele>
				<time>2025-07-15T14:33:04Z</time>
				<extensions>
					<vAcc>0.0</vAcc>
					<course>195.58179467338448</course>
					<hAcc>0.0</hAcc>
					<speed>1.331168341950862</speed>
					<speedAcc>-1.0</speedAcc>
					<courseAcc>-1.0</courseAcc>
					<gpxtpx:TrackPointExtension>
						<gpxtpx:hr>128.0</gpxtpx:hr>
					</gpxtpx:TrackPointExtension>
				</extensions>
			</trkpt>
			<trkpt lat="47.337722368522826" lon="19.047333917946613">
				<ele>98.77190322428942</ele>
				<time>2025-07-15T14:33:06Z</time>
				<extensions>
					<vAcc>0.0</vAcc>
					<course>198.40759588545947</course>
					<hAcc>0.0</hAcc>
					<speed>1.837072705403616</speed>
					<speedAcc>-1.0</speedAcc>
					<courseAcc>-1.0</courseAcc>
					<gpxtpx:TrackPointExtension>
						<gpxtpx:hr>128.0</gpxtpx:hr>
					</gpxtpx:TrackPointExtension>
				</extensions>
			</trkpt>
			<trkpt lat="47.337684367518506" lon="19.047311860135515">
				<ele>99.24899095669389</ele>
				<time>2025-07-15T14:33:09Z</time>
				<extensions>
					<vAcc>0.0</vAcc>
					<course>204.78995110562764</course>
					<hAcc>0.0</hAcc>
					<speed>1.5330464282649108</speed>
					<speedAcc>-1.0</speedAcc>
					<courseAcc>-1.0</courseAcc>
					<gpxtpx:TrackPointExtension>
						<gpxtpx:hr>126.0</gpxtpx:hr>
					</gpxtpx:TrackPointExtension>
				</extensions>
			</trkpt>
			<trkpt lat="47.33766246405436" lon="19.047296264503974">
				<ele>99.19341856427491</ele>
				<time>2025-07-15T14:33:11Z</time>
				<extensions>
					<vAcc>0.0</vAcc>
					<course>205.63409520109855</course>
					<hAcc>0.0</hAcc>
					<speed>1.5682748693283328</speed>
					<speedAcc>-1.0</speedAcc>
					<courseAcc>-1.0</courseAcc>
					<gpxtpx:TrackPointExtension>
						<gpxtpx:hr>126.0</gpxtpx:hr>
					</gpxtpx:TrackPointExtension>
				</extensions>
			</trkpt>
			<trkpt lat="47.337632007804785" lon="19.047272658563745">
				<ele>98.87619161605835</ele>
				<time>2025-07-15T14:33:14Z</time>
				<extensions>
					<vAcc>0.0</vAcc>
					<course>206.2585023905513</course>
					<hAcc>0.0</hAcc>
					<speed>1.4232622160214083</speed>
					<speedAcc>-1.0</speedAcc>
					<courseAcc>-1.0</courseAcc>
					<gpxtpx:TrackPointExtension>
						<gpxtpx:hr>125.00000000000001</gpxtpx:hr>
					</gpxtpx:TrackPointExtension>
				</extensions>
			</trkpt>
			<trkpt lat="47.337613700644965" lon="19.047263275631913">
				<ele>98.10925153177232</ele>
				<time>2025-07-15T14:33:16Z</time>
				<extensions>
					<vAcc>0.0</vAcc>
					<course>197.09944422203233</course>
					<hAcc>0.0</hAcc>
					<speed>1.2412531788805157</speed>
					<speedAcc>-1.0</speedAcc>
					<courseAcc>-1.0</courseAcc>
					<gpxtpx:TrackPointExtension>
						<gpxtpx:hr>125.00000000000001</gpxtpx:hr>
					</gpxtpx:TrackPointExtension>
				</extensions>
			</trkpt>
			<trkpt lat="47.33759554701217" lon="19.047255696591986">
				<ele>98.35953686572611</ele>
				<time>2025-07-15T14:33:18Z</time>
				<extensions>
					<vAcc>0.0</vAcc>
					<course>194.66505129091414</course>
					<hAcc>0.0</hAcc>
					<speed>1.1886110324025603</speed>
					<speedAcc>-1.0</speedAcc>
					<courseAcc>-1.0</courseAcc>
					<gpxtpx:TrackPointExtension>
						<gpxtpx:hr>125.00000000000001</gpxtpx:hr>
					</gpxtpx:TrackPointExtension>
				</extensions>
			</trkpt>
			<trkpt lat="47.33757867672665" lon="19.04724851214732">
				<ele>98.18097391631454</ele>
				<time>2025-07-15T14:33:20Z</time>
				<extensions>
					<vAcc>0.0</vAcc>
					<course>196.743899728051</course>
					<hAcc>0.0</hAcc>
					<speed>1.0767685250629593</speed>
					<speedAcc>-1.0</speedAcc>
					<courseAcc>-1.0</courseAcc>
					<gpxtpx:TrackPointExtension>
						<gpxtpx:hr>125.00000000000001</gpxtpx:hr>
					</gpxtpx:TrackPointExtension>
				</extensions>
			</trkpt>
			<trkpt lat="47.337554327111235" lon="19.04723954766532">
				<ele>97.69782566651702</ele>
				<time>2025-07-15T14:33:23Z</time>
				<extensions>
					<vAcc>0.0</vAcc>
					<course>191.73886069446488</course>
					<hAcc>0.0</hAcc>
					<speed>0.9603575642965693</speed>
					<speedAcc>-1.0</speedAcc>
					<courseAcc>-1.0</courseAcc>
					<gpxtpx:TrackPointExtension>
						<gpxtpx:hr>125.00000000000001</gpxtpx:hr>
					</gpxtpx:TrackPointExtension>
				</extensions>
			</trkpt>
			<trkpt lat="47.33753802682206" lon="19.0472320063976">
				<ele>97.6969536729157</ele>
				<time>2025-07-15T14:33:25Z</time>
				<extensions>
					<vAcc>0.0</vAcc>
					<course>199.36565930846038</course>
					<hAcc>0.0</hAcc>
					<speed>1.011587610356646</speed>
					<speedAcc>-1.0</speedAcc>
					<courseAcc>-1.0</courseAcc>
					<gpxtpx:TrackPointExtension>
						<gpxtpx:hr>122.0</gpxtpx:hr>
					</gpxtpx:TrackPointExtension>
				</extensions>
			</trkpt>
			<trkpt lat="47.33751788210559" lon="19.047224150779346">
				<ele>97.94735938403755</ele>
				<time>2025-07-15T14:33:27Z</time>
				<extensions>
					<vAcc>0.0</vAcc>
					<course>190.91198889440204</course>
					<hAcc>0.0</hAcc>
					<speed>1.2012478282618289</speed>
					<speedAcc>-1.0</speedAcc>
					<courseAcc>-1.0</courseAcc>
					<gpxtpx:TrackPointExtension>
						<gpxtpx:hr>122.0</gpxtpx:hr>
					</gpxtpx:TrackPointExtension>
				</extensions>
			</trkpt>
			<trkpt lat="47.337493394163225" lon="19.047219175494178">
				<ele>98.21818143688142</ele>
				<time>2025-07-15T14:33:29Z</time>
				<extensions>
					<vAcc>0.0</vAcc>
					<course>182.19084871987923</course>
					<hAcc>0.0</hAcc>
					<speed>1.4370052213555602</speed>
					<speedAcc>-1.0</speedAcc>
					<courseAcc>-1.0</courseAcc>
					<gpxtpx:TrackPointExtension>
						<gpxtpx:hr>122.0</gpxtpx:hr>
					</gpxtpx:TrackPointExtension>
				</extensions>
			</trkpt>
			<trkpt lat="47.33747273058506" lon="19.047215436924514">
				<ele>98.07909771986306</ele>
				<time>2025-07-15T14:33:31Z</time>
				<extensions>
					<vAcc>0.0</vAcc>
					<course>183.82710840777906</course>
					<hAcc>0.0</hAcc>
					<speed>1.1187611651488523</speed>
					<speedAcc>-1.0</speedAcc>
					<courseAcc>-1.0</courseAcc>
					<gpxtpx:TrackPointExtension>
						<gpxtpx:hr>124.00000000000001</gpxtpx:hr>
					</gpxtpx:TrackPointExtension>
				</extensions>
			</trkpt>
			<trkpt lat="47.337448771644254" lon="19.047211856857782">
				<ele>98.35382161196321</ele>
				<time>2025-07-15T14:33:33Z</time>
				<extensions>
					<vAcc>0.0</vAcc>
					<course>181.6496855538348</course>
					<hAcc>0.0</hAcc>
					<speed>1.3842839905738535</speed>
					<speedAcc>-1.0</speedAcc>
					<courseAcc>-1.0</courseAcc>
					<gpxtpx:TrackPointExtension>
						<gpxtpx:hr>124.00000000000001</gpxtpx:hr>
					</gpxtpx:TrackPointExtension>
				</extensions>
			</trkpt>
			<trkpt lat="47.33742605916816" lon="19.04720780344451">
				<ele>98.59831530600786</ele>
				<time>2025-07-15T14:33:35Z</time>
				<extensions>
					<vAcc>0.0</vAcc>
					<course>183.96936511834355</course>
					<hAcc>0.0</hAcc>
					<speed>1.22759492718317</speed>
					<speedAcc>-1.0</speedAcc>
					<courseAcc>-1.0</courseAcc>
					<gpxtpx:TrackPointExtension>
						<gpxtpx:hr>124.00000000000001</gpxtpx:hr>
					</gpxtpx:TrackPointExtension>
				</extensions>
			</trkpt>
			<trkpt lat="47.33739836126687" lon="19.047207624340242">
				<ele>98.86369329225272</ele>
				<time>2025-07-15T14:33:37Z</time>
				<extensions>
					<vAcc>0.0</vAcc>
					<course>176.93577468911644</course>
					<hAcc>0.0</hAcc>
					<speed>1.6074567776162398</speed>
					<speedAcc>-1.0</speedAcc>
					<courseAcc>-1.0</courseAcc>
					<gpxtpx:TrackPointExtension>
						<gpxtpx:hr>124.00000000000001</gpxtpx:hr>
					</gpxtpx:TrackPointExtension>
				</extensions>
			</trkpt>
			<trkpt lat="47.33737279865962" lon="19.047212296397422">
				<ele>98.71140192821622</ele>
				<time>2025-07-15T14:33:39Z</time>
				<extensions>
					<vAcc>0.0</vAcc>
					<course>170.38635138737834</course>
					<hAcc>0.0</hAcc>
					<speed>1.4560298072055682</speed>
					<speedAcc>-1.0</speedAcc>
					<courseAcc>-1.0</courseAcc>
					<gpxtpx:TrackPointExtension>
						<gpxtpx:hr>124.00000000000001</gpxtpx:hr>
					</gpxtpx:TrackPointExtension>
				</extensions>
			</trkpt>
			<trkpt lat="47.33735867430188" lon="19.047218944439425">
				<ele>98.16789164021611</ele>
				<time>2025-07-15T14:33:40Z</time>
				<extensions>
					<vAcc>0.0</vAcc>
					<course>167.37272889353935</course>
					<hAcc>0.0</hAcc>
					<speed>1.5964229526837181</speed>
					<speedAcc>-1.0</speedAcc>
					<courseAcc>-1.0</courseAcc>
					<gpxtpx:TrackPointExtension>
						<gpxtpx:hr>124.00000000000001</gpxtpx:hr>
					</gpxtpx:TrackPointExtension>
				</extensions>
			</trkpt>
			<trkpt lat="47.337333422279364" lon="19.047217494914392">
				<ele>98.11299456190318</ele>
				<time>2025-07-15T14:33:42Z</time>
				<extensions>
					<vAcc>0.0</vAcc>
					<course>192.6401586961256</course>
					<hAcc>0.0</hAcc>
					<speed>1.4410835638390036</speed>
					<speedAcc>-1.0</speedAcc>
					<courseAcc>-1.0</courseAcc>
					<gpxtpx:TrackPointExtension>
						<gpxtpx:hr>124.00000000000001</gpxtpx:hr>
					</gpxtpx:TrackPointExtension>
				</extensions>
			</trkpt>
			<trkpt lat="47.337297742998445" lon="19.04720094423648">
				<ele>97.95168612431735</ele>
				<time>2025-07-15T14:33:45Z</time>
				<extensions>
					<vAcc>0.0</vAcc>
					<course>203.19077817502694</course>
					<hAcc>0.0</hAcc>
					<speed>1.5413541544279679</speed>
					<speedAcc>-1.0</speedAcc>
					<courseAcc>-1.0</courseAcc>
					<gpxtpx:TrackPointExtension>
						<gpxtpx:hr>124.00000000000001</gpxtpx:hr>
					</gpxtpx:TrackPointExtension>
				</extensions>
			</trkpt>
			<trkpt lat="47.33727739956449" lon="19.047189229963156">
				<ele>97.17470373678952</ele>
				<time>2025-07-15T14:33:47Z</time>
				<extensions>
					<vAcc>0.0</vAcc>
					<course>199.35802121837068</course>
					<hAcc>0.0</hAcc>
					<speed>1.3482663192356248</speed>
					<speedAcc>-1.0</speedAcc>
					<courseAcc>-1.0</courseAcc>
					<gpxtpx:TrackPointExtension>
						<gpxtpx:hr>124.00000000000001</gpxtpx:hr>
					</gpxtpx:TrackPointExtension>
				</extensions>
			</trkpt>
			<trkpt lat="47.3372564015857" lon="19.047177293126534">
				<ele>97.80225105118006</ele>
				<time>2025-07-15T14:33:49Z</time>
				<extensions>
					<vAcc>0.0</vAcc>
					<course>200.42797892252017</course>
					<hAcc>0.0</hAcc>
					<speed>1.385541154005441</speed>
					<speedAcc>-1.0</speedAcc>
					<courseAcc>-1.0</courseAcc>
					<gpxtpx:TrackPointExtension>
						<gpxtpx:hr>126.0</gpxtpx:hr>
					</gpxtpx:TrackPointExtension>
				</extensions>
			</trkpt>
			<trkpt lat="47.33723609882969" lon="19.047162439595805">
				<ele>97.65637678280473</ele>
				<time>2025-07-15T14:33:51Z</time>
				<extensions>
					<vAcc>0.0</vAcc>
					<course>210.5996941969547</course>
					<hAcc>0.0</hAcc>
					<speed>1.3554626864855914</speed>
					<speedAcc>-1.0</speedAcc>
					<courseAcc>-1.0</courseAcc>
					<gpxtpx:TrackPointExtension>
						<gpxtpx:hr>126.0</gpxtpx:hr>
					</gpxtpx:TrackPointExtension>
				</extensions>
			</trkpt>
			<trkpt lat="47.3372180935195" lon="19.047150343742256">
				<ele>97.44694227073342</ele>
				<time>2025-07-15T14:33:53Z</time>
				<extensions>
					<vAcc>0.0</vAcc>
					<course>205.79492832273934</course>
					<hAcc>0.0</hAcc>
					<speed>1.188602605053892</speed>
					<speedAcc>-1.0</speedAcc>
					<courseAcc>-1.0</courseAcc>
					<gpxtpx:TrackPointExtension>
						<gpxtpx:hr>126.0</gpxtpx:hr>
					</gpxtpx:TrackPointExtension>
				</extensions>
			</trkpt>
			<trkpt lat="47.3371964875346" lon="19.047140884840598">
				<ele>98.56428507622331</ele>
				<time>2025-07-15T14:33:55Z</time>
				<extensions>
					<vAcc>0.0</vAcc>
					<course>197.01399608657087</course>
					<hAcc>0.0</hAcc>
					<speed>1.379057952086729</speed>
					<speedAcc>-1.0</speedAcc>
					<courseAcc>-1.0</courseAcc>
					<gpxtpx:TrackPointExtension>
						<gpxtpx:hr>126.0</gpxtpx:hr>
					</gpxtpx:TrackPointExtension>
				</extensions>
			</trkpt>
			<trkpt lat="47.33717303399667" lon="19.047136989025763">
				<ele>98.08139827568084</ele>
				<time>2025-07-15T14:33:57Z</time>
				<extensions>
					<vAcc>0.0</vAcc>
					<course>185.47263182004136</course>
					<hAcc>0.0</hAcc>
					<speed>1.3657511953271306</speed>
					<speedAcc>-1.0</speedAcc>
					<courseAcc>-1.0</courseAcc>
					<gpxtpx:TrackPointExtension>
						<gpxtpx:hr>126.0</gpxtpx:hr>
					</gpxtpx:TrackPointExtension>
				</extensions>
			</trkpt>
			<trkpt lat="47.337153111336676" lon="19.047131929776405">
				<ele>97.52944335062057</ele>
				<time>2025-07-15T14:33:59Z</time>
				<extensions>
					<vAcc>0.0</vAcc>
					<course>194.06953656506403</course>
					<hAcc>0.0</hAcc>
					<speed>1.1324201452989973</speed>
					<speedAcc>-1.0</speedAcc>
					<courseAcc>-1.0</courseAcc>
					<gpxtpx:TrackPointExtension>
						<gpxtpx:hr>126.0</gpxtpx:hr>
					</gpxtpx:TrackPointExtension>
				</extensions>
			</trkpt>
			<trkpt lat="47.33714397420864" lon="19.047120017898024">
				<ele>97.83638649154454</ele>
				<time>2025-07-15T14:34:00Z</time>
				<extensions>
					<vAcc>0.0</vAcc>
					<course>217.73668762938405</course>
					<hAcc>0.0</hAcc>
					<speed>1.2615711692855887</speed>
					<speedAcc>-1.0</speedAcc>
					<courseAcc>-1.0</courseAcc>
					<gpxtpx:TrackPointExtension>
						<gpxtpx:hr>126.0</gpxtpx:hr>
					</gpxtpx:TrackPointExtension>
				</extensions>
			</trkpt>
			<trkpt lat="47.33713177147822" lon="19.047115522808998">
				<ele>97.53894516360015</ele>
				<time>2025-07-15T14:34:01Z</time>
				<extensions>
					<vAcc>0.0</vAcc>
					<course>193.78550106175453</course>
					<hAcc>0.0</hAcc>
					<speed>1.345809097994198</speed>
					<speedAcc>-1.0</speedAcc>
					<courseAcc>-1.0</courseAcc>
					<gpxtpx:TrackPointExtension>
						<gpxtpx:hr>126.0</gpxtpx:hr>
					</gpxtpx:TrackPointExtension>
				</extensions>
			</trkpt>
			<trkpt lat="47.3371157238965" lon="19.047108817004833">
				<ele>98.2965411664918</ele>
				<time>2025-07-15T14:34:02Z</time>
				<extensions>
					<vAcc>0.0</vAcc>
					<course>195.8503937903004</course>
					<hAcc>0.0</hAcc>
					<speed>1.6773286211552918</speed>
					<speedAcc>-1.0</speedAcc>
					<courseAcc>-1.0</courseAcc>
					<gpxtpx:TrackPointExtension>
						<gpxtpx:hr>126.0</gpxtpx:hr>
					</gpxtpx:TrackPointExtension>
				</extensions>
			</trkpt>
			<trkpt lat="47.33709094394115" lon="19.04710238062221">
				<ele>99.03031176235527</ele>
				<time>2025-07-15T14:34:04Z</time>
				<extensions>
					<vAcc>0.0</vAcc>
					<course>185.51239765025235</course>
					<hAcc>0.0</hAcc>
					<speed>1.2884910256125033</speed>
					<speedAcc>-1.0</speedAcc>
					<courseAcc>-1.0</courseAcc>
					<gpxtpx:TrackPointExtension>
						<gpxtpx:hr>126.0</gpxtpx:hr>
					</gpxtpx:TrackPointExtension>
				</extensions>
			</trkpt>
			<trkpt lat="47.33706525049505" lon="19.047098904307468">
				<ele>98.67001950647682</ele>
				<time>2025-07-15T14:34:06Z</time>
				<extensions>
					<vAcc>0.0</vAcc>
					<course>185.45740028264498</course>
					<hAcc>0.0</hAcc>
					<speed>1.4268386008083043</speed>
					<speedAcc>-1.0</speedAcc>
					<courseAcc>-1.0</courseAcc>
					<gpxtpx:TrackPointExtension>
						<gpxtpx:hr>126.0</gpxtpx:hr>
					</gpxtpx:TrackPointExtension>
				</extensions>
			</trkpt>
			<trkpt lat="47.33703710198179" lon="19.04709418299394">
				<ele>98.5188531735912</ele>
				<time>2025-07-15T14:34:08Z</time>
				<extensions>
					<vAcc>0.0</vAcc>
					<course>186.66480504211904</course>
					<hAcc>0.0</hAcc>
					<speed>1.5255288090749142</speed>
					<speedAcc>-1.0</speedAcc>
					<courseAcc>-1.0</courseAcc>
					<gpxtpx:TrackPointExtension>
						<gpxtpx:hr>126.0</gpxtpx:hr>
					</gpxtpx:TrackPointExtension>
				</extensions>
			</trkpt>
			<trkpt lat="47.337011640551395" lon="19.04708739493222">
				<ele>97.79736416228116</ele>
				<time>2025-07-15T14:34:10Z</time>
				<extensions>
					<vAcc>0.0</vAcc>
					<course>187.88428566690445</course>
					<hAcc>0.0</hAcc>
					<speed>1.3869607663162808</speed>
					<speedAcc>-1.0</speedAcc>
					<courseAcc>-1.0</courseAcc>
					<gpxtpx:TrackPointExtension>
						<gpxtpx:hr>128.0</gpxtpx:hr>
					</gpxtpx:TrackPointExtension>
				</extensions>
			</trkpt>
			<trkpt lat="47.33698492278009" lon="19.04707168101194">
				<ele>98.40831613820046</ele>
				<time>2025-07-15T14:34:12Z</time>
				<extensions>
					<vAcc>0.0</vAcc>
					<course>201.97728820071535</course>
					<hAcc>0.0</hAcc>
					<speed>1.579390329363941</speed>
					<speedAcc>-1.0</speedAcc>
					<courseAcc>-1.0</courseAcc>
					<gpxtpx:TrackPointExtension>
						<gpxtpx:hr>128.0</gpxtpx:hr>
					</gpxtpx:TrackPointExtension>
				</extensions>
			</trkpt>
			<trkpt lat="47.33695903031104" lon="19.047055779702053">
				<ele>97.96844949387014</ele>
				<time>2025-07-15T14:34:14Z</time>
				<extensions>
					<vAcc>0.0</vAcc>
					<course>200.447026253697</course>
					<hAcc>0.0</hAcc>
					<speed>1.5341247864351566</speed>
					<speedAcc>-1.0</speedAcc>
					<courseAcc>-1.0</courseAcc>
					<gpxtpx:TrackPointExtension>
						<gpxtpx:hr>127.0</gpxtpx:hr>
					</gpxtpx:TrackPointExtension>
				</extensions>
			</trkpt>
			<trkpt lat="47.33694495918871" lon="19.04705733634047">
				<ele>98.45004195347428</ele>
				<time>2025-07-15T14:34:15Z</time>
				<extensions>
					<vAcc>0.0</vAcc>
					<course>176.78793386362437</course>
					<hAcc>0.0</hAcc>
					<speed>1.4928516679470822</speed>
					<speedAcc>-1.0</speedAcc>
					<courseAcc>-1.0</courseAcc>
					<gpxtpx:TrackPointExtension>
						<gpxtpx:hr>127.0</gpxtpx:hr>
					</gpxtpx:TrackPointExtension>
				</extensions>
			</trkpt>
			<trkpt lat="47.33693086333123" lon="19.04704709548344">
				<ele>97.73946740757674</ele>
				<time>2025-07-15T14:34:16Z</time>
				<extensions>
					<vAcc>0.0</vAcc>
					<course>207.73862421894205</course>
					<hAcc>0.0</hAcc>
					<speed>1.5827598222974937</speed>
					<speedAcc>-1.0</speedAcc>
					<courseAcc>-1.0</courseAcc>
					<gpxtpx:TrackPointExtension>
						<gpxtpx:hr>127.0</gpxtpx:hr>
					</gpxtpx:TrackPointExtension>
				</extensions>
			</trkpt>
			<trkpt lat="47.336904363718695" lon="19.047031834093772">
				<ele>97.758485914208</ele>
				<time>2025-07-15T14:34:18Z</time>
				<extensions>
					<vAcc>0.0</vAcc>
					<course>203.48789843591456</course>
					<hAcc>0.0</hAcc>
					<speed>1.5246534696725054</speed>
					<speedAcc>-1.0</speedAcc>
					<courseAcc>-1.0</courseAcc>
					<gpxtpx:TrackPointExtension>
						<gpxtpx:hr>127.0</gpxtpx:hr>
					</gpxtpx:TrackPointExtension>
				</extensions>
			</trkpt>
			<trkpt lat="47.33687756312728" lon="19.04701880256671">
				<ele>98.07059058081359</ele>
				<time>2025-07-15T14:34:20Z</time>
				<extensions>
					<vAcc>0.0</vAcc>
					<course>198.48032334059278</course>
					<hAcc>0.0</hAcc>
					<speed>1.5379632123788196</speed>
					<speedAcc>-1.0</speedAcc>
					<courseAcc>-1.0</courseAcc>
					<gpxtpx:TrackPointExtension>
						<gpxtpx:hr>127.0</gpxtpx:hr>
					</gpxtpx:TrackPointExtension>
				</extensions>
			</trkpt>
			<trkpt lat="47.33685076865217" lon="19.04700884791353">
				<ele>97.24558781366795</ele>
				<time>2025-07-15T14:34:22Z</time>
				<extensions>
					<vAcc>0.0</vAcc>
					<course>193.2389520679069</course>
					<hAcc>0.0</hAcc>
					<speed>1.563870170098785</speed>
					<speedAcc>-1.0</speedAcc>
					<courseAcc>-1.0</courseAcc>
					<gpxtpx:TrackPointExtension>
						<gpxtpx:hr>131.0</gpxtpx:hr>
					</gpxtpx:TrackPointExtension>
				</extensions>
			</trkpt>
			<trkpt lat="47.33683503546083" lon="19.047004096563132">
				<ele>97.46591474022716</ele>
				<time>2025-07-15T14:34:23Z</time>
				<extensions>
					<vAcc>0.0</vAcc>
					<course>193.30479252067772</course>
					<hAcc>0.0</hAcc>
					<speed>1.6835962987926203</speed>
					<speedAcc>-1.0</speedAcc>
					<courseAcc>-1.0</courseAcc>
					<gpxtpx:TrackPointExtension>
						<gpxtpx:hr>131.0</gpxtpx:hr>
					</gpxtpx:TrackPointExtension>
				</extensions>
			</trkpt>
			<trkpt lat="47.3368080942789" lon="19.046999434707974">
				<ele>97.10063996445388</ele>
				<time>2025-07-15T14:34:25Z</time>
				<extensions>
					<vAcc>0.0</vAcc>
					<course>184.63300476636354</course>
					<hAcc>0.0</hAcc>
					<speed>1.4433300960700304</speed>
					<speedAcc>-1.0</speedAcc>
					<courseAcc>-1.0</courseAcc>
					<gpxtpx:TrackPointExtension>
						<gpxtpx:hr>131.0</gpxtpx:hr>
					</gpxtpx:TrackPointExtension>
				</extensions>
			</trkpt>
			<trkpt lat="47.33678054177344" lon="19.04699433008041">
				<ele>97.13170585874468</ele>
				<time>2025-07-15T14:34:27Z</time>
				<extensions>
					<vAcc>0.0</vAcc>
					<course>186.63021412474703</course>
					<hAcc>0.0</hAcc>
					<speed>1.499721418248734</speed>
					<speedAcc>-1.0</speedAcc>
					<courseAcc>-1.0</courseAcc>
					<gpxtpx:TrackPointExtension>
						<gpxtpx:hr>130.0</gpxtpx:hr>
					</gpxtpx:TrackPointExtension>
				</extensions>
			</trkpt>
			<trkpt lat="47.336749301906394" lon="19.046989321728034">
				<ele>98.26417928189039</ele>
				<time>2025-07-15T14:34:29Z</time>
				<extensions>
					<vAcc>0.0</vAcc>
					<course>183.88476181214494</course>
					<hAcc>0.0</hAcc>
					<speed>1.701507866351455</speed>
					<speedAcc>-1.0</speedAcc>
					<courseAcc>-1.0</courseAcc>
					<gpxtpx:TrackPointExtension>
						<gpxtpx:hr>130.0</gpxtpx:hr>
					</gpxtpx:TrackPointExtension>
				</extensions>
			</trkpt>
			<trkpt lat="47.33673160117781" lon="19.0469905269472">
				<ele>97.16071145702153</ele>
				<time>2025-07-15T14:34:30Z</time>
				<extensions>
					<vAcc>0.0</vAcc>
					<course>176.60695503796822</course>
					<hAcc>0.0</hAcc>
					<speed>1.752793276547022</speed>
					<speedAcc>-1.0</speedAcc>
					<courseAcc>-1.0</courseAcc>
					<gpxtpx:TrackPointExtension>
						<gpxtpx:hr>130.0</gpxtpx:hr>
					</gpxtpx:TrackPointExtension>
				</extensions>
			</trkpt>
			<trkpt lat="47.3367124946641" lon="19.046992801136586">
				<ele>97.51364010479301</ele>
				<time>2025-07-15T14:34:31Z</time>
				<extensions>
					<vAcc>0.0</vAcc>
					<course>174.32868533801212</course>
					<hAcc>0.0</hAcc>
					<speed>1.9319621040105481</speed>
					<speedAcc>-1.0</speedAcc>
					<courseAcc>-1.0</courseAcc>
					<gpxtpx:TrackPointExtension>
						<gpxtpx:hr>130.0</gpxtpx:hr>
					</gpxtpx:TrackPointExtension>
				</extensions>
			</trkpt>
			<trkpt lat="47.3366937947039" lon="19.046988586566457">
				<ele>97.15053788200021</ele>
				<time>2025-07-15T14:34:32Z</time>
				<extensions>
					<vAcc>0.0</vAcc>
					<course>192.0359672364163</course>
					<hAcc>0.0</hAcc>
					<speed>1.9944333946937813</speed>
					<speedAcc>-1.0</speedAcc>
					<courseAcc>-1.0</courseAcc>
					<gpxtpx:TrackPointExtension>
						<gpxtpx:hr>130.0</gpxtpx:hr>
					</gpxtpx:TrackPointExtension>
				</extensions>
			</trkpt>
			<trkpt lat="47.33666540463537" lon="19.04697488937496">
				<ele>97.95968798082322</ele>
				<time>2025-07-15T14:34:34Z</time>
				<extensions>
					<vAcc>0.0</vAcc>
					<course>209.4793456830864</course>
					<hAcc>0.0</hAcc>
					<speed>1.5762545576353935</speed>
					<speedAcc>-1.0</speedAcc>
					<courseAcc>-1.0</courseAcc>
					<gpxtpx:TrackPointExtension>
						<gpxtpx:hr>131.0</gpxtpx:hr>
					</gpxtpx:TrackPointExtension>
				</extensions>
			</trkpt>
			<trkpt lat="47.33663733692201" lon="19.046967235420958">
				<ele>97.22092628013343</ele>
				<time>2025-07-15T14:34:36Z</time>
				<extensions>
					<vAcc>0.0</vAcc>
					<course>185.7681266625464</course>
					<hAcc>0.0</hAcc>
					<speed>1.6202710363938848</speed>
					<speedAcc>-1.0</speedAcc>
					<courseAcc>-1.0</courseAcc>
					<gpxtpx:TrackPointExtension>
						<gpxtpx:hr>134.0</gpxtpx:hr>
					</gpxtpx:TrackPointExtension>
				</extensions>
			</trkpt>
			<trkpt lat="47.336604321993065" lon="19.046960905229323">
				<ele>97.77195095922798</ele>
				<time>2025-07-15T14:34:38Z</time>
				<extensions>
					<vAcc>0.0</vAcc>
					<course>186.29776105114118</course>
					<hAcc>0.0</hAcc>
					<speed>1.8992519930593914</speed>
					<speedAcc>-1.0</speedAcc>
					<courseAcc>-1.0</courseAcc>
					<gpxtpx:TrackPointExtension>
						<gpxtpx:hr>134.0</gpxtpx:hr>
					</gpxtpx:TrackPointExtension>
				</extensions>
			</trkpt>
			<trkpt lat="47.33657425705129" lon="19.046948351114555">
				<ele>96.25921988300979</ele>
				<time>2025-07-15T14:34:40Z</time>
				<extensions>
					<vAcc>0.0</vAcc>
					<course>193.10606197015744</course>
					<hAcc>0.0</hAcc>
					<speed>1.8137914850765415</speed>
					<speedAcc>-1.0</speedAcc>
					<courseAcc>-1.0</courseAcc>
					<gpxtpx:TrackPointExtension>
						<gpxtpx:hr>136.0</gpxtpx:hr>
					</gpxtpx:TrackPointExtension>
				</extensions>
			</trkpt>
			<trkpt lat="47.336546759263456" lon="19.04692793549519">
				<ele>96.8662641197443</ele>
				<time>2025-07-15T14:34:42Z</time>
				<extensions>
					<vAcc>0.0</vAcc>
					<course>200.32019646925286</course>
					<hAcc>0.0</hAcc>
					<speed>1.7646457226849326</speed>
					<speedAcc>-1.0</speedAcc>
					<courseAcc>-1.0</courseAcc>
					<gpxtpx:TrackPointExtension>
						<gpxtpx:hr>136.0</gpxtpx:hr>
					</gpxtpx:TrackPointExtension>
				</extensions>
			</trkpt>
			<trkpt lat="47.336532850529466" lon="19.046918249136773">
				<ele>97.43824504781514</ele>
				<time>2025-07-15T14:34:43Z</time>
				<extensions>
					<vAcc>0.0</vAcc>
					<course>196.26799423070548</course>
					<hAcc>0.0</hAcc>
					<speed>1.7351848690708949</speed>
					<speedAcc>-1.0</speedAcc>
					<courseAcc>-1.0</courseAcc>
					<gpxtpx:TrackPointExtension>
						<gpxtpx:hr>136.0</gpxtpx:hr>
					</gpxtpx:TrackPointExtension>
				</extensions>
			</trkpt>
			<trkpt lat="47.33650093850603" lon="19.04690631015223">
				<ele>97.59886048454791</ele>
				<time>2025-07-15T14:34:45Z</time>
				<extensions>
					<vAcc>0.0</vAcc>
					<course>187.5447932320313</course>
					<hAcc>0.0</hAcc>
					<speed>1.8372961611989422</speed>
					<speedAcc>-1.0</speedAcc>
					<courseAcc>-1.0</courseAcc>
					<gpxtpx:TrackPointExtension>
						<gpxtpx:hr>137.0</gpxtpx:hr>
					</gpxtpx:TrackPointExtension>
				</extensions>
			</trkpt>
			<trkpt lat="47.336473610371314" lon="19.04688536709308">
				<ele>97.67701755557209</ele>
				<time>2025-07-15T14:34:47Z</time>
				<extensions>
					<vAcc>0.0</vAcc>
					<course>206.85892275347268</course>
					<hAcc>0.0</hAcc>
					<speed>1.7154471270040876</speed>
					<speedAcc>-1.0</speedAcc>
					<courseAcc>-1.0</courseAcc>
					<gpxtpx:TrackPointExtension>
						<gpxtpx:hr>137.0</gpxtpx:hr>
					</gpxtpx:TrackPointExtension>
				</extensions>
			</trkpt>
			<trkpt lat="47.33644527566611" lon="19.04687125317618">
				<ele>97.67802400514483</ele>
				<time>2025-07-15T14:34:49Z</time>
				<extensions>
					<vAcc>0.0</vAcc>
					<course>193.16387408165787</course>
					<hAcc>0.0</hAcc>
					<speed>1.69857023134991</speed>
					<speedAcc>-1.0</speedAcc>
					<courseAcc>-1.0</courseAcc>
					<gpxtpx:TrackPointExtension>
						<gpxtpx:hr>137.0</gpxtpx:hr>
					</gpxtpx:TrackPointExtension>
				</extensions>
			</trkpt>
			<trkpt lat="47.33642834897558" lon="19.046864467542264">
				<ele>97.68332655727863</ele>
				<time>2025-07-15T14:34:50Z</time>
				<extensions>
					<vAcc>0.0</vAcc>
					<course>193.25315244769612</course>
					<hAcc>0.0</hAcc>
					<speed>1.8866874432990512</speed>
					<speedAcc>-1.0</speedAcc>
					<courseAcc>-1.0</courseAcc>
					<gpxtpx:TrackPointExtension>
						<gpxtpx:hr>137.0</gpxtpx:hr>
					</gpxtpx:TrackPointExtension>
				</extensions>
			</trkpt>
			<trkpt lat="47.33639696164728" lon="19.046851216142144">
				<ele>98.36346152797341</ele>
				<time>2025-07-15T14:34:52Z</time>
				<extensions>
					<vAcc>0.0</vAcc>
					<course>191.54360653978466</course>
					<hAcc>0.0</hAcc>
					<speed>1.8662726100092093</speed>
					<speedAcc>-1.0</speedAcc>
					<courseAcc>-1.0</courseAcc>
					<gpxtpx:TrackPointExtension>
						<gpxtpx:hr>137.0</gpxtpx:hr>
					</gpxtpx:TrackPointExtension>
				</extensions>
			</trkpt>
			<trkpt lat="47.33636618443263" lon="19.046842510395702">
				<ele>98.61894537322223</ele>
				<time>2025-07-15T14:34:54Z</time>
				<extensions>
					<vAcc>0.0</vAcc>
					<course>185.99674299030437</course>
					<hAcc>0.0</hAcc>
					<speed>1.843239772721669</speed>
					<speedAcc>-1.0</speedAcc>
					<courseAcc>-1.0</courseAcc>
					<gpxtpx:TrackPointExtension>
						<gpxtpx:hr>137.0</gpxtpx:hr>
					</gpxtpx:TrackPointExtension>
				</extensions>
			</trkpt>
			<trkpt lat="47.336335598991056" lon="19.046835312531634">
				<ele>98.17372322827578</ele>
				<time>2025-07-15T14:34:56Z</time>
				<extensions>
					<vAcc>0.0</vAcc>
					<course>185.50998564522115</course>
					<hAcc>0.0</hAcc>
					<speed>1.7748460357030182</speed>
					<speedAcc>-1.0</speedAcc>
					<courseAcc>-1.0</courseAcc>
					<gpxtpx:TrackPointExtension>
						<gpxtpx:hr>137.0</gpxtpx:hr>
					</gpxtpx:TrackPointExtension>
				</extensions>
			</trkpt>
			<trkpt lat="47.33630561244087" lon="19.046824879454903">
				<ele>98.80548750702292</ele>
				<time>2025-07-15T14:34:58Z</time>
				<extensions>
					<vAcc>0.0</vAcc>
					<course>191.95987809382748</course>
					<hAcc>0.0</hAcc>
					<speed>1.761529693561948</speed>
					<speedAcc>-1.0</speedAcc>
					<courseAcc>-1.0</courseAcc>
					<gpxtpx:TrackPointExtension>
						<gpxtpx:hr>138.0</gpxtpx:hr>
					</gpxtpx:TrackPointExtension>
				</extensions>
			</trkpt>
			<trkpt lat="47.33628970514203" lon="19.046822173003996">
				<ele>99.22642885521054</ele>
				<time>2025-07-15T14:34:59Z</time>
				<extensions>
					<vAcc>0.0</vAcc>
					<course>184.41018710261042</course>
					<hAcc>0.0</hAcc>
					<speed>1.798954842171583</speed>
					<speedAcc>-1.0</speedAcc>
					<courseAcc>-1.0</courseAcc>
					<gpxtpx:TrackPointExtension>
						<gpxtpx:hr>138.0</gpxtpx:hr>
					</gpxtpx:TrackPointExtension>
				</extensions>
			</trkpt>
			<trkpt lat="47.33626022836448" lon="19.046817938515353">
				<ele>98.1736764665693</ele>
				<time>2025-07-15T14:35:01Z</time>
				<extensions>
					<vAcc>0.0</vAcc>
					<course>182.37295196484615</course>
					<hAcc>0.0</hAcc>
					<speed>1.7117633604472515</speed>
					<speedAcc>-1.0</speedAcc>
					<courseAcc>-1.0</courseAcc>
					<gpxtpx:TrackPointExtension>
						<gpxtpx:hr>137.0</gpxtpx:hr>
					</gpxtpx:TrackPointExtension>
				</extensions>
			</trkpt>
			<trkpt lat="47.33624494643961" lon="19.04681902951989">
				<ele>97.90001370385289</ele>
				<time>2025-07-15T14:35:02Z</time>
				<extensions>
					<vAcc>0.0</vAcc>
					<course>177.72964600920207</course>
					<hAcc>0.0</hAcc>
					<speed>1.7649115416460597</speed>
					<speedAcc>-1.0</speedAcc>
					<courseAcc>-1.0</courseAcc>
					<gpxtpx:TrackPointExtension>
						<gpxtpx:hr>137.0</gpxtpx:hr>
					</gpxtpx:TrackPointExtension>
				</extensions>
			</trkpt>
			<trkpt lat="47.33622489846119" lon="19.04681796291132">
				<ele>98.17906478326768</ele>
				<time>2025-07-15T14:35:03Z</time>
				<extensions>
					<vAcc>0.0</vAcc>
					<course>182.53899203691952</course>
					<hAcc>0.0</hAcc>
					<speed>2.087381107351049</speed>
					<speedAcc>-1.0</speedAcc>
					<courseAcc>-1.0</courseAcc>
					<gpxtpx:TrackPointExtension>
						<gpxtpx:hr>137.0</gpxtpx:hr>
					</gpxtpx:TrackPointExtension>
				</extensions>
			</trkpt>
			<trkpt lat="47.336194458491214" lon="19.04681289072795">
				<ele>97.88131711632013</ele>
				<time>2025-07-15T14:35:05Z</time>
				<extensions>
					<vAcc>0.0</vAcc>
					<course>189.95390080921536</course>
					<hAcc>0.0</hAcc>
					<speed>1.656290400077096</speed>
					<speedAcc>-1.0</speedAcc>
					<courseAcc>-1.0</courseAcc>
					<gpxtpx:TrackPointExtension>
						<gpxtpx:hr>138.0</gpxtpx:hr>
					</gpxtpx:TrackPointExtension>
				</extensions>
			</trkpt>
			<trkpt lat="47.33616675390731" lon="19.046802573478523">
				<ele>97.53136871848255</ele>
				<time>2025-07-15T14:35:07Z</time>
				<extensions>
					<vAcc>0.0</vAcc>
					<course>195.10281876084795</course>
					<hAcc>0.0</hAcc>
					<speed>1.6738458862485195</speed>
					<speedAcc>-1.0</speedAcc>
					<courseAcc>-1.0</courseAcc>
					<gpxtpx:TrackPointExtension>
						<gpxtpx:hr>138.0</gpxtpx:hr>
					</gpxtpx:TrackPointExtension>
				</extensions>
			</trkpt>
			<trkpt lat="47.336138683786764" lon="19.046788184359492">
				<ele>98.34042175486684</ele>
				<time>2025-07-15T14:35:09Z</time>
				<extensions>
					<vAcc>0.0</vAcc>
					<course>197.06977182088346</course>
					<hAcc>0.0</hAcc>
					<speed>1.7433491387482605</speed>
					<speedAcc>-1.0</speedAcc>
					<courseAcc>-1.0</courseAcc>
					<gpxtpx:TrackPointExtension>
						<gpxtpx:hr>137.0</gpxtpx:hr>
					</gpxtpx:TrackPointExtension>
				</extensions>
			</trkpt>
			<trkpt lat="47.33611226226565" lon="19.04677442727831">
				<ele>98.36609530542046</ele>
				<time>2025-07-15T14:35:11Z</time>
				<extensions>
					<vAcc>0.0</vAcc>
					<course>198.9484265028883</course>
					<hAcc>0.0</hAcc>
					<speed>1.569677771431249</speed>
					<speedAcc>-1.0</speedAcc>
					<courseAcc>-1.0</courseAcc>
					<gpxtpx:TrackPointExtension>
						<gpxtpx:hr>137.0</gpxtpx:hr>
					</gpxtpx:TrackPointExtension>
				</extensions>
			</trkpt>
			<trkpt lat="47.33608085005887" lon="19.04676486225">
				<ele>99.40348424576223</ele>
				<time>2025-07-15T14:35:13Z</time>
				<extensions>
					<vAcc>0.0</vAcc>
					<course>187.89511869473094</course>
					<hAcc>0.0</hAcc>
					<speed>1.818389149201582</speed>
					<speedAcc>-1.0</speedAcc>
					<courseAcc>-1.0</courseAcc>
					<gpxtpx:TrackPointExtension>
						<gpxtpx:hr>137.0</gpxtpx:hr>
					</gpxtpx:TrackPointExtension>
				</extensions>
			</trkpt>
			<trkpt lat="47.336052278338485" lon="19.04675575378344">
				<ele>99.10578433983028</ele>
				<time>2025-07-15T14:35:15Z</time>
				<extensions>
					<vAcc>0.0</vAcc>
					<course>190.90258916971504</course>
					<hAcc>0.0</hAcc>
					<speed>1.5815159205992322</speed>
					<speedAcc>-1.0</speedAcc>
					<courseAcc>-1.0</courseAcc>
					<gpxtpx:TrackPointExtension>
						<gpxtpx:hr>137.0</gpxtpx:hr>
					</gpxtpx:TrackPointExtension>
				</extensions>
			</trkpt>
			<trkpt lat="47.3360269532283" lon="19.04675071215153">
				<ele>99.6418240852654</ele>
				<time>2025-07-15T14:35:17Z</time>
				<extensions>
					<vAcc>0.0</vAcc>
					<course>185.18232205538712</course>
					<hAcc>0.0</hAcc>
					<speed>1.3719033934870495</speed>
					<speedAcc>-1.0</speedAcc>
					<courseAcc>-1.0</courseAcc>
					<gpxtpx:TrackPointExtension>
						<gpxtpx:hr>137.0</gpxtpx:hr>
					</gpxtpx:TrackPointExtension>
				</extensions>
			</trkpt>
			<trkpt lat="47.3359964436407" lon="19.046748349777623">
				<ele>99.06747785490006</ele>
				<time>2025-07-15T14:35:19Z</time>
				<extensions>
					<vAcc>0.0</vAcc>
					<course>180.26966527245037</course>
					<hAcc>0.0</hAcc>
					<speed>1.694004105856445</speed>
					<speedAcc>-1.0</speedAcc>
					<courseAcc>-1.0</courseAcc>
					<gpxtpx:TrackPointExtension>
						<gpxtpx:hr>137.0</gpxtpx:hr>
					</gpxtpx:TrackPointExtension>
				</extensions>
			</trkpt>
			<trkpt lat="47.335977016608666" lon="19.04674791866131">
				<ele>99.03532299026847</ele>
				<time>2025-07-15T14:35:20Z</time>
				<extensions>
					<vAcc>0.0</vAcc>
					<course>177.90119438496953</course>
					<hAcc>0.0</hAcc>
					<speed>1.9027125570112686</speed>
					<speedAcc>-1.0</speedAcc>
					<courseAcc>-1.0</courseAcc>
					<gpxtpx:TrackPointExtension>
						<gpxtpx:hr>137.0</gpxtpx:hr>
					</gpxtpx:TrackPointExtension>
				</extensions>
			</trkpt>
			<trkpt lat="47.33594856994791" lon="19.046748771344305">
				<ele>99.37036996800452</ele>
				<time>2025-07-15T14:35:22Z</time>
				<extensions>
					<vAcc>0.0</vAcc>
					<course>172.95993644285835</course>
					<hAcc>0.0</hAcc>
					<speed>1.4564521939075692</speed>
					<speedAcc>-1.0</speedAcc>
					<courseAcc>-1.0</courseAcc>
					<gpxtpx:TrackPointExtension>
						<gpxtpx:hr>137.0</gpxtpx:hr>
					</gpxtpx:TrackPointExtension>
				</extensions>
			</trkpt>
			<trkpt lat="47.335923316204685" lon="19.046755624962803">
				<ele>99.82492349669337</ele>
				<time>2025-07-15T14:35:24Z</time>
				<extensions>
					<vAcc>0.0</vAcc>
					<course>166.25197662832386</course>
					<hAcc>0.0</hAcc>
					<speed>1.4231500845270897</speed>
					<speedAcc>-1.0</speedAcc>
					<courseAcc>-1.0</courseAcc>
					<gpxtpx:TrackPointExtension>
						<gpxtpx:hr>137.0</gpxtpx:hr>
					</gpxtpx:TrackPointExtension>
				</extensions>
			</trkpt>
			<trkpt lat="47.33590394554784" lon="19.046767374687033">
				<ele>99.68390813097358</ele>
				<time>2025-07-15T14:35:25Z</time>
				<extensions>
					<vAcc>0.0</vAcc>
					<course>159.9245764461956</course>
					<hAcc>0.0</hAcc>
					<speed>1.9507638415709707</speed>
					<speedAcc>-1.0</speedAcc>
					<courseAcc>-1.0</courseAcc>
					<gpxtpx:TrackPointExtension>
						<gpxtpx:hr>137.0</gpxtpx:hr>
					</gpxtpx:TrackPointExtension>
				</extensions>
			</trkpt>
			<trkpt lat="47.33588595389481" lon="19.046765230961142">
				<ele>98.86688217427582</ele>
				<time>2025-07-15T14:35:26Z</time>
				<extensions>
					<vAcc>0.0</vAcc>
					<course>189.1174303174785</course>
					<hAcc>0.0</hAcc>
					<speed>1.967357531440339</speed>
					<speedAcc>-1.0</speedAcc>
					<courseAcc>-1.0</courseAcc>
					<gpxtpx:TrackPointExtension>
						<gpxtpx:hr>137.0</gpxtpx:hr>
					</gpxtpx:TrackPointExtension>
				</extensions>
			</trkpt>
			<trkpt lat="47.33585600053818" lon="19.046765313383098">
				<ele>98.9719101106748</ele>
				<time>2025-07-15T14:35:28Z</time>
				<extensions>
					<vAcc>0.0</vAcc>
					<course>183.91944269313564</course>
					<hAcc>0.0</hAcc>
					<speed>1.6212977147496677</speed>
					<speedAcc>-1.0</speedAcc>
					<courseAcc>-1.0</courseAcc>
					<gpxtpx:TrackPointExtension>
						<gpxtpx:hr>137.0</gpxtpx:hr>
					</gpxtpx:TrackPointExtension>
				</extensions>
			</trkpt>
			<trkpt lat="47.33582821464583" lon="19.046769597261694">
				<ele>98.88948159199208</ele>
				<time>2025-07-15T14:35:30Z</time>
				<extensions>
					<vAcc>0.0</vAcc>
					<course>174.37225158181258</course>
					<hAcc>0.0</hAcc>
					<speed>1.5924904587434985</speed>
					<speedAcc>-1.0</speedAcc>
					<courseAcc>-1.0</courseAcc>
					<gpxtpx:TrackPointExtension>
						<gpxtpx:hr>140.0</gpxtpx:hr>
					</gpxtpx:TrackPointExtension>
				</extensions>
			</trkpt>
			<trkpt lat="47.335801248520255" lon="19.046777903701386">
				<ele>98.92332323733717</ele>
				<time>2025-07-15T14:35:32Z</time>
				<extensions>
					<vAcc>0.0</vAcc>
					<course>169.78149339281518</course>
					<hAcc>0.0</hAcc>
					<speed>1.6136712698887037</speed>
					<speedAcc>-1.0</speedAcc>
					<courseAcc>-1.0</courseAcc>
					<gpxtpx:TrackPointExtension>
						<gpxtpx:hr>140.0</gpxtpx:hr>
					</gpxtpx:TrackPointExtension>
				</extensions>
			</trkpt>
			<trkpt lat="47.33578103343429" lon="19.046774248955707">
				<ele>99.16430049017072</ele>
				<time>2025-07-15T14:35:34Z</time>
				<extensions>
					<vAcc>0.0</vAcc>
					<course>194.25950748128014</course>
					<hAcc>0.0</hAcc>
					<speed>1.187652816068827</speed>
					<speedAcc>-1.0</speedAcc>
					<courseAcc>-1.0</courseAcc>
					<gpxtpx:TrackPointExtension>
						<gpxtpx:hr>140.0</gpxtpx:hr>
					</gpxtpx:TrackPointExtension>
				</extensions>
			</trkpt>
			<trkpt lat="47.33576172078601" lon="19.04677552505052">
				<ele>99.35545169468969</ele>
				<time>2025-07-15T14:35:36Z</time>
				<extensions>
					<vAcc>0.0</vAcc>
					<course>173.24961071676498</course>
					<hAcc>0.0</hAcc>
					<speed>1.1837422451757085</speed>
					<speedAcc>-1.0</speedAcc>
					<courseAcc>-1.0</courseAcc>
					<gpxtpx:TrackPointExtension>
						<gpxtpx:hr>137.0</gpxtpx:hr>
					</gpxtpx:TrackPointExtension>
				</extensions>
			</trkpt>
			<trkpt lat="47.335736279851396" lon="19.04677771033432">
				<ele>98.92671410087496</ele>
				<time>2025-07-15T14:35:38Z</time>
				<extensions>
					<vAcc>0.0</vAcc>
					<course>178.5941058797304</course>
					<hAcc>0.0</hAcc>
					<speed>1.490373544442147</speed>
					<speedAcc>-1.0</speedAcc>
					<courseAcc>-1.0</courseAcc>
					<gpxtpx:TrackPointExtension>
						<gpxtpx:hr>137.0</gpxtpx:hr>
					</gpxtpx:TrackPointExtension>
				</extensions>
			</trkpt>
			<trkpt lat="47.33571143422973" lon="19.04679019699182">
				<ele>98.66020360775292</ele>
				<time>2025-07-15T14:35:40Z</time>
				<extensions>
					<vAcc>0.0</vAcc>
					<course>161.56943095240166</course>
					<hAcc>0.0</hAcc>
					<speed>1.4389235100779663</speed>
					<speedAcc>-1.0</speedAcc>
					<courseAcc>-1.0</courseAcc>
					<gpxtpx:TrackPointExtension>
						<gpxtpx:hr>137.0</gpxtpx:hr>
					</gpxtpx:TrackPointExtension>
				</extensions>
			</trkpt>
			<trkpt lat="47.335681514024465" lon="19.046798975201504">
				<ele>98.9703725464642</ele>
				<time>2025-07-15T14:35:42Z</time>
				<extensions>
					<vAcc>0.0</vAcc>
					<course>175.48261318519945</course>
					<hAcc>0.0</hAcc>
					<speed>1.7111032395900105</speed>
					<speedAcc>-1.0</speedAcc>
					<courseAcc>-1.0</courseAcc>
					<gpxtpx:TrackPointExtension>
						<gpxtpx:hr>136.0</gpxtpx:hr>
					</gpxtpx:TrackPointExtension>
				</extensions>
			</trkpt>
			<trkpt lat="47.335652084532995" lon="19.046808143803364">
				<ele>99.27979404572397</ele>
				<time>2025-07-15T14:35:44Z</time>
				<extensions>
					<vAcc>0.0</vAcc>
					<course>171.86632048984583</course>
					<hAcc>0.0</hAcc>
					<speed>1.6812276239073825</speed>
					<speedAcc>-1.0</speedAcc>
					<courseAcc>-1.0</courseAcc>
					<gpxtpx:TrackPointExtension>
						<gpxtpx:hr>136.0</gpxtpx:hr>
					</gpxtpx:TrackPointExtension>
				</extensions>
			</trkpt>
			<trkpt lat="47.33561931439824" lon="19.046820016855847">
				<ele>98.43960290588439</ele>
				<time>2025-07-15T14:35:46Z</time>
				<extensions>
					<vAcc>0.0</vAcc>
					<course>168.82743470020347</course>
					<hAcc>0.0</hAcc>
					<speed>1.9235675515040196</speed>
					<speedAcc>-1.0</speedAcc>
					<courseAcc>-1.0</courseAcc>
					<gpxtpx:TrackPointExtension>
						<gpxtpx:hr>136.0</gpxtpx:hr>
					</gpxtpx:TrackPointExtension>
				</extensions>
			</trkpt>
			<trkpt lat="47.33559010852741" lon="19.04681980152995">
				<ele>98.28861001413316</ele>
				<time>2025-07-15T14:35:48Z</time>
				<extensions>
					<vAcc>0.0</vAcc>
					<course>183.42094851024797</course>
					<hAcc>0.0</hAcc>
					<speed>1.6858060557355687</speed>
					<speedAcc>-1.0</speedAcc>
					<courseAcc>-1.0</courseAcc>
					<gpxtpx:TrackPointExtension>
						<gpxtpx:hr>136.0</gpxtpx:hr>
					</gpxtpx:TrackPointExtension>
				</extensions>
			</trkpt>
			<trkpt lat="47.335566955912775" lon="19.046824481378867">
				<ele>98.15936726238579</ele>
				<time>2025-07-15T14:35:50Z</time>
				<extensions>
					<vAcc>0.0</vAcc>
					<course>163.3837235152961</course>
					<hAcc>0.0</hAcc>
					<speed>1.3972935436717029</speed>
					<speedAcc>-1.0</speedAcc>
					<courseAcc>-1.0</courseAcc>
					<gpxtpx:TrackPointExtension>
						<gpxtpx:hr>137.0</gpxtpx:hr>
					</gpxtpx:TrackPointExtension>
				</extensions>
			</trkpt>
			<trkpt lat="47.33555456596111" lon="19.046818200394682">
				<ele>97.87327058520168</ele>
				<time>2025-07-15T14:35:51Z</time>
				<extensions>
					<vAcc>0.0</vAcc>
					<course>191.53138981850358</course>
					<hAcc>0.0</hAcc>
					<speed>1.4552128591212794</speed>
					<speedAcc>-1.0</speedAcc>
					<courseAcc>-1.0</courseAcc>
					<gpxtpx:TrackPointExtension>
						<gpxtpx:hr>137.0</gpxtpx:hr>
					</gpxtpx:TrackPointExtension>
				</extensions>
			</trkpt>
			<trkpt lat="47.33552741022129" lon="19.0468134806002">
				<ele>98.22940939292312</ele>
				<time>2025-07-15T14:35:53Z</time>
				<extensions>
					<vAcc>0.0</vAcc>
					<course>185.73123965742948</course>
					<hAcc>0.0</hAcc>
					<speed>1.6146337586306447</speed>
					<speedAcc>-1.0</speedAcc>
					<courseAcc>-1.0</courseAcc>
					<gpxtpx:TrackPointExtension>
						<gpxtpx:hr>137.0</gpxtpx:hr>
					</gpxtpx:TrackPointExtension>
				</extensions>
			</trkpt>
			<trkpt lat="47.335493594904605" lon="19.046809998273122">
				<ele>97.85716511588544</ele>
				<time>2025-07-15T14:35:55Z</time>
				<extensions>
					<vAcc>0.0</vAcc>
					<course>183.81519496017594</course>
					<hAcc>0.0</hAcc>
					<speed>1.9728594485224944</speed>
					<speedAcc>-1.0</speedAcc>
					<courseAcc>-1.0</courseAcc>
					<gpxtpx:TrackPointExtension>
						<gpxtpx:hr>137.0</gpxtpx:hr>
					</gpxtpx:TrackPointExtension>
				</extensions>
			</trkpt>
			<trkpt lat="47.33545939020054" lon="19.04680370619586">
				<ele>98.34497106354684</ele>
				<time>2025-07-15T14:35:57Z</time>
				<extensions>
					<vAcc>0.0</vAcc>
					<course>188.6171865748467</course>
					<hAcc>0.0</hAcc>
					<speed>1.9060568006884127</speed>
					<speedAcc>-1.0</speedAcc>
					<courseAcc>-1.0</courseAcc>
					<gpxtpx:TrackPointExtension>
						<gpxtpx:hr>135.0</gpxtpx:hr>
					</gpxtpx:TrackPointExtension>
				</extensions>
			</trkpt>
			<trkpt lat="47.33543410065628" lon="19.046802173140122">
				<ele>98.07027205545455</ele>
				<time>2025-07-15T14:35:59Z</time>
				<extensions>
					<vAcc>0.0</vAcc>
					<course>181.22902037364625</course>
					<hAcc>0.0</hAcc>
					<speed>1.3708406141513083</speed>
					<speedAcc>-1.0</speedAcc>
					<courseAcc>-1.0</courseAcc>
					<gpxtpx:TrackPointExtension>
						<gpxtpx:hr>135.0</gpxtpx:hr>
					</gpxtpx:TrackPointExtension>
				</extensions>
			</trkpt>
			<trkpt lat="47.33541064566301" lon="19.04680793968631">
				<ele>98.62921908125281</ele>
				<time>2025-07-15T14:36:01Z</time>
				<extensions>
					<vAcc>0.0</vAcc>
					<course>170.741779952524</course>
					<hAcc>0.0</hAcc>
					<speed>1.358903273834021</speed>
					<speedAcc>-1.0</speedAcc>
					<courseAcc>-1.0</courseAcc>
					<gpxtpx:TrackPointExtension>
						<gpxtpx:hr>135.0</gpxtpx:hr>
					</gpxtpx:TrackPointExtension>
				</extensions>
			</trkpt>
			<trkpt lat="47.33539633457554" lon="19.046808244424785">
				<ele>98.06184794288129</ele>
				<time>2025-07-15T14:36:02Z</time>
				<extensions>
					<vAcc>0.0</vAcc>
					<course>180.63443802949106</course>
					<hAcc>0.0</hAcc>
					<speed>1.4848780136757</speed>
					<speedAcc>-1.0</speedAcc>
					<courseAcc>-1.0</courseAcc>
					<gpxtpx:TrackPointExtension>
						<gpxtpx:hr>135.0</gpxtpx:hr>
					</gpxtpx:TrackPointExtension>
				</extensions>
			</trkpt>
			<trkpt lat="47.33536535860791" lon="19.04681165471844">
				<ele>97.80142068024725</ele>
				<time>2025-07-15T14:36:04Z</time>
				<extensions>
					<vAcc>0.0</vAcc>
					<course>175.24926167185106</course>
					<hAcc>0.0</hAcc>
					<speed>1.7325770897958095</speed>
					<speedAcc>-1.0</speedAcc>
					<courseAcc>-1.0</courseAcc>
					<gpxtpx:TrackPointExtension>
						<gpxtpx:hr>134.0</gpxtpx:hr>
					</gpxtpx:TrackPointExtension>
				</extensions>
			</trkpt>
			<trkpt lat="47.33533460672114" lon="19.046819513980438">
				<ele>98.83268137276173</ele>
				<time>2025-07-15T14:36:06Z</time>
				<extensions>
					<vAcc>0.0</vAcc>
					<course>170.2865803870009</course>
					<hAcc>0.0</hAcc>
					<speed>1.7309363883900983</speed>
					<speedAcc>-1.0</speedAcc>
					<courseAcc>-1.0</courseAcc>
					<gpxtpx:TrackPointExtension>
						<gpxtpx:hr>134.0</gpxtpx:hr>
					</gpxtpx:TrackPointExtension>
				</extensions>
			</trkpt>
			<trkpt lat="47.33530298917695" lon="19.046841464032287">
				<ele>98.52447239588946</ele>
				<time>2025-07-15T14:36:08Z</time>
				<extensions>
					<vAcc>0.0</vAcc>
					<course>154.12045572575175</course>
					<hAcc>0.0</hAcc>
					<speed>1.99818374554531</speed>
					<speedAcc>-1.0</speedAcc>
					<courseAcc>-1.0</courseAcc>
					<gpxtpx:TrackPointExtension>
						<gpxtpx:hr>134.0</gpxtpx:hr>
					</gpxtpx:TrackPointExtension>
				</extensions>
			</trkpt>
			<trkpt lat="47.33528509616461" lon="19.04684065947717">
				<ele>98.56383086834103</ele>
				<time>2025-07-15T14:36:09Z</time>
				<extensions>
					<vAcc>0.0</vAcc>
					<course>182.2226139454788</course>
					<hAcc>0.0</hAcc>
					<speed>1.946855473158928</speed>
					<speedAcc>-1.0</speedAcc>
					<courseAcc>-1.0</courseAcc>
					<gpxtpx:TrackPointExtension>
						<gpxtpx:hr>134.0</gpxtpx:hr>
					</gpxtpx:TrackPointExtension>
				</extensions>
			</trkpt>
			<trkpt lat="47.335258344775085" lon="19.046832239234792">
				<ele>98.30992430169135</ele>
				<time>2025-07-15T14:36:11Z</time>
				<extensions>
					<vAcc>0.0</vAcc>
					<course>204.3682049562389</course>
					<hAcc>0.0</hAcc>
					<speed>1.47148016141624</speed>
					<speedAcc>-1.0</speedAcc>
					<courseAcc>-1.0</courseAcc>
					<gpxtpx:TrackPointExtension>
						<gpxtpx:hr>134.0</gpxtpx:hr>
					</gpxtpx:TrackPointExtension>
				</extensions>
			</trkpt>
			<trkpt lat="47.33523046462937" lon="19.046823574855235">
				<ele>98.04803877975792</ele>
				<time>2025-07-15T14:36:13Z</time>
				<extensions>
					<vAcc>0.0</vAcc>
					<course>188.1857646804968</course>
					<hAcc>0.0</hAcc>
					<speed>1.6542292182192833</speed>
					<speedAcc>-1.0</speedAcc>
					<courseAcc>-1.0</courseAcc>
					<gpxtpx:TrackPointExtension>
						<gpxtpx:hr>137.0</gpxtpx:hr>
					</gpxtpx:TrackPointExtension>
				</extensions>
			</trkpt>
			<trkpt lat="47.33520224847315" lon="19.046813503481307">
				<ele>98.65962718985975</ele>
				<time>2025-07-15T14:36:15Z</time>
				<extensions>
					<vAcc>0.0</vAcc>
					<course>195.6158830226415</course>
					<hAcc>0.0</hAcc>
					<speed>1.6125194236380516</speed>
					<speedAcc>-1.0</speedAcc>
					<courseAcc>-1.0</courseAcc>
					<gpxtpx:TrackPointExtension>
						<gpxtpx:hr>137.0</gpxtpx:hr>
					</gpxtpx:TrackPointExtension>
				</extensions>
			</trkpt>
			<trkpt lat="47.33516986789685" lon="19.046801842641564">
				<ele>97.28052983619273</ele>
				<time>2025-07-15T14:36:17Z</time>
				<extensions>
					<vAcc>0.0</vAcc>
					<course>193.5237707638363</course>
					<hAcc>0.0</hAcc>
					<speed>1.9474535122548444</speed>
					<speedAcc>-1.0</speedAcc>
					<courseAcc>-1.0</courseAcc>
					<gpxtpx:TrackPointExtension>
						<gpxtpx:hr>136.0</gpxtpx:hr>
					</gpxtpx:TrackPointExtension>
				</extensions>
			</trkpt>
			<trkpt lat="47.3351364153924" lon="19.046790046469926">
				<ele>98.23852424416691</ele>
				<time>2025-07-15T14:36:19Z</time>
				<extensions>
					<vAcc>0.0</vAcc>
					<course>195.12220558272026</course>
					<hAcc>0.0</hAcc>
					<speed>2.007483694927305</speed>
					<speedAcc>-1.0</speedAcc>
					<courseAcc>-1.0</courseAcc>
					<gpxtpx:TrackPointExtension>
						<gpxtpx:hr>136.0</gpxtpx:hr>
					</gpxtpx:TrackPointExtension>
				</extensions>
			</trkpt>
			<trkpt lat="47.33510142637804" lon="19.046785314218674">
				<ele>98.69582930579782</ele>
				<time>2025-07-15T14:36:21Z</time>
				<extensions>
					<vAcc>0.0</vAcc>
					<course>185.35697885085696</course>
					<hAcc>0.0</hAcc>
					<speed>2.031752120895134</speed>
					<speedAcc>-1.0</speedAcc>
					<courseAcc>-1.0</courseAcc>
					<gpxtpx:TrackPointExtension>
						<gpxtpx:hr>136.0</gpxtpx:hr>
					</gpxtpx:TrackPointExtension>
				</extensions>
			</trkpt>
			<trkpt lat="47.335070344043835" lon="19.04678684007965">
				<ele>98.60846921335906</ele>
				<time>2025-07-15T14:36:23Z</time>
				<extensions>
					<vAcc>0.0</vAcc>
					<course>180.079646958887</course>
					<hAcc>0.0</hAcc>
					<speed>1.8129669523799805</speed>
					<speedAcc>-1.0</speedAcc>
					<courseAcc>-1.0</courseAcc>
					<gpxtpx:TrackPointExtension>
						<gpxtpx:hr>136.0</gpxtpx:hr>
					</gpxtpx:TrackPointExtension>
				</extensions>
			</trkpt>
			<trkpt lat="47.335040585471944" lon="19.046789377156994">
				<ele>99.0014824764803</ele>
				<time>2025-07-15T14:36:25Z</time>
				<extensions>
					<vAcc>0.0</vAcc>
					<course>181.0702232921853</course>
					<hAcc>0.0</hAcc>
					<speed>1.801524933453974</speed>
					<speedAcc>-1.0</speedAcc>
					<courseAcc>-1.0</courseAcc>
					<gpxtpx:TrackPointExtension>
						<gpxtpx:hr>136.0</gpxtpx:hr>
					</gpxtpx:TrackPointExtension>
				</extensions>
			</trkpt>
			<trkpt lat="47.335014252562246" lon="19.04678263594633">
				<ele>99.39804639108479</ele>
				<time>2025-07-15T14:36:27Z</time>
				<extensions>
					<vAcc>0.0</vAcc>
					<course>199.04712132876674</course>
					<hAcc>0.0</hAcc>
					<speed>1.6362548917988304</speed>
					<speedAcc>-1.0</speedAcc>
					<courseAcc>-1.0</courseAcc>
					<gpxtpx:TrackPointExtension>
						<gpxtpx:hr>137.0</gpxtpx:hr>
					</gpxtpx:TrackPointExtension>
				</extensions>
			</trkpt>
			<trkpt lat="47.334970936320815" lon="19.0467716422371">
				<ele>98.04668196290731</ele>
				<time>2025-07-15T14:36:30Z</time>
				<extensions>
					<vAcc>0.0</vAcc>
					<course>187.78040370686668</course>
					<hAcc>0.0</hAcc>
					<speed>1.9428741372530831</speed>
					<speedAcc>-1.0</speedAcc>
					<courseAcc>-1.0</courseAcc>
					<gpxtpx:TrackPointExtension>
						<gpxtpx:hr>137.0</gpxtpx:hr>
					</gpxtpx:TrackPointExtension>
				</extensions>
			</trkpt>
			<trkpt lat="47.33494302240643" lon="19.046772487460064">
				<ele>98.19925895985216</ele>
				<time>2025-07-15T14:36:32Z</time>
				<extensions>
					<vAcc>0.0</vAcc>
					<course>177.1186060293878</course>
					<hAcc>0.0</hAcc>
					<speed>1.8334681042014649</speed>
					<speedAcc>-1.0</speedAcc>
					<courseAcc>-1.0</courseAcc>
					<gpxtpx:TrackPointExtension>
						<gpxtpx:hr>138.0</gpxtpx:hr>
					</gpxtpx:TrackPointExtension>
				</extensions>
			</trkpt>
			<trkpt lat="47.33490374296443" lon="19.046783183746133">
				<ele>98.28474848158658</ele>
				<time>2025-07-15T14:36:35Z</time>
				<extensions>
					<vAcc>0.0</vAcc>
					<course>170.59297370136824</course>
					<hAcc>0.0</hAcc>
					<speed>1.6838381049163365</speed>
					<speedAcc>-1.0</speedAcc>
					<courseAcc>-1.0</courseAcc>
					<gpxtpx:TrackPointExtension>
						<gpxtpx:hr>138.0</gpxtpx:hr>
					</gpxtpx:TrackPointExtension>
				</extensions>
			</trkpt>
			<trkpt lat="47.33488333721134" lon="19.04679642747661">
				<ele>97.95455479808152</ele>
				<time>2025-07-15T14:36:37Z</time>
				<extensions>
					<vAcc>0.0</vAcc>
					<course>163.36645227654017</course>
					<hAcc>0.0</hAcc>
					<speed>1.5108148951810942</speed>
					<speedAcc>-1.0</speedAcc>
					<courseAcc>-1.0</courseAcc>
					<gpxtpx:TrackPointExtension>
						<gpxtpx:hr>134.0</gpxtpx:hr>
					</gpxtpx:TrackPointExtension>
				</extensions>
			</trkpt>
			<trkpt lat="47.33484969142791" lon="19.046821136157774">
				<ele>97.77144754678011</ele>
				<time>2025-07-15T14:36:40Z</time>
				<extensions>
					<vAcc>0.0</vAcc>
					<course>157.0437592836832</course>
					<hAcc>0.0</hAcc>
					<speed>1.5862450526090375</speed>
					<speedAcc>-1.0</speedAcc>
					<courseAcc>-1.0</courseAcc>
					<gpxtpx:TrackPointExtension>
						<gpxtpx:hr>134.0</gpxtpx:hr>
					</gpxtpx:TrackPointExtension>
				</extensions>
			</trkpt>
			<trkpt lat="47.33482804592116" lon="19.046850000665547">
				<ele>98.82992175221443</ele>
				<time>2025-07-15T14:36:42Z</time>
				<extensions>
					<vAcc>0.0</vAcc>
					<course>143.67585141364722</course>
					<hAcc>0.0</hAcc>
					<speed>1.8177561510222202</speed>
					<speedAcc>-1.0</speedAcc>
					<courseAcc>-1.0</courseAcc>
					<gpxtpx:TrackPointExtension>
						<gpxtpx:hr>134.0</gpxtpx:hr>
					</gpxtpx:TrackPointExtension>
				</extensions>
			</trkpt>
			<trkpt lat="47.33481395270165" lon="19.0468782923762">
				<ele>98.20369395706803</ele>
				<time>2025-07-15T14:36:44Z</time>
				<extensions>
					<vAcc>0.0</vAcc>
					<course>132.87425414450078</course>
					<hAcc>0.0</hAcc>
					<speed>1.341676262758142</speed>
					<speedAcc>-1.0</speedAcc>
					<courseAcc>-1.0</courseAcc>
					<gpxtpx:TrackPointExtension>
						<gpxtpx:hr>133.0</gpxtpx:hr>
					</gpxtpx:TrackPointExtension>
				</extensions>
			</trkpt>
			<trkpt lat="47.33480718596781" lon="19.04690047444341">
				<ele>97.97867848258466</ele>
				<time>2025-07-15T14:36:45Z</time>
				<extensions>
					<vAcc>0.0</vAcc>
					<course>128.32316290877725</course>
					<hAcc>0.0</hAcc>
					<speed>1.6323520584537836</speed>
					<speedAcc>-1.0</speedAcc>
					<courseAcc>-1.0</courseAcc>
					<gpxtpx:TrackPointExtension>
						<gpxtpx:hr>133.0</gpxtpx:hr>
					</gpxtpx:TrackPointExtension>
				</extensions>
			</trkpt>
			<trkpt lat="47.334788987824076" lon="19.046947027242407">
				<ele>97.96539485361427</ele>
				<time>2025-07-15T14:36:48Z</time>
				<extensions>
					<vAcc>0.0</vAcc>
					<course>125.60031358302403</course>
					<hAcc>0.0</hAcc>
					<speed>1.2490451567993417</speed>
					<speedAcc>-1.0</speedAcc>
					<courseAcc>-1.0</courseAcc>
					<gpxtpx:TrackPointExtension>
						<gpxtpx:hr>133.0</gpxtpx:hr>
					</gpxtpx:TrackPointExtension>
				</extensions>
			</trkpt>
			<trkpt lat="47.33478082884477" lon="19.046978674782444">
				<ele>97.344242984429</ele>
				<time>2025-07-15T14:36:50Z</time>
				<extensions>
					<vAcc>0.0</vAcc>
					<course>120.66247468204848</course>
					<hAcc>0.0</hAcc>
					<speed>1.335839298378901</speed>
					<speedAcc>-1.0</speedAcc>
					<courseAcc>-1.0</courseAcc>
					<gpxtpx:TrackPointExtension>
						<gpxtpx:hr>131.0</gpxtpx:hr>
					</gpxtpx:TrackPointExtension>
				</extensions>
			</trkpt>
			<trkpt lat="47.334766314832045" lon="19.0470146322743">
				<ele>97.3607316436246</ele>
				<time>2025-07-15T14:36:53Z</time>
				<extensions>
					<vAcc>0.0</vAcc>
					<course>131.50840425086892</course>
					<hAcc>0.0</hAcc>
					<speed>1.036881119834235</speed>
					<speedAcc>-1.0</speedAcc>
					<courseAcc>-1.0</courseAcc>
					<gpxtpx:TrackPointExtension>
						<gpxtpx:hr>131.0</gpxtpx:hr>
					</gpxtpx:TrackPointExtension>
				</extensions>
			</trkpt>
			<trkpt lat="47.33475333896317" lon="19.047037599338047">
				<ele>97.28308977466077</ele>
				<time>2025-07-15T14:36:56Z</time>
				<extensions>
					<vAcc>0.0</vAcc>
					<course>138.19460963000316</course>
					<hAcc>0.0</hAcc>
					<speed>0.7812271404112416</speed>
					<speedAcc>-1.0</speedAcc>
					<courseAcc>-1.0</courseAcc>
					<gpxtpx:TrackPointExtension>
						<gpxtpx:hr>131.0</gpxtpx:hr>
					</gpxtpx:TrackPointExtension>
				</extensions>
			</trkpt>
			<trkpt lat="47.33474051098502" lon="19.047056715738865">
				<ele>97.21006272360682</ele>
				<time>2025-07-15T14:36:59Z</time>
				<extensions>
					<vAcc>0.0</vAcc>
					<course>137.56126513764298</course>
					<hAcc>0.0</hAcc>
					<speed>0.8198870889664167</speed>
					<speedAcc>-1.0</speedAcc>
					<courseAcc>-1.0</courseAcc>
					<gpxtpx:TrackPointExtension>
						<gpxtpx:hr>129.0</gpxtpx:hr>
					</gpxtpx:TrackPointExtension>
				</extensions>
			</trkpt>
			<trkpt lat="47.33472978815664" lon="19.047068182817952">
				<ele>97.17151465918869</ele>
				<time>2025-07-15T14:37:01Z</time>
				<extensions>
					<vAcc>0.0</vAcc>
					<course>145.92348279902143</course>
					<hAcc>0.0</hAcc>
					<speed>0.8607954151903549</speed>
					<speedAcc>-1.0</speedAcc>
					<courseAcc>-1.0</courseAcc>
					<gpxtpx:TrackPointExtension>
						<gpxtpx:hr>129.0</gpxtpx:hr>
					</gpxtpx:TrackPointExtension>
				</extensions>
			</trkpt>
			<trkpt lat="47.33471448554479" lon="19.047081385416583">
				<ele>97.54474741593003</ele>
				<time>2025-07-15T14:37:03Z</time>
				<extensions>
					<vAcc>0.0</vAcc>
					<course>147.68907832956094</course>
					<hAcc>0.0</hAcc>
					<speed>1.1561177051730394</speed>
					<speedAcc>-1.0</speedAcc>
					<courseAcc>-1.0</courseAcc>
					<gpxtpx:TrackPointExtension>
						<gpxtpx:hr>129.0</gpxtpx:hr>
					</gpxtpx:TrackPointExtension>
				</extensions>
			</trkpt>
			<trkpt lat="47.334691173041406" lon="19.047101607859442">
				<ele>97.69166442099959</ele>
				<time>2025-07-15T14:37:06Z</time>
				<extensions>
					<vAcc>0.0</vAcc>
					<course>147.6203612675591</course>
					<hAcc>0.0</hAcc>
					<speed>1.1079605339229186</speed>
					<speedAcc>-1.0</speedAcc>
					<courseAcc>-1.0</courseAcc>
					<gpxtpx:TrackPointExtension>
						<gpxtpx:hr>129.0</gpxtpx:hr>
					</gpxtpx:TrackPointExtension>
				</extensions>
			</trkpt>
			<trkpt lat="47.334672538158934" lon="19.04712642581347">
				<ele>97.52773927804083</ele>
				<time>2025-07-15T14:37:09Z</time>
				<extensions>
					<vAcc>0.0</vAcc>
					<course>133.3284109376848</course>
					<hAcc>0.0</hAcc>
					<speed>1.031965185415212</speed>
					<speedAcc>-1.0</speedAcc>
					<courseAcc>-1.0</courseAcc>
					<gpxtpx:TrackPointExtension>
						<gpxtpx:hr>126.0</gpxtpx:hr>
					</gpxtpx:TrackPointExtension>
				</extensions>
			</trkpt>
			<trkpt lat="47.33465852634064" lon="19.047147053950923">
				<ele>96.87158376257867</ele>
				<time>2025-07-15T14:37:12Z</time>
				<extensions>
					<vAcc>0.0</vAcc>
					<course>141.69890584134774</course>
					<hAcc>0.0</hAcc>
					<speed>0.7286919486678812</speed>
					<speedAcc>-1.0</speedAcc>
					<courseAcc>-1.0</courseAcc>
					<gpxtpx:TrackPointExtension>
						<gpxtpx:hr>126.0</gpxtpx:hr>
					</gpxtpx:TrackPointExtension>
				</extensions>
			</trkpt>
			<trkpt lat="47.33464593627743" lon="19.04716146896807">
				<ele>97.02077569067478</ele>
				<time>2025-07-15T14:37:15Z</time>
				<extensions>
					<vAcc>0.0</vAcc>
					<course>145.64842034302313</course>
					<hAcc>0.0</hAcc>
					<speed>0.6249326417446717</speed>
					<speedAcc>-1.0</speedAcc>
					<courseAcc>-1.0</courseAcc>
					<gpxtpx:TrackPointExtension>
						<gpxtpx:hr>127.0</gpxtpx:hr>
					</gpxtpx:TrackPointExtension>
				</extensions>
			</trkpt>
			<trkpt lat="47.33463126730538" lon="19.04717544847192">
				<ele>97.30549006070942</ele>
				<time>2025-07-15T14:37:17Z</time>
				<extensions>
					<vAcc>0.0</vAcc>
					<course>146.92958756737906</course>
					<hAcc>0.0</hAcc>
					<speed>1.0840288452644693</speed>
					<speedAcc>-1.0</speedAcc>
					<courseAcc>-1.0</courseAcc>
					<gpxtpx:TrackPointExtension>
						<gpxtpx:hr>127.0</gpxtpx:hr>
					</gpxtpx:TrackPointExtension>
				</extensions>
			</trkpt>
			<trkpt lat="47.3346085650156" lon="19.04720098282511">
				<ele>97.23625638522208</ele>
				<time>2025-07-15T14:37:20Z</time>
				<extensions>
					<vAcc>0.0</vAcc>
					<course>140.4518228126709</course>
					<hAcc>0.0</hAcc>
					<speed>1.1119523539607727</speed>
					<speedAcc>-1.0</speedAcc>
					<courseAcc>-1.0</courseAcc>
					<gpxtpx:TrackPointExtension>
						<gpxtpx:hr>122.99999999999999</gpxtpx:hr>
					</gpxtpx:TrackPointExtension>
				</extensions>
			</trkpt>
			<trkpt lat="47.334587612630834" lon="19.047232581402394">
				<ele>96.6679051918909</ele>
				<time>2025-07-15T14:37:23Z</time>
				<extensions>
					<vAcc>0.0</vAcc>
					<course>133.17157344358455</course>
					<hAcc>0.0</hAcc>
					<speed>1.2170242477449378</speed>
					<speedAcc>-1.0</speedAcc>
					<courseAcc>-1.0</courseAcc>
					<gpxtpx:TrackPointExtension>
						<gpxtpx:hr>122.99999999999999</gpxtpx:hr>
					</gpxtpx:TrackPointExtension>
				</extensions>
			</trkpt>
			<trkpt lat="47.33457072809865" lon="19.04726414320102">
				<ele>96.92590895760804</ele>
				<time>2025-07-15T14:37:26Z</time>
				<extensions>
					<vAcc>0.0</vAcc>
					<course>127.17712497557325</course>
					<hAcc>0.0</hAcc>
					<speed>1.051776344516602</speed>
					<speedAcc>-1.0</speedAcc>
					<courseAcc>-1.0</courseAcc>
					<gpxtpx:TrackPointExtension>
						<gpxtpx:hr>122.99999999999999</gpxtpx:hr>
					</gpxtpx:TrackPointExtension>
				</extensions>
			</trkpt>
			<trkpt lat="47.3345600701484" lon="19.04728825258188">
				<ele>97.05323926918209</ele>
				<time>2025-07-15T14:37:28Z</time>
				<extensions>
					<vAcc>0.0</vAcc>
					<course>123.53048506397104</course>
					<hAcc>0.0</hAcc>
					<speed>1.2409177897509462</speed>
					<speedAcc>-1.0</speedAcc>
					<courseAcc>-1.0</courseAcc>
					<gpxtpx:TrackPointExtension>
						<gpxtpx:hr>122.99999999999999</gpxtpx:hr>
					</gpxtpx:TrackPointExtension>
				</extensions>
			</trkpt>
			<trkpt lat="47.3345474925431" lon="19.04732091165036">
				<ele>96.8611118029803</ele>
				<time>2025-07-15T14:37:31Z</time>
				<extensions>
					<vAcc>0.0</vAcc>
					<course>118.69793095781493</course>
					<hAcc>0.0</hAcc>
					<speed>0.9252070693127838</speed>
					<speedAcc>-1.0</speedAcc>
					<courseAcc>-1.0</courseAcc>
					<gpxtpx:TrackPointExtension>
						<gpxtpx:hr>122.99999999999999</gpxtpx:hr>
					</gpxtpx:TrackPointExtension>
				</extensions>
			</trkpt>
			<trkpt lat="47.33453989994388" lon="19.047350103330814">
				<ele>96.86049701366574</ele>
				<time>2025-07-15T14:37:33Z</time>
				<extensions>
					<vAcc>0.0</vAcc>
					<course>112.96652561595154</course>
					<hAcc>0.0</hAcc>
					<speed>1.3060842676053828</speed>
					<speedAcc>-1.0</speedAcc>
					<courseAcc>-1.0</courseAcc>
					<gpxtpx:TrackPointExtension>
						<gpxtpx:hr>122.99999999999999</gpxtpx:hr>
					</gpxtpx:TrackPointExtension>
				</extensions>
			</trkpt>
			<trkpt lat="47.33453456452551" lon="19.047390188878516">
				<ele>97.03416357189417</ele>
				<time>2025-07-15T14:37:36Z</time>
				<extensions>
					<vAcc>0.0</vAcc>
					<course>96.72435074734527</course>
					<hAcc>0.0</hAcc>
					<speed>0.9413324788773786</speed>
					<speedAcc>-1.0</speedAcc>
					<courseAcc>-1.0</courseAcc>
					<gpxtpx:TrackPointExtension>
						<gpxtpx:hr>122.99999999999999</gpxtpx:hr>
					</gpxtpx:TrackPointExtension>
				</extensions>
			</trkpt>
			<trkpt lat="47.33453764621132" lon="19.047417057370293">
				<ele>97.13837154302746</ele>
				<time>2025-07-15T14:37:38Z</time>
				<extensions>
					<vAcc>0.0</vAcc>
					<course>84.59680233028796</course>
					<hAcc>0.0</hAcc>
					<speed>1.0432942360348572</speed>
					<speedAcc>-1.0</speedAcc>
					<courseAcc>-1.0</courseAcc>
					<gpxtpx:TrackPointExtension>
						<gpxtpx:hr>122.0</gpxtpx:hr>
					</gpxtpx:TrackPointExtension>
				</extensions>
			</trkpt>
			<trkpt lat="47.334543962098245" lon="19.047443125190124">
				<ele>97.35927658993751</ele>
				<time>2025-07-15T14:37:40Z</time>
				<extensions>
					<vAcc>0.0</vAcc>
					<course>73.30621504489426</course>
					<hAcc>0.0</hAcc>
					<speed>1.0004132084443338</speed>
					<speedAcc>-1.0</speedAcc>
					<courseAcc>-1.0</courseAcc>
					<gpxtpx:TrackPointExtension>
						<gpxtpx:hr>124.00000000000001</gpxtpx:hr>
					</gpxtpx:TrackPointExtension>
				</extensions>
			</trkpt>
			<trkpt lat="47.334551438935826" lon="19.047474797527865">
				<ele>97.80229539051652</ele>
				<time>2025-07-15T14:37:42Z</time>
				<extensions>
					<vAcc>0.0</vAcc>
					<course>75.06220054023966</course>
					<hAcc>0.0</hAcc>
					<speed>1.2120192856214504</speed>
					<speedAcc>-1.0</speedAcc>
					<courseAcc>-1.0</courseAcc>
					<gpxtpx:TrackPointExtension>
						<gpxtpx:hr>124.00000000000001</gpxtpx:hr>
					</gpxtpx:TrackPointExtension>
				</extensions>
			</trkpt>
			<trkpt lat="47.33456392012466" lon="19.047511016862252">
				<ele>97.2619972024113</ele>
				<time>2025-07-15T14:37:44Z</time>
				<extensions>
					<vAcc>0.0</vAcc>
					<course>62.5860879249485</course>
					<hAcc>0.0</hAcc>
					<speed>1.4798153995059913</speed>
					<speedAcc>-1.0</speedAcc>
					<courseAcc>-1.0</courseAcc>
					<gpxtpx:TrackPointExtension>
						<gpxtpx:hr>124.00000000000001</gpxtpx:hr>
					</gpxtpx:TrackPointExtension>
				</extensions>
			</trkpt>
			<trkpt lat="47.334577600886846" lon="19.047541431265387">
				<ele>97.93360273726285</ele>
				<time>2025-07-15T14:37:46Z</time>
				<extensions>
					<vAcc>0.0</vAcc>
					<course>55.498029125950275</course>
					<hAcc>0.0</hAcc>
					<speed>1.2317572434652868</speed>
					<speedAcc>-1.0</speedAcc>
					<courseAcc>-1.0</courseAcc>
					<gpxtpx:TrackPointExtension>
						<gpxtpx:hr>124.00000000000001</gpxtpx:hr>
					</gpxtpx:TrackPointExtension>
				</extensions>
			</trkpt>
			<trkpt lat="47.33458785349615" lon="19.047558927110316">
				<ele>97.86413893662393</ele>
				<time>2025-07-15T14:37:47Z</time>
				<extensions>
					<vAcc>0.0</vAcc>
					<course>51.80768804804675</course>
					<hAcc>0.0</hAcc>
					<speed>1.407617387434831</speed>
					<speedAcc>-1.0</speedAcc>
					<courseAcc>-1.0</courseAcc>
					<gpxtpx:TrackPointExtension>
						<gpxtpx:hr>124.00000000000001</gpxtpx:hr>
					</gpxtpx:TrackPointExtension>
				</extensions>
			</trkpt>
			<trkpt lat="47.3346084507013" lon="19.04759216991487">
				<ele>97.29858974274248</ele>
				<time>2025-07-15T14:37:49Z</time>
				<extensions>
					<vAcc>0.0</vAcc>
					<course>45.54053741555992</course>
					<hAcc>0.0</hAcc>
					<speed>1.6861869843513158</speed>
					<speedAcc>-1.0</speedAcc>
					<courseAcc>-1.0</courseAcc>
					<gpxtpx:TrackPointExtension>
						<gpxtpx:hr>124.00000000000001</gpxtpx:hr>
					</gpxtpx:TrackPointExtension>
				</extensions>
			</trkpt>
			<trkpt lat="47.334628611849034" lon="19.047622310353397">
				<ele>98.64337830804288</ele>
				<time>2025-07-15T14:37:51Z</time>
				<extensions>
					<vAcc>0.0</vAcc>
					<course>45.15290571418498</course>
					<hAcc>0.0</hAcc>
					<speed>1.541524804180097</speed>
					<speedAcc>-1.0</speedAcc>
					<courseAcc>-1.0</courseAcc>
					<gpxtpx:TrackPointExtension>
						<gpxtpx:hr>126.0</gpxtpx:hr>
					</gpxtpx:TrackPointExtension>
				</extensions>
			</trkpt>
			<trkpt lat="47.33464518216207" lon="19.047648101552635">
				<ele>97.74166953936219</ele>
				<time>2025-07-15T14:37:53Z</time>
				<extensions>
					<vAcc>0.0</vAcc>
					<course>44.866521482468016</course>
					<hAcc>0.0</hAcc>
					<speed>1.2862780237998976</speed>
					<speedAcc>-1.0</speedAcc>
					<courseAcc>-1.0</courseAcc>
					<gpxtpx:TrackPointExtension>
						<gpxtpx:hr>126.0</gpxtpx:hr>
					</gpxtpx:TrackPointExtension>
				</extensions>
			</trkpt>
			<trkpt lat="47.33465796795864" lon="19.047674271239167">
				<ele>98.55248793307692</ele>
				<time>2025-07-15T14:37:55Z</time>
				<extensions>
					<vAcc>0.0</vAcc>
					<course>54.29780170246286</course>
					<hAcc>0.0</hAcc>
					<speed>1.1863975912979763</speed>
					<speedAcc>-1.0</speedAcc>
					<courseAcc>-1.0</courseAcc>
					<gpxtpx:TrackPointExtension>
						<gpxtpx:hr>131.0</gpxtpx:hr>
					</gpxtpx:TrackPointExtension>
				</extensions>
			</trkpt>
			<trkpt lat="47.334673384386626" lon="19.04770330047791">
				<ele>98.50634979177266</ele>
				<time>2025-07-15T14:37:57Z</time>
				<extensions>
					<vAcc>0.0</vAcc>
					<course>48.22705809197905</course>
					<hAcc>0.0</hAcc>
					<speed>1.406946017066448</speed>
					<speedAcc>-1.0</speedAcc>
					<courseAcc>-1.0</courseAcc>
					<gpxtpx:TrackPointExtension>
						<gpxtpx:hr>131.0</gpxtpx:hr>
					</gpxtpx:TrackPointExtension>
				</extensions>
			</trkpt>
			<trkpt lat="47.33468949416786" lon="19.047728647075886">
				<ele>98.08121132012457</ele>
				<time>2025-07-15T14:37:59Z</time>
				<extensions>
					<vAcc>0.0</vAcc>
					<course>41.872566349386226</course>
					<hAcc>0.0</hAcc>
					<speed>1.2509092639221855</speed>
					<speedAcc>-1.0</speedAcc>
					<courseAcc>-1.0</courseAcc>
					<gpxtpx:TrackPointExtension>
						<gpxtpx:hr>132.0</gpxtpx:hr>
					</gpxtpx:TrackPointExtension>
				</extensions>
			</trkpt>
			<trkpt lat="47.33470667986908" lon="19.047752069945062">
				<ele>97.68586177099496</ele>
				<time>2025-07-15T14:38:01Z</time>
				<extensions>
					<vAcc>0.0</vAcc>
					<course>38.084792287137105</course>
					<hAcc>0.0</hAcc>
					<speed>1.2608374052410238</speed>
					<speedAcc>-1.0</speedAcc>
					<courseAcc>-1.0</courseAcc>
					<gpxtpx:TrackPointExtension>
						<gpxtpx:hr>132.0</gpxtpx:hr>
					</gpxtpx:TrackPointExtension>
				</extensions>
			</trkpt>
			<trkpt lat="47.33472915318551" lon="19.047779697003325">
				<ele>98.21827356517315</ele>
				<time>2025-07-15T14:38:03Z</time>
				<extensions>
					<vAcc>0.0</vAcc>
					<course>36.68294188789351</course>
					<hAcc>0.0</hAcc>
					<speed>1.6398037625956092</speed>
					<speedAcc>-1.0</speedAcc>
					<courseAcc>-1.0</courseAcc>
					<gpxtpx:TrackPointExtension>
						<gpxtpx:hr>132.0</gpxtpx:hr>
					</gpxtpx:TrackPointExtension>
				</extensions>
			</trkpt>
			<trkpt lat="47.33475036640884" lon="19.047803200267403">
				<ele>98.54103166796267</ele>
				<time>2025-07-15T14:38:05Z</time>
				<extensions>
					<vAcc>0.0</vAcc>
					<course>32.38204228931639</course>
					<hAcc>0.0</hAcc>
					<speed>1.39732830629006</speed>
					<speedAcc>-1.0</speedAcc>
					<courseAcc>-1.0</courseAcc>
					<gpxtpx:TrackPointExtension>
						<gpxtpx:hr>132.0</gpxtpx:hr>
					</gpxtpx:TrackPointExtension>
				</extensions>
			</trkpt>
			<trkpt lat="47.334771421641264" lon="19.04782354356375">
				<ele>99.05207728408277</ele>
				<time>2025-07-15T14:38:07Z</time>
				<extensions>
					<vAcc>0.0</vAcc>
					<course>29.069947161521878</course>
					<hAcc>0.0</hAcc>
					<speed>1.3746219028080164</speed>
					<speedAcc>-1.0</speedAcc>
					<courseAcc>-1.0</courseAcc>
					<gpxtpx:TrackPointExtension>
						<gpxtpx:hr>132.0</gpxtpx:hr>
					</gpxtpx:TrackPointExtension>
				</extensions>
			</trkpt>
			<trkpt lat="47.33479508226028" lon="19.04784049426266">
				<ele>98.44270034693182</ele>
				<time>2025-07-15T14:38:09Z</time>
				<extensions>
					<vAcc>0.0</vAcc>
					<course>21.831386464052535</course>
					<hAcc>0.0</hAcc>
					<speed>1.4618986274832295</speed>
					<speedAcc>-1.0</speedAcc>
					<courseAcc>-1.0</courseAcc>
					<gpxtpx:TrackPointExtension>
						<gpxtpx:hr>133.0</gpxtpx:hr>
					</gpxtpx:TrackPointExtension>
				</extensions>
			</trkpt>
			<trkpt lat="47.334826641291166" lon="19.047855895611452">
				<ele>98.08851788192987</ele>
				<time>2025-07-15T14:38:11Z</time>
				<extensions>
					<vAcc>0.0</vAcc>
					<course>14.543575032661343</course>
					<hAcc>0.0</hAcc>
					<speed>1.9053914687518652</speed>
					<speedAcc>-1.0</speedAcc>
					<courseAcc>-1.0</courseAcc>
					<gpxtpx:TrackPointExtension>
						<gpxtpx:hr>133.0</gpxtpx:hr>
					</gpxtpx:TrackPointExtension>
				</extensions>
			</trkpt>
			<trkpt lat="47.334856024487486" lon="19.04786692413805">
				<ele>96.61070590559393</ele>
				<time>2025-07-15T14:38:13Z</time>
				<extensions>
					<vAcc>0.0</vAcc>
					<course>10.19930167309866</course>
					<hAcc>0.0</hAcc>
					<speed>1.6169837451073554</speed>
					<speedAcc>-1.0</speedAcc>
					<courseAcc>-1.0</courseAcc>
					<gpxtpx:TrackPointExtension>
						<gpxtpx:hr>136.0</gpxtpx:hr>
					</gpxtpx:TrackPointExtension>
				</extensions>
			</trkpt>
			<trkpt lat="47.33487279570238" lon="19.047872500801933">
				<ele>98.25430422183126</ele>
				<time>2025-07-15T14:38:14Z</time>
				<extensions>
					<vAcc>0.0</vAcc>
					<course>9.935271726906764</course>
					<hAcc>0.0</hAcc>
					<speed>1.715384516404291</speed>
					<speedAcc>-1.0</speedAcc>
					<courseAcc>-1.0</courseAcc>
					<gpxtpx:TrackPointExtension>
						<gpxtpx:hr>136.0</gpxtpx:hr>
					</gpxtpx:TrackPointExtension>
				</extensions>
			</trkpt>
			<trkpt lat="47.33489116699125" lon="19.047880067917777">
				<ele>98.95508288964629</ele>
				<time>2025-07-15T14:38:15Z</time>
				<extensions>
					<vAcc>0.0</vAcc>
					<course>12.210876232666473</course>
					<hAcc>0.0</hAcc>
					<speed>1.8906687246513565</speed>
					<speedAcc>-1.0</speedAcc>
					<courseAcc>-1.0</courseAcc>
					<gpxtpx:TrackPointExtension>
						<gpxtpx:hr>136.0</gpxtpx:hr>
					</gpxtpx:TrackPointExtension>
				</extensions>
			</trkpt>
			<trkpt lat="47.334927571467375" lon="19.047882706554454">
				<ele>98.60326596722007</ele>
				<time>2025-07-15T14:38:17Z</time>
				<extensions>
					<vAcc>0.0</vAcc>
					<course>357.81054115735316</course>
					<hAcc>0.0</hAcc>
					<speed>2.002322761086708</speed>
					<speedAcc>-1.0</speedAcc>
					<courseAcc>-1.0</courseAcc>
					<gpxtpx:TrackPointExtension>
						<gpxtpx:hr>136.0</gpxtpx:hr>
					</gpxtpx:TrackPointExtension>
				</extensions>
			</trkpt>
			<trkpt lat="47.334958198248444" lon="19.047890348228538">
				<ele>98.01429973635823</ele>
				<time>2025-07-15T14:38:19Z</time>
				<extensions>
					<vAcc>0.0</vAcc>
					<course>14.664640386246203</course>
					<hAcc>0.0</hAcc>
					<speed>1.6752203335299012</speed>
					<speedAcc>-1.0</speedAcc>
					<courseAcc>-1.0</courseAcc>
					<gpxtpx:TrackPointExtension>
						<gpxtpx:hr>140.0</gpxtpx:hr>
					</gpxtpx:TrackPointExtension>
				</extensions>
			</trkpt>
			<trkpt lat="47.33498323828843" lon="19.047902626675782">
				<ele>98.02944323699921</ele>
				<time>2025-07-15T14:38:20Z</time>
				<extensions>
					<vAcc>0.0</vAcc>
					<course>21.190107378125834</course>
					<hAcc>0.0</hAcc>
					<speed>1.4816640405049732</speed>
					<speedAcc>-1.0</speedAcc>
					<courseAcc>-1.0</courseAcc>
					<gpxtpx:TrackPointExtension>
						<gpxtpx:hr>140.0</gpxtpx:hr>
					</gpxtpx:TrackPointExtension>
				</extensions>
			</trkpt>
			<trkpt lat="47.334997762391694" lon="19.04790415302583">
				<ele>97.38041745033115</ele>
				<time>2025-07-15T14:38:21Z</time>
				<extensions>
					<vAcc>0.0</vAcc>
					<course>6.266739234760743</course>
					<hAcc>0.0</hAcc>
					<speed>1.5647335350197418</speed>
					<speedAcc>-1.0</speedAcc>
					<courseAcc>-1.0</courseAcc>
					<gpxtpx:TrackPointExtension>
						<gpxtpx:hr>140.0</gpxtpx:hr>
					</gpxtpx:TrackPointExtension>
				</extensions>
			</trkpt>
			<trkpt lat="47.33502720530338" lon="19.04791505536052">
				<ele>96.18737628683448</ele>
				<time>2025-07-15T14:38:23Z</time>
				<extensions>
					<vAcc>0.0</vAcc>
					<course>17.514556292109845</course>
					<hAcc>0.0</hAcc>
					<speed>1.7635723580302147</speed>
					<speedAcc>-1.0</speedAcc>
					<courseAcc>-1.0</courseAcc>
					<gpxtpx:TrackPointExtension>
						<gpxtpx:hr>144.0</gpxtpx:hr>
					</gpxtpx:TrackPointExtension>
				</extensions>
			</trkpt>
			<trkpt lat="47.3350572035684" lon="19.047925552677786">
				<ele>96.61555306520313</ele>
				<time>2025-07-15T14:38:25Z</time>
				<extensions>
					<vAcc>0.0</vAcc>
					<course>14.909415261837902</course>
					<hAcc>0.0</hAcc>
					<speed>1.7680141544899133</speed>
					<speedAcc>-1.0</speedAcc>
					<courseAcc>-1.0</courseAcc>
					<gpxtpx:TrackPointExtension>
						<gpxtpx:hr>144.0</gpxtpx:hr>
					</gpxtpx:TrackPointExtension>
				</extensions>
			</trkpt>
			<trkpt lat="47.335080882751676" lon="19.04793810506525">
				<ele>98.10839997511357</ele>
				<time>2025-07-15T14:38:27Z</time>
				<extensions>
					<vAcc>0.0</vAcc>
					<course>21.879483161443268</course>
					<hAcc>0.0</hAcc>
					<speed>1.4490908226383978</speed>
					<speedAcc>-1.0</speedAcc>
					<courseAcc>-1.0</courseAcc>
					<gpxtpx:TrackPointExtension>
						<gpxtpx:hr>144.0</gpxtpx:hr>
					</gpxtpx:TrackPointExtension>
				</extensions>
			</trkpt>
			<trkpt lat="47.335101770151084" lon="19.04794673707326">
				<ele>96.59870741888881</ele>
				<time>2025-07-15T14:38:29Z</time>
				<extensions>
					<vAcc>0.0</vAcc>
					<course>11.433573315151271</course>
					<hAcc>0.0</hAcc>
					<speed>1.3068967510655813</speed>
					<speedAcc>-1.0</speedAcc>
					<courseAcc>-1.0</courseAcc>
					<gpxtpx:TrackPointExtension>
						<gpxtpx:hr>144.0</gpxtpx:hr>
					</gpxtpx:TrackPointExtension>
				</extensions>
			</trkpt>
			<trkpt lat="47.335114154636706" lon="19.047951081903438">
				<ele>96.22991694416851</ele>
				<time>2025-07-15T14:38:30Z</time>
				<extensions>
					<vAcc>0.0</vAcc>
					<course>11.936213925611325</course>
					<hAcc>0.0</hAcc>
					<speed>1.400930477765549</speed>
					<speedAcc>-1.0</speedAcc>
					<courseAcc>-1.0</courseAcc>
					<gpxtpx:TrackPointExtension>
						<gpxtpx:hr>145.0</gpxtpx:hr>
					</gpxtpx:TrackPointExtension>
				</extensions>
			</trkpt>
			<trkpt lat="47.335143824344456" lon="19.04796487930536">
				<ele>96.88267797697335</ele>
				<time>2025-07-15T14:38:34Z</time>
				<extensions>
					<vAcc>0.0</vAcc>
					<course>17.274871273766326</course>
					<hAcc>0.0</hAcc>
					<speed>1.1423898284043876</speed>
					<speedAcc>-1.0</speedAcc>
					<courseAcc>-1.0</courseAcc>
					<gpxtpx:TrackPointExtension>
						<gpxtpx:hr>141.0</gpxtpx:hr>
					</gpxtpx:TrackPointExtension>
				</extensions>
			</trkpt>
			<trkpt lat="47.335163783096306" lon="19.047978479810055">
				<ele>96.94752832595259</ele>
				<time>2025-07-15T14:38:37Z</time>
				<extensions>
					<vAcc>0.0</vAcc>
					<course>19.922216188551587</course>
					<hAcc>0.0</hAcc>
					<speed>0.7984059737238097</speed>
					<speedAcc>-1.0</speedAcc>
					<courseAcc>-1.0</courseAcc>
					<gpxtpx:TrackPointExtension>
						<gpxtpx:hr>141.0</gpxtpx:hr>
					</gpxtpx:TrackPointExtension>
				</extensions>
			</trkpt>
			<trkpt lat="47.33518200623909" lon="19.047992660054817">
				<ele>97.02023950126022</ele>
				<time>2025-07-15T14:38:41Z</time>
				<extensions>
					<vAcc>0.0</vAcc>
					<course>18.566418907447712</course>
					<hAcc>0.0</hAcc>
					<speed>0.5336657561393273</speed>
					<speedAcc>-1.0</speedAcc>
					<courseAcc>-1.0</courseAcc>
					<gpxtpx:TrackPointExtension>
						<gpxtpx:hr>141.0</gpxtpx:hr>
					</gpxtpx:TrackPointExtension>
				</extensions>
			</trkpt>
			<trkpt lat="47.33519398573399" lon="19.04800744119692">
				<ele>97.655807223171</ele>
				<time>2025-07-15T14:38:44Z</time>
				<extensions>
					<vAcc>0.0</vAcc>
					<course>27.299114290995057</course>
					<hAcc>0.0</hAcc>
					<speed>0.680222461256918</speed>
					<speedAcc>-1.0</speedAcc>
					<courseAcc>-1.0</courseAcc>
					<gpxtpx:TrackPointExtension>
						<gpxtpx:hr>134.0</gpxtpx:hr>
					</gpxtpx:TrackPointExtension>
				</extensions>
			</trkpt>
			<trkpt lat="47.33520931324675" lon="19.048027883272454">
				<ele>97.8790165791288</ele>
				<time>2025-07-15T14:38:47Z</time>
				<extensions>
					<vAcc>0.0</vAcc>
					<course>29.66312512781619</course>
					<hAcc>0.0</hAcc>
					<speed>0.8613232901303273</speed>
					<speedAcc>-1.0</speedAcc>
					<courseAcc>-1.0</courseAcc>
					<gpxtpx:TrackPointExtension>
						<gpxtpx:hr>134.0</gpxtpx:hr>
					</gpxtpx:TrackPointExtension>
				</extensions>
			</trkpt>
			<trkpt lat="47.33522874202861" lon="19.048054978535635">
				<ele>97.99456875957549</ele>
				<time>2025-07-15T14:38:50Z</time>
				<extensions>
					<vAcc>0.0</vAcc>
					<course>32.76602999224534</course>
					<hAcc>0.0</hAcc>
					<speed>1.1324753579479547</speed>
					<speedAcc>-1.0</speedAcc>
					<courseAcc>-1.0</courseAcc>
					<gpxtpx:TrackPointExtension>
						<gpxtpx:hr>134.0</gpxtpx:hr>
					</gpxtpx:TrackPointExtension>
				</extensions>
			</trkpt>
			<trkpt lat="47.33525024142518" lon="19.048086641874054">
				<ele>98.00342348124832</ele>
				<time>2025-07-15T14:38:54Z</time>
				<extensions>
					<vAcc>0.0</vAcc>
					<course>39.87645124355876</course>
					<hAcc>0.0</hAcc>
					<speed>0.8088877667901521</speed>
					<speedAcc>-1.0</speedAcc>
					<courseAcc>-1.0</courseAcc>
					<gpxtpx:TrackPointExtension>
						<gpxtpx:hr>134.0</gpxtpx:hr>
					</gpxtpx:TrackPointExtension>
				</extensions>
			</trkpt>
			<trkpt lat="47.33526460393854" lon="19.04811276781935">
				<ele>98.14840346947312</ele>
				<time>2025-07-15T14:38:59Z</time>
				<extensions>
					<vAcc>0.0</vAcc>
					<course>36.68869755689891</course>
					<hAcc>0.0</hAcc>
					<speed>0.42829063411321033</speed>
					<speedAcc>-1.0</speedAcc>
					<courseAcc>-1.0</courseAcc>
					<gpxtpx:TrackPointExtension>
						<gpxtpx:hr>134.0</gpxtpx:hr>
					</gpxtpx:TrackPointExtension>
				</extensions>
			</trkpt>
			<trkpt lat="47.335276648667886" lon="19.04812185513603">
				<ele>98.51881323941052</ele>
				<time>2025-07-15T14:39:05Z</time>
				<extensions>
					<vAcc>0.0</vAcc>
					<course>15.707264772825805</course>
					<hAcc>0.0</hAcc>
					<speed>0.2643794423650305</speed>
					<speedAcc>-1.0</speedAcc>
					<courseAcc>-1.0</courseAcc>
					<gpxtpx:TrackPointExtension>
						<gpxtpx:hr>131.0</gpxtpx:hr>
					</gpxtpx:TrackPointExtension>
				</extensions>
			</trkpt>
			<trkpt lat="47.33529166235548" lon="19.04812751137519">
				<ele>98.71677041519433</ele>
				<time>2025-07-15T14:39:12Z</time>
				<extensions>
					<vAcc>0.0</vAcc>
					<course>31.613540959250447</course>
					<hAcc>0.0</hAcc>
					<speed>0.3353372525136589</speed>
					<speedAcc>-1.0</speedAcc>
					<courseAcc>-1.0</courseAcc>
					<gpxtpx:TrackPointExtension>
						<gpxtpx:hr>127.0</gpxtpx:hr>
					</gpxtpx:TrackPointExtension>
				</extensions>
			</trkpt>
			<trkpt lat="47.33530747301749" lon="19.048123549841527">
				<ele>98.59631697833538</ele>
				<time>2025-07-15T14:39:19Z</time>
				<extensions>
					<vAcc>0.0</vAcc>
					<course>17.36092124223921</course>
					<hAcc>0.0</hAcc>
					<speed>0.16690617528401297</speed>
					<speedAcc>-1.0</speedAcc>
					<courseAcc>-1.0</courseAcc>
					<gpxtpx:TrackPointExtension>
						<gpxtpx:hr>125.00000000000001</gpxtpx:hr>
					</gpxtpx:TrackPointExtension>
				</extensions>
			</trkpt>
			<trkpt lat="47.33532580731211" lon="19.048106039488896">
				<ele>99.727285861969</ele>
				<time>2025-07-15T14:39:25Z</time>
				<extensions>
					<vAcc>0.0</vAcc>
					<course>346.1487587279247</course>
					<hAcc>0.0</hAcc>
					<speed>0.4805091207053623</speed>
					<speedAcc>-1.0</speedAcc>
					<courseAcc>-1.0</courseAcc>
					<gpxtpx:TrackPointExtension>
						<gpxtpx:hr>126.0</gpxtpx:hr>
					</gpxtpx:TrackPointExtension>
				</extensions>
			</trkpt>
			<trkpt lat="47.335345694703626" lon="19.04807624055294">
				<ele>98.833620602265</ele>
				<time>2025-07-15T14:39:37Z</time>
				<extensions>
					<vAcc>0.0</vAcc>
					<course>29.787129003916696</course>
					<hAcc>0.0</hAcc>
					<speed>0.02989513060098356</speed>
					<speedAcc>-1.0</speedAcc>
					<courseAcc>-1.0</courseAcc>
					<gpxtpx:TrackPointExtension>
						<gpxtpx:hr>124.00000000000001</gpxtpx:hr>
					</gpxtpx:TrackPointExtension>
				</extensions>
			</trkpt>
			<trkpt lat="47.335367401168995" lon="19.048048835340644">
				<ele>98.74885633494705</ele>
				<time>2025-07-15T14:39:54Z</time>
				<extensions>
					<vAcc>0.0</vAcc>
					<course>325.5187129295867</course>
					<hAcc>0.0</hAcc>
					<speed>0.43344154393719136</speed>
					<speedAcc>-1.0</speedAcc>
					<courseAcc>-1.0</courseAcc>
					<gpxtpx:TrackPointExtension>
						<gpxtpx:hr>118.0</gpxtpx:hr>
					</gpxtpx:TrackPointExtension>
				</extensions>
			</trkpt>
			<trkpt lat="47.33537210883533" lon="19.048073650783383">
				<ele>97.73597401380539</ele>
				<time>2025-07-15T14:39:58Z</time>
				<extensions>
					<vAcc>0.0</vAcc>
					<course>90.81673720322007</course>
					<hAcc>0.0</hAcc>
					<speed>0.6918881211859084</speed>
					<speedAcc>-1.0</speedAcc>
					<courseAcc>-1.0</courseAcc>
					<gpxtpx:TrackPointExtension>
						<gpxtpx:hr>118.0</gpxtpx:hr>
					</gpxtpx:TrackPointExtension>
				</extensions>
			</trkpt>
			<trkpt lat="47.33538813094794" lon="19.048089567679988">
				<ele>98.83800358511508</ele>
				<time>2025-07-15T14:40:01Z</time>
				<extensions>
					<vAcc>0.0</vAcc>
					<course>22.19441914807633</course>
					<hAcc>0.0</hAcc>
					<speed>0.8997429369040184</speed>
					<speedAcc>-1.0</speedAcc>
					<courseAcc>-1.0</courseAcc>
					<gpxtpx:TrackPointExtension>
						<gpxtpx:hr>112.0</gpxtpx:hr>
					</gpxtpx:TrackPointExtension>
				</extensions>
			</trkpt>
			<trkpt lat="47.33541561765652" lon="19.04810530710114">
				<ele>97.56972178816795</ele>
				<time>2025-07-15T14:40:06Z</time>
				<extensions>
					<vAcc>0.0</vAcc>
					<course>18.549874353786844</course>
					<hAcc>0.0</hAcc>
					<speed>0.6544146537512163</speed>
					<speedAcc>-1.0</speedAcc>
					<courseAcc>-1.0</courseAcc>
					<gpxtpx:TrackPointExtension>
						<gpxtpx:hr>112.0</gpxtpx:hr>
					</gpxtpx:TrackPointExtension>
				</extensions>
			</trkpt>
			<trkpt lat="47.33543000595726" lon="19.04810584478832">
				<ele>97.39028855133802</ele>
				<time>2025-07-15T14:40:08Z</time>
				<extensions>
					<vAcc>0.0</vAcc>
					<course>13.740453598584871</course>
					<hAcc>0.0</hAcc>
					<speed>0.9082321341978806</speed>
					<speedAcc>-1.0</speedAcc>
					<courseAcc>-1.0</courseAcc>
					<gpxtpx:TrackPointExtension>
						<gpxtpx:hr>115.0</gpxtpx:hr>
					</gpxtpx:TrackPointExtension>
				</extensions>
			</trkpt>
			<trkpt lat="47.335453309043125" lon="19.048120013483274">
				<ele>96.18915021792054</ele>
				<time>2025-07-15T14:40:11Z</time>
				<extensions>
					<vAcc>0.0</vAcc>
					<course>30.199314255774127</course>
					<hAcc>0.0</hAcc>
					<speed>1.0906775888751286</speed>
					<speedAcc>-1.0</speedAcc>
					<courseAcc>-1.0</courseAcc>
					<gpxtpx:TrackPointExtension>
						<gpxtpx:hr>116.0</gpxtpx:hr>
					</gpxtpx:TrackPointExtension>
				</extensions>
			</trkpt>
			<trkpt lat="47.33547477881393" lon="19.048144310537403">
				<ele>98.02517444174737</ele>
				<time>2025-07-15T14:40:14Z</time>
				<extensions>
					<vAcc>0.0</vAcc>
					<course>37.98734714628376</course>
					<hAcc>0.0</hAcc>
					<speed>1.069616004250897</speed>
					<speedAcc>-1.0</speedAcc>
					<courseAcc>-1.0</courseAcc>
					<gpxtpx:TrackPointExtension>
						<gpxtpx:hr>116.0</gpxtpx:hr>
					</gpxtpx:TrackPointExtension>
				</extensions>
			</trkpt>
			<trkpt lat="47.33549576337891" lon="19.048164248772036">
				<ele>98.4005105374381</ele>
				<time>2025-07-15T14:40:16Z</time>
				<extensions>
					<vAcc>0.0</vAcc>
					<course>28.01255486986845</course>
					<hAcc>0.0</hAcc>
					<speed>1.3864526343513077</speed>
					<speedAcc>-1.0</speedAcc>
					<courseAcc>-1.0</courseAcc>
					<gpxtpx:TrackPointExtension>
						<gpxtpx:hr>116.0</gpxtpx:hr>
					</gpxtpx:TrackPointExtension>
				</extensions>
			</trkpt>
			<trkpt lat="47.33551566009168" lon="19.04817960844044">
				<ele>96.87742088455707</ele>
				<time>2025-07-15T14:40:18Z</time>
				<extensions>
					<vAcc>0.0</vAcc>
					<course>22.775023106672855</course>
					<hAcc>0.0</hAcc>
					<speed>1.210524865570122</speed>
					<speedAcc>-1.0</speedAcc>
					<courseAcc>-1.0</courseAcc>
					<gpxtpx:TrackPointExtension>
						<gpxtpx:hr>116.0</gpxtpx:hr>
					</gpxtpx:TrackPointExtension>
				</extensions>
			</trkpt>
			<trkpt lat="47.335534124998325" lon="19.04818881766228">
				<ele>98.1500386307016</ele>
				<time>2025-07-15T14:40:19Z</time>
				<extensions>
					<vAcc>0.0</vAcc>
					<course>17.371613514222144</course>
					<hAcc>0.0</hAcc>
					<speed>1.662042127673734</speed>
					<speedAcc>-1.0</speedAcc>
					<courseAcc>-1.0</courseAcc>
					<gpxtpx:TrackPointExtension>
						<gpxtpx:hr>124.00000000000001</gpxtpx:hr>
					</gpxtpx:TrackPointExtension>
				</extensions>
			</trkpt>
			<trkpt lat="47.33556761118024" lon="19.04819721629662">
				<ele>98.22969155851752</ele>
				<time>2025-07-15T14:40:21Z</time>
				<extensions>
					<vAcc>0.0</vAcc>
					<course>4.367580281642033</course>
					<hAcc>0.0</hAcc>
					<speed>1.8263430280510728</speed>
					<speedAcc>-1.0</speedAcc>
					<courseAcc>-1.0</courseAcc>
					<gpxtpx:TrackPointExtension>
						<gpxtpx:hr>124.00000000000001</gpxtpx:hr>
					</gpxtpx:TrackPointExtension>
				</extensions>
			</trkpt>
			<trkpt lat="47.33558644442991" lon="19.048199731955947">
				<ele>98.61586152389646</ele>
				<time>2025-07-15T14:40:22Z</time>
				<extensions>
					<vAcc>0.0</vAcc>
					<course>6.448350691132186</course>
					<hAcc>0.0</hAcc>
					<speed>1.845637283164023</speed>
					<speedAcc>-1.0</speedAcc>
					<courseAcc>-1.0</courseAcc>
					<gpxtpx:TrackPointExtension>
						<gpxtpx:hr>124.00000000000001</gpxtpx:hr>
					</gpxtpx:TrackPointExtension>
				</extensions>
			</trkpt>
			<trkpt lat="47.33560728144718" lon="19.048203671628308">
				<ele>98.53043642360717</ele>
				<time>2025-07-15T14:40:23Z</time>
				<extensions>
					<vAcc>0.0</vAcc>
					<course>7.875157160324073</course>
					<hAcc>0.0</hAcc>
					<speed>2.034256152225495</speed>
					<speedAcc>-1.0</speedAcc>
					<courseAcc>-1.0</courseAcc>
					<gpxtpx:TrackPointExtension>
						<gpxtpx:hr>124.00000000000001</gpxtpx:hr>
					</gpxtpx:TrackPointExtension>
				</extensions>
			</trkpt>
			<trkpt lat="47.335640395284294" lon="19.048210858432363">
				<ele>97.89129555411637</ele>
				<time>2025-07-15T14:40:25Z</time>
				<extensions>
					<vAcc>0.0</vAcc>
					<course>11.193329613416337</course>
					<hAcc>0.0</hAcc>
					<speed>1.7818091989519558</speed>
					<speedAcc>-1.0</speedAcc>
					<courseAcc>-1.0</courseAcc>
					<gpxtpx:TrackPointExtension>
						<gpxtpx:hr>124.00000000000001</gpxtpx:hr>
					</gpxtpx:TrackPointExtension>
				</extensions>
			</trkpt>
			<trkpt lat="47.3356672825609" lon="19.048224060034038">
				<ele>97.3982890881598</ele>
				<time>2025-07-15T14:40:27Z</time>
				<extensions>
					<vAcc>0.0</vAcc>
					<course>29.96609150654199</course>
					<hAcc>0.0</hAcc>
					<speed>1.5532798026242587</speed>
					<speedAcc>-1.0</speedAcc>
					<courseAcc>-1.0</courseAcc>
					<gpxtpx:TrackPointExtension>
						<gpxtpx:hr>126.0</gpxtpx:hr>
					</gpxtpx:TrackPointExtension>
				</extensions>
			</trkpt>
			<trkpt lat="47.335686953670105" lon="19.048228727156204">
				<ele>97.75684718601406</ele>
				<time>2025-07-15T14:40:28Z</time>
				<extensions>
					<vAcc>0.0</vAcc>
					<course>15.00613925823792</course>
					<hAcc>0.0</hAcc>
					<speed>1.892668631246841</speed>
					<speedAcc>-1.0</speedAcc>
					<courseAcc>-1.0</courseAcc>
					<gpxtpx:TrackPointExtension>
						<gpxtpx:hr>126.0</gpxtpx:hr>
					</gpxtpx:TrackPointExtension>
				</extensions>
			</trkpt>
			<trkpt lat="47.335715501825426" lon="19.048251076821934">
				<ele>96.80551601666957</ele>
				<time>2025-07-15T14:40:29Z</time>
				<extensions>
					<vAcc>0.0</vAcc>
					<course>36.33323571805739</course>
					<hAcc>0.0</hAcc>
					<speed>1.823453413262664</speed>
					<speedAcc>-1.0</speedAcc>
					<courseAcc>-1.0</courseAcc>
					<gpxtpx:TrackPointExtension>
						<gpxtpx:hr>133.0</gpxtpx:hr>
					</gpxtpx:TrackPointExtension>
				</extensions>
			</trkpt>
			<trkpt lat="47.33573258732158" lon="19.048259421035908">
				<ele>97.54846130218357</ele>
				<time>2025-07-15T14:40:30Z</time>
				<extensions>
					<vAcc>0.0</vAcc>
					<course>20.79212517532938</course>
					<hAcc>0.0</hAcc>
					<speed>1.927023027419244</speed>
					<speedAcc>-1.0</speedAcc>
					<courseAcc>-1.0</courseAcc>
					<gpxtpx:TrackPointExtension>
						<gpxtpx:hr>133.0</gpxtpx:hr>
					</gpxtpx:TrackPointExtension>
				</extensions>
			</trkpt>
			<trkpt lat="47.33575702102809" lon="19.048284841232526">
				<ele>96.29172218870372</ele>
				<time>2025-07-15T14:40:32Z</time>
				<extensions>
					<vAcc>0.0</vAcc>
					<course>39.54526122793263</course>
					<hAcc>0.0</hAcc>
					<speed>1.6885076056812167</speed>
					<speedAcc>-1.0</speedAcc>
					<courseAcc>-1.0</courseAcc>
					<gpxtpx:TrackPointExtension>
						<gpxtpx:hr>133.0</gpxtpx:hr>
					</gpxtpx:TrackPointExtension>
				</extensions>
			</trkpt>
			<trkpt lat="47.3357745732207" lon="19.048312363321067">
				<ele>98.14726058859378</ele>
				<time>2025-07-15T14:40:34Z</time>
				<extensions>
					<vAcc>0.0</vAcc>
					<course>42.728383475114555</course>
					<hAcc>0.0</hAcc>
					<speed>1.518850639203676</speed>
					<speedAcc>-1.0</speedAcc>
					<courseAcc>-1.0</courseAcc>
					<gpxtpx:TrackPointExtension>
						<gpxtpx:hr>139.00000000000003</gpxtpx:hr>
					</gpxtpx:TrackPointExtension>
				</extensions>
			</trkpt>
			<trkpt lat="47.33579461504411" lon="19.048333267794177">
				<ele>98.00389288831502</ele>
				<time>2025-07-15T14:40:36Z</time>
				<extensions>
					<vAcc>0.0</vAcc>
					<course>28.054235306802905</course>
					<hAcc>0.0</hAcc>
					<speed>1.3983182820977742</speed>
					<speedAcc>-1.0</speedAcc>
					<courseAcc>-1.0</courseAcc>
					<gpxtpx:TrackPointExtension>
						<gpxtpx:hr>139.00000000000003</gpxtpx:hr>
					</gpxtpx:TrackPointExtension>
				</extensions>
			</trkpt>
			<trkpt lat="47.33580857144048" lon="19.04834155256932">
				<ele>97.81810311134905</ele>
				<time>2025-07-15T14:40:37Z</time>
				<extensions>
					<vAcc>0.0</vAcc>
					<course>20.984004270079215</course>
					<hAcc>0.0</hAcc>
					<speed>1.592061954175625</speed>
					<speedAcc>-1.0</speedAcc>
					<courseAcc>-1.0</courseAcc>
					<gpxtpx:TrackPointExtension>
						<gpxtpx:hr>139.00000000000003</gpxtpx:hr>
					</gpxtpx:TrackPointExtension>
				</extensions>
			</trkpt>
			<trkpt lat="47.3358367607726" lon="19.048356348191053">
				<ele>98.35569963417947</ele>
				<time>2025-07-15T14:40:39Z</time>
				<extensions>
					<vAcc>0.0</vAcc>
					<course>16.673946321242543</course>
					<hAcc>0.0</hAcc>
					<speed>1.718817212724875</speed>
					<speedAcc>-1.0</speedAcc>
					<courseAcc>-1.0</courseAcc>
					<gpxtpx:TrackPointExtension>
						<gpxtpx:hr>139.00000000000003</gpxtpx:hr>
					</gpxtpx:TrackPointExtension>
				</extensions>
			</trkpt>
			<trkpt lat="47.33586555217306" lon="19.048366540582464">
				<ele>97.91344884131104</ele>
				<time>2025-07-15T14:40:41Z</time>
				<extensions>
					<vAcc>0.0</vAcc>
					<course>12.450276258180851</course>
					<hAcc>0.0</hAcc>
					<speed>1.5984776055914254</speed>
					<speedAcc>-1.0</speedAcc>
					<courseAcc>-1.0</courseAcc>
					<gpxtpx:TrackPointExtension>
						<gpxtpx:hr>139.00000000000003</gpxtpx:hr>
					</gpxtpx:TrackPointExtension>
				</extensions>
			</trkpt>
			<trkpt lat="47.3358808879246" lon="19.048370091731535">
				<ele>98.79626858606935</ele>
				<time>2025-07-15T14:40:42Z</time>
				<extensions>
					<vAcc>0.0</vAcc>
					<course>13.317090980261982</course>
					<hAcc>0.0</hAcc>
					<speed>1.6127989787460169</speed>
					<speedAcc>-1.0</speedAcc>
					<courseAcc>-1.0</courseAcc>
					<gpxtpx:TrackPointExtension>
						<gpxtpx:hr>140.0</gpxtpx:hr>
					</gpxtpx:TrackPointExtension>
				</extensions>
			</trkpt>
			<trkpt lat="47.335901579622956" lon="19.04837026136921">
				<ele>97.58524159900844</ele>
				<time>2025-07-15T14:40:43Z</time>
				<extensions>
					<vAcc>0.0</vAcc>
					<course>3.71618952968822</course>
					<hAcc>0.0</hAcc>
					<speed>1.925899219415021</speed>
					<speedAcc>-1.0</speedAcc>
					<courseAcc>-1.0</courseAcc>
					<gpxtpx:TrackPointExtension>
						<gpxtpx:hr>140.0</gpxtpx:hr>
					</gpxtpx:TrackPointExtension>
				</extensions>
			</trkpt>
			<trkpt lat="47.33591552603447" lon="19.048382349696507">
				<ele>96.90900823008269</ele>
				<time>2025-07-15T14:40:44Z</time>
				<extensions>
					<vAcc>0.0</vAcc>
					<course>38.01571434770536</course>
					<hAcc>0.0</hAcc>
					<speed>1.7586989094756735</speed>
					<speedAcc>-1.0</speedAcc>
					<courseAcc>-1.0</courseAcc>
					<gpxtpx:TrackPointExtension>
						<gpxtpx:hr>140.0</gpxtpx:hr>
					</gpxtpx:TrackPointExtension>
				</extensions>
			</trkpt>
			<trkpt lat="47.33593249970079" lon="19.048390972044846">
				<ele>96.79159275628626</ele>
				<time>2025-07-15T14:40:45Z</time>
				<extensions>
					<vAcc>0.0</vAcc>
					<course>21.48082540010098</course>
					<hAcc>0.0</hAcc>
					<speed>1.874449499496245</speed>
					<speedAcc>-1.0</speedAcc>
					<courseAcc>-1.0</courseAcc>
					<gpxtpx:TrackPointExtension>
						<gpxtpx:hr>140.0</gpxtpx:hr>
					</gpxtpx:TrackPointExtension>
				</extensions>
			</trkpt>
			<trkpt lat="47.33596412848806" lon="19.048407283907363">
				<ele>97.18403124902397</ele>
				<time>2025-07-15T14:40:48Z</time>
				<extensions>
					<vAcc>0.0</vAcc>
					<course>21.119253474745296</course>
					<hAcc>0.0</hAcc>
					<speed>1.8471670439367969</speed>
					<speedAcc>-1.0</speedAcc>
					<courseAcc>-1.0</courseAcc>
					<gpxtpx:TrackPointExtension>
						<gpxtpx:hr>144.0</gpxtpx:hr>
					</gpxtpx:TrackPointExtension>
				</extensions>
			</trkpt>
			<trkpt lat="47.33599305049419" lon="19.048425919333784">
				<ele>97.01773084234446</ele>
				<time>2025-07-15T14:40:50Z</time>
				<extensions>
					<vAcc>0.0</vAcc>
					<course>27.706738509484577</course>
					<hAcc>0.0</hAcc>
					<speed>1.7655646010484587</speed>
					<speedAcc>-1.0</speedAcc>
					<courseAcc>-1.0</courseAcc>
					<gpxtpx:TrackPointExtension>
						<gpxtpx:hr>144.0</gpxtpx:hr>
					</gpxtpx:TrackPointExtension>
				</extensions>
			</trkpt>
			<trkpt lat="47.336017559343134" lon="19.04844942410081">
				<ele>97.14508512429893</ele>
				<time>2025-07-15T14:40:52Z</time>
				<extensions>
					<vAcc>0.0</vAcc>
					<course>39.55615362410702</course>
					<hAcc>0.0</hAcc>
					<speed>1.6953674618977885</speed>
					<speedAcc>-1.0</speedAcc>
					<courseAcc>-1.0</courseAcc>
					<gpxtpx:TrackPointExtension>
						<gpxtpx:hr>144.0</gpxtpx:hr>
					</gpxtpx:TrackPointExtension>
				</extensions>
			</trkpt>
			<trkpt lat="47.33603133708809" lon="19.04846045248295">
				<ele>96.99701391998678</ele>
				<time>2025-07-15T14:40:53Z</time>
				<extensions>
					<vAcc>0.0</vAcc>
					<course>32.58774077157626</course>
					<hAcc>0.0</hAcc>
					<speed>1.7606428022845568</speed>
					<speedAcc>-1.0</speedAcc>
					<courseAcc>-1.0</courseAcc>
					<gpxtpx:TrackPointExtension>
						<gpxtpx:hr>146.0</gpxtpx:hr>
					</gpxtpx:TrackPointExtension>
				</extensions>
			</trkpt>
			<trkpt lat="47.336061950553905" lon="19.04848295966876">
				<ele>95.51785249263048</ele>
				<time>2025-07-15T14:40:56Z</time>
				<extensions>
					<vAcc>0.0</vAcc>
					<course>22.988929967306582</course>
					<hAcc>0.0</hAcc>
					<speed>1.189782397255582</speed>
					<speedAcc>-1.0</speedAcc>
					<courseAcc>-1.0</courseAcc>
					<gpxtpx:TrackPointExtension>
						<gpxtpx:hr>146.0</gpxtpx:hr>
					</gpxtpx:TrackPointExtension>
				</extensions>
			</trkpt>
			<trkpt lat="47.33607315565594" lon="19.04849389002313">
				<ele>96.08893341105431</ele>
				<time>2025-07-15T14:40:57Z</time>
				<extensions>
					<vAcc>0.0</vAcc>
					<course>33.602035412157456</course>
					<hAcc>0.0</hAcc>
					<speed>1.4693810738676771</speed>
					<speedAcc>-1.0</speedAcc>
					<courseAcc>-1.0</courseAcc>
					<gpxtpx:TrackPointExtension>
						<gpxtpx:hr>149.0</gpxtpx:hr>
					</gpxtpx:TrackPointExtension>
				</extensions>
			</trkpt>
			<trkpt lat="47.33610646722712" lon="19.048535190050046">
				<ele>97.57003441918641</ele>
				<time>2025-07-15T14:41:01Z</time>
				<extensions>
					<vAcc>0.0</vAcc>
					<course>42.6559762500668</course>
					<hAcc>0.0</hAcc>
					<speed>1.2628377851961163</speed>
					<speedAcc>-1.0</speedAcc>
					<courseAcc>-1.0</courseAcc>
					<gpxtpx:TrackPointExtension>
						<gpxtpx:hr>149.0</gpxtpx:hr>
					</gpxtpx:TrackPointExtension>
				</extensions>
			</trkpt>
			<trkpt lat="47.336127126682634" lon="19.04854850069148">
				<ele>95.32616073545069</ele>
				<time>2025-07-15T14:41:03Z</time>
				<extensions>
					<vAcc>0.0</vAcc>
					<course>18.218933575705755</course>
					<hAcc>0.0</hAcc>
					<speed>1.5220301781538121</speed>
					<speedAcc>-1.0</speedAcc>
					<courseAcc>-1.0</courseAcc>
					<gpxtpx:TrackPointExtension>
						<gpxtpx:hr>149.0</gpxtpx:hr>
					</gpxtpx:TrackPointExtension>
				</extensions>
			</trkpt>
			<trkpt lat="47.336158292648086" lon="19.048562421207514">
				<ele>95.6104143904522</ele>
				<time>2025-07-15T14:41:06Z</time>
				<extensions>
					<vAcc>0.0</vAcc>
					<course>13.190510301719419</course>
					<hAcc>0.0</hAcc>
					<speed>1.214442608321086</speed>
					<speedAcc>-1.0</speedAcc>
					<courseAcc>-1.0</courseAcc>
					<gpxtpx:TrackPointExtension>
						<gpxtpx:hr>149.0</gpxtpx:hr>
					</gpxtpx:TrackPointExtension>
				</extensions>
			</trkpt>
			<trkpt lat="47.336183423028004" lon="19.048565982954965">
				<ele>96.42228735983372</ele>
				<time>2025-07-15T14:41:08Z</time>
				<extensions>
					<vAcc>0.0</vAcc>
					<course>5.02640832258223</course>
					<hAcc>0.0</hAcc>
					<speed>1.5334278922337627</speed>
					<speedAcc>-1.0</speedAcc>
					<courseAcc>-1.0</courseAcc>
					<gpxtpx:TrackPointExtension>
						<gpxtpx:hr>150.0</gpxtpx:hr>
					</gpxtpx:TrackPointExtension>
				</extensions>
			</trkpt>
			<trkpt lat="47.33621685258174" lon="19.048568704607227">
				<ele>98.50738956499845</ele>
				<time>2025-07-15T14:41:11Z</time>
				<extensions>
					<vAcc>0.0</vAcc>
					<course>3.3809461956283426</course>
					<hAcc>0.0</hAcc>
					<speed>1.1981839526684999</speed>
					<speedAcc>-1.0</speedAcc>
					<courseAcc>-1.0</courseAcc>
					<gpxtpx:TrackPointExtension>
						<gpxtpx:hr>150.0</gpxtpx:hr>
					</gpxtpx:TrackPointExtension>
				</extensions>
			</trkpt>
			<trkpt lat="47.33624174367209" lon="19.048565080775585">
				<ele>96.85539856273681</ele>
				<time>2025-07-15T14:41:13Z</time>
				<extensions>
					<vAcc>0.0</vAcc>
					<course>357.3842430014741</course>
					<hAcc>0.0</hAcc>
					<speed>1.4813560982794447</speed>
					<speedAcc>-1.0</speedAcc>
					<courseAcc>-1.0</courseAcc>
					<gpxtpx:TrackPointExtension>
						<gpxtpx:hr>149.0</gpxtpx:hr>
					</gpxtpx:TrackPointExtension>
				</extensions>
			</trkpt>
			<trkpt lat="47.33625823624432" lon="19.048576284728142">
				<ele>99.48004814609885</ele>
				<time>2025-07-15T14:41:15Z</time>
				<extensions>
					<vAcc>0.0</vAcc>
					<course>36.50340981503424</course>
					<hAcc>0.0</hAcc>
					<speed>1.1314938831731465</speed>
					<speedAcc>-1.0</speedAcc>
					<courseAcc>-1.0</courseAcc>
					<gpxtpx:TrackPointExtension>
						<gpxtpx:hr>150.0</gpxtpx:hr>
					</gpxtpx:TrackPointExtension>
				</extensions>
			</trkpt>
			<trkpt lat="47.336276814061996" lon="19.048595036079806">
				<ele>98.48775241151452</ele>
				<time>2025-07-15T14:41:17Z</time>
				<extensions>
					<vAcc>0.0</vAcc>
					<course>31.33654635481912</course>
					<hAcc>0.0</hAcc>
					<speed>1.3964957252320367</speed>
					<speedAcc>-1.0</speedAcc>
					<courseAcc>-1.0</courseAcc>
					<gpxtpx:TrackPointExtension>
						<gpxtpx:hr>150.0</gpxtpx:hr>
					</gpxtpx:TrackPointExtension>
				</extensions>
			</trkpt>
			<trkpt lat="47.33629537144821" lon="19.04861248638134">
				<ele>98.0719386395067</ele>
				<time>2025-07-15T14:41:19Z</time>
				<extensions>
					<vAcc>0.0</vAcc>
					<course>31.794068810559054</course>
					<hAcc>0.0</hAcc>
					<speed>1.2779591822303924</speed>
					<speedAcc>-1.0</speedAcc>
					<courseAcc>-1.0</courseAcc>
					<gpxtpx:TrackPointExtension>
						<gpxtpx:hr>151.0</gpxtpx:hr>
					</gpxtpx:TrackPointExtension>
				</extensions>
			</trkpt>
			<trkpt lat="47.33631969805571" lon="19.048639480873632">
				<ele>97.86942602042109</ele>
				<time>2025-07-15T14:41:22Z</time>
				<extensions>
					<vAcc>0.0</vAcc>
					<course>40.242317665738625</course>
					<hAcc>0.0</hAcc>
					<speed>1.1570427702069916</speed>
					<speedAcc>-1.0</speedAcc>
					<courseAcc>-1.0</courseAcc>
					<gpxtpx:TrackPointExtension>
						<gpxtpx:hr>151.0</gpxtpx:hr>
					</gpxtpx:TrackPointExtension>
				</extensions>
			</trkpt>
			<trkpt lat="47.33633620539324" lon="19.048665426231658">
				<ele>97.31680403091013</ele>
				<time>2025-07-15T14:41:25Z</time>
				<extensions>
					<vAcc>0.0</vAcc>
					<course>41.86451179877667</course>
					<hAcc>0.0</hAcc>
					<speed>0.9306593762001101</speed>
					<speedAcc>-1.0</speedAcc>
					<courseAcc>-1.0</courseAcc>
					<gpxtpx:TrackPointExtension>
						<gpxtpx:hr>153.0</gpxtpx:hr>
					</gpxtpx:TrackPointExtension>
				</extensions>
			</trkpt>
			<trkpt lat="47.336351130366566" lon="19.048681277754728">
				<ele>97.26250458788127</ele>
				<time>2025-07-15T14:41:27Z</time>
				<extensions>
					<vAcc>0.0</vAcc>
					<course>31.222541750334013</course>
					<hAcc>0.0</hAcc>
					<speed>1.06402112604881</speed>
					<speedAcc>-1.0</speedAcc>
					<courseAcc>-1.0</courseAcc>
					<gpxtpx:TrackPointExtension>
						<gpxtpx:hr>153.0</gpxtpx:hr>
					</gpxtpx:TrackPointExtension>
				</extensions>
			</trkpt>
			<trkpt lat="47.33636952824057" lon="19.048695220942676">
				<ele>97.96117748506367</ele>
				<time>2025-07-15T14:41:29Z</time>
				<extensions>
					<vAcc>0.0</vAcc>
					<course>22.621825943154114</course>
					<hAcc>0.0</hAcc>
					<speed>1.1209746324937946</speed>
					<speedAcc>-1.0</speedAcc>
					<courseAcc>-1.0</courseAcc>
					<gpxtpx:TrackPointExtension>
						<gpxtpx:hr>153.0</gpxtpx:hr>
					</gpxtpx:TrackPointExtension>
				</extensions>
			</trkpt>
			<trkpt lat="47.3363912561725" lon="19.048707810515864">
				<ele>96.80898616462946</ele>
				<time>2025-07-15T14:41:31Z</time>
				<extensions>
					<vAcc>0.0</vAcc>
					<course>16.975308302377222</course>
					<hAcc>0.0</hAcc>
					<speed>1.2665631523280412</speed>
					<speedAcc>-1.0</speedAcc>
					<courseAcc>-1.0</courseAcc>
					<gpxtpx:TrackPointExtension>
						<gpxtpx:hr>153.0</gpxtpx:hr>
					</gpxtpx:TrackPointExtension>
				</extensions>
			</trkpt>
			<trkpt lat="47.33641322565711" lon="19.048716811603033">
				<ele>96.80698793940246</ele>
				<time>2025-07-15T14:41:33Z</time>
				<extensions>
					<vAcc>0.0</vAcc>
					<course>10.38626968441974</course>
					<hAcc>0.0</hAcc>
					<speed>1.237916298944594</speed>
					<speedAcc>-1.0</speedAcc>
					<courseAcc>-1.0</courseAcc>
					<gpxtpx:TrackPointExtension>
						<gpxtpx:hr>152.0</gpxtpx:hr>
					</gpxtpx:TrackPointExtension>
				</extensions>
			</trkpt>
			<trkpt lat="47.336434050804165" lon="19.048723327450926">
				<ele>96.54231615550816</ele>
				<time>2025-07-15T14:41:35Z</time>
				<extensions>
					<vAcc>0.0</vAcc>
					<course>7.1626227870369314</course>
					<hAcc>0.0</hAcc>
					<speed>1.1370579830247165</speed>
					<speedAcc>-1.0</speedAcc>
					<courseAcc>-1.0</courseAcc>
					<gpxtpx:TrackPointExtension>
						<gpxtpx:hr>152.0</gpxtpx:hr>
					</gpxtpx:TrackPointExtension>
				</extensions>
			</trkpt>
			<trkpt lat="47.33645900203047" lon="19.048730977616273">
				<ele>97.6707548154518</ele>
				<time>2025-07-15T14:41:37Z</time>
				<extensions>
					<vAcc>0.0</vAcc>
					<course>10.35198917156017</course>
					<hAcc>0.0</hAcc>
					<speed>1.4271392710849746</speed>
					<speedAcc>-1.0</speedAcc>
					<courseAcc>-1.0</courseAcc>
					<gpxtpx:TrackPointExtension>
						<gpxtpx:hr>152.0</gpxtpx:hr>
					</gpxtpx:TrackPointExtension>
				</extensions>
			</trkpt>
			<trkpt lat="47.33648509720075" lon="19.04874535706303">
				<ele>98.24932844378054</ele>
				<time>2025-07-15T14:41:39Z</time>
				<extensions>
					<vAcc>0.0</vAcc>
					<course>24.20821161230029</course>
					<hAcc>0.0</hAcc>
					<speed>1.5264693218726348</speed>
					<speedAcc>-1.0</speedAcc>
					<courseAcc>-1.0</courseAcc>
					<gpxtpx:TrackPointExtension>
						<gpxtpx:hr>152.0</gpxtpx:hr>
					</gpxtpx:TrackPointExtension>
				</extensions>
			</trkpt>
			<trkpt lat="47.33650916247478" lon="19.048766702179776">
				<ele>97.42323364596814</ele>
				<time>2025-07-15T14:41:41Z</time>
				<extensions>
					<vAcc>0.0</vAcc>
					<course>36.1311171922108</course>
					<hAcc>0.0</hAcc>
					<speed>1.518120309878847</speed>
					<speedAcc>-1.0</speedAcc>
					<courseAcc>-1.0</courseAcc>
					<gpxtpx:TrackPointExtension>
						<gpxtpx:hr>153.0</gpxtpx:hr>
					</gpxtpx:TrackPointExtension>
				</extensions>
			</trkpt>
			<trkpt lat="47.33652689600401" lon="19.048781153698837">
				<ele>96.99560113810003</ele>
				<time>2025-07-15T14:41:42Z</time>
				<extensions>
					<vAcc>0.0</vAcc>
					<course>30.222016590777255</course>
					<hAcc>0.0</hAcc>
					<speed>1.9045110330359436</speed>
					<speedAcc>-1.0</speedAcc>
					<courseAcc>-1.0</courseAcc>
					<gpxtpx:TrackPointExtension>
						<gpxtpx:hr>153.0</gpxtpx:hr>
					</gpxtpx:TrackPointExtension>
				</extensions>
			</trkpt>
			<trkpt lat="47.3365604854299" lon="19.048813188165894">
				<ele>96.96430565137416</ele>
				<time>2025-07-15T14:41:45Z</time>
				<extensions>
					<vAcc>0.0</vAcc>
					<course>36.91757800021103</course>
					<hAcc>0.0</hAcc>
					<speed>1.3239752786020915</speed>
					<speedAcc>-1.0</speedAcc>
					<courseAcc>-1.0</courseAcc>
					<gpxtpx:TrackPointExtension>
						<gpxtpx:hr>153.0</gpxtpx:hr>
					</gpxtpx:TrackPointExtension>
				</extensions>
			</trkpt>
			<trkpt lat="47.33657916379376" lon="19.048824120483097">
				<ele>96.99761650990695</ele>
				<time>2025-07-15T14:41:47Z</time>
				<extensions>
					<vAcc>0.0</vAcc>
					<course>19.333839455053294</course>
					<hAcc>0.0</hAcc>
					<speed>1.1399612892388427</speed>
					<speedAcc>-1.0</speedAcc>
					<courseAcc>-1.0</courseAcc>
					<gpxtpx:TrackPointExtension>
						<gpxtpx:hr>155.0</gpxtpx:hr>
					</gpxtpx:TrackPointExtension>
				</extensions>
			</trkpt>
			<trkpt lat="47.33659974460169" lon="19.048832959165537">
				<ele>96.75728714000434</ele>
				<time>2025-07-15T14:41:49Z</time>
				<extensions>
					<vAcc>0.0</vAcc>
					<course>12.935438183433847</course>
					<hAcc>0.0</hAcc>
					<speed>1.1785868103472665</speed>
					<speedAcc>-1.0</speedAcc>
					<courseAcc>-1.0</courseAcc>
					<gpxtpx:TrackPointExtension>
						<gpxtpx:hr>155.0</gpxtpx:hr>
					</gpxtpx:TrackPointExtension>
				</extensions>
			</trkpt>
			<trkpt lat="47.33662266574849" lon="19.0488469523062">
				<ele>98.0495729316026</ele>
				<time>2025-07-15T14:41:51Z</time>
				<extensions>
					<vAcc>0.0</vAcc>
					<course>21.48609638291085</course>
					<hAcc>0.0</hAcc>
					<speed>1.3549832973432798</speed>
					<speedAcc>-1.0</speedAcc>
					<courseAcc>-1.0</courseAcc>
					<gpxtpx:TrackPointExtension>
						<gpxtpx:hr>155.0</gpxtpx:hr>
					</gpxtpx:TrackPointExtension>
				</extensions>
			</trkpt>
			<trkpt lat="47.336651183081" lon="19.048867263333292">
				<ele>98.44288768060505</ele>
				<time>2025-07-15T14:41:53Z</time>
				<extensions>
					<vAcc>0.0</vAcc>
					<course>24.630002697925413</course>
					<hAcc>0.0</hAcc>
					<speed>1.7606697519930583</speed>
					<speedAcc>-1.0</speedAcc>
					<courseAcc>-1.0</courseAcc>
					<gpxtpx:TrackPointExtension>
						<gpxtpx:hr>155.0</gpxtpx:hr>
					</gpxtpx:TrackPointExtension>
				</extensions>
			</trkpt>
			<trkpt lat="47.33667695043931" lon="19.048893527715396">
				<ele>97.68136296700686</ele>
				<time>2025-07-15T14:41:55Z</time>
				<extensions>
					<vAcc>0.0</vAcc>
					<course>39.35479239925653</course>
					<hAcc>0.0</hAcc>
					<speed>1.7056622823834402</speed>
					<speedAcc>-1.0</speedAcc>
					<courseAcc>-1.0</courseAcc>
					<gpxtpx:TrackPointExtension>
						<gpxtpx:hr>155.0</gpxtpx:hr>
					</gpxtpx:TrackPointExtension>
				</extensions>
			</trkpt>
			<trkpt lat="47.33669815446546" lon="19.04891463761722">
				<ele>97.76533736940473</ele>
				<time>2025-07-15T14:41:57Z</time>
				<extensions>
					<vAcc>0.0</vAcc>
					<course>35.15363860135061</course>
					<hAcc>0.0</hAcc>
					<speed>1.3855028404156082</speed>
					<speedAcc>-1.0</speedAcc>
					<courseAcc>-1.0</courseAcc>
					<gpxtpx:TrackPointExtension>
						<gpxtpx:hr>156.0</gpxtpx:hr>
					</gpxtpx:TrackPointExtension>
				</extensions>
			</trkpt>
			<trkpt lat="47.33671240238266" lon="19.04892356116238">
				<ele>97.9061129540205</ele>
				<time>2025-07-15T14:41:58Z</time>
				<extensions>
					<vAcc>0.0</vAcc>
					<course>27.45743756005104</course>
					<hAcc>0.0</hAcc>
					<speed>1.5575120573674592</speed>
					<speedAcc>-1.0</speedAcc>
					<courseAcc>-1.0</courseAcc>
					<gpxtpx:TrackPointExtension>
						<gpxtpx:hr>156.0</gpxtpx:hr>
					</gpxtpx:TrackPointExtension>
				</extensions>
			</trkpt>
			<trkpt lat="47.336729982651846" lon="19.048945963799348">
				<ele>98.24907360132784</ele>
				<time>2025-07-15T14:42:00Z</time>
				<extensions>
					<vAcc>0.0</vAcc>
					<course>46.40108391582613</course>
					<hAcc>0.0</hAcc>
					<speed>1.2582563503229796</speed>
					<speedAcc>-1.0</speedAcc>
					<courseAcc>-1.0</courseAcc>
					<gpxtpx:TrackPointExtension>
						<gpxtpx:hr>158.0</gpxtpx:hr>
					</gpxtpx:TrackPointExtension>
				</extensions>
			</trkpt>
			<trkpt lat="47.336748455342075" lon="19.048964742067508">
				<ele>98.57596464827657</ele>
				<time>2025-07-15T14:42:02Z</time>
				<extensions>
					<vAcc>0.0</vAcc>
					<course>26.981128907954133</course>
					<hAcc>0.0</hAcc>
					<speed>1.3195225936881112</speed>
					<speedAcc>-1.0</speedAcc>
					<courseAcc>-1.0</courseAcc>
					<gpxtpx:TrackPointExtension>
						<gpxtpx:hr>158.0</gpxtpx:hr>
					</gpxtpx:TrackPointExtension>
				</extensions>
			</trkpt>
			<trkpt lat="47.33677024953307" lon="19.048986704493466">
				<ele>98.54610912129283</ele>
				<time>2025-07-15T14:42:04Z</time>
				<extensions>
					<vAcc>0.0</vAcc>
					<course>30.90237964306736</course>
					<hAcc>0.0</hAcc>
					<speed>1.598329310762448</speed>
					<speedAcc>-1.0</speedAcc>
					<courseAcc>-1.0</courseAcc>
					<gpxtpx:TrackPointExtension>
						<gpxtpx:hr>158.0</gpxtpx:hr>
					</gpxtpx:TrackPointExtension>
				</extensions>
			</trkpt>
			<trkpt lat="47.33679076129735" lon="19.049006823034073">
				<ele>98.45579408667982</ele>
				<time>2025-07-15T14:42:06Z</time>
				<extensions>
					<vAcc>0.0</vAcc>
					<course>27.112526653769773</course>
					<hAcc>0.0</hAcc>
					<speed>1.5010766765163803</speed>
					<speedAcc>-1.0</speedAcc>
					<courseAcc>-1.0</courseAcc>
					<gpxtpx:TrackPointExtension>
						<gpxtpx:hr>157.0</gpxtpx:hr>
					</gpxtpx:TrackPointExtension>
				</extensions>
			</trkpt>
			<trkpt lat="47.336810394336716" lon="19.049030227735276">
				<ele>98.28386951051652</ele>
				<time>2025-07-15T14:42:08Z</time>
				<extensions>
					<vAcc>0.0</vAcc>
					<course>34.15710201438154</course>
					<hAcc>0.0</hAcc>
					<speed>1.5100772353007899</speed>
					<speedAcc>-1.0</speedAcc>
					<courseAcc>-1.0</courseAcc>
					<gpxtpx:TrackPointExtension>
						<gpxtpx:hr>157.0</gpxtpx:hr>
					</gpxtpx:TrackPointExtension>
				</extensions>
			</trkpt>
			<trkpt lat="47.3368297821723" lon="19.049045934849836">
				<ele>98.13293741829693</ele>
				<time>2025-07-15T14:42:10Z</time>
				<extensions>
					<vAcc>0.0</vAcc>
					<course>20.59447214845126</course>
					<hAcc>0.0</hAcc>
					<speed>1.2819371111123135</speed>
					<speedAcc>-1.0</speedAcc>
					<courseAcc>-1.0</courseAcc>
					<gpxtpx:TrackPointExtension>
						<gpxtpx:hr>157.0</gpxtpx:hr>
					</gpxtpx:TrackPointExtension>
				</extensions>
			</trkpt>
			<trkpt lat="47.336841431575536" lon="19.04905310124382">
				<ele>96.87066682055593</ele>
				<time>2025-07-15T14:42:11Z</time>
				<extensions>
					<vAcc>0.0</vAcc>
					<course>20.6200722789679</course>
					<hAcc>0.0</hAcc>
					<speed>1.3633042930953319</speed>
					<speedAcc>-1.0</speedAcc>
					<courseAcc>-1.0</courseAcc>
					<gpxtpx:TrackPointExtension>
						<gpxtpx:hr>157.0</gpxtpx:hr>
					</gpxtpx:TrackPointExtension>
				</extensions>
			</trkpt>
			<trkpt lat="47.336869182784014" lon="19.049068170447043">
				<ele>98.89616528805345</ele>
				<time>2025-07-15T14:42:13Z</time>
				<extensions>
					<vAcc>0.0</vAcc>
					<course>18.95061644832941</course>
					<hAcc>0.0</hAcc>
					<speed>1.6681142801815418</speed>
					<speedAcc>-1.0</speedAcc>
					<courseAcc>-1.0</courseAcc>
					<gpxtpx:TrackPointExtension>
						<gpxtpx:hr>158.0</gpxtpx:hr>
					</gpxtpx:TrackPointExtension>
				</extensions>
			</trkpt>
			<trkpt lat="47.33689641754771" lon="19.04907344992138">
				<ele>98.02472055703402</ele>
				<time>2025-07-15T14:42:15Z</time>
				<extensions>
					<vAcc>0.0</vAcc>
					<course>3.146623740595549</course>
					<hAcc>0.0</hAcc>
					<speed>1.4633617720737757</speed>
					<speedAcc>-1.0</speedAcc>
					<courseAcc>-1.0</courseAcc>
					<gpxtpx:TrackPointExtension>
						<gpxtpx:hr>156.0</gpxtpx:hr>
					</gpxtpx:TrackPointExtension>
				</extensions>
			</trkpt>
			<trkpt lat="47.336916602357526" lon="19.049082827480262">
				<ele>98.02010131720454</ele>
				<time>2025-07-15T14:42:16Z</time>
				<extensions>
					<vAcc>0.0</vAcc>
					<course>19.012969167143876</course>
					<hAcc>0.0</hAcc>
					<speed>1.9587700500633847</speed>
					<speedAcc>-1.0</speedAcc>
					<courseAcc>-1.0</courseAcc>
					<gpxtpx:TrackPointExtension>
						<gpxtpx:hr>156.0</gpxtpx:hr>
					</gpxtpx:TrackPointExtension>
				</extensions>
			</trkpt>
			<trkpt lat="47.33694700043997" lon="19.049097697887557">
				<ele>98.32970653939992</ele>
				<time>2025-07-15T14:42:18Z</time>
				<extensions>
					<vAcc>0.0</vAcc>
					<course>23.385461826044093</course>
					<hAcc>0.0</hAcc>
					<speed>1.7394761861520438</speed>
					<speedAcc>-1.0</speedAcc>
					<courseAcc>-1.0</courseAcc>
					<gpxtpx:TrackPointExtension>
						<gpxtpx:hr>156.0</gpxtpx:hr>
					</gpxtpx:TrackPointExtension>
				</extensions>
			</trkpt>
			<trkpt lat="47.33697436774389" lon="19.049111272197585">
				<ele>96.99118843488395</ele>
				<time>2025-07-15T14:42:20Z</time>
				<extensions>
					<vAcc>0.0</vAcc>
					<course>22.903249238187776</course>
					<hAcc>0.0</hAcc>
					<speed>1.6291674007480004</speed>
					<speedAcc>-1.0</speedAcc>
					<courseAcc>-1.0</courseAcc>
					<gpxtpx:TrackPointExtension>
						<gpxtpx:hr>156.0</gpxtpx:hr>
					</gpxtpx:TrackPointExtension>
				</extensions>
			</trkpt>
			<trkpt lat="47.33699971429803" lon="19.049131952836476">
				<ele>98.68541648890823</ele>
				<time>2025-07-15T14:42:22Z</time>
				<extensions>
					<vAcc>0.0</vAcc>
					<course>35.33600136654232</course>
					<hAcc>0.0</hAcc>
					<speed>1.6736461685986816</speed>
					<speedAcc>-1.0</speedAcc>
					<courseAcc>-1.0</courseAcc>
					<gpxtpx:TrackPointExtension>
						<gpxtpx:hr>156.0</gpxtpx:hr>
					</gpxtpx:TrackPointExtension>
				</extensions>
			</trkpt>
			<trkpt lat="47.33701391992917" lon="19.049134301631373">
				<ele>98.15523528493941</ele>
				<time>2025-07-15T14:42:23Z</time>
				<extensions>
					<vAcc>0.0</vAcc>
					<course>16.276300264574797</course>
					<hAcc>0.0</hAcc>
					<speed>1.5903101631826595</speed>
					<speedAcc>-1.0</speedAcc>
					<courseAcc>-1.0</courseAcc>
					<gpxtpx:TrackPointExtension>
						<gpxtpx:hr>156.0</gpxtpx:hr>
					</gpxtpx:TrackPointExtension>
				</extensions>
			</trkpt>
			<trkpt lat="47.337034427618065" lon="19.049157492821962">
				<ele>96.88943031337112</ele>
				<time>2025-07-15T14:42:26Z</time>
				<extensions>
					<vAcc>0.0</vAcc>
					<course>54.81114076708372</course>
					<hAcc>0.0</hAcc>
					<speed>0.8584425363047832</speed>
					<speedAcc>-1.0</speedAcc>
					<courseAcc>-1.0</courseAcc>
					<gpxtpx:TrackPointExtension>
						<gpxtpx:hr>153.0</gpxtpx:hr>
					</gpxtpx:TrackPointExtension>
				</extensions>
			</trkpt>
			<trkpt lat="47.337042739576034" lon="19.049174985273847">
				<ele>96.65711062401533</ele>
				<time>2025-07-15T14:42:28Z</time>
				<extensions>
					<vAcc>0.0</vAcc>
					<course>46.41855929726181</course>
					<hAcc>0.0</hAcc>
					<speed>0.9608613130682161</speed>
					<speedAcc>-1.0</speedAcc>
					<courseAcc>-1.0</courseAcc>
					<gpxtpx:TrackPointExtension>
						<gpxtpx:hr>153.0</gpxtpx:hr>
					</gpxtpx:TrackPointExtension>
				</extensions>
			</trkpt>
			<trkpt lat="47.33705264274959" lon="19.049197837415036">
				<ele>97.13498490396887</ele>
				<time>2025-07-15T14:42:30Z</time>
				<extensions>
					<vAcc>0.0</vAcc>
					<course>51.601867631714306</course>
					<hAcc>0.0</hAcc>
					<speed>1.1030281477079142</speed>
					<speedAcc>-1.0</speedAcc>
					<courseAcc>-1.0</courseAcc>
					<gpxtpx:TrackPointExtension>
						<gpxtpx:hr>153.0</gpxtpx:hr>
					</gpxtpx:TrackPointExtension>
				</extensions>
			</trkpt>
			<trkpt lat="47.33705881056434" lon="19.049227669266532">
				<ele>97.9482086058706</ele>
				<time>2025-07-15T14:42:32Z</time>
				<extensions>
					<vAcc>0.0</vAcc>
					<course>66.56703643829873</course>
					<hAcc>0.0</hAcc>
					<speed>1.180872140806233</speed>
					<speedAcc>-1.0</speedAcc>
					<courseAcc>-1.0</courseAcc>
					<gpxtpx:TrackPointExtension>
						<gpxtpx:hr>153.0</gpxtpx:hr>
					</gpxtpx:TrackPointExtension>
				</extensions>
			</trkpt>
			<trkpt lat="47.337061535057025" lon="19.049257077495053">
				<ele>98.31714197900146</ele>
				<time>2025-07-15T14:42:34Z</time>
				<extensions>
					<vAcc>0.0</vAcc>
					<course>78.20782025198609</course>
					<hAcc>0.0</hAcc>
					<speed>1.069342699502107</speed>
					<speedAcc>-1.0</speedAcc>
					<courseAcc>-1.0</courseAcc>
					<gpxtpx:TrackPointExtension>
						<gpxtpx:hr>152.0</gpxtpx:hr>
					</gpxtpx:TrackPointExtension>
				</extensions>
			</trkpt>
			<trkpt lat="47.3370640948702" lon="19.049284155541304">
				<ele>97.16876467131078</ele>
				<time>2025-07-15T14:42:36Z</time>
				<extensions>
					<vAcc>0.0</vAcc>
					<course>74.69211893645549</course>
					<hAcc>0.0</hAcc>
					<speed>0.978558025726414</speed>
					<speedAcc>-1.0</speedAcc>
					<courseAcc>-1.0</courseAcc>
					<gpxtpx:TrackPointExtension>
						<gpxtpx:hr>152.0</gpxtpx:hr>
					</gpxtpx:TrackPointExtension>
				</extensions>
			</trkpt>
			<trkpt lat="47.337061063421665" lon="19.049315756814735">
				<ele>97.31772904843092</ele>
				<time>2025-07-15T14:42:38Z</time>
				<extensions>
					<vAcc>0.0</vAcc>
					<course>95.16897263241272</course>
					<hAcc>0.0</hAcc>
					<speed>1.1653167874385022</speed>
					<speedAcc>-1.0</speedAcc>
					<courseAcc>-1.0</courseAcc>
					<gpxtpx:TrackPointExtension>
						<gpxtpx:hr>151.0</gpxtpx:hr>
					</gpxtpx:TrackPointExtension>
				</extensions>
			</trkpt>
			<trkpt lat="47.33705337318014" lon="19.049354280910872">
				<ele>97.98024734295905</ele>
				<time>2025-07-15T14:42:40Z</time>
				<extensions>
					<vAcc>0.0</vAcc>
					<course>99.91112837900329</course>
					<hAcc>0.0</hAcc>
					<speed>1.3851694582159675</speed>
					<speedAcc>-1.0</speedAcc>
					<courseAcc>-1.0</courseAcc>
					<gpxtpx:TrackPointExtension>
						<gpxtpx:hr>149.0</gpxtpx:hr>
					</gpxtpx:TrackPointExtension>
				</extensions>
			</trkpt>
			<trkpt lat="47.33703980437473" lon="19.049400166008798">
				<ele>98.8232747996226</ele>
				<time>2025-07-15T14:42:43Z</time>
				<extensions>
					<vAcc>0.0</vAcc>
					<course>116.00859656141755</course>
					<hAcc>0.0</hAcc>
					<speed>1.1625394005620011</speed>
					<speedAcc>-1.0</speedAcc>
					<courseAcc>-1.0</courseAcc>
					<gpxtpx:TrackPointExtension>
						<gpxtpx:hr>149.0</gpxtpx:hr>
					</gpxtpx:TrackPointExtension>
				</extensions>
			</trkpt>
			<trkpt lat="47.33702588137631" lon="19.049415392371632">
				<ele>98.28447150718421</ele>
				<time>2025-07-15T14:42:44Z</time>
				<extensions>
					<vAcc>0.0</vAcc>
					<course>133.66683309572608</course>
					<hAcc>0.0</hAcc>
					<speed>1.500247522557459</speed>
					<speedAcc>-1.0</speedAcc>
					<courseAcc>-1.0</courseAcc>
					<gpxtpx:TrackPointExtension>
						<gpxtpx:hr>149.0</gpxtpx:hr>
					</gpxtpx:TrackPointExtension>
				</extensions>
			</trkpt>
			<trkpt lat="47.33701054186398" lon="19.04944395534272">
				<ele>98.12686076015234</ele>
				<time>2025-07-15T14:42:46Z</time>
				<extensions>
					<vAcc>0.0</vAcc>
					<course>122.72986003989703</course>
					<hAcc>0.0</hAcc>
					<speed>1.3142788124578375</speed>
					<speedAcc>-1.0</speedAcc>
					<courseAcc>-1.0</courseAcc>
					<gpxtpx:TrackPointExtension>
						<gpxtpx:hr>149.0</gpxtpx:hr>
					</gpxtpx:TrackPointExtension>
				</extensions>
			</trkpt>
			<trkpt lat="47.33700369940364" lon="19.049474376489655">
				<ele>98.39589413721114</ele>
				<time>2025-07-15T14:42:48Z</time>
				<extensions>
					<vAcc>0.0</vAcc>
					<course>100.1491106163694</course>
					<hAcc>0.0</hAcc>
					<speed>1.1841000054339519</speed>
					<speedAcc>-1.0</speedAcc>
					<courseAcc>-1.0</courseAcc>
					<gpxtpx:TrackPointExtension>
						<gpxtpx:hr>148.0</gpxtpx:hr>
					</gpxtpx:TrackPointExtension>
				</extensions>
			</trkpt>
			<trkpt lat="47.33699586998584" lon="19.04950684948068">
				<ele>97.86038049962372</ele>
				<time>2025-07-15T14:42:50Z</time>
				<extensions>
					<vAcc>0.0</vAcc>
					<course>111.05955668267251</course>
					<hAcc>0.0</hAcc>
					<speed>1.319109946265439</speed>
					<speedAcc>-1.0</speedAcc>
					<courseAcc>-1.0</courseAcc>
					<gpxtpx:TrackPointExtension>
						<gpxtpx:hr>148.0</gpxtpx:hr>
					</gpxtpx:TrackPointExtension>
				</extensions>
			</trkpt>
			<trkpt lat="47.33698470864553" lon="19.04953426567088">
				<ele>98.58827501628548</ele>
				<time>2025-07-15T14:42:52Z</time>
				<extensions>
					<vAcc>0.0</vAcc>
					<course>118.79871687977631</course>
					<hAcc>0.0</hAcc>
					<speed>1.1797138513353362</speed>
					<speedAcc>-1.0</speedAcc>
					<courseAcc>-1.0</courseAcc>
					<gpxtpx:TrackPointExtension>
						<gpxtpx:hr>148.0</gpxtpx:hr>
					</gpxtpx:TrackPointExtension>
				</extensions>
			</trkpt>
			<trkpt lat="47.33697394387458" lon="19.0495563033374">
				<ele>98.46501718182117</ele>
				<time>2025-07-15T14:42:54Z</time>
				<extensions>
					<vAcc>0.0</vAcc>
					<course>118.94480677107897</course>
					<hAcc>0.0</hAcc>
					<speed>0.9468416319527205</speed>
					<speedAcc>-1.0</speedAcc>
					<courseAcc>-1.0</courseAcc>
					<gpxtpx:TrackPointExtension>
						<gpxtpx:hr>146.0</gpxtpx:hr>
					</gpxtpx:TrackPointExtension>
				</extensions>
			</trkpt>
			<trkpt lat="47.33696128504966" lon="19.049579673709637">
				<ele>98.48871699348092</ele>
				<time>2025-07-15T14:42:56Z</time>
				<extensions>
					<vAcc>0.0</vAcc>
					<course>122.63456056427836</course>
					<hAcc>0.0</hAcc>
					<speed>1.100600528631736</speed>
					<speedAcc>-1.0</speedAcc>
					<courseAcc>-1.0</courseAcc>
					<gpxtpx:TrackPointExtension>
						<gpxtpx:hr>146.0</gpxtpx:hr>
					</gpxtpx:TrackPointExtension>
				</extensions>
			</trkpt>
			<trkpt lat="47.336947014485425" lon="19.049605150001874">
				<ele>97.57284718286246</ele>
				<time>2025-07-15T14:42:58Z</time>
				<extensions>
					<vAcc>0.0</vAcc>
					<course>126.31340392075127</course>
					<hAcc>0.0</hAcc>
					<speed>1.2164257965112526</speed>
					<speedAcc>-1.0</speedAcc>
					<courseAcc>-1.0</courseAcc>
					<gpxtpx:TrackPointExtension>
						<gpxtpx:hr>146.0</gpxtpx:hr>
					</gpxtpx:TrackPointExtension>
				</extensions>
			</trkpt>
			<trkpt lat="47.33693616214603" lon="19.049628268622655">
				<ele>96.92820457741618</ele>
				<time>2025-07-15T14:43:00Z</time>
				<extensions>
					<vAcc>0.0</vAcc>
					<course>117.45687972769908</course>
					<hAcc>0.0</hAcc>
					<speed>0.9654900594829642</speed>
					<speedAcc>-1.0</speedAcc>
					<courseAcc>-1.0</courseAcc>
					<gpxtpx:TrackPointExtension>
						<gpxtpx:hr>143.0</gpxtpx:hr>
					</gpxtpx:TrackPointExtension>
				</extensions>
			</trkpt>
			<trkpt lat="47.33692774607112" lon="19.049658676421046">
				<ele>97.59911856241524</ele>
				<time>2025-07-15T14:43:02Z</time>
				<extensions>
					<vAcc>0.0</vAcc>
					<course>107.57124235578812</course>
					<hAcc>0.0</hAcc>
					<speed>1.2149294477539383</speed>
					<speedAcc>-1.0</speedAcc>
					<courseAcc>-1.0</courseAcc>
					<gpxtpx:TrackPointExtension>
						<gpxtpx:hr>143.0</gpxtpx:hr>
					</gpxtpx:TrackPointExtension>
				</extensions>
			</trkpt>
			<trkpt lat="47.336926487305654" lon="19.049686959624793">
				<ele>97.324279634282</ele>
				<time>2025-07-15T14:43:04Z</time>
				<extensions>
					<vAcc>0.0</vAcc>
					<course>84.79038626119208</course>
					<hAcc>0.0</hAcc>
					<speed>0.9316334400943213</speed>
					<speedAcc>-1.0</speedAcc>
					<courseAcc>-1.0</courseAcc>
					<gpxtpx:TrackPointExtension>
						<gpxtpx:hr>143.0</gpxtpx:hr>
					</gpxtpx:TrackPointExtension>
				</extensions>
			</trkpt>
			<trkpt lat="47.33692992636515" lon="19.049710006203977">
				<ele>97.39238607790321</ele>
				<time>2025-07-15T14:43:05Z</time>
				<extensions>
					<vAcc>0.0</vAcc>
					<course>78.60883093423212</course>
					<hAcc>0.0</hAcc>
					<speed>1.3360525138176687</speed>
					<speedAcc>-1.0</speedAcc>
					<courseAcc>-1.0</courseAcc>
					<gpxtpx:TrackPointExtension>
						<gpxtpx:hr>142.0</gpxtpx:hr>
					</gpxtpx:TrackPointExtension>
				</extensions>
			</trkpt>
			<trkpt lat="47.33693932456341" lon="19.049744885297095">
				<ele>97.44852878153324</ele>
				<time>2025-07-15T14:43:07Z</time>
				<extensions>
					<vAcc>0.0</vAcc>
					<course>60.68066404846054</course>
					<hAcc>0.0</hAcc>
					<speed>1.278474316475559</speed>
					<speedAcc>-1.0</speedAcc>
					<courseAcc>-1.0</courseAcc>
					<gpxtpx:TrackPointExtension>
						<gpxtpx:hr>142.0</gpxtpx:hr>
					</gpxtpx:TrackPointExtension>
				</extensions>
			</trkpt>
			<trkpt lat="47.33695723252581" lon="19.049776456751186">
				<ele>98.12596950493753</ele>
				<time>2025-07-15T14:43:09Z</time>
				<extensions>
					<vAcc>0.0</vAcc>
					<course>43.35100029590134</course>
					<hAcc>0.0</hAcc>
					<speed>1.423679971685657</speed>
					<speedAcc>-1.0</speedAcc>
					<courseAcc>-1.0</courseAcc>
					<gpxtpx:TrackPointExtension>
						<gpxtpx:hr>142.0</gpxtpx:hr>
					</gpxtpx:TrackPointExtension>
				</extensions>
			</trkpt>
			<trkpt lat="47.33697669077054" lon="19.049805954038902">
				<ele>98.34729243256152</ele>
				<time>2025-07-15T14:43:11Z</time>
				<extensions>
					<vAcc>0.0</vAcc>
					<course>44.064909053897566</course>
					<hAcc>0.0</hAcc>
					<speed>1.4010818099199644</speed>
					<speedAcc>-1.0</speedAcc>
					<courseAcc>-1.0</courseAcc>
					<gpxtpx:TrackPointExtension>
						<gpxtpx:hr>147.0</gpxtpx:hr>
					</gpxtpx:TrackPointExtension>
				</extensions>
			</trkpt>
			<trkpt lat="47.33699801153926" lon="19.049836009094186">
				<ele>97.95103470422328</ele>
				<time>2025-07-15T14:43:13Z</time>
				<extensions>
					<vAcc>0.0</vAcc>
					<course>40.713370175029596</course>
					<hAcc>0.0</hAcc>
					<speed>1.4982414430335953</speed>
					<speedAcc>-1.0</speedAcc>
					<courseAcc>-1.0</courseAcc>
					<gpxtpx:TrackPointExtension>
						<gpxtpx:hr>147.0</gpxtpx:hr>
					</gpxtpx:TrackPointExtension>
				</extensions>
			</trkpt>
			<trkpt lat="47.33701980684095" lon="19.049863616747906">
				<ele>99.5153453424573</ele>
				<time>2025-07-15T14:43:15Z</time>
				<extensions>
					<vAcc>0.0</vAcc>
					<course>37.22124875191072</course>
					<hAcc>0.0</hAcc>
					<speed>1.457652019219486</speed>
					<speedAcc>-1.0</speedAcc>
					<courseAcc>-1.0</courseAcc>
					<gpxtpx:TrackPointExtension>
						<gpxtpx:hr>147.0</gpxtpx:hr>
					</gpxtpx:TrackPointExtension>
				</extensions>
			</trkpt>
			<trkpt lat="47.337042030642586" lon="19.04988946872711">
				<ele>98.68898561317474</ele>
				<time>2025-07-15T14:43:17Z</time>
				<extensions>
					<vAcc>0.0</vAcc>
					<course>36.55158567073733</course>
					<hAcc>0.0</hAcc>
					<speed>1.475112639520881</speed>
					<speedAcc>-1.0</speedAcc>
					<courseAcc>-1.0</courseAcc>
					<gpxtpx:TrackPointExtension>
						<gpxtpx:hr>147.0</gpxtpx:hr>
					</gpxtpx:TrackPointExtension>
				</extensions>
			</trkpt>
			<trkpt lat="47.3370646493236" lon="19.04991707450209">
				<ele>99.83970363996923</ele>
				<time>2025-07-15T14:43:19Z</time>
				<extensions>
					<vAcc>0.0</vAcc>
					<course>37.53938575367781</course>
					<hAcc>0.0</hAcc>
					<speed>1.5703003334055605</speed>
					<speedAcc>-1.0</speedAcc>
					<courseAcc>-1.0</courseAcc>
					<gpxtpx:TrackPointExtension>
						<gpxtpx:hr>146.0</gpxtpx:hr>
					</gpxtpx:TrackPointExtension>
				</extensions>
			</trkpt>
			<trkpt lat="47.33708780093612" lon="19.04994710441949">
				<ele>98.46398344449699</ele>
				<time>2025-07-15T14:43:21Z</time>
				<extensions>
					<vAcc>0.0</vAcc>
					<course>41.89427331563057</course>
					<hAcc>0.0</hAcc>
					<speed>1.6585744215560745</speed>
					<speedAcc>-1.0</speedAcc>
					<courseAcc>-1.0</courseAcc>
					<gpxtpx:TrackPointExtension>
						<gpxtpx:hr>146.0</gpxtpx:hr>
					</gpxtpx:TrackPointExtension>
				</extensions>
			</trkpt>
			<trkpt lat="47.33710516944272" lon="19.049977465199856">
				<ele>98.6299963472411</ele>
				<time>2025-07-15T14:43:23Z</time>
				<extensions>
					<vAcc>0.0</vAcc>
					<course>54.10107885289595</course>
					<hAcc>0.0</hAcc>
					<speed>1.4332899687621754</speed>
					<speedAcc>-1.0</speedAcc>
					<courseAcc>-1.0</courseAcc>
					<gpxtpx:TrackPointExtension>
						<gpxtpx:hr>146.0</gpxtpx:hr>
					</gpxtpx:TrackPointExtension>
				</extensions>
			</trkpt>
			<trkpt lat="47.33711997102095" lon="19.050004983149577">
				<ele>97.77729240898043</ele>
				<time>2025-07-15T14:43:25Z</time>
				<extensions>
					<vAcc>0.0</vAcc>
					<course>51.6360897443061</course>
					<hAcc>0.0</hAcc>
					<speed>1.3087637168591406</speed>
					<speedAcc>-1.0</speedAcc>
					<courseAcc>-1.0</courseAcc>
					<gpxtpx:TrackPointExtension>
						<gpxtpx:hr>145.0</gpxtpx:hr>
					</gpxtpx:TrackPointExtension>
				</extensions>
			</trkpt>
			<trkpt lat="47.337132468155204" lon="19.05001565505849">
				<ele>97.8765927106142</ele>
				<time>2025-07-15T14:43:26Z</time>
				<extensions>
					<vAcc>0.0</vAcc>
					<course>31.782787484967987</course>
					<hAcc>0.0</hAcc>
					<speed>1.45450996220499</speed>
					<speedAcc>-1.0</speedAcc>
					<courseAcc>-1.0</courseAcc>
					<gpxtpx:TrackPointExtension>
						<gpxtpx:hr>145.0</gpxtpx:hr>
					</gpxtpx:TrackPointExtension>
				</extensions>
			</trkpt>
			<trkpt lat="47.337152027176906" lon="19.050041229820728">
				<ele>98.03427682258189</ele>
				<time>2025-07-15T14:43:28Z</time>
				<extensions>
					<vAcc>0.0</vAcc>
					<course>44.31967628463376</course>
					<hAcc>0.0</hAcc>
					<speed>1.4538996437241374</speed>
					<speedAcc>-1.0</speedAcc>
					<courseAcc>-1.0</courseAcc>
					<gpxtpx:TrackPointExtension>
						<gpxtpx:hr>145.0</gpxtpx:hr>
					</gpxtpx:TrackPointExtension>
				</extensions>
			</trkpt>
			<trkpt lat="47.33717091691419" lon="19.05006814568824">
				<ele>98.02895266655833</ele>
				<time>2025-07-15T14:43:30Z</time>
				<extensions>
					<vAcc>0.0</vAcc>
					<course>44.45729168958619</course>
					<hAcc>0.0</hAcc>
					<speed>1.475959388198461</speed>
					<speedAcc>-1.0</speedAcc>
					<courseAcc>-1.0</courseAcc>
					<gpxtpx:TrackPointExtension>
						<gpxtpx:hr>144.0</gpxtpx:hr>
					</gpxtpx:TrackPointExtension>
				</extensions>
			</trkpt>
			<trkpt lat="47.33718808965503" lon="19.050094281376268">
				<ele>97.81258072797209</ele>
				<time>2025-07-15T14:43:32Z</time>
				<extensions>
					<vAcc>0.0</vAcc>
					<course>43.77877162211444</course>
					<hAcc>0.0</hAcc>
					<speed>1.3842254617259673</speed>
					<speedAcc>-1.0</speedAcc>
					<courseAcc>-1.0</courseAcc>
					<gpxtpx:TrackPointExtension>
						<gpxtpx:hr>144.0</gpxtpx:hr>
					</gpxtpx:TrackPointExtension>
				</extensions>
			</trkpt>
			<trkpt lat="47.3372021991157" lon="19.050117493173403">
				<ele>98.44682371988893</ele>
				<time>2025-07-15T14:43:34Z</time>
				<extensions>
					<vAcc>0.0</vAcc>
					<course>42.90019837388285</course>
					<hAcc>0.0</hAcc>
					<speed>1.1992638467954004</speed>
					<speedAcc>-1.0</speedAcc>
					<courseAcc>-1.0</courseAcc>
					<gpxtpx:TrackPointExtension>
						<gpxtpx:hr>144.0</gpxtpx:hr>
					</gpxtpx:TrackPointExtension>
				</extensions>
			</trkpt>
			<trkpt lat="47.337218175312366" lon="19.05013729582481">
				<ele>97.96378254517913</ele>
				<time>2025-07-15T14:43:36Z</time>
				<extensions>
					<vAcc>0.0</vAcc>
					<course>31.930859192829548</course>
					<hAcc>0.0</hAcc>
					<speed>1.1956886154564166</speed>
					<speedAcc>-1.0</speedAcc>
					<courseAcc>-1.0</courseAcc>
					<gpxtpx:TrackPointExtension>
						<gpxtpx:hr>141.0</gpxtpx:hr>
					</gpxtpx:TrackPointExtension>
				</extensions>
			</trkpt>
			<trkpt lat="47.33722875240217" lon="19.050146569757324">
				<ele>97.58200416434556</ele>
				<time>2025-07-15T14:43:37Z</time>
				<extensions>
					<vAcc>0.0</vAcc>
					<course>26.016026257348503</course>
					<hAcc>0.0</hAcc>
					<speed>1.2745207991898162</speed>
					<speedAcc>-1.0</speedAcc>
					<courseAcc>-1.0</courseAcc>
					<gpxtpx:TrackPointExtension>
						<gpxtpx:hr>141.0</gpxtpx:hr>
					</gpxtpx:TrackPointExtension>
				</extensions>
			</trkpt>
			<trkpt lat="47.33725000361685" lon="19.050159329260584">
				<ele>97.51048270333558</ele>
				<time>2025-07-15T14:43:39Z</time>
				<extensions>
					<vAcc>0.0</vAcc>
					<course>14.122974422105376</course>
					<hAcc>0.0</hAcc>
					<speed>1.2556475464784453</speed>
					<speedAcc>-1.0</speedAcc>
					<courseAcc>-1.0</courseAcc>
					<gpxtpx:TrackPointExtension>
						<gpxtpx:hr>141.0</gpxtpx:hr>
					</gpxtpx:TrackPointExtension>
				</extensions>
			</trkpt>
			<trkpt lat="47.337275854756655" lon="19.050166310072893">
				<ele>97.82932180166245</ele>
				<time>2025-07-15T14:43:41Z</time>
				<extensions>
					<vAcc>0.0</vAcc>
					<course>6.436606838471636</course>
					<hAcc>0.0</hAcc>
					<speed>1.4523542485035024</speed>
					<speedAcc>-1.0</speedAcc>
					<courseAcc>-1.0</courseAcc>
					<gpxtpx:TrackPointExtension>
						<gpxtpx:hr>141.0</gpxtpx:hr>
					</gpxtpx:TrackPointExtension>
				</extensions>
			</trkpt>
			<trkpt lat="47.337302606231354" lon="19.050176137623506">
				<ele>99.13271688204259</ele>
				<time>2025-07-15T14:43:43Z</time>
				<extensions>
					<vAcc>0.0</vAcc>
					<course>16.220155300954126</course>
					<hAcc>0.0</hAcc>
					<speed>1.504719024681837</speed>
					<speedAcc>-1.0</speedAcc>
					<courseAcc>-1.0</courseAcc>
					<gpxtpx:TrackPointExtension>
						<gpxtpx:hr>141.0</gpxtpx:hr>
					</gpxtpx:TrackPointExtension>
				</extensions>
			</trkpt>
			<trkpt lat="47.337331599451666" lon="19.050177665076593">
				<ele>98.49052707478404</ele>
				<time>2025-07-15T14:43:45Z</time>
				<extensions>
					<vAcc>0.0</vAcc>
					<course>357.46388447279804</course>
					<hAcc>0.0</hAcc>
					<speed>1.5626119852123228</speed>
					<speedAcc>-1.0</speedAcc>
					<courseAcc>-1.0</courseAcc>
					<gpxtpx:TrackPointExtension>
						<gpxtpx:hr>141.0</gpxtpx:hr>
					</gpxtpx:TrackPointExtension>
				</extensions>
			</trkpt>
			<trkpt lat="47.33736217054788" lon="19.05017831090038">
				<ele>99.22404368035495</ele>
				<time>2025-07-15T14:43:47Z</time>
				<extensions>
					<vAcc>0.0</vAcc>
					<course>1.9536391474798602</course>
					<hAcc>0.0</hAcc>
					<speed>1.6500806384602966</speed>
					<speedAcc>-1.0</speedAcc>
					<courseAcc>-1.0</courseAcc>
					<gpxtpx:TrackPointExtension>
						<gpxtpx:hr>141.0</gpxtpx:hr>
					</gpxtpx:TrackPointExtension>
				</extensions>
			</trkpt>
			<trkpt lat="47.33739393182345" lon="19.050177384441863">
				<ele>99.16880991589278</ele>
				<time>2025-07-15T14:43:49Z</time>
				<extensions>
					<vAcc>0.0</vAcc>
					<course>358.8149701018688</course>
					<hAcc>0.0</hAcc>
					<speed>1.6682548486806343</speed>
					<speedAcc>-1.0</speedAcc>
					<courseAcc>-1.0</courseAcc>
					<gpxtpx:TrackPointExtension>
						<gpxtpx:hr>143.0</gpxtpx:hr>
					</gpxtpx:TrackPointExtension>
				</extensions>
			</trkpt>
			<trkpt lat="47.33742399838671" lon="19.050177947724418">
				<ele>99.6478095697239</ele>
				<time>2025-07-15T14:43:51Z</time>
				<extensions>
					<vAcc>0.0</vAcc>
					<course>1.2748910018230808</course>
					<hAcc>0.0</hAcc>
					<speed>1.5368836879042405</speed>
					<speedAcc>-1.0</speedAcc>
					<courseAcc>-1.0</courseAcc>
					<gpxtpx:TrackPointExtension>
						<gpxtpx:hr>143.0</gpxtpx:hr>
					</gpxtpx:TrackPointExtension>
				</extensions>
			</trkpt>
			<trkpt lat="47.337455386791085" lon="19.050170567077192">
				<ele>99.86510408855975</ele>
				<time>2025-07-15T14:43:53Z</time>
				<extensions>
					<vAcc>0.0</vAcc>
					<course>346.7118585442019</course>
					<hAcc>0.0</hAcc>
					<speed>1.6313898160168008</speed>
					<speedAcc>-1.0</speedAcc>
					<courseAcc>-1.0</courseAcc>
					<gpxtpx:TrackPointExtension>
						<gpxtpx:hr>143.0</gpxtpx:hr>
					</gpxtpx:TrackPointExtension>
				</extensions>
			</trkpt>
			<trkpt lat="47.337475947872164" lon="19.050162173612467">
				<ele>100.04681159835309</ele>
				<time>2025-07-15T14:43:54Z</time>
				<extensions>
					<vAcc>0.0</vAcc>
					<course>346.58748242544135</course>
					<hAcc>0.0</hAcc>
					<speed>1.879589121565428</speed>
					<speedAcc>-1.0</speedAcc>
					<courseAcc>-1.0</courseAcc>
					<gpxtpx:TrackPointExtension>
						<gpxtpx:hr>143.0</gpxtpx:hr>
					</gpxtpx:TrackPointExtension>
				</extensions>
			</trkpt>
			<trkpt lat="47.337504762396115" lon="19.050151151996193">
				<ele>99.5850376393646</ele>
				<time>2025-07-15T14:43:56Z</time>
				<extensions>
					<vAcc>0.0</vAcc>
					<course>349.09012091416963</course>
					<hAcc>0.0</hAcc>
					<speed>1.4887147782010797</speed>
					<speedAcc>-1.0</speedAcc>
					<courseAcc>-1.0</courseAcc>
					<gpxtpx:TrackPointExtension>
						<gpxtpx:hr>143.0</gpxtpx:hr>
					</gpxtpx:TrackPointExtension>
				</extensions>
			</trkpt>
			<trkpt lat="47.337543695307986" lon="19.050156616378956">
				<ele>98.71937399543822</ele>
				<time>2025-07-15T14:43:59Z</time>
				<extensions>
					<vAcc>0.0</vAcc>
					<course>18.393813443903955</course>
					<hAcc>0.0</hAcc>
					<speed>1.615351295177028</speed>
					<speedAcc>-1.0</speedAcc>
					<courseAcc>-1.0</courseAcc>
					<gpxtpx:TrackPointExtension>
						<gpxtpx:hr>142.0</gpxtpx:hr>
					</gpxtpx:TrackPointExtension>
				</extensions>
			</trkpt>
			<trkpt lat="47.337566222678646" lon="19.05015790149136">
				<ele>98.40239649638534</ele>
				<time>2025-07-15T14:44:01Z</time>
				<extensions>
					<vAcc>0.0</vAcc>
					<course>359.7407594510831</course>
					<hAcc>0.0</hAcc>
					<speed>1.42339622087398</speed>
					<speedAcc>-1.0</speedAcc>
					<courseAcc>-1.0</courseAcc>
					<gpxtpx:TrackPointExtension>
						<gpxtpx:hr>142.0</gpxtpx:hr>
					</gpxtpx:TrackPointExtension>
				</extensions>
			</trkpt>
			<trkpt lat="47.33758598853917" lon="19.05014897753919">
				<ele>97.6201912984252</ele>
				<time>2025-07-15T14:44:03Z</time>
				<extensions>
					<vAcc>0.0</vAcc>
					<course>346.9337940699118</course>
					<hAcc>0.0</hAcc>
					<speed>1.2453248117707776</speed>
					<speedAcc>-1.0</speedAcc>
					<courseAcc>-1.0</courseAcc>
					<gpxtpx:TrackPointExtension>
						<gpxtpx:hr>142.0</gpxtpx:hr>
					</gpxtpx:TrackPointExtension>
				</extensions>
			</trkpt>
			<trkpt lat="47.337605429009585" lon="19.05014360888316">
				<ele>98.6132448669523</ele>
				<time>2025-07-15T14:44:05Z</time>
				<extensions>
					<vAcc>0.0</vAcc>
					<course>357.89544339082454</course>
					<hAcc>0.0</hAcc>
					<speed>1.2023224140218949</speed>
					<speedAcc>-1.0</speedAcc>
					<courseAcc>-1.0</courseAcc>
					<gpxtpx:TrackPointExtension>
						<gpxtpx:hr>142.0</gpxtpx:hr>
					</gpxtpx:TrackPointExtension>
				</extensions>
			</trkpt>
			<trkpt lat="47.33763807755401" lon="19.05012682749291">
				<ele>99.00521725602448</ele>
				<time>2025-07-15T14:44:09Z</time>
				<extensions>
					<vAcc>0.0</vAcc>
					<course>341.6106793862572</course>
					<hAcc>0.0</hAcc>
					<speed>1.0544666118679427</speed>
					<speedAcc>-1.0</speedAcc>
					<courseAcc>-1.0</courseAcc>
					<gpxtpx:TrackPointExtension>
						<gpxtpx:hr>139.00000000000003</gpxtpx:hr>
					</gpxtpx:TrackPointExtension>
				</extensions>
			</trkpt>
			<trkpt lat="47.33765618589775" lon="19.050113596798745">
				<ele>98.11361876316369</ele>
				<time>2025-07-15T14:44:12Z</time>
				<extensions>
					<vAcc>0.0</vAcc>
					<course>346.0344021127113</course>
					<hAcc>0.0</hAcc>
					<speed>0.8677971390292021</speed>
					<speedAcc>-1.0</speedAcc>
					<courseAcc>-1.0</courseAcc>
					<gpxtpx:TrackPointExtension>
						<gpxtpx:hr>139.00000000000003</gpxtpx:hr>
					</gpxtpx:TrackPointExtension>
				</extensions>
			</trkpt>
			<trkpt lat="47.33767687612836" lon="19.050095135427068">
				<ele>97.42011102847755</ele>
				<time>2025-07-15T14:44:16Z</time>
				<extensions>
					<vAcc>0.0</vAcc>
					<course>326.5235034346019</course>
					<hAcc>0.0</hAcc>
					<speed>0.7058869561753933</speed>
					<speedAcc>-1.0</speedAcc>
					<courseAcc>-1.0</courseAcc>
					<gpxtpx:TrackPointExtension>
						<gpxtpx:hr>141.0</gpxtpx:hr>
					</gpxtpx:TrackPointExtension>
				</extensions>
			</trkpt>
			<trkpt lat="47.337688955426984" lon="19.050087919649847">
				<ele>98.38217460177839</ele>
				<time>2025-07-15T14:44:18Z</time>
				<extensions>
					<vAcc>0.0</vAcc>
					<course>341.47414397677346</course>
					<hAcc>0.0</hAcc>
					<speed>0.8597747122934458</speed>
					<speedAcc>-1.0</speedAcc>
					<courseAcc>-1.0</courseAcc>
					<gpxtpx:TrackPointExtension>
						<gpxtpx:hr>141.0</gpxtpx:hr>
					</gpxtpx:TrackPointExtension>
				</extensions>
			</trkpt>
			<trkpt lat="47.33771081877433" lon="19.050077778449516">
				<ele>99.60254730284214</ele>
				<time>2025-07-15T14:44:23Z</time>
				<extensions>
					<vAcc>0.0</vAcc>
					<course>327.97396867331383</course>
					<hAcc>0.0</hAcc>
					<speed>0.39194671621265503</speed>
					<speedAcc>-1.0</speedAcc>
					<courseAcc>-1.0</courseAcc>
					<gpxtpx:TrackPointExtension>
						<gpxtpx:hr>134.0</gpxtpx:hr>
					</gpxtpx:TrackPointExtension>
				</extensions>
			</trkpt>
			<trkpt lat="47.33772632939143" lon="19.050071011001492">
				<ele>99.10401354078203</ele>
				<time>2025-07-15T14:44:27Z</time>
				<extensions>
					<vAcc>0.0</vAcc>
					<course>334.04373503383414</course>
					<hAcc>0.0</hAcc>
					<speed>0.6784387170544556</speed>
					<speedAcc>-1.0</speedAcc>
					<courseAcc>-1.0</courseAcc>
					<gpxtpx:TrackPointExtension>
						<gpxtpx:hr>117.0</gpxtpx:hr>
					</gpxtpx:TrackPointExtension>
				</extensions>
			</trkpt>
			<trkpt lat="47.33776068866988" lon="19.050080785110673">
				<ele>99.50131115876138</ele>
				<time>2025-07-15T14:44:57Z</time>
				<extensions>
					<vAcc>0.0</vAcc>
					<course>26.16447174216566</course>
					<hAcc>0.0</hAcc>
					<speed>0.16849670258996088</speed>
					<speedAcc>-1.0</speedAcc>
					<courseAcc>-1.0</courseAcc>
					<gpxtpx:TrackPointExtension>
						<gpxtpx:hr>102.0</gpxtpx:hr>
					</gpxtpx:TrackPointExtension>
				</extensions>
			</trkpt>
			<trkpt lat="47.33775651201367" lon="19.050107299555176">
				<ele>98.5487469099462</ele>
				<time>2025-07-15T14:45:17Z</time>
				<extensions>
					<vAcc>0.0</vAcc>
					<course>26.164476075232514</course>
					<hAcc>0.0</hAcc>
					<speed>0.06468977247380824</speed>
					<speedAcc>-1.0</speedAcc>
					<courseAcc>-1.0</courseAcc>
					<gpxtpx:TrackPointExtension>
						<gpxtpx:hr>96.0</gpxtpx:hr>
					</gpxtpx:TrackPointExtension>
				</extensions>
			</trkpt>
			<trkpt lat="47.33774414117855" lon="19.05011621997894">
				<ele>98.70258273743093</ele>
				<time>2025-07-15T14:45:45Z</time>
				<extensions>
					<vAcc>0.0</vAcc>
					<course>356.3679556264923</course>
					<hAcc>0.0</hAcc>
					<speed>0.016902060709622774</speed>
					<speedAcc>-1.0</speedAcc>
					<courseAcc>-1.0</courseAcc>
					<gpxtpx:TrackPointExtension>
						<gpxtpx:hr>99.0</gpxtpx:hr>
					</gpxtpx:TrackPointExtension>
				</extensions>
			</trkpt>
			<trkpt lat="47.3377344851689" lon="19.050125540200455">
				<ele>98.61450401507318</ele>
				<time>2025-07-15T14:45:50Z</time>
				<extensions>
					<vAcc>0.0</vAcc>
					<course>356.36797011277804</course>
					<hAcc>0.0</hAcc>
					<speed>0.015237701223251894</speed>
					<speedAcc>-1.0</speedAcc>
					<courseAcc>-1.0</courseAcc>
					<gpxtpx:TrackPointExtension>
						<gpxtpx:hr>97.0</gpxtpx:hr>
					</gpxtpx:TrackPointExtension>
				</extensions>
			</trkpt>
			<trkpt lat="47.33772553146565" lon="19.0501351565102">
				<ele>98.79608390759677</ele>
				<time>2025-07-15T14:45:54Z</time>
				<extensions>
					<vAcc>0.0</vAcc>
					<course>356.36798388785274</course>
					<hAcc>0.0</hAcc>
					<speed>0.018127022986152125</speed>
					<speedAcc>-1.0</speedAcc>
					<courseAcc>-1.0</courseAcc>
					<gpxtpx:TrackPointExtension>
						<gpxtpx:hr>93.0</gpxtpx:hr>
					</gpxtpx:TrackPointExtension>
				</extensions>
			</trkpt>
			<trkpt lat="47.33755350301184" lon="19.050317853648664">
				<ele>99.58920597657561</ele>
				<time>2025-07-15T14:47:31Z</time>
				<extensions>
					<vAcc>0.0</vAcc>
					<course>34.50662074975436</course>
					<hAcc>0.0</hAcc>
					<speed>0.2520423157939633</speed>
					<speedAcc>-1.0</speedAcc>
					<courseAcc>-1.0</courseAcc>
					<gpxtpx:TrackPointExtension>
						<gpxtpx:hr>91.0</gpxtpx:hr>
					</gpxtpx:TrackPointExtension>
				</extensions>
			</trkpt>
			<trkpt lat="47.337542562743145" lon="19.0503134866621">
				<ele>99.42489049304277</ele>
				<time>2025-07-15T14:48:21Z</time>
				<extensions>
					<vAcc>0.0</vAcc>
					<course>34.50660185266703</course>
					<hAcc>0.0</hAcc>
					<speed>0.10770634588320666</speed>
					<speedAcc>-1.0</speedAcc>
					<courseAcc>-1.0</courseAcc>
					<gpxtpx:TrackPointExtension>
						<gpxtpx:hr>91.0</gpxtpx:hr>
					</gpxtpx:TrackPointExtension>
				</extensions>
			</trkpt>
			<trkpt lat="47.33757830767324" lon="19.050339331527276">
				<ele>99.37035283911973</ele>
				<time>2025-07-15T14:48:57Z</time>
				<extensions>
					<vAcc>0.0</vAcc>
					<course>51.4754094318876</course>
					<hAcc>0.0</hAcc>
					<speed>0.5174402007261386</speed>
					<speedAcc>-1.0</speedAcc>
					<courseAcc>-1.0</courseAcc>
					<gpxtpx:TrackPointExtension>
						<gpxtpx:hr>87.0</gpxtpx:hr>
					</gpxtpx:TrackPointExtension>
				</extensions>
			</trkpt>
			<trkpt lat="47.337584841610884" lon="19.050314710973264">
				<ele>98.77657373528928</ele>
				<time>2025-07-15T14:49:02Z</time>
				<extensions>
					<vAcc>0.0</vAcc>
					<course>314.5576041196009</course>
					<hAcc>0.0</hAcc>
					<speed>0.5053736182487467</speed>
					<speedAcc>-1.0</speedAcc>
					<courseAcc>-1.0</courseAcc>
					<gpxtpx:TrackPointExtension>
						<gpxtpx:hr>96.0</gpxtpx:hr>
					</gpxtpx:TrackPointExtension>
				</extensions>
			</trkpt>
			<trkpt lat="47.337586519784814" lon="19.050280826333996">
				<ele>98.22482853289694</ele>
				<time>2025-07-15T14:49:05Z</time>
				<extensions>
					<vAcc>0.0</vAcc>
					<course>274.9752066285567</course>
					<hAcc>0.0</hAcc>
					<speed>0.8001715404409626</speed>
					<speedAcc>-1.0</speedAcc>
					<courseAcc>-1.0</courseAcc>
					<gpxtpx:TrackPointExtension>
						<gpxtpx:hr>96.0</gpxtpx:hr>
					</gpxtpx:TrackPointExtension>
				</extensions>
			</trkpt>
			<trkpt lat="47.337594400951524" lon="19.050236862264324">
				<ele>97.98067108448595</ele>
				<time>2025-07-15T14:49:09Z</time>
				<extensions>
					<vAcc>0.0</vAcc>
					<course>294.9294677053293</course>
					<hAcc>0.0</hAcc>
					<speed>0.8240411276685918</speed>
					<speedAcc>-1.0</speedAcc>
					<courseAcc>-1.0</courseAcc>
					<gpxtpx:TrackPointExtension>
						<gpxtpx:hr>97.0</gpxtpx:hr>
					</gpxtpx:TrackPointExtension>
				</extensions>
			</trkpt>
			<trkpt lat="47.3376058762404" lon="19.05021492208055">
				<ele>98.42213449068367</ele>
				<time>2025-07-15T14:49:12Z</time>
				<extensions>
					<vAcc>0.0</vAcc>
					<course>313.9326679354544</course>
					<hAcc>0.0</hAcc>
					<speed>0.5908614128912932</speed>
					<speedAcc>-1.0</speedAcc>
					<courseAcc>-1.0</courseAcc>
					<gpxtpx:TrackPointExtension>
						<gpxtpx:hr>97.0</gpxtpx:hr>
					</gpxtpx:TrackPointExtension>
				</extensions>
			</trkpt>
			<trkpt lat="47.337619229011" lon="19.050187069093585">
				<ele>99.89450712967664</ele>
				<time>2025-07-15T14:49:15Z</time>
				<extensions>
					<vAcc>0.0</vAcc>
					<course>296.18376130793877</course>
					<hAcc>0.0</hAcc>
					<speed>1.0667856336251083</speed>
					<speedAcc>-1.0</speedAcc>
					<courseAcc>-1.0</courseAcc>
					<gpxtpx:TrackPointExtension>
						<gpxtpx:hr>112.0</gpxtpx:hr>
					</gpxtpx:TrackPointExtension>
				</extensions>
			</trkpt>
			<trkpt lat="47.33763579403494" lon="19.050165875127686">
				<ele>99.10937343537807</ele>
				<time>2025-07-15T14:49:18Z</time>
				<extensions>
					<vAcc>0.0</vAcc>
					<course>317.6516969797743</course>
					<hAcc>0.0</hAcc>
					<speed>0.8139263049945942</speed>
					<speedAcc>-1.0</speedAcc>
					<courseAcc>-1.0</courseAcc>
					<gpxtpx:TrackPointExtension>
						<gpxtpx:hr>112.0</gpxtpx:hr>
					</gpxtpx:TrackPointExtension>
				</extensions>
			</trkpt>
			<trkpt lat="47.337654704943006" lon="19.05014792085825">
				<ele>99.52247991599143</ele>
				<time>2025-07-15T14:49:20Z</time>
				<extensions>
					<vAcc>0.0</vAcc>
					<course>321.3262724197786</course>
					<hAcc>0.0</hAcc>
					<speed>1.316756469804069</speed>
					<speedAcc>-1.0</speedAcc>
					<courseAcc>-1.0</courseAcc>
					<gpxtpx:TrackPointExtension>
						<gpxtpx:hr>112.0</gpxtpx:hr>
					</gpxtpx:TrackPointExtension>
				</extensions>
			</trkpt>
			<trkpt lat="47.33768073037302" lon="19.05012438905465">
				<ele>98.69847406633198</ele>
				<time>2025-07-15T14:49:22Z</time>
				<extensions>
					<vAcc>0.0</vAcc>
					<course>326.6468681071888</course>
					<hAcc>0.0</hAcc>
					<speed>1.738880329948128</speed>
					<speedAcc>-1.0</speedAcc>
					<courseAcc>-1.0</courseAcc>
					<gpxtpx:TrackPointExtension>
						<gpxtpx:hr>112.0</gpxtpx:hr>
					</gpxtpx:TrackPointExtension>
				</extensions>
			</trkpt>
			<trkpt lat="47.33770792537956" lon="19.050098000842883">
				<ele>99.23864912055433</ele>
				<time>2025-07-15T14:49:24Z</time>
				<extensions>
					<vAcc>0.0</vAcc>
					<course>323.60216662152834</course>
					<hAcc>0.0</hAcc>
					<speed>1.8753680518664648</speed>
					<speedAcc>-1.0</speedAcc>
					<courseAcc>-1.0</courseAcc>
					<gpxtpx:TrackPointExtension>
						<gpxtpx:hr>121.0</gpxtpx:hr>
					</gpxtpx:TrackPointExtension>
				</extensions>
			</trkpt>
			<trkpt lat="47.33773292832315" lon="19.050076900370055">
				<ele>98.63353759422898</ele>
				<time>2025-07-15T14:49:26Z</time>
				<extensions>
					<vAcc>0.0</vAcc>
					<course>326.1333526716509</course>
					<hAcc>0.0</hAcc>
					<speed>1.6817686492817636</speed>
					<speedAcc>-1.0</speedAcc>
					<courseAcc>-1.0</courseAcc>
					<gpxtpx:TrackPointExtension>
						<gpxtpx:hr>128.0</gpxtpx:hr>
					</gpxtpx:TrackPointExtension>
				</extensions>
			</trkpt>
			<trkpt lat="47.33776200336489" lon="19.050056030791037">
				<ele>98.39586528483778</ele>
				<time>2025-07-15T14:49:29Z</time>
				<extensions>
					<vAcc>0.0</vAcc>
					<course>331.35677192258595</course>
					<hAcc>0.0</hAcc>
					<speed>1.300697589595362</speed>
					<speedAcc>-1.0</speedAcc>
					<courseAcc>-1.0</courseAcc>
					<gpxtpx:TrackPointExtension>
						<gpxtpx:hr>128.0</gpxtpx:hr>
					</gpxtpx:TrackPointExtension>
				</extensions>
			</trkpt>
			<trkpt lat="47.33778696293448" lon="19.050048727219146">
				<ele>97.90697732474655</ele>
				<time>2025-07-15T14:49:31Z</time>
				<extensions>
					<vAcc>0.0</vAcc>
					<course>344.1847501801544</course>
					<hAcc>0.0</hAcc>
					<speed>1.6943253463120527</speed>
					<speedAcc>-1.0</speedAcc>
					<courseAcc>-1.0</courseAcc>
					<gpxtpx:TrackPointExtension>
						<gpxtpx:hr>138.0</gpxtpx:hr>
					</gpxtpx:TrackPointExtension>
				</extensions>
			</trkpt>
			<trkpt lat="47.33781167871073" lon="19.050038553017394">
				<ele>97.62927921768278</ele>
				<time>2025-07-15T14:49:33Z</time>
				<extensions>
					<vAcc>0.0</vAcc>
					<course>336.4876982559744</course>
					<hAcc>0.0</hAcc>
					<speed>1.607023034919246</speed>
					<speedAcc>-1.0</speedAcc>
					<courseAcc>-1.0</courseAcc>
					<gpxtpx:TrackPointExtension>
						<gpxtpx:hr>138.0</gpxtpx:hr>
					</gpxtpx:TrackPointExtension>
				</extensions>
			</trkpt>
			<trkpt lat="47.33783389723989" lon="19.050022488402654">
				<ele>97.7181029682979</ele>
				<time>2025-07-15T14:49:35Z</time>
				<extensions>
					<vAcc>0.0</vAcc>
					<course>327.61520495187926</course>
					<hAcc>0.0</hAcc>
					<speed>1.5731472565310745</speed>
					<speedAcc>-1.0</speedAcc>
					<courseAcc>-1.0</courseAcc>
					<gpxtpx:TrackPointExtension>
						<gpxtpx:hr>138.0</gpxtpx:hr>
					</gpxtpx:TrackPointExtension>
				</extensions>
			</trkpt>
			<trkpt lat="47.33785844118962" lon="19.050014375192013">
				<ele>99.04091349989176</ele>
				<time>2025-07-15T14:49:37Z</time>
				<extensions>
					<vAcc>0.0</vAcc>
					<course>346.12120599597904</course>
					<hAcc>0.0</hAcc>
					<speed>1.5837866417477886</speed>
					<speedAcc>-1.0</speedAcc>
					<courseAcc>-1.0</courseAcc>
					<gpxtpx:TrackPointExtension>
						<gpxtpx:hr>138.0</gpxtpx:hr>
					</gpxtpx:TrackPointExtension>
				</extensions>
			</trkpt>
			<trkpt lat="47.337891771791135" lon="19.050020074774082">
				<ele>98.2689270246774</ele>
				<time>2025-07-15T14:49:40Z</time>
				<extensions>
					<vAcc>0.0</vAcc>
					<course>7.921632853940278</course>
					<hAcc>0.0</hAcc>
					<speed>1.297292841476939</speed>
					<speedAcc>-1.0</speedAcc>
					<courseAcc>-1.0</courseAcc>
					<gpxtpx:TrackPointExtension>
						<gpxtpx:hr>143.0</gpxtpx:hr>
					</gpxtpx:TrackPointExtension>
				</extensions>
			</trkpt>
			<trkpt lat="47.33791902263351" lon="19.050014384554075">
				<ele>97.86751024797559</ele>
				<time>2025-07-15T14:49:43Z</time>
				<extensions>
					<vAcc>0.0</vAcc>
					<course>339.1388502612767</course>
					<hAcc>0.0</hAcc>
					<speed>1.2262047818807402</speed>
					<speedAcc>-1.0</speedAcc>
					<courseAcc>-1.0</courseAcc>
					<gpxtpx:TrackPointExtension>
						<gpxtpx:hr>143.0</gpxtpx:hr>
					</gpxtpx:TrackPointExtension>
				</extensions>
			</trkpt>
			<trkpt lat="47.337941206496616" lon="19.050002310993484">
				<ele>98.11919187754393</ele>
				<time>2025-07-15T14:49:45Z</time>
				<extensions>
					<vAcc>0.0</vAcc>
					<course>341.49476224783587</course>
					<hAcc>0.0</hAcc>
					<speed>1.5495138698985578</speed>
					<speedAcc>-1.0</speedAcc>
					<courseAcc>-1.0</courseAcc>
					<gpxtpx:TrackPointExtension>
						<gpxtpx:hr>143.0</gpxtpx:hr>
					</gpxtpx:TrackPointExtension>
				</extensions>
			</trkpt>
			<trkpt lat="47.337966701407765" lon="19.049994126647015">
				<ele>97.6552113480866</ele>
				<time>2025-07-15T14:49:47Z</time>
				<extensions>
					<vAcc>0.0</vAcc>
					<course>349.36982799563566</course>
					<hAcc>0.0</hAcc>
					<speed>1.6179983505019606</speed>
					<speedAcc>-1.0</speedAcc>
					<courseAcc>-1.0</courseAcc>
					<gpxtpx:TrackPointExtension>
						<gpxtpx:hr>143.0</gpxtpx:hr>
					</gpxtpx:TrackPointExtension>
				</extensions>
			</trkpt>
			<trkpt lat="47.33799270295559" lon="19.04999251918346">
				<ele>97.39357120916247</ele>
				<time>2025-07-15T14:49:49Z</time>
				<extensions>
					<vAcc>0.0</vAcc>
					<course>357.3085178226251</course>
					<hAcc>0.0</hAcc>
					<speed>1.5802383053176174</speed>
					<speedAcc>-1.0</speedAcc>
					<courseAcc>-1.0</courseAcc>
					<gpxtpx:TrackPointExtension>
						<gpxtpx:hr>144.0</gpxtpx:hr>
					</gpxtpx:TrackPointExtension>
				</extensions>
			</trkpt>
			<trkpt lat="47.33801461773694" lon="19.049999191343776">
				<ele>97.04366604331881</ele>
				<time>2025-07-15T14:49:51Z</time>
				<extensions>
					<vAcc>0.0</vAcc>
					<course>7.959482078499562</course>
					<hAcc>0.0</hAcc>
					<speed>1.3541751194327614</speed>
					<speedAcc>-1.0</speedAcc>
					<courseAcc>-1.0</courseAcc>
					<gpxtpx:TrackPointExtension>
						<gpxtpx:hr>144.0</gpxtpx:hr>
					</gpxtpx:TrackPointExtension>
				</extensions>
			</trkpt>
			<trkpt lat="47.338028190280994" lon="19.0500111883566">
				<ele>96.71306136995554</ele>
				<time>2025-07-15T14:49:52Z</time>
				<extensions>
					<vAcc>0.0</vAcc>
					<course>20.50543621083819</course>
					<hAcc>0.0</hAcc>
					<speed>1.565184161722393</speed>
					<speedAcc>-1.0</speedAcc>
					<courseAcc>-1.0</courseAcc>
					<gpxtpx:TrackPointExtension>
						<gpxtpx:hr>144.0</gpxtpx:hr>
					</gpxtpx:TrackPointExtension>
				</extensions>
			</trkpt>
			<trkpt lat="47.33806387128478" lon="19.050021162079656">
				<ele>96.93550406116992</ele>
				<time>2025-07-15T14:49:54Z</time>
				<extensions>
					<vAcc>0.0</vAcc>
					<course>6.743380916278846</course>
					<hAcc>0.0</hAcc>
					<speed>2.127500670378188</speed>
					<speedAcc>-1.0</speedAcc>
					<courseAcc>-1.0</courseAcc>
					<gpxtpx:TrackPointExtension>
						<gpxtpx:hr>145.0</gpxtpx:hr>
					</gpxtpx:TrackPointExtension>
				</extensions>
			</trkpt>
			<trkpt lat="47.338092494406965" lon="19.05003468157584">
				<ele>96.59426087141037</ele>
				<time>2025-07-15T14:49:56Z</time>
				<extensions>
					<vAcc>0.0</vAcc>
					<course>18.427972120748702</course>
					<hAcc>0.0</hAcc>
					<speed>1.7070866671327571</speed>
					<speedAcc>-1.0</speedAcc>
					<courseAcc>-1.0</courseAcc>
					<gpxtpx:TrackPointExtension>
						<gpxtpx:hr>145.0</gpxtpx:hr>
					</gpxtpx:TrackPointExtension>
				</extensions>
			</trkpt>
			<trkpt lat="47.33811504293945" lon="19.05004737192904">
				<ele>97.21116401720792</ele>
				<time>2025-07-15T14:49:58Z</time>
				<extensions>
					<vAcc>0.0</vAcc>
					<course>19.394587438242304</course>
					<hAcc>0.0</hAcc>
					<speed>1.4086933381914513</speed>
					<speedAcc>-1.0</speedAcc>
					<courseAcc>-1.0</courseAcc>
					<gpxtpx:TrackPointExtension>
						<gpxtpx:hr>145.0</gpxtpx:hr>
					</gpxtpx:TrackPointExtension>
				</extensions>
			</trkpt>
			<trkpt lat="47.338131750230104" lon="19.050055057531054">
				<ele>96.1130896974355</ele>
				<time>2025-07-15T14:49:59Z</time>
				<extensions>
					<vAcc>0.0</vAcc>
					<course>17.197030375454634</course>
					<hAcc>0.0</hAcc>
					<speed>1.7780467079983842</speed>
					<speedAcc>-1.0</speedAcc>
					<courseAcc>-1.0</courseAcc>
					<gpxtpx:TrackPointExtension>
						<gpxtpx:hr>145.0</gpxtpx:hr>
					</gpxtpx:TrackPointExtension>
				</extensions>
			</trkpt>
			<trkpt lat="47.33816194750643" lon="19.050064821725297">
				<ele>96.94325022306293</ele>
				<time>2025-07-15T14:50:01Z</time>
				<extensions>
					<vAcc>0.0</vAcc>
					<course>12.130859257308297</course>
					<hAcc>0.0</hAcc>
					<speed>1.7835996486932675</speed>
					<speedAcc>-1.0</speedAcc>
					<courseAcc>-1.0</courseAcc>
					<gpxtpx:TrackPointExtension>
						<gpxtpx:hr>145.0</gpxtpx:hr>
					</gpxtpx:TrackPointExtension>
				</extensions>
			</trkpt>
			<trkpt lat="47.33818836013747" lon="19.05007776865364">
				<ele>96.59147407021374</ele>
				<time>2025-07-15T14:50:03Z</time>
				<extensions>
					<vAcc>0.0</vAcc>
					<course>23.52175526250567</course>
					<hAcc>0.0</hAcc>
					<speed>1.615664781151741</speed>
					<speedAcc>-1.0</speedAcc>
					<courseAcc>-1.0</courseAcc>
					<gpxtpx:TrackPointExtension>
						<gpxtpx:hr>146.0</gpxtpx:hr>
					</gpxtpx:TrackPointExtension>
				</extensions>
			</trkpt>
			<trkpt lat="47.338204793857344" lon="19.050093999776337">
				<ele>96.23246751818806</ele>
				<time>2025-07-15T14:50:05Z</time>
				<extensions>
					<vAcc>0.0</vAcc>
					<course>46.989008634157315</course>
					<hAcc>0.0</hAcc>
					<speed>1.073074446823331</speed>
					<speedAcc>-1.0</speedAcc>
					<courseAcc>-1.0</courseAcc>
					<gpxtpx:TrackPointExtension>
						<gpxtpx:hr>147.0</gpxtpx:hr>
					</gpxtpx:TrackPointExtension>
				</extensions>
			</trkpt>
			<trkpt lat="47.33822088427143" lon="19.050113296275054">
				<ele>96.59921797271818</ele>
				<time>2025-07-15T14:50:07Z</time>
				<extensions>
					<vAcc>0.0</vAcc>
					<course>44.378717482168575</course>
					<hAcc>0.0</hAcc>
					<speed>1.2024881126227969</speed>
					<speedAcc>-1.0</speedAcc>
					<courseAcc>-1.0</courseAcc>
					<gpxtpx:TrackPointExtension>
						<gpxtpx:hr>147.0</gpxtpx:hr>
					</gpxtpx:TrackPointExtension>
				</extensions>
			</trkpt>
			<trkpt lat="47.338250677101065" lon="19.05013611939736">
				<ele>97.1298351958394</ele>
				<time>2025-07-15T14:50:10Z</time>
				<extensions>
					<vAcc>0.0</vAcc>
					<course>26.534489134242225</course>
					<hAcc>0.0</hAcc>
					<speed>1.3667422340855695</speed>
					<speedAcc>-1.0</speedAcc>
					<courseAcc>-1.0</courseAcc>
					<gpxtpx:TrackPointExtension>
						<gpxtpx:hr>148.0</gpxtpx:hr>
					</gpxtpx:TrackPointExtension>
				</extensions>
			</trkpt>
			<trkpt lat="47.33826321840009" lon="19.05014967771029">
				<ele>96.54412024561316</ele>
				<time>2025-07-15T14:50:11Z</time>
				<extensions>
					<vAcc>0.0</vAcc>
					<course>39.89113266215286</course>
					<hAcc>0.0</hAcc>
					<speed>1.550540215286341</speed>
					<speedAcc>-1.0</speedAcc>
					<courseAcc>-1.0</courseAcc>
					<gpxtpx:TrackPointExtension>
						<gpxtpx:hr>148.0</gpxtpx:hr>
					</gpxtpx:TrackPointExtension>
				</extensions>
			</trkpt>
			<trkpt lat="47.338287561646624" lon="19.050164695809958">
				<ele>96.34980230405927</ele>
				<time>2025-07-15T14:50:13Z</time>
				<extensions>
					<vAcc>0.0</vAcc>
					<course>23.519255572635295</course>
					<hAcc>0.0</hAcc>
					<speed>1.490664341593679</speed>
					<speedAcc>-1.0</speedAcc>
					<courseAcc>-1.0</courseAcc>
					<gpxtpx:TrackPointExtension>
						<gpxtpx:hr>148.0</gpxtpx:hr>
					</gpxtpx:TrackPointExtension>
				</extensions>
			</trkpt>
			<trkpt lat="47.33831437217054" lon="19.05018241742285">
				<ele>96.45272747892886</ele>
				<time>2025-07-15T14:50:15Z</time>
				<extensions>
					<vAcc>0.0</vAcc>
					<course>27.555297720749042</course>
					<hAcc>0.0</hAcc>
					<speed>1.7591495713860643</speed>
					<speedAcc>-1.0</speedAcc>
					<courseAcc>-1.0</courseAcc>
					<gpxtpx:TrackPointExtension>
						<gpxtpx:hr>149.0</gpxtpx:hr>
					</gpxtpx:TrackPointExtension>
				</extensions>
			</trkpt>
			<trkpt lat="47.338342875954694" lon="19.050211229400894">
				<ele>96.75974685139954</ele>
				<time>2025-07-15T14:50:18Z</time>
				<extensions>
					<vAcc>0.0</vAcc>
					<course>37.49793677490718</course>
					<hAcc>0.0</hAcc>
					<speed>1.2197458755209873</speed>
					<speedAcc>-1.0</speedAcc>
					<courseAcc>-1.0</courseAcc>
					<gpxtpx:TrackPointExtension>
						<gpxtpx:hr>149.0</gpxtpx:hr>
					</gpxtpx:TrackPointExtension>
				</extensions>
			</trkpt>
			<trkpt lat="47.33836157187987" lon="19.050224970360464">
				<ele>97.60210184566677</ele>
				<time>2025-07-15T14:50:20Z</time>
				<extensions>
					<vAcc>0.0</vAcc>
					<course>21.530884139998665</course>
					<hAcc>0.0</hAcc>
					<speed>1.2346854666288587</speed>
					<speedAcc>-1.0</speedAcc>
					<courseAcc>-1.0</courseAcc>
					<gpxtpx:TrackPointExtension>
						<gpxtpx:hr>149.0</gpxtpx:hr>
					</gpxtpx:TrackPointExtension>
				</extensions>
			</trkpt>
			<trkpt lat="47.338403528871375" lon="19.0502544042542">
				<ele>97.76212452724576</ele>
				<time>2025-07-15T14:50:23Z</time>
				<extensions>
					<vAcc>0.0</vAcc>
					<course>24.437604694329533</course>
					<hAcc>0.0</hAcc>
					<speed>2.0835214135869444</speed>
					<speedAcc>-1.0</speedAcc>
					<courseAcc>-1.0</courseAcc>
					<gpxtpx:TrackPointExtension>
						<gpxtpx:hr>151.0</gpxtpx:hr>
					</gpxtpx:TrackPointExtension>
				</extensions>
			</trkpt>
			<trkpt lat="47.33842927118479" lon="19.05026994380078">
				<ele>97.63935182522982</ele>
				<time>2025-07-15T14:50:25Z</time>
				<extensions>
					<vAcc>0.0</vAcc>
					<course>19.400981429473156</course>
					<hAcc>0.0</hAcc>
					<speed>1.7266757522070566</speed>
					<speedAcc>-1.0</speedAcc>
					<courseAcc>-1.0</courseAcc>
					<gpxtpx:TrackPointExtension>
						<gpxtpx:hr>150.0</gpxtpx:hr>
					</gpxtpx:TrackPointExtension>
				</extensions>
			</trkpt>
			<trkpt lat="47.338453034730485" lon="19.050285107876782">
				<ele>98.93404984008521</ele>
				<time>2025-07-15T14:50:27Z</time>
				<extensions>
					<vAcc>0.0</vAcc>
					<course>22.531624286436216</course>
					<hAcc>0.0</hAcc>
					<speed>1.571528629831545</speed>
					<speedAcc>-1.0</speedAcc>
					<courseAcc>-1.0</courseAcc>
					<gpxtpx:TrackPointExtension>
						<gpxtpx:hr>150.0</gpxtpx:hr>
					</gpxtpx:TrackPointExtension>
				</extensions>
			</trkpt>
			<trkpt lat="47.33846912194999" lon="19.05028722829455">
				<ele>98.52653764374554</ele>
				<time>2025-07-15T14:50:28Z</time>
				<extensions>
					<vAcc>0.0</vAcc>
					<course>9.150149808761151</course>
					<hAcc>0.0</hAcc>
					<speed>1.8333683180651328</speed>
					<speedAcc>-1.0</speedAcc>
					<courseAcc>-1.0</courseAcc>
					<gpxtpx:TrackPointExtension>
						<gpxtpx:hr>150.0</gpxtpx:hr>
					</gpxtpx:TrackPointExtension>
				</extensions>
			</trkpt>
			<trkpt lat="47.338493301017564" lon="19.05029961369776">
				<ele>97.63920738268644</ele>
				<time>2025-07-15T14:50:30Z</time>
				<extensions>
					<vAcc>0.0</vAcc>
					<course>25.81329166039263</course>
					<hAcc>0.0</hAcc>
					<speed>1.4762521518000096</speed>
					<speedAcc>-1.0</speedAcc>
					<courseAcc>-1.0</courseAcc>
					<gpxtpx:TrackPointExtension>
						<gpxtpx:hr>150.0</gpxtpx:hr>
					</gpxtpx:TrackPointExtension>
				</extensions>
			</trkpt>
			<trkpt lat="47.33851354860094" lon="19.050312929083336">
				<ele>97.36795000173151</ele>
				<time>2025-07-15T14:50:32Z</time>
				<extensions>
					<vAcc>0.0</vAcc>
					<course>29.767729461703535</course>
					<hAcc>0.0</hAcc>
					<speed>1.2873671461038325</speed>
					<speedAcc>-1.0</speedAcc>
					<courseAcc>-1.0</courseAcc>
					<gpxtpx:TrackPointExtension>
						<gpxtpx:hr>150.0</gpxtpx:hr>
					</gpxtpx:TrackPointExtension>
				</extensions>
			</trkpt>
			<trkpt lat="47.33852858640544" lon="19.050320016556324">
				<ele>97.12529824208468</ele>
				<time>2025-07-15T14:50:33Z</time>
				<extensions>
					<vAcc>0.0</vAcc>
					<course>23.80245798691317</course>
					<hAcc>0.0</hAcc>
					<speed>1.5877835170219572</speed>
					<speedAcc>-1.0</speedAcc>
					<courseAcc>-1.0</courseAcc>
					<gpxtpx:TrackPointExtension>
						<gpxtpx:hr>150.0</gpxtpx:hr>
					</gpxtpx:TrackPointExtension>
				</extensions>
			</trkpt>
			<trkpt lat="47.33855476865299" lon="19.05033724914832">
				<ele>96.87017909251153</ele>
				<time>2025-07-15T14:50:35Z</time>
				<extensions>
					<vAcc>0.0</vAcc>
					<course>25.8553200082627</course>
					<hAcc>0.0</hAcc>
					<speed>1.637450557871637</speed>
					<speedAcc>-1.0</speedAcc>
					<courseAcc>-1.0</courseAcc>
					<gpxtpx:TrackPointExtension>
						<gpxtpx:hr>150.0</gpxtpx:hr>
					</gpxtpx:TrackPointExtension>
				</extensions>
			</trkpt>
			<trkpt lat="47.33857786753353" lon="19.050356414207137">
				<ele>96.91227634251118</ele>
				<time>2025-07-15T14:50:37Z</time>
				<extensions>
					<vAcc>0.0</vAcc>
					<course>27.950015236929307</course>
					<hAcc>0.0</hAcc>
					<speed>1.5509698314851315</speed>
					<speedAcc>-1.0</speedAcc>
					<courseAcc>-1.0</courseAcc>
					<gpxtpx:TrackPointExtension>
						<gpxtpx:hr>150.0</gpxtpx:hr>
					</gpxtpx:TrackPointExtension>
				</extensions>
			</trkpt>
			<trkpt lat="47.33860103829911" lon="19.050378906012785">
				<ele>96.61064713075757</ele>
				<time>2025-07-15T14:50:39Z</time>
				<extensions>
					<vAcc>0.0</vAcc>
					<course>30.73274038611449</course>
					<hAcc>0.0</hAcc>
					<speed>1.6721218370085351</speed>
					<speedAcc>-1.0</speedAcc>
					<courseAcc>-1.0</courseAcc>
					<gpxtpx:TrackPointExtension>
						<gpxtpx:hr>152.0</gpxtpx:hr>
					</gpxtpx:TrackPointExtension>
				</extensions>
			</trkpt>
			<trkpt lat="47.33862955364635" lon="19.050418946521233">
				<ele>96.89701818767935</ele>
				<time>2025-07-15T14:50:42Z</time>
				<extensions>
					<vAcc>0.0</vAcc>
					<course>45.3762097682959</course>
					<hAcc>0.0</hAcc>
					<speed>1.5849853217287229</speed>
					<speedAcc>-1.0</speedAcc>
					<courseAcc>-1.0</courseAcc>
					<gpxtpx:TrackPointExtension>
						<gpxtpx:hr>152.0</gpxtpx:hr>
					</gpxtpx:TrackPointExtension>
				</extensions>
			</trkpt>
			<trkpt lat="47.338646786807836" lon="19.050442729865637">
				<ele>97.31645059864968</ele>
				<time>2025-07-15T14:50:44Z</time>
				<extensions>
					<vAcc>0.0</vAcc>
					<course>34.412336365177055</course>
					<hAcc>0.0</hAcc>
					<speed>1.5116115265397776</speed>
					<speedAcc>-1.0</speedAcc>
					<courseAcc>-1.0</courseAcc>
					<gpxtpx:TrackPointExtension>
						<gpxtpx:hr>152.0</gpxtpx:hr>
					</gpxtpx:TrackPointExtension>
				</extensions>
			</trkpt>
			<trkpt lat="47.3386655854684" lon="19.050462016171362">
				<ele>97.51640072558075</ele>
				<time>2025-07-15T14:50:46Z</time>
				<extensions>
					<vAcc>0.0</vAcc>
					<course>29.940890702120598</course>
					<hAcc>0.0</hAcc>
					<speed>1.4658817721797373</speed>
					<speedAcc>-1.0</speedAcc>
					<courseAcc>-1.0</courseAcc>
					<gpxtpx:TrackPointExtension>
						<gpxtpx:hr>151.0</gpxtpx:hr>
					</gpxtpx:TrackPointExtension>
				</extensions>
			</trkpt>
			<trkpt lat="47.338685798485365" lon="19.050480178606097">
				<ele>97.87839613948017</ele>
				<time>2025-07-15T14:50:48Z</time>
				<extensions>
					<vAcc>0.0</vAcc>
					<course>28.49345201512297</course>
					<hAcc>0.0</hAcc>
					<speed>1.5046187928260208</speed>
					<speedAcc>-1.0</speedAcc>
					<courseAcc>-1.0</courseAcc>
					<gpxtpx:TrackPointExtension>
						<gpxtpx:hr>151.0</gpxtpx:hr>
					</gpxtpx:TrackPointExtension>
				</extensions>
			</trkpt>
			<trkpt lat="47.338722872088596" lon="19.05050042075585">
				<ele>98.05599602404982</ele>
				<time>2025-07-15T14:50:51Z</time>
				<extensions>
					<vAcc>0.0</vAcc>
					<course>14.011150158285618</course>
					<hAcc>0.0</hAcc>
					<speed>1.719533487925892</speed>
					<speedAcc>-1.0</speedAcc>
					<courseAcc>-1.0</courseAcc>
					<gpxtpx:TrackPointExtension>
						<gpxtpx:hr>151.0</gpxtpx:hr>
					</gpxtpx:TrackPointExtension>
				</extensions>
			</trkpt>
			<trkpt lat="47.338749924760634" lon="19.05051232539029">
				<ele>98.02397611085325</ele>
				<time>2025-07-15T14:50:54Z</time>
				<extensions>
					<vAcc>0.0</vAcc>
					<course>15.50402326059032</course>
					<hAcc>0.0</hAcc>
					<speed>1.017903091881847</speed>
					<speedAcc>-1.0</speedAcc>
					<courseAcc>-1.0</courseAcc>
					<gpxtpx:TrackPointExtension>
						<gpxtpx:hr>151.0</gpxtpx:hr>
					</gpxtpx:TrackPointExtension>
				</extensions>
			</trkpt>
			<trkpt lat="47.338776324137946" lon="19.050516104557275">
				<ele>97.59854527655989</ele>
				<time>2025-07-15T14:50:56Z</time>
				<extensions>
					<vAcc>0.0</vAcc>
					<course>6.006390731610802</course>
					<hAcc>0.0</hAcc>
					<speed>1.7514250609318978</speed>
					<speedAcc>-1.0</speedAcc>
					<courseAcc>-1.0</courseAcc>
					<gpxtpx:TrackPointExtension>
						<gpxtpx:hr>150.0</gpxtpx:hr>
					</gpxtpx:TrackPointExtension>
				</extensions>
			</trkpt>
			<trkpt lat="47.33880473045859" lon="19.050534156498106">
				<ele>97.80495844502002</ele>
				<time>2025-07-15T14:50:59Z</time>
				<extensions>
					<vAcc>0.0</vAcc>
					<course>40.59664617957585</course>
					<hAcc>0.0</hAcc>
					<speed>1.0732831236524338</speed>
					<speedAcc>-1.0</speedAcc>
					<courseAcc>-1.0</courseAcc>
					<gpxtpx:TrackPointExtension>
						<gpxtpx:hr>150.0</gpxtpx:hr>
					</gpxtpx:TrackPointExtension>
				</extensions>
			</trkpt>
			<trkpt lat="47.33881500255847" lon="19.050537260099162">
				<ele>97.47869499772787</ele>
				<time>2025-07-15T14:51:00Z</time>
				<extensions>
					<vAcc>0.0</vAcc>
					<course>15.780034496487772</course>
					<hAcc>0.0</hAcc>
					<speed>1.2272333632727777</speed>
					<speedAcc>-1.0</speedAcc>
					<courseAcc>-1.0</courseAcc>
					<gpxtpx:TrackPointExtension>
						<gpxtpx:hr>150.0</gpxtpx:hr>
					</gpxtpx:TrackPointExtension>
				</extensions>
			</trkpt>
			<trkpt lat="47.33883932398315" lon="19.050549182812865">
				<ele>97.77784141339362</ele>
				<time>2025-07-15T14:51:02Z</time>
				<extensions>
					<vAcc>0.0</vAcc>
					<course>18.40618528070009</course>
					<hAcc>0.0</hAcc>
					<speed>1.5612747986286044</speed>
					<speedAcc>-1.0</speedAcc>
					<courseAcc>-1.0</courseAcc>
					<gpxtpx:TrackPointExtension>
						<gpxtpx:hr>150.0</gpxtpx:hr>
					</gpxtpx:TrackPointExtension>
				</extensions>
			</trkpt>
			<trkpt lat="47.33886117667571" lon="19.050563675722472">
				<ele>98.03260694351047</ele>
				<time>2025-07-15T14:51:04Z</time>
				<extensions>
					<vAcc>0.0</vAcc>
					<course>27.564787084505934</course>
					<hAcc>0.0</hAcc>
					<speed>1.3805621230807965</speed>
					<speedAcc>-1.0</speedAcc>
					<courseAcc>-1.0</courseAcc>
					<gpxtpx:TrackPointExtension>
						<gpxtpx:hr>148.0</gpxtpx:hr>
					</gpxtpx:TrackPointExtension>
				</extensions>
			</trkpt>
			<trkpt lat="47.33887878301798" lon="19.05058094148197">
				<ele>97.54770530294627</ele>
				<time>2025-07-15T14:51:06Z</time>
				<extensions>
					<vAcc>0.0</vAcc>
					<course>38.12665813023689</course>
					<hAcc>0.0</hAcc>
					<speed>1.1920089533436864</speed>
					<speedAcc>-1.0</speedAcc>
					<courseAcc>-1.0</courseAcc>
					<gpxtpx:TrackPointExtension>
						<gpxtpx:hr>148.0</gpxtpx:hr>
					</gpxtpx:TrackPointExtension>
				</extensions>
			</trkpt>
			<trkpt lat="47.338895643489586" lon="19.050598159036088">
				<ele>96.31784577760845</ele>
				<time>2025-07-15T14:51:08Z</time>
				<extensions>
					<vAcc>0.0</vAcc>
					<course>38.02046868703701</course>
					<hAcc>0.0</hAcc>
					<speed>1.1776472960194653</speed>
					<speedAcc>-1.0</speedAcc>
					<courseAcc>-1.0</courseAcc>
					<gpxtpx:TrackPointExtension>
						<gpxtpx:hr>148.0</gpxtpx:hr>
					</gpxtpx:TrackPointExtension>
				</extensions>
			</trkpt>
			<trkpt lat="47.33891132762965" lon="19.050605828788605">
				<ele>96.94882812723517</ele>
				<time>2025-07-15T14:51:09Z</time>
				<extensions>
					<vAcc>0.0</vAcc>
					<course>23.138632868316186</course>
					<hAcc>0.0</hAcc>
					<speed>1.5435277754315238</speed>
					<speedAcc>-1.0</speedAcc>
					<courseAcc>-1.0</courseAcc>
					<gpxtpx:TrackPointExtension>
						<gpxtpx:hr>148.0</gpxtpx:hr>
					</gpxtpx:TrackPointExtension>
				</extensions>
			</trkpt>
			<trkpt lat="47.33893608414707" lon="19.0506181297998">
				<ele>96.37673448584974</ele>
				<time>2025-07-15T14:51:11Z</time>
				<extensions>
					<vAcc>0.0</vAcc>
					<course>16.09820525466816</course>
					<hAcc>0.0</hAcc>
					<speed>1.4916804255377631</speed>
					<speedAcc>-1.0</speedAcc>
					<courseAcc>-1.0</courseAcc>
					<gpxtpx:TrackPointExtension>
						<gpxtpx:hr>148.0</gpxtpx:hr>
					</gpxtpx:TrackPointExtension>
				</extensions>
			</trkpt>
			<trkpt lat="47.33895383679443" lon="19.05064298553422">
				<ele>97.00471212808043</ele>
				<time>2025-07-15T14:51:13Z</time>
				<extensions>
					<vAcc>0.0</vAcc>
					<course>50.15285289433451</course>
					<hAcc>0.0</hAcc>
					<speed>1.4367473637079509</speed>
					<speedAcc>-1.0</speedAcc>
					<courseAcc>-1.0</courseAcc>
					<gpxtpx:TrackPointExtension>
						<gpxtpx:hr>149.0</gpxtpx:hr>
					</gpxtpx:TrackPointExtension>
				</extensions>
			</trkpt>
			<trkpt lat="47.33898013609434" lon="19.050670747156197">
				<ele>98.26294889859855</ele>
				<time>2025-07-15T14:51:16Z</time>
				<extensions>
					<vAcc>0.0</vAcc>
					<course>19.626162624600042</course>
					<hAcc>0.0</hAcc>
					<speed>1.3134483471525717</speed>
					<speedAcc>-1.0</speedAcc>
					<courseAcc>-1.0</courseAcc>
					<gpxtpx:TrackPointExtension>
						<gpxtpx:hr>148.0</gpxtpx:hr>
					</gpxtpx:TrackPointExtension>
				</extensions>
			</trkpt>
			<trkpt lat="47.33899225466557" lon="19.050681570029944">
				<ele>97.9114870261401</ele>
				<time>2025-07-15T14:51:17Z</time>
				<extensions>
					<vAcc>0.0</vAcc>
					<course>23.11910037522151</course>
					<hAcc>0.0</hAcc>
					<speed>1.591251173312139</speed>
					<speedAcc>-1.0</speedAcc>
					<courseAcc>-1.0</courseAcc>
					<gpxtpx:TrackPointExtension>
						<gpxtpx:hr>148.0</gpxtpx:hr>
					</gpxtpx:TrackPointExtension>
				</extensions>
			</trkpt>
			<trkpt lat="47.33902124989929" lon="19.0506994900508">
				<ele>97.78325510770082</ele>
				<time>2025-07-15T14:51:19Z</time>
				<extensions>
					<vAcc>0.0</vAcc>
					<course>18.911065114950755</course>
					<hAcc>0.0</hAcc>
					<speed>1.8809885829545923</speed>
					<speedAcc>-1.0</speedAcc>
					<courseAcc>-1.0</courseAcc>
					<gpxtpx:TrackPointExtension>
						<gpxtpx:hr>146.0</gpxtpx:hr>
					</gpxtpx:TrackPointExtension>
				</extensions>
			</trkpt>
			<trkpt lat="47.33904667362976" lon="19.050711431952013">
				<ele>98.93763568717986</ele>
				<time>2025-07-15T14:51:21Z</time>
				<extensions>
					<vAcc>0.0</vAcc>
					<course>11.966432338036899</course>
					<hAcc>0.0</hAcc>
					<speed>1.5457829284338684</speed>
					<speedAcc>-1.0</speedAcc>
					<courseAcc>-1.0</courseAcc>
					<gpxtpx:TrackPointExtension>
						<gpxtpx:hr>146.0</gpxtpx:hr>
					</gpxtpx:TrackPointExtension>
				</extensions>
			</trkpt>
			<trkpt lat="47.33907022750594" lon="19.05072553656718">
				<ele>98.56888931617141</ele>
				<time>2025-07-15T14:51:23Z</time>
				<extensions>
					<vAcc>0.0</vAcc>
					<course>22.058050082041667</course>
					<hAcc>0.0</hAcc>
					<speed>1.5513123603443442</speed>
					<speedAcc>-1.0</speedAcc>
					<courseAcc>-1.0</courseAcc>
					<gpxtpx:TrackPointExtension>
						<gpxtpx:hr>146.0</gpxtpx:hr>
					</gpxtpx:TrackPointExtension>
				</extensions>
			</trkpt>
			<trkpt lat="47.33909316454135" lon="19.050735154247853">
				<ele>99.1920062713325</ele>
				<time>2025-07-15T14:51:25Z</time>
				<extensions>
					<vAcc>0.0</vAcc>
					<course>11.463777037147494</course>
					<hAcc>0.0</hAcc>
					<speed>1.4369757488548232</speed>
					<speedAcc>-1.0</speedAcc>
					<courseAcc>-1.0</courseAcc>
					<gpxtpx:TrackPointExtension>
						<gpxtpx:hr>145.0</gpxtpx:hr>
					</gpxtpx:TrackPointExtension>
				</extensions>
			</trkpt>
			<trkpt lat="47.33912045384913" lon="19.05074232320931">
				<ele>99.15943318232894</ele>
				<time>2025-07-15T14:51:27Z</time>
				<extensions>
					<vAcc>0.0</vAcc>
					<course>11.542014747829615</course>
					<hAcc>0.0</hAcc>
					<speed>1.6776025591692498</speed>
					<speedAcc>-1.0</speedAcc>
					<courseAcc>-1.0</courseAcc>
					<gpxtpx:TrackPointExtension>
						<gpxtpx:hr>145.0</gpxtpx:hr>
					</gpxtpx:TrackPointExtension>
				</extensions>
			</trkpt>
			<trkpt lat="47.339155952117146" lon="19.050770027207513">
				<ele>98.96698361542076</ele>
				<time>2025-07-15T14:51:32Z</time>
				<extensions>
					<vAcc>0.0</vAcc>
					<course>40.342850192556575</course>
					<hAcc>0.0</hAcc>
					<speed>0.7800508122686561</speed>
					<speedAcc>-1.0</speedAcc>
					<courseAcc>-1.0</courseAcc>
					<gpxtpx:TrackPointExtension>
						<gpxtpx:hr>144.0</gpxtpx:hr>
					</gpxtpx:TrackPointExtension>
				</extensions>
			</trkpt>
			<trkpt lat="47.339162459875226" lon="19.050785388191837">
				<ele>98.89842933416367</ele>
				<time>2025-07-15T14:51:35Z</time>
				<extensions>
					<vAcc>0.0</vAcc>
					<course>29.76417802040423</course>
					<hAcc>0.0</hAcc>
					<speed>0.6881258233031428</speed>
					<speedAcc>-1.0</speedAcc>
					<courseAcc>-1.0</courseAcc>
					<gpxtpx:TrackPointExtension>
						<gpxtpx:hr>144.0</gpxtpx:hr>
					</gpxtpx:TrackPointExtension>
				</extensions>
			</trkpt>
			<trkpt lat="47.33916622569994" lon="19.05080262649387">
				<ele>98.86862010136247</ele>
				<time>2025-07-15T14:51:37Z</time>
				<extensions>
					<vAcc>0.0</vAcc>
					<course>53.696227294565126</course>
					<hAcc>0.0</hAcc>
					<speed>0.875138658187544</speed>
					<speedAcc>-1.0</speedAcc>
					<courseAcc>-1.0</courseAcc>
					<gpxtpx:TrackPointExtension>
						<gpxtpx:hr>144.0</gpxtpx:hr>
					</gpxtpx:TrackPointExtension>
				</extensions>
			</trkpt>
			<trkpt lat="47.339163687421426" lon="19.05083514881865">
				<ele>99.98315237555653</ele>
				<time>2025-07-15T14:51:40Z</time>
				<extensions>
					<vAcc>0.0</vAcc>
					<course>97.97069255447171</course>
					<hAcc>0.0</hAcc>
					<speed>0.9309662148672093</speed>
					<speedAcc>-1.0</speedAcc>
					<courseAcc>-1.0</courseAcc>
					<gpxtpx:TrackPointExtension>
						<gpxtpx:hr>142.0</gpxtpx:hr>
					</gpxtpx:TrackPointExtension>
				</extensions>
			</trkpt>
			<trkpt lat="47.339157479348046" lon="19.050879875747498">
				<ele>98.93068475369364</ele>
				<time>2025-07-15T14:51:43Z</time>
				<extensions>
					<vAcc>0.0</vAcc>
					<course>90.85370362882595</course>
					<hAcc>0.0</hAcc>
					<speed>1.2269748217675946</speed>
					<speedAcc>-1.0</speedAcc>
					<courseAcc>-1.0</courseAcc>
					<gpxtpx:TrackPointExtension>
						<gpxtpx:hr>141.0</gpxtpx:hr>
					</gpxtpx:TrackPointExtension>
				</extensions>
			</trkpt>
			<trkpt lat="47.33914785784282" lon="19.050912277378007">
				<ele>99.42263443954289</ele>
				<time>2025-07-15T14:51:45Z</time>
				<extensions>
					<vAcc>0.0</vAcc>
					<course>107.63562188568648</course>
					<hAcc>0.0</hAcc>
					<speed>1.2760855678929321</speed>
					<speedAcc>-1.0</speedAcc>
					<courseAcc>-1.0</courseAcc>
					<gpxtpx:TrackPointExtension>
						<gpxtpx:hr>141.0</gpxtpx:hr>
					</gpxtpx:TrackPointExtension>
				</extensions>
			</trkpt>
			<trkpt lat="47.33913668452566" lon="19.050951594037734">
				<ele>99.66144291777164</ele>
				<time>2025-07-15T14:51:48Z</time>
				<extensions>
					<vAcc>0.0</vAcc>
					<course>106.02994337520894</course>
					<hAcc>0.0</hAcc>
					<speed>0.9784945902034096</speed>
					<speedAcc>-1.0</speedAcc>
					<courseAcc>-1.0</courseAcc>
					<gpxtpx:TrackPointExtension>
						<gpxtpx:hr>140.0</gpxtpx:hr>
					</gpxtpx:TrackPointExtension>
				</extensions>
			</trkpt>
			<trkpt lat="47.3391224281547" lon="19.050965575805314">
				<ele>98.84380994457752</ele>
				<time>2025-07-15T14:51:49Z</time>
				<extensions>
					<vAcc>0.0</vAcc>
					<course>134.3107151783025</course>
					<hAcc>0.0</hAcc>
					<speed>1.3799245704354528</speed>
					<speedAcc>-1.0</speedAcc>
					<courseAcc>-1.0</courseAcc>
					<gpxtpx:TrackPointExtension>
						<gpxtpx:hr>140.0</gpxtpx:hr>
					</gpxtpx:TrackPointExtension>
				</extensions>
			</trkpt>
			<trkpt lat="47.33910457019583" lon="19.051000195044338">
				<ele>98.54884636960924</ele>
				<time>2025-07-15T14:51:52Z</time>
				<extensions>
					<vAcc>0.0</vAcc>
					<course>117.34327052595434</course>
					<hAcc>0.0</hAcc>
					<speed>0.9674028014422876</speed>
					<speedAcc>-1.0</speedAcc>
					<courseAcc>-1.0</courseAcc>
					<gpxtpx:TrackPointExtension>
						<gpxtpx:hr>142.0</gpxtpx:hr>
					</gpxtpx:TrackPointExtension>
				</extensions>
			</trkpt>
			<trkpt lat="47.339093311341394" lon="19.051026800344435">
				<ele>98.41636935714632</ele>
				<time>2025-07-15T14:51:54Z</time>
				<extensions>
					<vAcc>0.0</vAcc>
					<course>118.27664818918527</course>
					<hAcc>0.0</hAcc>
					<speed>1.2530059762264107</speed>
					<speedAcc>-1.0</speedAcc>
					<courseAcc>-1.0</courseAcc>
					<gpxtpx:TrackPointExtension>
						<gpxtpx:hr>142.0</gpxtpx:hr>
					</gpxtpx:TrackPointExtension>
				</extensions>
			</trkpt>
			<trkpt lat="47.3390839430291" lon="19.051052256178632">
				<ele>98.3163053849712</ele>
				<time>2025-07-15T14:51:56Z</time>
				<extensions>
					<vAcc>0.0</vAcc>
					<course>114.28136838414062</course>
					<hAcc>0.0</hAcc>
					<speed>1.0742471852224784</speed>
					<speedAcc>-1.0</speedAcc>
					<courseAcc>-1.0</courseAcc>
					<gpxtpx:TrackPointExtension>
						<gpxtpx:hr>138.0</gpxtpx:hr>
					</gpxtpx:TrackPointExtension>
				</extensions>
			</trkpt>
			<trkpt lat="47.33907604854004" lon="19.051077230789193">
				<ele>98.3230834659189</ele>
				<time>2025-07-15T14:51:58Z</time>
				<extensions>
					<vAcc>0.0</vAcc>
					<course>112.20125601430468</course>
					<hAcc>0.0</hAcc>
					<speed>1.0153410079609748</speed>
					<speedAcc>-1.0</speedAcc>
					<courseAcc>-1.0</courseAcc>
					<gpxtpx:TrackPointExtension>
						<gpxtpx:hr>138.0</gpxtpx:hr>
					</gpxtpx:TrackPointExtension>
				</extensions>
			</trkpt>
			<trkpt lat="47.33906889160423" lon="19.051101572084367">
				<ele>98.11674354225397</ele>
				<time>2025-07-15T14:52:00Z</time>
				<extensions>
					<vAcc>0.0</vAcc>
					<course>112.31302278379542</course>
					<hAcc>0.0</hAcc>
					<speed>0.981414379771302</speed>
					<speedAcc>-1.0</speedAcc>
					<courseAcc>-1.0</courseAcc>
					<gpxtpx:TrackPointExtension>
						<gpxtpx:hr>138.0</gpxtpx:hr>
					</gpxtpx:TrackPointExtension>
				</extensions>
			</trkpt>
			<trkpt lat="47.33905898252534" lon="19.05113513135508">
				<ele>98.05000216607004</ele>
				<time>2025-07-15T14:52:03Z</time>
				<extensions>
					<vAcc>0.0</vAcc>
					<course>114.02558470113452</course>
					<hAcc>0.0</hAcc>
					<speed>0.8695860213198503</speed>
					<speedAcc>-1.0</speedAcc>
					<courseAcc>-1.0</courseAcc>
					<gpxtpx:TrackPointExtension>
						<gpxtpx:hr>136.0</gpxtpx:hr>
					</gpxtpx:TrackPointExtension>
				</extensions>
			</trkpt>
			<trkpt lat="47.33905200809293" lon="19.05115733440542">
				<ele>98.4766965508461</ele>
				<time>2025-07-15T14:52:05Z</time>
				<extensions>
					<vAcc>0.0</vAcc>
					<course>114.39519506867481</course>
					<hAcc>0.0</hAcc>
					<speed>0.8665129892442154</speed>
					<speedAcc>-1.0</speedAcc>
					<courseAcc>-1.0</courseAcc>
					<gpxtpx:TrackPointExtension>
						<gpxtpx:hr>136.0</gpxtpx:hr>
					</gpxtpx:TrackPointExtension>
				</extensions>
			</trkpt>
			<trkpt lat="47.3390439671138" lon="19.05118810499779">
				<ele>98.32374215871096</ele>
				<time>2025-07-15T14:52:08Z</time>
				<extensions>
					<vAcc>0.0</vAcc>
					<course>109.22757033196129</course>
					<hAcc>0.0</hAcc>
					<speed>0.754129736130062</speed>
					<speedAcc>-1.0</speedAcc>
					<courseAcc>-1.0</courseAcc>
					<gpxtpx:TrackPointExtension>
						<gpxtpx:hr>135.0</gpxtpx:hr>
					</gpxtpx:TrackPointExtension>
				</extensions>
			</trkpt>
			<trkpt lat="47.33903658984762" lon="19.05121694437917">
				<ele>98.36269231326878</ele>
				<time>2025-07-15T14:52:11Z</time>
				<extensions>
					<vAcc>0.0</vAcc>
					<course>111.9954176610322</course>
					<hAcc>0.0</hAcc>
					<speed>0.7074535377047529</speed>
					<speedAcc>-1.0</speedAcc>
					<courseAcc>-1.0</courseAcc>
					<gpxtpx:TrackPointExtension>
						<gpxtpx:hr>135.0</gpxtpx:hr>
					</gpxtpx:TrackPointExtension>
				</extensions>
			</trkpt>
			<trkpt lat="47.33903095460894" lon="19.051236890621464">
				<ele>98.60976279247552</ele>
				<time>2025-07-15T14:52:13Z</time>
				<extensions>
					<vAcc>0.0</vAcc>
					<course>112.5181332588447</course>
					<hAcc>0.0</hAcc>
					<speed>0.7146100086578714</speed>
					<speedAcc>-1.0</speedAcc>
					<courseAcc>-1.0</courseAcc>
					<gpxtpx:TrackPointExtension>
						<gpxtpx:hr>136.0</gpxtpx:hr>
					</gpxtpx:TrackPointExtension>
				</extensions>
			</trkpt>
			<trkpt lat="47.33902269655891" lon="19.051264718741006">
				<ele>98.65614728350192</ele>
				<time>2025-07-15T14:52:16Z</time>
				<extensions>
					<vAcc>0.0</vAcc>
					<course>112.70006222881585</course>
					<hAcc>0.0</hAcc>
					<speed>0.6706376024183914</speed>
					<speedAcc>-1.0</speedAcc>
					<courseAcc>-1.0</courseAcc>
					<gpxtpx:TrackPointExtension>
						<gpxtpx:hr>136.0</gpxtpx:hr>
					</gpxtpx:TrackPointExtension>
				</extensions>
			</trkpt>
			<trkpt lat="47.33901495022876" lon="19.051290758950024">
				<ele>98.69672292470932</ele>
				<time>2025-07-15T14:52:19Z</time>
				<extensions>
					<vAcc>0.0</vAcc>
					<course>112.9459198468206</course>
					<hAcc>0.0</hAcc>
					<speed>0.6052319941454182</speed>
					<speedAcc>-1.0</speedAcc>
					<courseAcc>-1.0</courseAcc>
					<gpxtpx:TrackPointExtension>
						<gpxtpx:hr>133.0</gpxtpx:hr>
					</gpxtpx:TrackPointExtension>
				</extensions>
			</trkpt>
			<trkpt lat="47.33900630164392" lon="19.05132231652988">
				<ele>98.73367457091808</ele>
				<time>2025-07-15T14:52:23Z</time>
				<extensions>
					<vAcc>0.0</vAcc>
					<course>110.55956666961224</course>
					<hAcc>0.0</hAcc>
					<speed>0.5793325337943657</speed>
					<speedAcc>-1.0</speedAcc>
					<courseAcc>-1.0</courseAcc>
					<gpxtpx:TrackPointExtension>
						<gpxtpx:hr>133.0</gpxtpx:hr>
					</gpxtpx:TrackPointExtension>
				</extensions>
			</trkpt>
			<trkpt lat="47.338953282297304" lon="19.051432214254106">
				<ele>99.12984152883291</ele>
				<time>2025-07-15T14:52:42Z</time>
				<extensions>
					<vAcc>0.0</vAcc>
					<course>146.93461319842882</course>
					<hAcc>0.0</hAcc>
					<speed>0.569936473859853</speed>
					<speedAcc>-1.0</speedAcc>
					<courseAcc>-1.0</courseAcc>
					<gpxtpx:TrackPointExtension>
						<gpxtpx:hr>129.0</gpxtpx:hr>
					</gpxtpx:TrackPointExtension>
				</extensions>
			</trkpt>
			<trkpt lat="47.33894018277253" lon="19.051454676403342">
				<ele>98.94918372388929</ele>
				<time>2025-07-15T14:52:44Z</time>
				<extensions>
					<vAcc>0.0</vAcc>
					<course>137.97746601430225</course>
					<hAcc>0.0</hAcc>
					<speed>1.1327410594638305</speed>
					<speedAcc>-1.0</speedAcc>
					<courseAcc>-1.0</courseAcc>
					<gpxtpx:TrackPointExtension>
						<gpxtpx:hr>129.0</gpxtpx:hr>
					</gpxtpx:TrackPointExtension>
				</extensions>
			</trkpt>
			<trkpt lat="47.33893252524178" lon="19.051488574681127">
				<ele>99.7311637531966</ele>
				<time>2025-07-15T14:52:48Z</time>
				<extensions>
					<vAcc>0.0</vAcc>
					<course>93.00103608591654</course>
					<hAcc>0.0</hAcc>
					<speed>0.587302077717345</speed>
					<speedAcc>-1.0</speedAcc>
					<courseAcc>-1.0</courseAcc>
					<gpxtpx:TrackPointExtension>
						<gpxtpx:hr>128.0</gpxtpx:hr>
					</gpxtpx:TrackPointExtension>
				</extensions>
			</trkpt>
			<trkpt lat="47.338925484455736" lon="19.051522835419693">
				<ele>99.18110782280564</ele>
				<time>2025-07-15T14:52:52Z</time>
				<extensions>
					<vAcc>0.0</vAcc>
					<course>124.15052424884318</course>
					<hAcc>0.0</hAcc>
					<speed>0.8350811712376938</speed>
					<speedAcc>-1.0</speedAcc>
					<courseAcc>-1.0</courseAcc>
					<gpxtpx:TrackPointExtension>
						<gpxtpx:hr>128.0</gpxtpx:hr>
					</gpxtpx:TrackPointExtension>
				</extensions>
			</trkpt>
			<trkpt lat="47.338924000929715" lon="19.051552551842978">
				<ele>99.35668097343296</ele>
				<time>2025-07-15T14:52:55Z</time>
				<extensions>
					<vAcc>0.0</vAcc>
					<course>87.65468242481388</course>
					<hAcc>0.0</hAcc>
					<speed>0.6845501690320801</speed>
					<speedAcc>-1.0</speedAcc>
					<courseAcc>-1.0</courseAcc>
					<gpxtpx:TrackPointExtension>
						<gpxtpx:hr>128.0</gpxtpx:hr>
					</gpxtpx:TrackPointExtension>
				</extensions>
			</trkpt>
			<trkpt lat="47.33892878666666" lon="19.05157768911464">
				<ele>99.06487623043358</ele>
				<time>2025-07-15T14:52:57Z</time>
				<extensions>
					<vAcc>0.0</vAcc>
					<course>75.807504913749</course>
					<hAcc>0.0</hAcc>
					<speed>0.8628014389029232</speed>
					<speedAcc>-1.0</speedAcc>
					<courseAcc>-1.0</courseAcc>
					<gpxtpx:TrackPointExtension>
						<gpxtpx:hr>128.0</gpxtpx:hr>
					</gpxtpx:TrackPointExtension>
				</extensions>
			</trkpt>
			<trkpt lat="47.33894062401356" lon="19.0515909965964">
				<ele>98.15020531509072</ele>
				<time>2025-07-15T14:52:58Z</time>
				<extensions>
					<vAcc>0.0</vAcc>
					<course>41.02317562066696</course>
					<hAcc>0.0</hAcc>
					<speed>1.0454178673567691</speed>
					<speedAcc>-1.0</speedAcc>
					<courseAcc>-1.0</courseAcc>
					<gpxtpx:TrackPointExtension>
						<gpxtpx:hr>128.0</gpxtpx:hr>
					</gpxtpx:TrackPointExtension>
				</extensions>
			</trkpt>
			<trkpt lat="47.33895767304114" lon="19.05161484089366">
				<ele>97.8361667599529</ele>
				<time>2025-07-15T14:53:00Z</time>
				<extensions>
					<vAcc>0.0</vAcc>
					<course>40.0048759914504</course>
					<hAcc>0.0</hAcc>
					<speed>1.1406190510266387</speed>
					<speedAcc>-1.0</speedAcc>
					<courseAcc>-1.0</courseAcc>
					<gpxtpx:TrackPointExtension>
						<gpxtpx:hr>128.0</gpxtpx:hr>
					</gpxtpx:TrackPointExtension>
				</extensions>
			</trkpt>
			<trkpt lat="47.33896917343686" lon="19.05163702615532">
				<ele>98.88351356238127</ele>
				<time>2025-07-15T14:53:02Z</time>
				<extensions>
					<vAcc>0.0</vAcc>
					<course>53.757713267674625</course>
					<hAcc>0.0</hAcc>
					<speed>0.8547574392499397</speed>
					<speedAcc>-1.0</speedAcc>
					<courseAcc>-1.0</courseAcc>
					<gpxtpx:TrackPointExtension>
						<gpxtpx:hr>128.0</gpxtpx:hr>
					</gpxtpx:TrackPointExtension>
				</extensions>
			</trkpt>
			<trkpt lat="47.338982292256155" lon="19.051662203105195">
				<ele>99.39484661538154</ele>
				<time>2025-07-15T14:53:04Z</time>
				<extensions>
					<vAcc>0.0</vAcc>
					<course>46.70498474008195</course>
					<hAcc>0.0</hAcc>
					<speed>1.0815048865983694</speed>
					<speedAcc>-1.0</speedAcc>
					<courseAcc>-1.0</courseAcc>
					<gpxtpx:TrackPointExtension>
						<gpxtpx:hr>128.0</gpxtpx:hr>
					</gpxtpx:TrackPointExtension>
				</extensions>
			</trkpt>
			<trkpt lat="47.3389927947661" lon="19.051678287663037">
				<ele>99.23203692119569</ele>
				<time>2025-07-15T14:53:05Z</time>
				<extensions>
					<vAcc>0.0</vAcc>
					<course>41.60865113848971</course>
					<hAcc>0.0</hAcc>
					<speed>1.251502375168453</speed>
					<speedAcc>-1.0</speedAcc>
					<courseAcc>-1.0</courseAcc>
					<gpxtpx:TrackPointExtension>
						<gpxtpx:hr>128.0</gpxtpx:hr>
					</gpxtpx:TrackPointExtension>
				</extensions>
			</trkpt>
			<trkpt lat="47.33901389122354" lon="19.051701866741848">
				<ele>99.07036137860268</ele>
				<time>2025-07-15T14:53:07Z</time>
				<extensions>
					<vAcc>0.0</vAcc>
					<course>30.33308378486615</course>
					<hAcc>0.0</hAcc>
					<speed>1.3452693997256064</speed>
					<speedAcc>-1.0</speedAcc>
					<courseAcc>-1.0</courseAcc>
					<gpxtpx:TrackPointExtension>
						<gpxtpx:hr>130.0</gpxtpx:hr>
					</gpxtpx:TrackPointExtension>
				</extensions>
			</trkpt>
			<trkpt lat="47.33903797432054" lon="19.051725288118515">
				<ele>99.50050745066255</ele>
				<time>2025-07-15T14:53:09Z</time>
				<extensions>
					<vAcc>0.0</vAcc>
					<course>28.848657178011898</course>
					<hAcc>0.0</hAcc>
					<speed>1.51978094271398</speed>
					<speedAcc>-1.0</speedAcc>
					<courseAcc>-1.0</courseAcc>
					<gpxtpx:TrackPointExtension>
						<gpxtpx:hr>130.0</gpxtpx:hr>
					</gpxtpx:TrackPointExtension>
				</extensions>
			</trkpt>
			<trkpt lat="47.33906202073779" lon="19.0517444637692">
				<ele>98.92477920278907</ele>
				<time>2025-07-15T14:53:11Z</time>
				<extensions>
					<vAcc>0.0</vAcc>
					<course>24.272654945895283</course>
					<hAcc>0.0</hAcc>
					<speed>1.4131449298036498</speed>
					<speedAcc>-1.0</speedAcc>
					<courseAcc>-1.0</courseAcc>
					<gpxtpx:TrackPointExtension>
						<gpxtpx:hr>130.0</gpxtpx:hr>
					</gpxtpx:TrackPointExtension>
				</extensions>
			</trkpt>
			<trkpt lat="47.33907665570426" lon="19.051754318979242">
				<ele>99.00706979352981</ele>
				<time>2025-07-15T14:53:12Z</time>
				<extensions>
					<vAcc>0.0</vAcc>
					<course>21.875876871982747</course>
					<hAcc>0.0</hAcc>
					<speed>1.5345603809854265</speed>
					<speedAcc>-1.0</speedAcc>
					<courseAcc>-1.0</courseAcc>
					<gpxtpx:TrackPointExtension>
						<gpxtpx:hr>128.0</gpxtpx:hr>
					</gpxtpx:TrackPointExtension>
				</extensions>
			</trkpt>
			<trkpt lat="47.33909683436109" lon="19.05177260791385">
				<ele>99.13655527494848</ele>
				<time>2025-07-15T14:53:14Z</time>
				<extensions>
					<vAcc>0.0</vAcc>
					<course>33.976384136039165</course>
					<hAcc>0.0</hAcc>
					<speed>1.1328295626264377</speed>
					<speedAcc>-1.0</speedAcc>
					<courseAcc>-1.0</courseAcc>
					<gpxtpx:TrackPointExtension>
						<gpxtpx:hr>128.0</gpxtpx:hr>
					</gpxtpx:TrackPointExtension>
				</extensions>
			</trkpt>
			<trkpt lat="47.3391121419183" lon="19.051782986813077">
				<ele>99.31552154850215</ele>
				<time>2025-07-15T14:53:15Z</time>
				<extensions>
					<vAcc>0.0</vAcc>
					<course>22.75443139172533</course>
					<hAcc>0.0</hAcc>
					<speed>1.471943930786573</speed>
					<speedAcc>-1.0</speedAcc>
					<courseAcc>-1.0</courseAcc>
					<gpxtpx:TrackPointExtension>
						<gpxtpx:hr>128.0</gpxtpx:hr>
					</gpxtpx:TrackPointExtension>
				</extensions>
			</trkpt>
			<trkpt lat="47.33912987985845" lon="19.051795338124155">
				<ele>98.44674997963011</ele>
				<time>2025-07-15T14:53:16Z</time>
				<extensions>
					<vAcc>0.0</vAcc>
					<course>26.89796840874612</course>
					<hAcc>0.0</hAcc>
					<speed>1.7761902010841741</speed>
					<speedAcc>-1.0</speedAcc>
					<courseAcc>-1.0</courseAcc>
					<gpxtpx:TrackPointExtension>
						<gpxtpx:hr>128.0</gpxtpx:hr>
					</gpxtpx:TrackPointExtension>
				</extensions>
			</trkpt>
			<trkpt lat="47.33915873992813" lon="19.05181215739059">
				<ele>97.69744382146746</ele>
				<time>2025-07-15T14:53:18Z</time>
				<extensions>
					<vAcc>0.0</vAcc>
					<course>20.435054566870264</course>
					<hAcc>0.0</hAcc>
					<speed>1.557649957651845</speed>
					<speedAcc>-1.0</speedAcc>
					<courseAcc>-1.0</courseAcc>
					<gpxtpx:TrackPointExtension>
						<gpxtpx:hr>128.0</gpxtpx:hr>
					</gpxtpx:TrackPointExtension>
				</extensions>
			</trkpt>
			<trkpt lat="47.33918456356133" lon="19.051821585240067">
				<ele>97.32593710999936</ele>
				<time>2025-07-15T14:53:20Z</time>
				<extensions>
					<vAcc>0.0</vAcc>
					<course>11.03005232167501</course>
					<hAcc>0.0</hAcc>
					<speed>1.3307194205370305</speed>
					<speedAcc>-1.0</speedAcc>
					<courseAcc>-1.0</courseAcc>
					<gpxtpx:TrackPointExtension>
						<gpxtpx:hr>128.0</gpxtpx:hr>
					</gpxtpx:TrackPointExtension>
				</extensions>
			</trkpt>
			<trkpt lat="47.33919990817278" lon="19.051830792120448">
				<ele>97.58023418672383</ele>
				<time>2025-07-15T14:53:21Z</time>
				<extensions>
					<vAcc>0.0</vAcc>
					<course>24.597572423379862</course>
					<hAcc>0.0</hAcc>
					<speed>1.545730335968256</speed>
					<speedAcc>-1.0</speedAcc>
					<courseAcc>-1.0</courseAcc>
					<gpxtpx:TrackPointExtension>
						<gpxtpx:hr>128.0</gpxtpx:hr>
					</gpxtpx:TrackPointExtension>
				</extensions>
			</trkpt>
			<trkpt lat="47.339225367361095" lon="19.051853274983053">
				<ele>97.64502559881657</ele>
				<time>2025-07-15T14:53:23Z</time>
				<extensions>
					<vAcc>0.0</vAcc>
					<course>37.6070343675437</course>
					<hAcc>0.0</hAcc>
					<speed>1.6148607910949688</speed>
					<speedAcc>-1.0</speedAcc>
					<courseAcc>-1.0</courseAcc>
					<gpxtpx:TrackPointExtension>
						<gpxtpx:hr>128.0</gpxtpx:hr>
					</gpxtpx:TrackPointExtension>
				</extensions>
			</trkpt>
			<trkpt lat="47.33925013433849" lon="19.051884732597408">
				<ele>97.89173276349902</ele>
				<time>2025-07-15T14:53:25Z</time>
				<extensions>
					<vAcc>0.0</vAcc>
					<course>43.44434899409749</course>
					<hAcc>0.0</hAcc>
					<speed>1.813821077960604</speed>
					<speedAcc>-1.0</speedAcc>
					<courseAcc>-1.0</courseAcc>
					<gpxtpx:TrackPointExtension>
						<gpxtpx:hr>128.0</gpxtpx:hr>
					</gpxtpx:TrackPointExtension>
				</extensions>
			</trkpt>
			<trkpt lat="47.339278396710036" lon="19.05192359108242">
				<ele>98.1634760517627</ele>
				<time>2025-07-15T14:53:27Z</time>
				<extensions>
					<vAcc>0.0</vAcc>
					<course>42.78918854228457</course>
					<hAcc>0.0</hAcc>
					<speed>2.1864139029066494</speed>
					<speedAcc>-1.0</speedAcc>
					<courseAcc>-1.0</courseAcc>
					<gpxtpx:TrackPointExtension>
						<gpxtpx:hr>128.0</gpxtpx:hr>
					</gpxtpx:TrackPointExtension>
				</extensions>
			</trkpt>
			<trkpt lat="47.33931177447034" lon="19.05196915867295">
				<ele>97.47425533086061</ele>
				<time>2025-07-15T14:53:30Z</time>
				<extensions>
					<vAcc>0.0</vAcc>
					<course>45.15530528185904</course>
					<hAcc>0.0</hAcc>
					<speed>1.5069176239143904</speed>
					<speedAcc>-1.0</speedAcc>
					<courseAcc>-1.0</courseAcc>
					<gpxtpx:TrackPointExtension>
						<gpxtpx:hr>129.0</gpxtpx:hr>
					</gpxtpx:TrackPointExtension>
				</extensions>
			</trkpt>
			<trkpt lat="47.33933040146751" lon="19.051998718864496">
				<ele>97.53234836179763</ele>
				<time>2025-07-15T14:53:32Z</time>
				<extensions>
					<vAcc>0.0</vAcc>
					<course>46.03743924440178</course>
					<hAcc>0.0</hAcc>
					<speed>1.6318516055638905</speed>
					<speedAcc>-1.0</speedAcc>
					<courseAcc>-1.0</courseAcc>
					<gpxtpx:TrackPointExtension>
						<gpxtpx:hr>129.0</gpxtpx:hr>
					</gpxtpx:TrackPointExtension>
				</extensions>
			</trkpt>
			<trkpt lat="47.33934249962909" lon="19.052017255856693">
				<ele>98.34725512657315</ele>
				<time>2025-07-15T14:53:33Z</time>
				<extensions>
					<vAcc>0.0</vAcc>
					<course>44.047108504499704</course>
					<hAcc>0.0</hAcc>
					<speed>1.8623868486074109</speed>
					<speedAcc>-1.0</speedAcc>
					<courseAcc>-1.0</courseAcc>
					<gpxtpx:TrackPointExtension>
						<gpxtpx:hr>129.0</gpxtpx:hr>
					</gpxtpx:TrackPointExtension>
				</extensions>
			</trkpt>
			<trkpt lat="47.33935843583785" lon="19.052049301499324">
				<ele>98.83404892869294</ele>
				<time>2025-07-15T14:53:35Z</time>
				<extensions>
					<vAcc>0.0</vAcc>
					<course>55.08736992144073</course>
					<hAcc>0.0</hAcc>
					<speed>1.4984939459369158</speed>
					<speedAcc>-1.0</speedAcc>
					<courseAcc>-1.0</courseAcc>
					<gpxtpx:TrackPointExtension>
						<gpxtpx:hr>129.0</gpxtpx:hr>
					</gpxtpx:TrackPointExtension>
				</extensions>
			</trkpt>
			<trkpt lat="47.33937162766315" lon="19.052080929988342">
				<ele>98.37771062832326</ele>
				<time>2025-07-15T14:53:37Z</time>
				<extensions>
					<vAcc>0.0</vAcc>
					<course>56.95273504960555</course>
					<hAcc>0.0</hAcc>
					<speed>1.3677165318644207</speed>
					<speedAcc>-1.0</speedAcc>
					<courseAcc>-1.0</courseAcc>
					<gpxtpx:TrackPointExtension>
						<gpxtpx:hr>131.0</gpxtpx:hr>
					</gpxtpx:TrackPointExtension>
				</extensions>
			</trkpt>
			<trkpt lat="47.339382964955846" lon="19.052108475308536">
				<ele>99.23496241681278</ele>
				<time>2025-07-15T14:53:39Z</time>
				<extensions>
					<vAcc>0.0</vAcc>
					<course>54.57075625457399</course>
					<hAcc>0.0</hAcc>
					<speed>1.1617766549423647</speed>
					<speedAcc>-1.0</speedAcc>
					<courseAcc>-1.0</courseAcc>
					<gpxtpx:TrackPointExtension>
						<gpxtpx:hr>133.0</gpxtpx:hr>
					</gpxtpx:TrackPointExtension>
				</extensions>
			</trkpt>
			<trkpt lat="47.339400091574085" lon="19.052134567810747">
				<ele>99.14812081959099</ele>
				<time>2025-07-15T14:53:41Z</time>
				<extensions>
					<vAcc>0.0</vAcc>
					<course>37.643295052088746</course>
					<hAcc>0.0</hAcc>
					<speed>1.348919897071239</speed>
					<speedAcc>-1.0</speedAcc>
					<courseAcc>-1.0</courseAcc>
					<gpxtpx:TrackPointExtension>
						<gpxtpx:hr>133.0</gpxtpx:hr>
					</gpxtpx:TrackPointExtension>
				</extensions>
			</trkpt>
			<trkpt lat="47.33942074314169" lon="19.052160328630315">
				<ele>99.03779884334654</ele>
				<time>2025-07-15T14:53:43Z</time>
				<extensions>
					<vAcc>0.0</vAcc>
					<course>36.32759631585588</course>
					<hAcc>0.0</hAcc>
					<speed>1.4406173718707083</speed>
					<speedAcc>-1.0</speedAcc>
					<courseAcc>-1.0</courseAcc>
					<gpxtpx:TrackPointExtension>
						<gpxtpx:hr>133.0</gpxtpx:hr>
					</gpxtpx:TrackPointExtension>
				</extensions>
			</trkpt>
			<trkpt lat="47.33944522456667" lon="19.05218403953283">
				<ele>99.10464907530695</ele>
				<time>2025-07-15T14:53:45Z</time>
				<extensions>
					<vAcc>0.0</vAcc>
					<course>29.00118886032859</course>
					<hAcc>0.0</hAcc>
					<speed>1.535619737249877</speed>
					<speedAcc>-1.0</speedAcc>
					<courseAcc>-1.0</courseAcc>
					<gpxtpx:TrackPointExtension>
						<gpxtpx:hr>134.0</gpxtpx:hr>
					</gpxtpx:TrackPointExtension>
				</extensions>
			</trkpt>
			<trkpt lat="47.339472040925" lon="19.05220864976561">
				<ele>99.55857358686626</ele>
				<time>2025-07-15T14:53:47Z</time>
				<extensions>
					<vAcc>0.0</vAcc>
					<course>28.205717832176333</course>
					<hAcc>0.0</hAcc>
					<speed>1.6241026019851166</speed>
					<speedAcc>-1.0</speedAcc>
					<courseAcc>-1.0</courseAcc>
					<gpxtpx:TrackPointExtension>
						<gpxtpx:hr>134.0</gpxtpx:hr>
					</gpxtpx:TrackPointExtension>
				</extensions>
			</trkpt>
			<trkpt lat="47.339497379989155" lon="19.052235478265473">
				<ele>100.19272103719413</ele>
				<time>2025-07-15T14:53:49Z</time>
				<extensions>
					<vAcc>0.0</vAcc>
					<course>33.64455314466886</course>
					<hAcc>0.0</hAcc>
					<speed>1.6335925027972822</speed>
					<speedAcc>-1.0</speedAcc>
					<courseAcc>-1.0</courseAcc>
					<gpxtpx:TrackPointExtension>
						<gpxtpx:hr>134.0</gpxtpx:hr>
					</gpxtpx:TrackPointExtension>
				</extensions>
			</trkpt>
			<trkpt lat="47.339526680522454" lon="19.05226192722268">
				<ele>98.73336777463555</ele>
				<time>2025-07-15T14:53:51Z</time>
				<extensions>
					<vAcc>0.0</vAcc>
					<course>32.3896805688631</course>
					<hAcc>0.0</hAcc>
					<speed>1.9149563208185885</speed>
					<speedAcc>-1.0</speedAcc>
					<courseAcc>-1.0</courseAcc>
					<gpxtpx:TrackPointExtension>
						<gpxtpx:hr>134.0</gpxtpx:hr>
					</gpxtpx:TrackPointExtension>
				</extensions>
			</trkpt>
			<trkpt lat="47.339565816294275" lon="19.052293491670127">
				<ele>98.10258667729795</ele>
				<time>2025-07-15T14:53:54Z</time>
				<extensions>
					<vAcc>0.0</vAcc>
					<course>31.17546645896332</course>
					<hAcc>0.0</hAcc>
					<speed>1.5884951087469277</speed>
					<speedAcc>-1.0</speedAcc>
					<courseAcc>-1.0</courseAcc>
					<gpxtpx:TrackPointExtension>
						<gpxtpx:hr>137.0</gpxtpx:hr>
					</gpxtpx:TrackPointExtension>
				</extensions>
			</trkpt>
			<trkpt lat="47.33959197067441" lon="19.052312249255596">
				<ele>97.37334873806685</ele>
				<time>2025-07-15T14:53:56Z</time>
				<extensions>
					<vAcc>0.0</vAcc>
					<course>30.649456222150416</course>
					<hAcc>0.0</hAcc>
					<speed>1.7112713927899845</speed>
					<speedAcc>-1.0</speedAcc>
					<courseAcc>-1.0</courseAcc>
					<gpxtpx:TrackPointExtension>
						<gpxtpx:hr>137.0</gpxtpx:hr>
					</gpxtpx:TrackPointExtension>
				</extensions>
			</trkpt>
			<trkpt lat="47.33962045466788" lon="19.052336335217422">
				<ele>97.70543473772705</ele>
				<time>2025-07-15T14:53:58Z</time>
				<extensions>
					<vAcc>0.0</vAcc>
					<course>35.12027847844747</course>
					<hAcc>0.0</hAcc>
					<speed>1.9844149072369675</speed>
					<speedAcc>-1.0</speedAcc>
					<courseAcc>-1.0</courseAcc>
					<gpxtpx:TrackPointExtension>
						<gpxtpx:hr>137.0</gpxtpx:hr>
					</gpxtpx:TrackPointExtension>
				</extensions>
			</trkpt>
			<trkpt lat="47.339638329907196" lon="19.052366399019203">
				<ele>97.12244147248566</ele>
				<time>2025-07-15T14:54:00Z</time>
				<extensions>
					<vAcc>0.0</vAcc>
					<course>55.44641707713351</course>
					<hAcc>0.0</hAcc>
					<speed>1.6705945166189013</speed>
					<speedAcc>-1.0</speedAcc>
					<courseAcc>-1.0</courseAcc>
					<gpxtpx:TrackPointExtension>
						<gpxtpx:hr>140.0</gpxtpx:hr>
					</gpxtpx:TrackPointExtension>
				</extensions>
			</trkpt>
			<trkpt lat="47.339655709830375" lon="19.052388530660682">
				<ele>96.70450862683356</ele>
				<time>2025-07-15T14:54:02Z</time>
				<extensions>
					<vAcc>0.0</vAcc>
					<course>39.816318393063696</course>
					<hAcc>0.0</hAcc>
					<speed>1.4415276901727099</speed>
					<speedAcc>-1.0</speedAcc>
					<courseAcc>-1.0</courseAcc>
					<gpxtpx:TrackPointExtension>
						<gpxtpx:hr>140.0</gpxtpx:hr>
					</gpxtpx:TrackPointExtension>
				</extensions>
			</trkpt>
			<trkpt lat="47.339673721745356" lon="19.05240072722318">
				<ele>96.68869124166667</ele>
				<time>2025-07-15T14:54:03Z</time>
				<extensions>
					<vAcc>0.0</vAcc>
					<course>31.472532009867997</course>
					<hAcc>0.0</hAcc>
					<speed>1.9823482294508694</speed>
					<speedAcc>-1.0</speedAcc>
					<courseAcc>-1.0</courseAcc>
					<gpxtpx:TrackPointExtension>
						<gpxtpx:hr>140.0</gpxtpx:hr>
					</gpxtpx:TrackPointExtension>
				</extensions>
			</trkpt>
			<trkpt lat="47.33970855458818" lon="19.052437777717877">
				<ele>96.71235596761107</ele>
				<time>2025-07-15T14:54:06Z</time>
				<extensions>
					<vAcc>0.0</vAcc>
					<course>40.615622426332784</course>
					<hAcc>0.0</hAcc>
					<speed>1.6602626838100512</speed>
					<speedAcc>-1.0</speedAcc>
					<courseAcc>-1.0</courseAcc>
					<gpxtpx:TrackPointExtension>
						<gpxtpx:hr>140.0</gpxtpx:hr>
					</gpxtpx:TrackPointExtension>
				</extensions>
			</trkpt>
			<trkpt lat="47.33972862547952" lon="19.052456335565676">
				<ele>96.30517706461251</ele>
				<time>2025-07-15T14:54:08Z</time>
				<extensions>
					<vAcc>0.0</vAcc>
					<course>33.072344101027866</course>
					<hAcc>0.0</hAcc>
					<speed>1.624370383197778</speed>
					<speedAcc>-1.0</speedAcc>
					<courseAcc>-1.0</courseAcc>
					<gpxtpx:TrackPointExtension>
						<gpxtpx:hr>141.0</gpxtpx:hr>
					</gpxtpx:TrackPointExtension>
				</extensions>
			</trkpt>
			<trkpt lat="47.339746873669824" lon="19.052479513702764">
				<ele>96.60216295626014</ele>
				<time>2025-07-15T14:54:10Z</time>
				<extensions>
					<vAcc>0.0</vAcc>
					<course>42.135051180960716</course>
					<hAcc>0.0</hAcc>
					<speed>1.5365056137377942</speed>
					<speedAcc>-1.0</speedAcc>
					<courseAcc>-1.0</courseAcc>
					<gpxtpx:TrackPointExtension>
						<gpxtpx:hr>140.0</gpxtpx:hr>
					</gpxtpx:TrackPointExtension>
				</extensions>
			</trkpt>
			<trkpt lat="47.339766557324324" lon="19.052501757188985">
				<ele>96.25096620619297</ele>
				<time>2025-07-15T14:54:12Z</time>
				<extensions>
					<vAcc>0.0</vAcc>
					<course>32.96015128659574</course>
					<hAcc>0.0</hAcc>
					<speed>1.503262008456777</speed>
					<speedAcc>-1.0</speedAcc>
					<courseAcc>-1.0</courseAcc>
					<gpxtpx:TrackPointExtension>
						<gpxtpx:hr>140.0</gpxtpx:hr>
					</gpxtpx:TrackPointExtension>
				</extensions>
			</trkpt>
			<trkpt lat="47.339775443013615" lon="19.05251893988273">
				<ele>96.6103746984154</ele>
				<time>2025-07-15T14:54:13Z</time>
				<extensions>
					<vAcc>0.0</vAcc>
					<course>46.52520806830513</course>
					<hAcc>0.0</hAcc>
					<speed>1.6390630872483871</speed>
					<speedAcc>-1.0</speedAcc>
					<courseAcc>-1.0</courseAcc>
					<gpxtpx:TrackPointExtension>
						<gpxtpx:hr>140.0</gpxtpx:hr>
					</gpxtpx:TrackPointExtension>
				</extensions>
			</trkpt>
			<trkpt lat="47.33980413521555" lon="19.05255769870993">
				<ele>97.64401757530868</ele>
				<time>2025-07-15T14:54:16Z</time>
				<extensions>
					<vAcc>0.0</vAcc>
					<course>36.76874571647944</course>
					<hAcc>0.0</hAcc>
					<speed>1.4779022477714099</speed>
					<speedAcc>-1.0</speedAcc>
					<courseAcc>-1.0</courseAcc>
					<gpxtpx:TrackPointExtension>
						<gpxtpx:hr>135.0</gpxtpx:hr>
					</gpxtpx:TrackPointExtension>
				</extensions>
			</trkpt>
			<trkpt lat="47.33982188609698" lon="19.05257768272652">
				<ele>97.79852377157658</ele>
				<time>2025-07-15T14:54:18Z</time>
				<extensions>
					<vAcc>0.0</vAcc>
					<course>34.002243324312296</course>
					<hAcc>0.0</hAcc>
					<speed>1.305487888582327</speed>
					<speedAcc>-1.0</speedAcc>
					<courseAcc>-1.0</courseAcc>
					<gpxtpx:TrackPointExtension>
						<gpxtpx:hr>135.0</gpxtpx:hr>
					</gpxtpx:TrackPointExtension>
				</extensions>
			</trkpt>
			<trkpt lat="47.339834700790576" lon="19.05258583284368">
				<ele>97.96236383635551</ele>
				<time>2025-07-15T14:54:19Z</time>
				<extensions>
					<vAcc>0.0</vAcc>
					<course>24.35668379366255</course>
					<hAcc>0.0</hAcc>
					<speed>1.4670662753816501</speed>
					<speedAcc>-1.0</speedAcc>
					<courseAcc>-1.0</courseAcc>
					<gpxtpx:TrackPointExtension>
						<gpxtpx:hr>135.0</gpxtpx:hr>
					</gpxtpx:TrackPointExtension>
				</extensions>
			</trkpt>
			<trkpt lat="47.339861159330674" lon="19.0526018624449">
				<ele>98.9032670892775</ele>
				<time>2025-07-15T14:54:21Z</time>
				<extensions>
					<vAcc>0.0</vAcc>
					<course>19.903598813715004</course>
					<hAcc>0.0</hAcc>
					<speed>1.6379394908656966</speed>
					<speedAcc>-1.0</speedAcc>
					<courseAcc>-1.0</courseAcc>
					<gpxtpx:TrackPointExtension>
						<gpxtpx:hr>135.0</gpxtpx:hr>
					</gpxtpx:TrackPointExtension>
				</extensions>
			</trkpt>
			<trkpt lat="47.339889261630105" lon="19.052612501978725">
				<ele>98.10335355252028</ele>
				<time>2025-07-15T14:54:23Z</time>
				<extensions>
					<vAcc>0.0</vAcc>
					<course>12.7501796290882</course>
					<hAcc>0.0</hAcc>
					<speed>1.6368885554304853</speed>
					<speedAcc>-1.0</speedAcc>
					<courseAcc>-1.0</courseAcc>
					<gpxtpx:TrackPointExtension>
						<gpxtpx:hr>135.0</gpxtpx:hr>
					</gpxtpx:TrackPointExtension>
				</extensions>
			</trkpt>
			<trkpt lat="47.33991808959272" lon="19.05261752978356">
				<ele>97.65036646835506</ele>
				<time>2025-07-15T14:54:25Z</time>
				<extensions>
					<vAcc>0.0</vAcc>
					<course>6.728399717107753</course>
					<hAcc>0.0</hAcc>
					<speed>1.6392755902409428</speed>
					<speedAcc>-1.0</speedAcc>
					<courseAcc>-1.0</courseAcc>
					<gpxtpx:TrackPointExtension>
						<gpxtpx:hr>135.0</gpxtpx:hr>
					</gpxtpx:TrackPointExtension>
				</extensions>
			</trkpt>
			<trkpt lat="47.3399449535225" lon="19.05261469692542">
				<ele>97.93568490352482</ele>
				<time>2025-07-15T14:54:27Z</time>
				<extensions>
					<vAcc>0.0</vAcc>
					<course>354.8588304118256</course>
					<hAcc>0.0</hAcc>
					<speed>1.5145912675499207</speed>
					<speedAcc>-1.0</speedAcc>
					<courseAcc>-1.0</courseAcc>
					<gpxtpx:TrackPointExtension>
						<gpxtpx:hr>135.0</gpxtpx:hr>
					</gpxtpx:TrackPointExtension>
				</extensions>
			</trkpt>
			<trkpt lat="47.33997149879604" lon="19.052609208347192">
				<ele>97.21598654147238</ele>
				<time>2025-07-15T14:54:29Z</time>
				<extensions>
					<vAcc>0.0</vAcc>
					<course>355.3003529978686</course>
					<hAcc>0.0</hAcc>
					<speed>1.5296754207247223</speed>
					<speedAcc>-1.0</speedAcc>
					<courseAcc>-1.0</courseAcc>
					<gpxtpx:TrackPointExtension>
						<gpxtpx:hr>135.0</gpxtpx:hr>
					</gpxtpx:TrackPointExtension>
				</extensions>
			</trkpt>
			<trkpt lat="47.3399967368894" lon="19.05259828741507">
				<ele>97.86206232383847</ele>
				<time>2025-07-15T14:54:31Z</time>
				<extensions>
					<vAcc>0.0</vAcc>
					<course>344.3094160749608</course>
					<hAcc>0.0</hAcc>
					<speed>1.484894811472554</speed>
					<speedAcc>-1.0</speedAcc>
					<courseAcc>-1.0</courseAcc>
					<gpxtpx:TrackPointExtension>
						<gpxtpx:hr>136.0</gpxtpx:hr>
					</gpxtpx:TrackPointExtension>
				</extensions>
			</trkpt>
			<trkpt lat="47.340021141815264" lon="19.052584067745602">
				<ele>97.48979339655489</ele>
				<time>2025-07-15T14:54:33Z</time>
				<extensions>
					<vAcc>0.0</vAcc>
					<course>341.88030487019495</course>
					<hAcc>0.0</hAcc>
					<speed>1.5281474506335033</speed>
					<speedAcc>-1.0</speedAcc>
					<courseAcc>-1.0</courseAcc>
					<gpxtpx:TrackPointExtension>
						<gpxtpx:hr>136.0</gpxtpx:hr>
					</gpxtpx:TrackPointExtension>
				</extensions>
			</trkpt>
			<trkpt lat="47.34004350139063" lon="19.052564631729997">
				<ele>96.78617742378265</ele>
				<time>2025-07-15T14:54:35Z</time>
				<extensions>
					<vAcc>0.0</vAcc>
					<course>332.10319827761776</course>
					<hAcc>0.0</hAcc>
					<speed>1.4568335444019358</speed>
					<speedAcc>-1.0</speedAcc>
					<courseAcc>-1.0</courseAcc>
					<gpxtpx:TrackPointExtension>
						<gpxtpx:hr>136.0</gpxtpx:hr>
					</gpxtpx:TrackPointExtension>
				</extensions>
			</trkpt>
			<trkpt lat="47.34006157745267" lon="19.05254796756602">
				<ele>97.19359012134373</ele>
				<time>2025-07-15T14:54:37Z</time>
				<extensions>
					<vAcc>0.0</vAcc>
					<course>336.68158162115094</course>
					<hAcc>0.0</hAcc>
					<speed>1.1520839848967936</speed>
					<speedAcc>-1.0</speedAcc>
					<courseAcc>-1.0</courseAcc>
					<gpxtpx:TrackPointExtension>
						<gpxtpx:hr>137.0</gpxtpx:hr>
					</gpxtpx:TrackPointExtension>
				</extensions>
			</trkpt>
			<trkpt lat="47.34007231136182" lon="19.052533294509832">
				<ele>97.54598215315491</ele>
				<time>2025-07-15T14:54:38Z</time>
				<extensions>
					<vAcc>0.0</vAcc>
					<course>324.5170017029114</course>
					<hAcc>0.0</hAcc>
					<speed>1.365466799864178</speed>
					<speedAcc>-1.0</speedAcc>
					<courseAcc>-1.0</courseAcc>
					<gpxtpx:TrackPointExtension>
						<gpxtpx:hr>137.0</gpxtpx:hr>
					</gpxtpx:TrackPointExtension>
				</extensions>
			</trkpt>
			<trkpt lat="47.340089199995774" lon="19.052501756673838">
				<ele>96.83834058884531</ele>
				<time>2025-07-15T14:54:40Z</time>
				<extensions>
					<vAcc>0.0</vAcc>
					<course>303.94597241459314</course>
					<hAcc>0.0</hAcc>
					<speed>1.465710362110809</speed>
					<speedAcc>-1.0</speedAcc>
					<courseAcc>-1.0</courseAcc>
					<gpxtpx:TrackPointExtension>
						<gpxtpx:hr>140.0</gpxtpx:hr>
					</gpxtpx:TrackPointExtension>
				</extensions>
			</trkpt>
			<trkpt lat="47.340103339012714" lon="19.052467808451592">
				<ele>97.71190732251853</ele>
				<time>2025-07-15T14:54:42Z</time>
				<extensions>
					<vAcc>0.0</vAcc>
					<course>301.62795110600894</course>
					<hAcc>0.0</hAcc>
					<speed>1.4004152489624437</speed>
					<speedAcc>-1.0</speedAcc>
					<courseAcc>-1.0</courseAcc>
					<gpxtpx:TrackPointExtension>
						<gpxtpx:hr>140.0</gpxtpx:hr>
					</gpxtpx:TrackPointExtension>
				</extensions>
			</trkpt>
			<trkpt lat="47.340118376667874" lon="19.052432792509403">
				<ele>98.08948719408363</ele>
				<time>2025-07-15T14:54:44Z</time>
				<extensions>
					<vAcc>0.0</vAcc>
					<course>303.18343122318464</course>
					<hAcc>0.0</hAcc>
					<speed>1.509271105882975</speed>
					<speedAcc>-1.0</speedAcc>
					<courseAcc>-1.0</courseAcc>
					<gpxtpx:TrackPointExtension>
						<gpxtpx:hr>140.0</gpxtpx:hr>
					</gpxtpx:TrackPointExtension>
				</extensions>
			</trkpt>
			<trkpt lat="47.34013042742017" lon="19.05239747636971">
				<ele>97.33532968349755</ele>
				<time>2025-07-15T14:54:46Z</time>
				<extensions>
					<vAcc>0.0</vAcc>
					<course>293.31240071154934</course>
					<hAcc>0.0</hAcc>
					<speed>1.419295634631166</speed>
					<speedAcc>-1.0</speedAcc>
					<courseAcc>-1.0</courseAcc>
					<gpxtpx:TrackPointExtension>
						<gpxtpx:hr>140.0</gpxtpx:hr>
					</gpxtpx:TrackPointExtension>
				</extensions>
			</trkpt>
			<trkpt lat="47.340142126153914" lon="19.052364662398535">
				<ele>97.31347991805524</ele>
				<time>2025-07-15T14:54:48Z</time>
				<extensions>
					<vAcc>0.0</vAcc>
					<course>293.96762002911663</course>
					<hAcc>0.0</hAcc>
					<speed>1.3158132077194558</speed>
					<speedAcc>-1.0</speedAcc>
					<courseAcc>-1.0</courseAcc>
					<gpxtpx:TrackPointExtension>
						<gpxtpx:hr>141.0</gpxtpx:hr>
					</gpxtpx:TrackPointExtension>
				</extensions>
			</trkpt>
			<trkpt lat="47.34015227918649" lon="19.052330038159376">
				<ele>96.94403932616115</ele>
				<time>2025-07-15T14:54:50Z</time>
				<extensions>
					<vAcc>0.0</vAcc>
					<course>287.56714249482786</course>
					<hAcc>0.0</hAcc>
					<speed>1.3736051602034771</speed>
					<speedAcc>-1.0</speedAcc>
					<courseAcc>-1.0</courseAcc>
					<gpxtpx:TrackPointExtension>
						<gpxtpx:hr>141.0</gpxtpx:hr>
					</gpxtpx:TrackPointExtension>
				</extensions>
			</trkpt>
			<trkpt lat="47.340159957416134" lon="19.05229190298036">
				<ele>96.89545461721718</ele>
				<time>2025-07-15T14:54:52Z</time>
				<extensions>
					<vAcc>0.0</vAcc>
					<course>281.1297864902975</course>
					<hAcc>0.0</hAcc>
					<speed>1.4878374261018834</speed>
					<speedAcc>-1.0</speedAcc>
					<courseAcc>-1.0</courseAcc>
					<gpxtpx:TrackPointExtension>
						<gpxtpx:hr>143.0</gpxtpx:hr>
					</gpxtpx:TrackPointExtension>
				</extensions>
			</trkpt>
			<trkpt lat="47.34016702589433" lon="19.052247913522212">
				<ele>97.12122847978026</ele>
				<time>2025-07-15T14:54:54Z</time>
				<extensions>
					<vAcc>0.0</vAcc>
					<course>280.8167879134294</course>
					<hAcc>0.0</hAcc>
					<speed>1.744244528510443</speed>
					<speedAcc>-1.0</speedAcc>
					<courseAcc>-1.0</courseAcc>
					<gpxtpx:TrackPointExtension>
						<gpxtpx:hr>143.0</gpxtpx:hr>
					</gpxtpx:TrackPointExtension>
				</extensions>
			</trkpt>
			<trkpt lat="47.34016945135402" lon="19.052209976060794">
				<ele>96.18297465424985</ele>
				<time>2025-07-15T14:54:56Z</time>
				<extensions>
					<vAcc>0.0</vAcc>
					<course>267.39998197853527</course>
					<hAcc>0.0</hAcc>
					<speed>1.4064438533035868</speed>
					<speedAcc>-1.0</speedAcc>
					<courseAcc>-1.0</courseAcc>
					<gpxtpx:TrackPointExtension>
						<gpxtpx:hr>143.0</gpxtpx:hr>
					</gpxtpx:TrackPointExtension>
				</extensions>
			</trkpt>
			<trkpt lat="47.34016556180654" lon="19.052169000481634">
				<ele>97.37967879418284</ele>
				<time>2025-07-15T14:54:58Z</time>
				<extensions>
					<vAcc>0.0</vAcc>
					<course>254.81950903301754</course>
					<hAcc>0.0</hAcc>
					<speed>1.6199873645412526</speed>
					<speedAcc>-1.0</speedAcc>
					<courseAcc>-1.0</courseAcc>
					<gpxtpx:TrackPointExtension>
						<gpxtpx:hr>143.0</gpxtpx:hr>
					</gpxtpx:TrackPointExtension>
				</extensions>
			</trkpt>
			<trkpt lat="47.340160105887186" lon="19.052126050966447">
				<ele>98.3078681929037</ele>
				<time>2025-07-15T14:55:00Z</time>
				<extensions>
					<vAcc>0.0</vAcc>
					<course>255.5458994617137</course>
					<hAcc>0.0</hAcc>
					<speed>1.6995810572893113</speed>
					<speedAcc>-1.0</speedAcc>
					<courseAcc>-1.0</courseAcc>
					<gpxtpx:TrackPointExtension>
						<gpxtpx:hr>144.0</gpxtpx:hr>
					</gpxtpx:TrackPointExtension>
				</extensions>
			</trkpt>
			<trkpt lat="47.340156876169154" lon="19.052087753697986">
				<ele>98.3304418027401</ele>
				<time>2025-07-15T14:55:02Z</time>
				<extensions>
					<vAcc>0.0</vAcc>
					<course>260.24794597781755</course>
					<hAcc>0.0</hAcc>
					<speed>1.5345724865553716</speed>
					<speedAcc>-1.0</speedAcc>
					<courseAcc>-1.0</courseAcc>
					<gpxtpx:TrackPointExtension>
						<gpxtpx:hr>144.0</gpxtpx:hr>
					</gpxtpx:TrackPointExtension>
				</extensions>
			</trkpt>
			<trkpt lat="47.34015274921605" lon="19.052040935078235">
				<ele>98.89025957137346</ele>
				<time>2025-07-15T14:55:04Z</time>
				<extensions>
					<vAcc>0.0</vAcc>
					<course>257.1430232021811</course>
					<hAcc>0.0</hAcc>
					<speed>1.915692732832111</speed>
					<speedAcc>-1.0</speedAcc>
					<courseAcc>-1.0</courseAcc>
					<gpxtpx:TrackPointExtension>
						<gpxtpx:hr>149.0</gpxtpx:hr>
					</gpxtpx:TrackPointExtension>
				</extensions>
			</trkpt>
			<trkpt lat="47.34015571366781" lon="19.051995408808065">
				<ele>97.79105647001415</ele>
				<time>2025-07-15T14:55:06Z</time>
				<extensions>
					<vAcc>0.0</vAcc>
					<course>274.87211905894435</course>
					<hAcc>0.0</hAcc>
					<speed>1.7393287682372707</speed>
					<speedAcc>-1.0</speedAcc>
					<courseAcc>-1.0</courseAcc>
					<gpxtpx:TrackPointExtension>
						<gpxtpx:hr>149.0</gpxtpx:hr>
					</gpxtpx:TrackPointExtension>
				</extensions>
			</trkpt>
			<trkpt lat="47.340160306832175" lon="19.051960318606806">
				<ele>98.24825726915151</ele>
				<time>2025-07-15T14:55:08Z</time>
				<extensions>
					<vAcc>0.0</vAcc>
					<course>272.35503634321844</course>
					<hAcc>0.0</hAcc>
					<speed>1.3079185724666382</speed>
					<speedAcc>-1.0</speedAcc>
					<courseAcc>-1.0</courseAcc>
					<gpxtpx:TrackPointExtension>
						<gpxtpx:hr>149.0</gpxtpx:hr>
					</gpxtpx:TrackPointExtension>
				</extensions>
			</trkpt>
			<trkpt lat="47.34016472701952" lon="19.051939617454902">
				<ele>97.75386308599263</ele>
				<time>2025-07-15T14:55:09Z</time>
				<extensions>
					<vAcc>0.0</vAcc>
					<course>276.5601905782229</course>
					<hAcc>0.0</hAcc>
					<speed>1.5048768459373336</speed>
					<speedAcc>-1.0</speedAcc>
					<courseAcc>-1.0</courseAcc>
					<gpxtpx:TrackPointExtension>
						<gpxtpx:hr>149.0</gpxtpx:hr>
					</gpxtpx:TrackPointExtension>
				</extensions>
			</trkpt>
			<trkpt lat="47.34017130484776" lon="19.051897451755046">
				<ele>97.30310484115034</ele>
				<time>2025-07-15T14:55:11Z</time>
				<extensions>
					<vAcc>0.0</vAcc>
					<course>280.50847048529545</course>
					<hAcc>0.0</hAcc>
					<speed>1.7173314940598419</speed>
					<speedAcc>-1.0</speedAcc>
					<courseAcc>-1.0</courseAcc>
					<gpxtpx:TrackPointExtension>
						<gpxtpx:hr>149.0</gpxtpx:hr>
					</gpxtpx:TrackPointExtension>
				</extensions>
			</trkpt>
			<trkpt lat="47.34017743673488" lon="19.051854888428192">
				<ele>97.03525841329247</ele>
				<time>2025-07-15T14:55:13Z</time>
				<extensions>
					<vAcc>0.0</vAcc>
					<course>279.17110437113115</course>
					<hAcc>0.0</hAcc>
					<speed>1.7594479136856802</speed>
					<speedAcc>-1.0</speedAcc>
					<courseAcc>-1.0</courseAcc>
					<gpxtpx:TrackPointExtension>
						<gpxtpx:hr>149.0</gpxtpx:hr>
					</gpxtpx:TrackPointExtension>
				</extensions>
			</trkpt>
			<trkpt lat="47.34018354512251" lon="19.051813698659885">
				<ele>97.076997987926</ele>
				<time>2025-07-15T14:55:15Z</time>
				<extensions>
					<vAcc>0.0</vAcc>
					<course>281.66961023068484</course>
					<hAcc>0.0</hAcc>
					<speed>1.7319249924814153</speed>
					<speedAcc>-1.0</speedAcc>
					<courseAcc>-1.0</courseAcc>
					<gpxtpx:TrackPointExtension>
						<gpxtpx:hr>148.0</gpxtpx:hr>
					</gpxtpx:TrackPointExtension>
				</extensions>
			</trkpt>
			<trkpt lat="47.340189120814735" lon="19.051776429519506">
				<ele>97.57035489659756</ele>
				<time>2025-07-15T14:55:17Z</time>
				<extensions>
					<vAcc>0.0</vAcc>
					<course>281.17691108835703</course>
					<hAcc>0.0</hAcc>
					<speed>1.5713888321308762</speed>
					<speedAcc>-1.0</speedAcc>
					<courseAcc>-1.0</courseAcc>
					<gpxtpx:TrackPointExtension>
						<gpxtpx:hr>148.0</gpxtpx:hr>
					</gpxtpx:TrackPointExtension>
				</extensions>
			</trkpt>
			<trkpt lat="47.34019237185805" lon="19.051730519192336">
				<ele>97.63053230568767</ele>
				<time>2025-07-15T14:55:20Z</time>
				<extensions>
					<vAcc>0.0</vAcc>
					<course>277.1651325349699</course>
					<hAcc>0.0</hAcc>
					<speed>1.2011679766045382</speed>
					<speedAcc>-1.0</speedAcc>
					<courseAcc>-1.0</courseAcc>
					<gpxtpx:TrackPointExtension>
						<gpxtpx:hr>148.0</gpxtpx:hr>
					</gpxtpx:TrackPointExtension>
				</extensions>
			</trkpt>
			<trkpt lat="47.34018416664948" lon="19.051699221463803">
				<ele>97.37102735880762</ele>
				<time>2025-07-15T14:55:22Z</time>
				<extensions>
					<vAcc>0.0</vAcc>
					<course>253.5972382998863</course>
					<hAcc>0.0</hAcc>
					<speed>1.446180959108755</speed>
					<speedAcc>-1.0</speedAcc>
					<courseAcc>-1.0</courseAcc>
					<gpxtpx:TrackPointExtension>
						<gpxtpx:hr>148.0</gpxtpx:hr>
					</gpxtpx:TrackPointExtension>
				</extensions>
			</trkpt>
			<trkpt lat="47.340172570968896" lon="19.05166114571309">
				<ele>97.02951366268098</ele>
				<time>2025-07-15T14:55:24Z</time>
				<extensions>
					<vAcc>0.0</vAcc>
					<course>250.6706623540722</course>
					<hAcc>0.0</hAcc>
					<speed>1.708638423746205</speed>
					<speedAcc>-1.0</speedAcc>
					<courseAcc>-1.0</courseAcc>
					<gpxtpx:TrackPointExtension>
						<gpxtpx:hr>148.0</gpxtpx:hr>
					</gpxtpx:TrackPointExtension>
				</extensions>
			</trkpt>
			<trkpt lat="47.34016310371003" lon="19.05162651419753">
				<ele>95.93737858068198</ele>
				<time>2025-07-15T14:55:26Z</time>
				<extensions>
					<vAcc>0.0</vAcc>
					<course>248.28047751476151</course>
					<hAcc>0.0</hAcc>
					<speed>1.4783056614704284</speed>
					<speedAcc>-1.0</speedAcc>
					<courseAcc>-1.0</courseAcc>
					<gpxtpx:TrackPointExtension>
						<gpxtpx:hr>148.0</gpxtpx:hr>
					</gpxtpx:TrackPointExtension>
				</extensions>
			</trkpt>
			<trkpt lat="47.34015603330156" lon="19.051590342383907">
				<ele>97.13245486374944</ele>
				<time>2025-07-15T14:55:28Z</time>
				<extensions>
					<vAcc>0.0</vAcc>
					<course>255.11129498699114</course>
					<hAcc>0.0</hAcc>
					<speed>1.503087713924777</speed>
					<speedAcc>-1.0</speedAcc>
					<courseAcc>-1.0</courseAcc>
					<gpxtpx:TrackPointExtension>
						<gpxtpx:hr>148.0</gpxtpx:hr>
					</gpxtpx:TrackPointExtension>
				</extensions>
			</trkpt>
			<trkpt lat="47.34015441797558" lon="19.05154775276413">
				<ele>96.52183548826724</ele>
				<time>2025-07-15T14:55:30Z</time>
				<extensions>
					<vAcc>0.0</vAcc>
					<course>267.2769090410227</course>
					<hAcc>0.0</hAcc>
					<speed>1.7370020379522553</speed>
					<speedAcc>-1.0</speedAcc>
					<courseAcc>-1.0</courseAcc>
					<gpxtpx:TrackPointExtension>
						<gpxtpx:hr>148.0</gpxtpx:hr>
					</gpxtpx:TrackPointExtension>
				</extensions>
			</trkpt>
			<trkpt lat="47.3401601261639" lon="19.05151564750788">
				<ele>97.83160433638841</ele>
				<time>2025-07-15T14:55:32Z</time>
				<extensions>
					<vAcc>0.0</vAcc>
					<course>280.31139139070217</course>
					<hAcc>0.0</hAcc>
					<speed>1.29607480053634</speed>
					<speedAcc>-1.0</speedAcc>
					<courseAcc>-1.0</courseAcc>
					<gpxtpx:TrackPointExtension>
						<gpxtpx:hr>148.0</gpxtpx:hr>
					</gpxtpx:TrackPointExtension>
				</extensions>
			</trkpt>
			<trkpt lat="47.34016725344694" lon="19.051485743871893">
				<ele>98.06756274402142</ele>
				<time>2025-07-15T14:55:34Z</time>
				<extensions>
					<vAcc>0.0</vAcc>
					<course>280.22262253129804</course>
					<hAcc>0.0</hAcc>
					<speed>1.3202887459330326</speed>
					<speedAcc>-1.0</speedAcc>
					<courseAcc>-1.0</courseAcc>
					<gpxtpx:TrackPointExtension>
						<gpxtpx:hr>148.0</gpxtpx:hr>
					</gpxtpx:TrackPointExtension>
				</extensions>
			</trkpt>
			<trkpt lat="47.34017694919979" lon="19.05144652870621">
				<ele>98.36889077350497</ele>
				<time>2025-07-15T14:55:36Z</time>
				<extensions>
					<vAcc>0.0</vAcc>
					<course>286.3543529282872</course>
					<hAcc>0.0</hAcc>
					<speed>1.7138466047548806</speed>
					<speedAcc>-1.0</speedAcc>
					<courseAcc>-1.0</courseAcc>
					<gpxtpx:TrackPointExtension>
						<gpxtpx:hr>148.0</gpxtpx:hr>
					</gpxtpx:TrackPointExtension>
				</extensions>
			</trkpt>
			<trkpt lat="47.34018552240146" lon="19.051410258308994">
				<ele>98.864586757496</ele>
				<time>2025-07-15T14:55:38Z</time>
				<extensions>
					<vAcc>0.0</vAcc>
					<course>284.9134118502419</course>
					<hAcc>0.0</hAcc>
					<speed>1.5104954474691084</speed>
					<speedAcc>-1.0</speedAcc>
					<courseAcc>-1.0</courseAcc>
					<gpxtpx:TrackPointExtension>
						<gpxtpx:hr>148.0</gpxtpx:hr>
					</gpxtpx:TrackPointExtension>
				</extensions>
			</trkpt>
			<trkpt lat="47.34019589659909" lon="19.051378384503966">
				<ele>98.37602821644396</ele>
				<time>2025-07-15T14:55:40Z</time>
				<extensions>
					<vAcc>0.0</vAcc>
					<course>292.21477621361896</course>
					<hAcc>0.0</hAcc>
					<speed>1.4812549725749733</speed>
					<speedAcc>-1.0</speedAcc>
					<courseAcc>-1.0</courseAcc>
					<gpxtpx:TrackPointExtension>
						<gpxtpx:hr>148.0</gpxtpx:hr>
					</gpxtpx:TrackPointExtension>
				</extensions>
			</trkpt>
			<trkpt lat="47.340205132484854" lon="19.0513463615823">
				<ele>97.1940337875858</ele>
				<time>2025-07-15T14:55:42Z</time>
				<extensions>
					<vAcc>0.0</vAcc>
					<course>292.1708446041747</course>
					<hAcc>0.0</hAcc>
					<speed>1.531394266267176</speed>
					<speedAcc>-1.0</speedAcc>
					<courseAcc>-1.0</courseAcc>
					<gpxtpx:TrackPointExtension>
						<gpxtpx:hr>148.0</gpxtpx:hr>
					</gpxtpx:TrackPointExtension>
				</extensions>
			</trkpt>
			<trkpt lat="47.34020913627964" lon="19.051282100318613">
				<ele>97.57596980500966</ele>
				<time>2025-07-15T14:55:46Z</time>
				<extensions>
					<vAcc>0.0</vAcc>
					<course>270.19992241201476</course>
					<hAcc>0.0</hAcc>
					<speed>1.419903680715502</speed>
					<speedAcc>-1.0</speedAcc>
					<courseAcc>-1.0</courseAcc>
					<gpxtpx:TrackPointExtension>
						<gpxtpx:hr>148.0</gpxtpx:hr>
					</gpxtpx:TrackPointExtension>
				</extensions>
			</trkpt>
			<trkpt lat="47.3402076816306" lon="19.051228659796536">
				<ele>99.03163605742157</ele>
				<time>2025-07-15T14:55:49Z</time>
				<extensions>
					<vAcc>0.0</vAcc>
					<course>273.5763757263157</course>
					<hAcc>0.0</hAcc>
					<speed>1.6416244915580938</speed>
					<speedAcc>-1.0</speedAcc>
					<courseAcc>-1.0</courseAcc>
					<gpxtpx:TrackPointExtension>
						<gpxtpx:hr>147.0</gpxtpx:hr>
					</gpxtpx:TrackPointExtension>
				</extensions>
			</trkpt>
			<trkpt lat="47.34020650636208" lon="19.051199279064654">
				<ele>97.5614422839135</ele>
				<time>2025-07-15T14:55:51Z</time>
				<extensions>
					<vAcc>0.0</vAcc>
					<course>272.4255716146848</course>
					<hAcc>0.0</hAcc>
					<speed>1.2630711690169023</speed>
					<speedAcc>-1.0</speedAcc>
					<courseAcc>-1.0</courseAcc>
					<gpxtpx:TrackPointExtension>
						<gpxtpx:hr>147.0</gpxtpx:hr>
					</gpxtpx:TrackPointExtension>
				</extensions>
			</trkpt>
			<trkpt lat="47.34021055462711" lon="19.051170359024816">
				<ele>97.49951325077564</ele>
				<time>2025-07-15T14:55:53Z</time>
				<extensions>
					<vAcc>0.0</vAcc>
					<course>284.7517413936064</course>
					<hAcc>0.0</hAcc>
					<speed>1.2726270422662613</speed>
					<speedAcc>-1.0</speedAcc>
					<courseAcc>-1.0</courseAcc>
					<gpxtpx:TrackPointExtension>
						<gpxtpx:hr>147.0</gpxtpx:hr>
					</gpxtpx:TrackPointExtension>
				</extensions>
			</trkpt>
			<trkpt lat="47.34021761290667" lon="19.05114226099409">
				<ele>97.36114725004882</ele>
				<time>2025-07-15T14:55:55Z</time>
				<extensions>
					<vAcc>0.0</vAcc>
					<course>286.07921986527066</course>
					<hAcc>0.0</hAcc>
					<speed>1.2753997197700413</speed>
					<speedAcc>-1.0</speedAcc>
					<courseAcc>-1.0</courseAcc>
					<gpxtpx:TrackPointExtension>
						<gpxtpx:hr>147.0</gpxtpx:hr>
					</gpxtpx:TrackPointExtension>
				</extensions>
			</trkpt>
			<trkpt lat="47.3402272260213" lon="19.051114846847987">
				<ele>97.70992858055979</ele>
				<time>2025-07-15T14:55:57Z</time>
				<extensions>
					<vAcc>0.0</vAcc>
					<course>290.0932519027754</course>
					<hAcc>0.0</hAcc>
					<speed>1.2575852130768432</speed>
					<speedAcc>-1.0</speedAcc>
					<courseAcc>-1.0</courseAcc>
					<gpxtpx:TrackPointExtension>
						<gpxtpx:hr>147.0</gpxtpx:hr>
					</gpxtpx:TrackPointExtension>
				</extensions>
			</trkpt>
			<trkpt lat="47.34025330942584" lon="19.051075123457057">
				<ele>97.72245253622532</ele>
				<time>2025-07-15T14:56:00Z</time>
				<extensions>
					<vAcc>0.0</vAcc>
					<course>308.24882472728666</course>
					<hAcc>0.0</hAcc>
					<speed>1.5456725926630823</speed>
					<speedAcc>-1.0</speedAcc>
					<courseAcc>-1.0</courseAcc>
					<gpxtpx:TrackPointExtension>
						<gpxtpx:hr>147.0</gpxtpx:hr>
					</gpxtpx:TrackPointExtension>
				</extensions>
			</trkpt>
			<trkpt lat="47.34028547416546" lon="19.051053817220883">
				<ele>97.4040662413463</ele>
				<time>2025-07-15T14:56:02Z</time>
				<extensions>
					<vAcc>0.0</vAcc>
					<course>326.699691334235</course>
					<hAcc>0.0</hAcc>
					<speed>1.898082873432272</speed>
					<speedAcc>-1.0</speedAcc>
					<courseAcc>-1.0</courseAcc>
					<gpxtpx:TrackPointExtension>
						<gpxtpx:hr>147.0</gpxtpx:hr>
					</gpxtpx:TrackPointExtension>
				</extensions>
			</trkpt>
			<trkpt lat="47.34032154055903" lon="19.05102542242103">
				<ele>98.15436107199639</ele>
				<time>2025-07-15T14:56:05Z</time>
				<extensions>
					<vAcc>0.0</vAcc>
					<course>319.41667124751893</course>
					<hAcc>0.0</hAcc>
					<speed>1.4320155491753093</speed>
					<speedAcc>-1.0</speedAcc>
					<courseAcc>-1.0</courseAcc>
					<gpxtpx:TrackPointExtension>
						<gpxtpx:hr>149.0</gpxtpx:hr>
					</gpxtpx:TrackPointExtension>
				</extensions>
			</trkpt>
			<trkpt lat="47.34033645535326" lon="19.051020446915704">
				<ele>97.96117275953293</ele>
				<time>2025-07-15T14:56:06Z</time>
				<extensions>
					<vAcc>0.0</vAcc>
					<course>330.04970189082064</course>
					<hAcc>0.0</hAcc>
					<speed>1.5702170249305252</speed>
					<speedAcc>-1.0</speedAcc>
					<courseAcc>-1.0</courseAcc>
					<gpxtpx:TrackPointExtension>
						<gpxtpx:hr>149.0</gpxtpx:hr>
					</gpxtpx:TrackPointExtension>
				</extensions>
			</trkpt>
			<trkpt lat="47.340362497316" lon="19.05100140841492">
				<ele>98.2310005761683</ele>
				<time>2025-07-15T14:56:08Z</time>
				<extensions>
					<vAcc>0.0</vAcc>
					<course>328.15133816984945</course>
					<hAcc>0.0</hAcc>
					<speed>1.8204877492792204</speed>
					<speedAcc>-1.0</speedAcc>
					<courseAcc>-1.0</courseAcc>
					<gpxtpx:TrackPointExtension>
						<gpxtpx:hr>149.0</gpxtpx:hr>
					</gpxtpx:TrackPointExtension>
				</extensions>
			</trkpt>
			<trkpt lat="47.34039072219013" lon="19.050993339678502">
				<ele>97.75633535720408</ele>
				<time>2025-07-15T14:56:10Z</time>
				<extensions>
					<vAcc>0.0</vAcc>
					<course>348.1506867843876</course>
					<hAcc>0.0</hAcc>
					<speed>1.8028803134830071</speed>
					<speedAcc>-1.0</speedAcc>
					<courseAcc>-1.0</courseAcc>
					<gpxtpx:TrackPointExtension>
						<gpxtpx:hr>149.0</gpxtpx:hr>
					</gpxtpx:TrackPointExtension>
				</extensions>
			</trkpt>
			<trkpt lat="47.340412923975954" lon="19.05099316734297">
				<ele>97.92357625439763</ele>
				<time>2025-07-15T14:56:12Z</time>
				<extensions>
					<vAcc>0.0</vAcc>
					<course>357.7559559585927</course>
					<hAcc>0.0</hAcc>
					<speed>1.3681730270559236</speed>
					<speedAcc>-1.0</speedAcc>
					<courseAcc>-1.0</courseAcc>
					<gpxtpx:TrackPointExtension>
						<gpxtpx:hr>149.0</gpxtpx:hr>
					</gpxtpx:TrackPointExtension>
				</extensions>
			</trkpt>
			<trkpt lat="47.34043709005727" lon="19.050990824285915">
				<ele>97.43898738268763</ele>
				<time>2025-07-15T14:56:14Z</time>
				<extensions>
					<vAcc>0.0</vAcc>
					<course>355.3192487103322</course>
					<hAcc>0.0</hAcc>
					<speed>1.5921351839407152</speed>
					<speedAcc>-1.0</speedAcc>
					<courseAcc>-1.0</courseAcc>
					<gpxtpx:TrackPointExtension>
						<gpxtpx:hr>149.0</gpxtpx:hr>
					</gpxtpx:TrackPointExtension>
				</extensions>
			</trkpt>
			<trkpt lat="47.34046637311427" lon="19.050982608774135">
				<ele>98.29110604058951</ele>
				<time>2025-07-15T14:56:16Z</time>
				<extensions>
					<vAcc>0.0</vAcc>
					<course>350.6985787741796</course>
					<hAcc>0.0</hAcc>
					<speed>1.86504880989524</speed>
					<speedAcc>-1.0</speedAcc>
					<courseAcc>-1.0</courseAcc>
					<gpxtpx:TrackPointExtension>
						<gpxtpx:hr>149.0</gpxtpx:hr>
					</gpxtpx:TrackPointExtension>
				</extensions>
			</trkpt>
			<trkpt lat="47.34049497494679" lon="19.050975293422372">
				<ele>97.61025613360107</ele>
				<time>2025-07-15T14:56:19Z</time>
				<extensions>
					<vAcc>0.0</vAcc>
					<course>2.8569298830531373</course>
					<hAcc>0.0</hAcc>
					<speed>0.9655034637176689</speed>
					<speedAcc>-1.0</speedAcc>
					<courseAcc>-1.0</courseAcc>
					<gpxtpx:TrackPointExtension>
						<gpxtpx:hr>149.0</gpxtpx:hr>
					</gpxtpx:TrackPointExtension>
				</extensions>
			</trkpt>
			<trkpt lat="47.34051199363767" lon="19.05096583388557">
				<ele>97.57468168251216</ele>
				<time>2025-07-15T14:56:21Z</time>
				<extensions>
					<vAcc>0.0</vAcc>
					<course>353.1931090878237</course>
					<hAcc>0.0</hAcc>
					<speed>1.0713552670836648</speed>
					<speedAcc>-1.0</speedAcc>
					<courseAcc>-1.0</courseAcc>
					<gpxtpx:TrackPointExtension>
						<gpxtpx:hr>149.0</gpxtpx:hr>
					</gpxtpx:TrackPointExtension>
				</extensions>
			</trkpt>
			<trkpt lat="47.340531033680904" lon="19.05095468171347">
				<ele>97.07127350382507</ele>
				<time>2025-07-15T14:56:23Z</time>
				<extensions>
					<vAcc>0.0</vAcc>
					<course>346.90313800962826</course>
					<hAcc>0.0</hAcc>
					<speed>1.1236825760611606</speed>
					<speedAcc>-1.0</speedAcc>
					<courseAcc>-1.0</courseAcc>
					<gpxtpx:TrackPointExtension>
						<gpxtpx:hr>150.0</gpxtpx:hr>
					</gpxtpx:TrackPointExtension>
				</extensions>
			</trkpt>
			<trkpt lat="47.34055325582691" lon="19.05094597773338">
				<ele>96.64460129383951</ele>
				<time>2025-07-15T14:56:25Z</time>
				<extensions>
					<vAcc>0.0</vAcc>
					<course>354.13017905074</course>
					<hAcc>0.0</hAcc>
					<speed>1.2548425920095663</speed>
					<speedAcc>-1.0</speedAcc>
					<courseAcc>-1.0</courseAcc>
					<gpxtpx:TrackPointExtension>
						<gpxtpx:hr>150.0</gpxtpx:hr>
					</gpxtpx:TrackPointExtension>
				</extensions>
			</trkpt>
			<trkpt lat="47.340576398122465" lon="19.050937487815663">
				<ele>96.54526224918664</ele>
				<time>2025-07-15T14:56:27Z</time>
				<extensions>
					<vAcc>0.0</vAcc>
					<course>346.4427632478852</course>
					<hAcc>0.0</hAcc>
					<speed>1.2442285507296236</speed>
					<speedAcc>-1.0</speedAcc>
					<courseAcc>-1.0</courseAcc>
					<gpxtpx:TrackPointExtension>
						<gpxtpx:hr>150.0</gpxtpx:hr>
					</gpxtpx:TrackPointExtension>
				</extensions>
			</trkpt>
			<trkpt lat="47.34060641849724" lon="19.050939115976796">
				<ele>97.85170481912792</ele>
				<time>2025-07-15T14:56:29Z</time>
				<extensions>
					<vAcc>0.0</vAcc>
					<course>5.311162189808092</course>
					<hAcc>0.0</hAcc>
					<speed>1.7178937563092316</speed>
					<speedAcc>-1.0</speedAcc>
					<courseAcc>-1.0</courseAcc>
					<gpxtpx:TrackPointExtension>
						<gpxtpx:hr>147.0</gpxtpx:hr>
					</gpxtpx:TrackPointExtension>
				</extensions>
			</trkpt>
			<trkpt lat="47.34064509516737" lon="19.050953382560046">
				<ele>98.33735885564238</ele>
				<time>2025-07-15T14:56:32Z</time>
				<extensions>
					<vAcc>0.0</vAcc>
					<course>24.518821945931414</course>
					<hAcc>0.0</hAcc>
					<speed>1.4928137162947166</speed>
					<speedAcc>-1.0</speedAcc>
					<courseAcc>-1.0</courseAcc>
					<gpxtpx:TrackPointExtension>
						<gpxtpx:hr>147.0</gpxtpx:hr>
					</gpxtpx:TrackPointExtension>
				</extensions>
			</trkpt>
			<trkpt lat="47.34066739453835" lon="19.050938987251403">
				<ele>97.66575472522527</ele>
				<time>2025-07-15T14:56:35Z</time>
				<extensions>
					<vAcc>0.0</vAcc>
					<course>331.0998182768216</course>
					<hAcc>0.0</hAcc>
					<speed>1.0762053632927182</speed>
					<speedAcc>-1.0</speedAcc>
					<courseAcc>-1.0</courseAcc>
					<gpxtpx:TrackPointExtension>
						<gpxtpx:hr>147.0</gpxtpx:hr>
					</gpxtpx:TrackPointExtension>
				</extensions>
			</trkpt>
			<trkpt lat="47.34068273833693" lon="19.050919458918635">
				<ele>97.79662013053894</ele>
				<time>2025-07-15T14:56:37Z</time>
				<extensions>
					<vAcc>0.0</vAcc>
					<course>336.97566223886594</course>
					<hAcc>0.0</hAcc>
					<speed>1.2321419267946228</speed>
					<speedAcc>-1.0</speedAcc>
					<courseAcc>-1.0</courseAcc>
					<gpxtpx:TrackPointExtension>
						<gpxtpx:hr>147.0</gpxtpx:hr>
					</gpxtpx:TrackPointExtension>
				</extensions>
			</trkpt>
			<trkpt lat="47.340700164741584" lon="19.050896490720984">
				<ele>96.7041932027787</ele>
				<time>2025-07-15T14:56:39Z</time>
				<extensions>
					<vAcc>0.0</vAcc>
					<course>323.7294476921254</course>
					<hAcc>0.0</hAcc>
					<speed>1.3411752400749493</speed>
					<speedAcc>-1.0</speedAcc>
					<courseAcc>-1.0</courseAcc>
					<gpxtpx:TrackPointExtension>
						<gpxtpx:hr>146.0</gpxtpx:hr>
					</gpxtpx:TrackPointExtension>
				</extensions>
			</trkpt>
			<trkpt lat="47.34071635003304" lon="19.050877493538074">
				<ele>96.05306215118617</ele>
				<time>2025-07-15T14:56:41Z</time>
				<extensions>
					<vAcc>0.0</vAcc>
					<course>328.7537595940242</course>
					<hAcc>0.0</hAcc>
					<speed>1.1497981631934777</speed>
					<speedAcc>-1.0</speedAcc>
					<courseAcc>-1.0</courseAcc>
					<gpxtpx:TrackPointExtension>
						<gpxtpx:hr>146.0</gpxtpx:hr>
					</gpxtpx:TrackPointExtension>
				</extensions>
			</trkpt>
			<trkpt lat="47.34073703132628" lon="19.050858124113518">
				<ele>96.45397371333092</ele>
				<time>2025-07-15T14:56:44Z</time>
				<extensions>
					<vAcc>0.0</vAcc>
					<course>334.5901097248171</course>
					<hAcc>0.0</hAcc>
					<speed>0.8618220231688231</speed>
					<speedAcc>-1.0</speedAcc>
					<courseAcc>-1.0</courseAcc>
					<gpxtpx:TrackPointExtension>
						<gpxtpx:hr>140.0</gpxtpx:hr>
					</gpxtpx:TrackPointExtension>
				</extensions>
			</trkpt>
			<trkpt lat="47.34075043842609" lon="19.050843347039294">
				<ele>97.88072263728827</ele>
				<time>2025-07-15T14:56:47Z</time>
				<extensions>
					<vAcc>0.0</vAcc>
					<course>317.0642164555621</course>
					<hAcc>0.0</hAcc>
					<speed>0.545353090038871</speed>
					<speedAcc>-1.0</speedAcc>
					<courseAcc>-1.0</courseAcc>
					<gpxtpx:TrackPointExtension>
						<gpxtpx:hr>140.0</gpxtpx:hr>
					</gpxtpx:TrackPointExtension>
				</extensions>
			</trkpt>
			<trkpt lat="47.34074647848349" lon="19.050818014814578">
				<ele>97.70631034858525</ele>
				<time>2025-07-15T14:56:58Z</time>
				<extensions>
					<vAcc>0.0</vAcc>
					<course>184.77020843002</course>
					<hAcc>0.0</hAcc>
					<speed>0.3134718811490531</speed>
					<speedAcc>-1.0</speedAcc>
					<courseAcc>-1.0</courseAcc>
					<gpxtpx:TrackPointExtension>
						<gpxtpx:hr>138.0</gpxtpx:hr>
					</gpxtpx:TrackPointExtension>
				</extensions>
			</trkpt>
			<trkpt lat="47.34074305878082" lon="19.050786320131678">
				<ele>98.23205541167408</ele>
				<time>2025-07-15T14:57:07Z</time>
				<extensions>
					<vAcc>0.0</vAcc>
					<course>260.3474715640501</course>
					<hAcc>0.0</hAcc>
					<speed>0.7463967299155038</speed>
					<speedAcc>-1.0</speedAcc>
					<courseAcc>-1.0</courseAcc>
					<gpxtpx:TrackPointExtension>
						<gpxtpx:hr>137.0</gpxtpx:hr>
					</gpxtpx:TrackPointExtension>
				</extensions>
			</trkpt>
			<trkpt lat="47.34075945406747" lon="19.050775020874397">
				<ele>98.08368168864399</ele>
				<time>2025-07-15T14:57:12Z</time>
				<extensions>
					<vAcc>0.0</vAcc>
					<course>307.0910670311026</course>
					<hAcc>0.0</hAcc>
					<speed>0.47648664631935056</speed>
					<speedAcc>-1.0</speedAcc>
					<courseAcc>-1.0</courseAcc>
					<gpxtpx:TrackPointExtension>
						<gpxtpx:hr>138.0</gpxtpx:hr>
					</gpxtpx:TrackPointExtension>
				</extensions>
			</trkpt>
			<trkpt lat="47.34077909317621" lon="19.050771325401193">
				<ele>98.63684674166143</ele>
				<time>2025-07-15T14:57:14Z</time>
				<extensions>
					<vAcc>0.0</vAcc>
					<course>334.18475387549483</course>
					<hAcc>0.0</hAcc>
					<speed>1.087342702985348</speed>
					<speedAcc>-1.0</speedAcc>
					<courseAcc>-1.0</courseAcc>
					<gpxtpx:TrackPointExtension>
						<gpxtpx:hr>138.0</gpxtpx:hr>
					</gpxtpx:TrackPointExtension>
				</extensions>
			</trkpt>
			<trkpt lat="47.34080892172832" lon="19.05076268521085">
				<ele>98.39439198095351</ele>
				<time>2025-07-15T14:57:19Z</time>
				<extensions>
					<vAcc>0.0</vAcc>
					<course>344.3093277086907</course>
					<hAcc>0.0</hAcc>
					<speed>0.4523649587312041</speed>
					<speedAcc>-1.0</speedAcc>
					<courseAcc>-1.0</courseAcc>
					<gpxtpx:TrackPointExtension>
						<gpxtpx:hr>136.0</gpxtpx:hr>
					</gpxtpx:TrackPointExtension>
				</extensions>
			</trkpt>
			<trkpt lat="47.34082491626103" lon="19.050767110713775">
				<ele>97.9775420660153</ele>
				<time>2025-07-15T14:57:25Z</time>
				<extensions>
					<vAcc>0.0</vAcc>
					<course>343.7246241263813</course>
					<hAcc>0.0</hAcc>
					<speed>0.18321454480182103</speed>
					<speedAcc>-1.0</speedAcc>
					<courseAcc>-1.0</courseAcc>
					<gpxtpx:TrackPointExtension>
						<gpxtpx:hr>132.0</gpxtpx:hr>
					</gpxtpx:TrackPointExtension>
				</extensions>
			</trkpt>
			<trkpt lat="47.340841413406984" lon="19.05077009796798">
				<ele>98.16718352679163</ele>
				<time>2025-07-15T14:57:34Z</time>
				<extensions>
					<vAcc>0.0</vAcc>
					<course>322.3658960346165</course>
					<hAcc>0.0</hAcc>
					<speed>0.20671231745573537</speed>
					<speedAcc>-1.0</speedAcc>
					<courseAcc>-1.0</courseAcc>
					<gpxtpx:TrackPointExtension>
						<gpxtpx:hr>125.00000000000001</gpxtpx:hr>
					</gpxtpx:TrackPointExtension>
				</extensions>
			</trkpt>
			<trkpt lat="47.34086150471426" lon="19.05075738939047">
				<ele>97.88614064641297</ele>
				<time>2025-07-15T14:57:42Z</time>
				<extensions>
					<vAcc>0.0</vAcc>
					<course>307.3699318932664</course>
					<hAcc>0.0</hAcc>
					<speed>0.570471809361349</speed>
					<speedAcc>-1.0</speedAcc>
					<courseAcc>-1.0</courseAcc>
					<gpxtpx:TrackPointExtension>
						<gpxtpx:hr>122.0</gpxtpx:hr>
					</gpxtpx:TrackPointExtension>
				</extensions>
			</trkpt>
			<trkpt lat="47.34088027398353" lon="19.05074407273041">
				<ele>98.07445509079844</ele>
				<time>2025-07-15T14:57:48Z</time>
				<extensions>
					<vAcc>0.0</vAcc>
					<course>320.5655241349597</course>
					<hAcc>0.0</hAcc>
					<speed>0.46277230897481936</speed>
					<speedAcc>-1.0</speedAcc>
					<courseAcc>-1.0</courseAcc>
					<gpxtpx:TrackPointExtension>
						<gpxtpx:hr>122.0</gpxtpx:hr>
					</gpxtpx:TrackPointExtension>
				</extensions>
			</trkpt>
			<trkpt lat="47.34088499177023" lon="19.0507108432896">
				<ele>97.05582373123616</ele>
				<time>2025-07-15T14:57:56Z</time>
				<extensions>
					<vAcc>0.0</vAcc>
					<course>256.8917739884766</course>
					<hAcc>0.0</hAcc>
					<speed>0.5654903409206641</speed>
					<speedAcc>-1.0</speedAcc>
					<courseAcc>-1.0</courseAcc>
					<gpxtpx:TrackPointExtension>
						<gpxtpx:hr>132.0</gpxtpx:hr>
					</gpxtpx:TrackPointExtension>
				</extensions>
			</trkpt>
			<trkpt lat="47.34088348505909" lon="19.05069089842696">
				<ele>96.90422681905329</ele>
				<time>2025-07-15T14:57:58Z</time>
				<extensions>
					<vAcc>0.0</vAcc>
					<course>268.2302059786959</course>
					<hAcc>0.0</hAcc>
					<speed>0.87056563643954</speed>
					<speedAcc>-1.0</speedAcc>
					<courseAcc>-1.0</courseAcc>
					<gpxtpx:TrackPointExtension>
						<gpxtpx:hr>132.0</gpxtpx:hr>
					</gpxtpx:TrackPointExtension>
				</extensions>
			</trkpt>
			<trkpt lat="47.340881807917405" lon="19.050664035023306">
				<ele>96.70888127665967</ele>
				<time>2025-07-15T14:58:00Z</time>
				<extensions>
					<vAcc>0.0</vAcc>
					<course>264.6762859641735</course>
					<hAcc>0.0</hAcc>
					<speed>1.093319361740623</speed>
					<speedAcc>-1.0</speedAcc>
					<courseAcc>-1.0</courseAcc>
					<gpxtpx:TrackPointExtension>
						<gpxtpx:hr>132.0</gpxtpx:hr>
					</gpxtpx:TrackPointExtension>
				</extensions>
			</trkpt>
			<trkpt lat="47.34088176434548" lon="19.050634956948045">
				<ele>96.94231233745813</ele>
				<time>2025-07-15T14:58:02Z</time>
				<extensions>
					<vAcc>0.0</vAcc>
					<course>267.2424638980177</course>
					<hAcc>0.0</hAcc>
					<speed>1.0913058749576958</speed>
					<speedAcc>-1.0</speedAcc>
					<courseAcc>-1.0</courseAcc>
					<gpxtpx:TrackPointExtension>
						<gpxtpx:hr>138.0</gpxtpx:hr>
					</gpxtpx:TrackPointExtension>
				</extensions>
			</trkpt>
			<trkpt lat="47.34087590836826" lon="19.05060518581859">
				<ele>97.51122177485377</ele>
				<time>2025-07-15T14:58:04Z</time>
				<extensions>
					<vAcc>0.0</vAcc>
					<course>248.15270839518615</course>
					<hAcc>0.0</hAcc>
					<speed>1.1559238961993863</speed>
					<speedAcc>-1.0</speedAcc>
					<courseAcc>-1.0</courseAcc>
					<gpxtpx:TrackPointExtension>
						<gpxtpx:hr>138.0</gpxtpx:hr>
					</gpxtpx:TrackPointExtension>
				</extensions>
			</trkpt>
			<trkpt lat="47.34086623451666" lon="19.0505772765701">
				<ele>97.54726323485374</ele>
				<time>2025-07-15T14:58:06Z</time>
				<extensions>
					<vAcc>0.0</vAcc>
					<course>240.13879343631095</course>
					<hAcc>0.0</hAcc>
					<speed>1.1355971266534528</speed>
					<speedAcc>-1.0</speedAcc>
					<courseAcc>-1.0</courseAcc>
					<gpxtpx:TrackPointExtension>
						<gpxtpx:hr>138.0</gpxtpx:hr>
					</gpxtpx:TrackPointExtension>
				</extensions>
			</trkpt>
			<trkpt lat="47.34085908857368" lon="19.05055823252657">
				<ele>97.43424825090915</ele>
				<time>2025-07-15T14:58:07Z</time>
				<extensions>
					<vAcc>0.0</vAcc>
					<course>243.45863081940982</course>
					<hAcc>0.0</hAcc>
					<speed>1.3608515358500548</speed>
					<speedAcc>-1.0</speedAcc>
					<courseAcc>-1.0</courseAcc>
					<gpxtpx:TrackPointExtension>
						<gpxtpx:hr>138.0</gpxtpx:hr>
					</gpxtpx:TrackPointExtension>
				</extensions>
			</trkpt>
			<trkpt lat="47.34084440849703" lon="19.050523255791603">
				<ele>97.34945072699338</ele>
				<time>2025-07-15T14:58:09Z</time>
				<extensions>
					<vAcc>0.0</vAcc>
					<course>235.06784213656914</course>
					<hAcc>0.0</hAcc>
					<speed>1.5447642119334724</speed>
					<speedAcc>-1.0</speedAcc>
					<courseAcc>-1.0</courseAcc>
					<gpxtpx:TrackPointExtension>
						<gpxtpx:hr>138.0</gpxtpx:hr>
					</gpxtpx:TrackPointExtension>
				</extensions>
			</trkpt>
			<trkpt lat="47.34082984344592" lon="19.050491980902162">
				<ele>96.66024195682257</ele>
				<time>2025-07-15T14:58:11Z</time>
				<extensions>
					<vAcc>0.0</vAcc>
					<course>235.66680628008135</course>
					<hAcc>0.0</hAcc>
					<speed>1.3445667269561998</speed>
					<speedAcc>-1.0</speedAcc>
					<courseAcc>-1.0</courseAcc>
					<gpxtpx:TrackPointExtension>
						<gpxtpx:hr>138.0</gpxtpx:hr>
					</gpxtpx:TrackPointExtension>
				</extensions>
			</trkpt>
			<trkpt lat="47.34081797818186" lon="19.050478483984232">
				<ele>97.02544030174613</ele>
				<time>2025-07-15T14:58:12Z</time>
				<extensions>
					<vAcc>0.0</vAcc>
					<course>218.72686195584785</course>
					<hAcc>0.0</hAcc>
					<speed>1.4405017741399395</speed>
					<speedAcc>-1.0</speedAcc>
					<courseAcc>-1.0</courseAcc>
					<gpxtpx:TrackPointExtension>
						<gpxtpx:hr>138.0</gpxtpx:hr>
					</gpxtpx:TrackPointExtension>
				</extensions>
			</trkpt>
			<trkpt lat="47.34079443365803" lon="19.050449839326028">
				<ele>97.5270987842232</ele>
				<time>2025-07-15T14:58:14Z</time>
				<extensions>
					<vAcc>0.0</vAcc>
					<course>217.62814857023417</course>
					<hAcc>0.0</hAcc>
					<speed>1.6631546949907416</speed>
					<speedAcc>-1.0</speedAcc>
					<courseAcc>-1.0</courseAcc>
					<gpxtpx:TrackPointExtension>
						<gpxtpx:hr>138.0</gpxtpx:hr>
					</gpxtpx:TrackPointExtension>
				</extensions>
			</trkpt>
			<trkpt lat="47.340774708527086" lon="19.050420880454457">
				<ele>97.14502179250121</ele>
				<time>2025-07-15T14:58:16Z</time>
				<extensions>
					<vAcc>0.0</vAcc>
					<course>229.21245262936824</course>
					<hAcc>0.0</hAcc>
					<speed>1.4600994955789772</speed>
					<speedAcc>-1.0</speedAcc>
					<courseAcc>-1.0</courseAcc>
					<gpxtpx:TrackPointExtension>
						<gpxtpx:hr>138.0</gpxtpx:hr>
					</gpxtpx:TrackPointExtension>
				</extensions>
			</trkpt>
			<trkpt lat="47.340753409201405" lon="19.050393889971186">
				<ele>97.11203230544925</ele>
				<time>2025-07-15T14:58:18Z</time>
				<extensions>
					<vAcc>0.0</vAcc>
					<course>217.90742993063455</course>
					<hAcc>0.0</hAcc>
					<speed>1.554815097361203</speed>
					<speedAcc>-1.0</speedAcc>
					<courseAcc>-1.0</courseAcc>
					<gpxtpx:TrackPointExtension>
						<gpxtpx:hr>139.00000000000003</gpxtpx:hr>
					</gpxtpx:TrackPointExtension>
				</extensions>
			</trkpt>
			<trkpt lat="47.34073147136789" lon="19.050367487419898">
				<ele>96.7248936155811</ele>
				<time>2025-07-15T14:58:20Z</time>
				<extensions>
					<vAcc>0.0</vAcc>
					<course>219.05742741978614</course>
					<hAcc>0.0</hAcc>
					<speed>1.5907215624329791</speed>
					<speedAcc>-1.0</speedAcc>
					<courseAcc>-1.0</courseAcc>
					<gpxtpx:TrackPointExtension>
						<gpxtpx:hr>139.00000000000003</gpxtpx:hr>
					</gpxtpx:TrackPointExtension>
				</extensions>
			</trkpt>
			<trkpt lat="47.340706944588725" lon="19.050337441815536">
				<ele>96.80778502579778</ele>
				<time>2025-07-15T14:58:22Z</time>
				<extensions>
					<vAcc>0.0</vAcc>
					<course>219.02552607456482</course>
					<hAcc>0.0</hAcc>
					<speed>1.8156166624272199</speed>
					<speedAcc>-1.0</speedAcc>
					<courseAcc>-1.0</courseAcc>
					<gpxtpx:TrackPointExtension>
						<gpxtpx:hr>143.0</gpxtpx:hr>
					</gpxtpx:TrackPointExtension>
				</extensions>
			</trkpt>
			<trkpt lat="47.34068333277247" lon="19.050312499068916">
				<ele>98.02375564910471</ele>
				<time>2025-07-15T14:58:24Z</time>
				<extensions>
					<vAcc>0.0</vAcc>
					<course>211.90603288808617</course>
					<hAcc>0.0</hAcc>
					<speed>1.656484582472101</speed>
					<speedAcc>-1.0</speedAcc>
					<courseAcc>-1.0</courseAcc>
					<gpxtpx:TrackPointExtension>
						<gpxtpx:hr>143.0</gpxtpx:hr>
					</gpxtpx:TrackPointExtension>
				</extensions>
			</trkpt>
			<trkpt lat="47.34066587859733" lon="19.050279964695388">
				<ele>99.60354978684336</ele>
				<time>2025-07-15T14:58:26Z</time>
				<extensions>
					<vAcc>0.0</vAcc>
					<course>237.9322566903242</course>
					<hAcc>0.0</hAcc>
					<speed>1.6676647389411754</speed>
					<speedAcc>-1.0</speedAcc>
					<courseAcc>-1.0</courseAcc>
					<gpxtpx:TrackPointExtension>
						<gpxtpx:hr>143.0</gpxtpx:hr>
					</gpxtpx:TrackPointExtension>
				</extensions>
			</trkpt>
			<trkpt lat="47.34065007623367" lon="19.050261686005435">
				<ele>99.67001840472221</ele>
				<time>2025-07-15T14:58:28Z</time>
				<extensions>
					<vAcc>0.0</vAcc>
					<course>208.876658378269</course>
					<hAcc>0.0</hAcc>
					<speed>1.157265638296294</speed>
					<speedAcc>-1.0</speedAcc>
					<courseAcc>-1.0</courseAcc>
					<gpxtpx:TrackPointExtension>
						<gpxtpx:hr>144.0</gpxtpx:hr>
					</gpxtpx:TrackPointExtension>
				</extensions>
			</trkpt>
			<trkpt lat="47.34062543253814" lon="19.050238571838168">
				<ele>99.17772206664085</ele>
				<time>2025-07-15T14:58:30Z</time>
				<extensions>
					<vAcc>0.0</vAcc>
					<course>213.37353077118593</course>
					<hAcc>0.0</hAcc>
					<speed>1.8492302642702183</speed>
					<speedAcc>-1.0</speedAcc>
					<courseAcc>-1.0</courseAcc>
					<gpxtpx:TrackPointExtension>
						<gpxtpx:hr>144.0</gpxtpx:hr>
					</gpxtpx:TrackPointExtension>
				</extensions>
			</trkpt>
			<trkpt lat="47.340605863764075" lon="19.05021140191526">
				<ele>98.68593284580857</ele>
				<time>2025-07-15T14:58:32Z</time>
				<extensions>
					<vAcc>0.0</vAcc>
					<course>226.41213439021973</course>
					<hAcc>0.0</hAcc>
					<speed>1.5776073900682903</speed>
					<speedAcc>-1.0</speedAcc>
					<courseAcc>-1.0</courseAcc>
					<gpxtpx:TrackPointExtension>
						<gpxtpx:hr>146.0</gpxtpx:hr>
					</gpxtpx:TrackPointExtension>
				</extensions>
			</trkpt>
			<trkpt lat="47.340592381913964" lon="19.050179647894275">
				<ele>98.59425527323037</ele>
				<time>2025-07-15T14:58:34Z</time>
				<extensions>
					<vAcc>0.0</vAcc>
					<course>238.68629662231774</course>
					<hAcc>0.0</hAcc>
					<speed>1.523417979827708</speed>
					<speedAcc>-1.0</speedAcc>
					<courseAcc>-1.0</courseAcc>
					<gpxtpx:TrackPointExtension>
						<gpxtpx:hr>146.0</gpxtpx:hr>
					</gpxtpx:TrackPointExtension>
				</extensions>
			</trkpt>
			<trkpt lat="47.340580547890575" lon="19.050146864991834">
				<ele>98.82095277681947</ele>
				<time>2025-07-15T14:58:36Z</time>
				<extensions>
					<vAcc>0.0</vAcc>
					<course>238.86344560241503</course>
					<hAcc>0.0</hAcc>
					<speed>1.4842223249505149</speed>
					<speedAcc>-1.0</speedAcc>
					<courseAcc>-1.0</courseAcc>
					<gpxtpx:TrackPointExtension>
						<gpxtpx:hr>146.0</gpxtpx:hr>
					</gpxtpx:TrackPointExtension>
				</extensions>
			</trkpt>
			<trkpt lat="47.34057165067538" lon="19.050132776876843">
				<ele>98.37714022770524</ele>
				<time>2025-07-15T14:58:37Z</time>
				<extensions>
					<vAcc>0.0</vAcc>
					<course>225.93441186685814</course>
					<hAcc>0.0</hAcc>
					<speed>1.5227359271960732</speed>
					<speedAcc>-1.0</speedAcc>
					<courseAcc>-1.0</courseAcc>
					<gpxtpx:TrackPointExtension>
						<gpxtpx:hr>146.0</gpxtpx:hr>
					</gpxtpx:TrackPointExtension>
				</extensions>
			</trkpt>
			<trkpt lat="47.340565951712605" lon="19.050113525979977">
				<ele>98.19684672821313</ele>
				<time>2025-07-15T14:58:38Z</time>
				<extensions>
					<vAcc>0.0</vAcc>
					<course>244.72490425906955</course>
					<hAcc>0.0</hAcc>
					<speed>1.5962287590742215</speed>
					<speedAcc>-1.0</speedAcc>
					<courseAcc>-1.0</courseAcc>
					<gpxtpx:TrackPointExtension>
						<gpxtpx:hr>147.0</gpxtpx:hr>
					</gpxtpx:TrackPointExtension>
				</extensions>
			</trkpt>
			<trkpt lat="47.34055608646499" lon="19.05007757362207">
				<ele>98.46037061139941</ele>
				<time>2025-07-15T14:58:40Z</time>
				<extensions>
					<vAcc>0.0</vAcc>
					<course>251.32362539299828</course>
					<hAcc>0.0</hAcc>
					<speed>1.4716898346791722</speed>
					<speedAcc>-1.0</speedAcc>
					<courseAcc>-1.0</courseAcc>
					<gpxtpx:TrackPointExtension>
						<gpxtpx:hr>148.0</gpxtpx:hr>
					</gpxtpx:TrackPointExtension>
				</extensions>
			</trkpt>
			<trkpt lat="47.34054447064352" lon="19.050039538230823">
				<ele>98.3380636498332</ele>
				<time>2025-07-15T14:58:42Z</time>
				<extensions>
					<vAcc>0.0</vAcc>
					<course>245.2541093879139</course>
					<hAcc>0.0</hAcc>
					<speed>1.6204612290219826</speed>
					<speedAcc>-1.0</speedAcc>
					<courseAcc>-1.0</courseAcc>
					<gpxtpx:TrackPointExtension>
						<gpxtpx:hr>148.0</gpxtpx:hr>
					</gpxtpx:TrackPointExtension>
				</extensions>
			</trkpt>
			<trkpt lat="47.3405230915835" lon="19.05001363245629">
				<ele>96.82321531604975</ele>
				<time>2025-07-15T14:58:44Z</time>
				<extensions>
					<vAcc>0.0</vAcc>
					<course>216.37571075934903</course>
					<hAcc>0.0</hAcc>
					<speed>1.5516326892810932</speed>
					<speedAcc>-1.0</speedAcc>
					<courseAcc>-1.0</courseAcc>
					<gpxtpx:TrackPointExtension>
						<gpxtpx:hr>148.0</gpxtpx:hr>
					</gpxtpx:TrackPointExtension>
				</extensions>
			</trkpt>
			<trkpt lat="47.34050020457842" lon="19.04999383715773">
				<ele>97.27622428629547</ele>
				<time>2025-07-15T14:58:46Z</time>
				<extensions>
					<vAcc>0.0</vAcc>
					<course>215.42254650820658</course>
					<hAcc>0.0</hAcc>
					<speed>1.3928281883613676</speed>
					<speedAcc>-1.0</speedAcc>
					<courseAcc>-1.0</courseAcc>
					<gpxtpx:TrackPointExtension>
						<gpxtpx:hr>147.0</gpxtpx:hr>
					</gpxtpx:TrackPointExtension>
				</extensions>
			</trkpt>
			<trkpt lat="47.34048304687462" lon="19.04996767751561">
				<ele>97.56608997192234</ele>
				<time>2025-07-15T14:58:48Z</time>
				<extensions>
					<vAcc>0.0</vAcc>
					<course>234.44117490228803</course>
					<hAcc>0.0</hAcc>
					<speed>1.3867352685671568</speed>
					<speedAcc>-1.0</speedAcc>
					<courseAcc>-1.0</courseAcc>
					<gpxtpx:TrackPointExtension>
						<gpxtpx:hr>147.0</gpxtpx:hr>
					</gpxtpx:TrackPointExtension>
				</extensions>
			</trkpt>
			<trkpt lat="47.34047249841363" lon="19.049937233672374">
				<ele>98.0347177349031</ele>
				<time>2025-07-15T14:58:50Z</time>
				<extensions>
					<vAcc>0.0</vAcc>
					<course>244.22811211214307</course>
					<hAcc>0.0</hAcc>
					<speed>1.3852493321682897</speed>
					<speedAcc>-1.0</speedAcc>
					<courseAcc>-1.0</courseAcc>
					<gpxtpx:TrackPointExtension>
						<gpxtpx:hr>147.0</gpxtpx:hr>
					</gpxtpx:TrackPointExtension>
				</extensions>
			</trkpt>
			<trkpt lat="47.340460504586254" lon="19.049903529781922">
				<ele>97.6712495116517</ele>
				<time>2025-07-15T14:58:52Z</time>
				<extensions>
					<vAcc>0.0</vAcc>
					<course>238.42645103622453</course>
					<hAcc>0.0</hAcc>
					<speed>1.5298332801326875</speed>
					<speedAcc>-1.0</speedAcc>
					<courseAcc>-1.0</courseAcc>
					<gpxtpx:TrackPointExtension>
						<gpxtpx:hr>147.0</gpxtpx:hr>
					</gpxtpx:TrackPointExtension>
				</extensions>
			</trkpt>
			<trkpt lat="47.340444550994356" lon="19.049868806600987">
				<ele>96.82284245546907</ele>
				<time>2025-07-15T14:58:54Z</time>
				<extensions>
					<vAcc>0.0</vAcc>
					<course>236.20759862577557</course>
					<hAcc>0.0</hAcc>
					<speed>1.6501361588046752</speed>
					<speedAcc>-1.0</speedAcc>
					<courseAcc>-1.0</courseAcc>
					<gpxtpx:TrackPointExtension>
						<gpxtpx:hr>147.0</gpxtpx:hr>
					</gpxtpx:TrackPointExtension>
				</extensions>
			</trkpt>
			<trkpt lat="47.34042678567182" lon="19.04983696073202">
				<ele>97.00969537999481</ele>
				<time>2025-07-15T14:58:56Z</time>
				<extensions>
					<vAcc>0.0</vAcc>
					<course>235.1390949928408</course>
					<hAcc>0.0</hAcc>
					<speed>1.623562032007147</speed>
					<speedAcc>-1.0</speedAcc>
					<courseAcc>-1.0</courseAcc>
					<gpxtpx:TrackPointExtension>
						<gpxtpx:hr>148.0</gpxtpx:hr>
					</gpxtpx:TrackPointExtension>
				</extensions>
			</trkpt>
			<trkpt lat="47.34041322607619" lon="19.049823816673886">
				<ele>97.08596824388951</ele>
				<time>2025-07-15T14:58:57Z</time>
				<extensions>
					<vAcc>0.0</vAcc>
					<course>225.00554028200202</course>
					<hAcc>0.0</hAcc>
					<speed>1.6924702425604519</speed>
					<speedAcc>-1.0</speedAcc>
					<courseAcc>-1.0</courseAcc>
					<gpxtpx:TrackPointExtension>
						<gpxtpx:hr>148.0</gpxtpx:hr>
					</gpxtpx:TrackPointExtension>
				</extensions>
			</trkpt>
			<trkpt lat="47.340391329312524" lon="19.049790560655186">
				<ele>97.92942197993398</ele>
				<time>2025-07-15T14:58:59Z</time>
				<extensions>
					<vAcc>0.0</vAcc>
					<course>231.11261124878405</course>
					<hAcc>0.0</hAcc>
					<speed>1.7927040868193123</speed>
					<speedAcc>-1.0</speedAcc>
					<courseAcc>-1.0</courseAcc>
					<gpxtpx:TrackPointExtension>
						<gpxtpx:hr>148.0</gpxtpx:hr>
					</gpxtpx:TrackPointExtension>
				</extensions>
			</trkpt>
			<trkpt lat="47.34037458590614" lon="19.049754691521752">
				<ele>98.34880792442709</ele>
				<time>2025-07-15T14:59:01Z</time>
				<extensions>
					<vAcc>0.0</vAcc>
					<course>238.64492478116364</course>
					<hAcc>0.0</hAcc>
					<speed>1.6907572466407266</speed>
					<speedAcc>-1.0</speedAcc>
					<courseAcc>-1.0</courseAcc>
					<gpxtpx:TrackPointExtension>
						<gpxtpx:hr>148.0</gpxtpx:hr>
					</gpxtpx:TrackPointExtension>
				</extensions>
			</trkpt>
			<trkpt lat="47.34035782454062" lon="19.049722462051854">
				<ele>98.90215286705643</ele>
				<time>2025-07-15T14:59:03Z</time>
				<extensions>
					<vAcc>0.0</vAcc>
					<course>233.57397491229887</course>
					<hAcc>0.0</hAcc>
					<speed>1.6230539715481074</speed>
					<speedAcc>-1.0</speedAcc>
					<courseAcc>-1.0</courseAcc>
					<gpxtpx:TrackPointExtension>
						<gpxtpx:hr>148.0</gpxtpx:hr>
					</gpxtpx:TrackPointExtension>
				</extensions>
			</trkpt>
			<trkpt lat="47.34033977229628" lon="19.04968609344613">
				<ele>98.26401851605624</ele>
				<time>2025-07-15T14:59:05Z</time>
				<extensions>
					<vAcc>0.0</vAcc>
					<course>236.92811425897105</course>
					<hAcc>0.0</hAcc>
					<speed>1.8580644993729944</speed>
					<speedAcc>-1.0</speedAcc>
					<courseAcc>-1.0</courseAcc>
					<gpxtpx:TrackPointExtension>
						<gpxtpx:hr>148.0</gpxtpx:hr>
					</gpxtpx:TrackPointExtension>
				</extensions>
			</trkpt>
			<trkpt lat="47.34032698126103" lon="19.049643183691156">
				<ele>98.11773588042706</ele>
				<time>2025-07-15T14:59:07Z</time>
				<extensions>
					<vAcc>0.0</vAcc>
					<course>248.09408790122836</course>
					<hAcc>0.0</hAcc>
					<speed>1.9095694310594733</speed>
					<speedAcc>-1.0</speedAcc>
					<courseAcc>-1.0</courseAcc>
					<gpxtpx:TrackPointExtension>
						<gpxtpx:hr>148.0</gpxtpx:hr>
					</gpxtpx:TrackPointExtension>
				</extensions>
			</trkpt>
			<trkpt lat="47.340308504789206" lon="19.049607019651077">
				<ele>98.2529657362029</ele>
				<time>2025-07-15T14:59:09Z</time>
				<extensions>
					<vAcc>0.0</vAcc>
					<course>236.22988598615828</course>
					<hAcc>0.0</hAcc>
					<speed>1.8095969939166412</speed>
					<speedAcc>-1.0</speedAcc>
					<courseAcc>-1.0</courseAcc>
					<gpxtpx:TrackPointExtension>
						<gpxtpx:hr>148.0</gpxtpx:hr>
					</gpxtpx:TrackPointExtension>
				</extensions>
			</trkpt>
			<trkpt lat="47.34029480012467" lon="19.049570234515">
				<ele>98.14664979558438</ele>
				<time>2025-07-15T14:59:11Z</time>
				<extensions>
					<vAcc>0.0</vAcc>
					<course>250.5476555292455</course>
					<hAcc>0.0</hAcc>
					<speed>1.6691653326495006</speed>
					<speedAcc>-1.0</speedAcc>
					<courseAcc>-1.0</courseAcc>
					<gpxtpx:TrackPointExtension>
						<gpxtpx:hr>150.0</gpxtpx:hr>
					</gpxtpx:TrackPointExtension>
				</extensions>
			</trkpt>
			<trkpt lat="47.340283510442625" lon="19.04955972311488">
				<ele>98.34629007708281</ele>
				<time>2025-07-15T14:59:12Z</time>
				<extensions>
					<vAcc>0.0</vAcc>
					<course>228.44900991966742</course>
					<hAcc>0.0</hAcc>
					<speed>1.5323942120626624</speed>
					<speedAcc>-1.0</speedAcc>
					<courseAcc>-1.0</courseAcc>
					<gpxtpx:TrackPointExtension>
						<gpxtpx:hr>150.0</gpxtpx:hr>
					</gpxtpx:TrackPointExtension>
				</extensions>
			</trkpt>
			<trkpt lat="47.340271275886955" lon="19.04952411450204">
				<ele>97.56415899842978</ele>
				<time>2025-07-15T14:59:14Z</time>
				<extensions>
					<vAcc>0.0</vAcc>
					<course>248.14294854652258</course>
					<hAcc>0.0</hAcc>
					<speed>1.547091082997352</speed>
					<speedAcc>-1.0</speedAcc>
					<courseAcc>-1.0</courseAcc>
					<gpxtpx:TrackPointExtension>
						<gpxtpx:hr>150.0</gpxtpx:hr>
					</gpxtpx:TrackPointExtension>
				</extensions>
			</trkpt>
			<trkpt lat="47.34026184562376" lon="19.04950463610126">
				<ele>97.82582895085216</ele>
				<time>2025-07-15T14:59:15Z</time>
				<extensions>
					<vAcc>0.0</vAcc>
					<course>236.90988460525188</course>
					<hAcc>0.0</hAcc>
					<speed>1.695838390174462</speed>
					<speedAcc>-1.0</speedAcc>
					<courseAcc>-1.0</courseAcc>
					<gpxtpx:TrackPointExtension>
						<gpxtpx:hr>150.0</gpxtpx:hr>
					</gpxtpx:TrackPointExtension>
				</extensions>
			</trkpt>
			<trkpt lat="47.34023887841445" lon="19.04946133483605">
				<ele>98.35610147938132</ele>
				<time>2025-07-15T14:59:17Z</time>
				<extensions>
					<vAcc>0.0</vAcc>
					<course>230.48406159624537</course>
					<hAcc>0.0</hAcc>
					<speed>2.0839043091862917</speed>
					<speedAcc>-1.0</speedAcc>
					<courseAcc>-1.0</courseAcc>
					<gpxtpx:TrackPointExtension>
						<gpxtpx:hr>150.0</gpxtpx:hr>
					</gpxtpx:TrackPointExtension>
				</extensions>
			</trkpt>
			<trkpt lat="47.34021363493448" lon="19.04942623145362">
				<ele>98.50772151909769</ele>
				<time>2025-07-15T14:59:19Z</time>
				<extensions>
					<vAcc>0.0</vAcc>
					<course>222.5250382696416</course>
					<hAcc>0.0</hAcc>
					<speed>1.873524570222307</speed>
					<speedAcc>-1.0</speedAcc>
					<courseAcc>-1.0</courseAcc>
					<gpxtpx:TrackPointExtension>
						<gpxtpx:hr>150.0</gpxtpx:hr>
					</gpxtpx:TrackPointExtension>
				</extensions>
			</trkpt>
			<trkpt lat="47.340195274152556" lon="19.04939497537714">
				<ele>99.33480060752481</ele>
				<time>2025-07-15T14:59:21Z</time>
				<extensions>
					<vAcc>0.0</vAcc>
					<course>231.4600824106174</course>
					<hAcc>0.0</hAcc>
					<speed>1.5794356747261902</speed>
					<speedAcc>-1.0</speedAcc>
					<courseAcc>-1.0</courseAcc>
					<gpxtpx:TrackPointExtension>
						<gpxtpx:hr>150.0</gpxtpx:hr>
					</gpxtpx:TrackPointExtension>
				</extensions>
			</trkpt>
			<trkpt lat="47.34017758635885" lon="19.049367637887887">
				<ele>99.09218008350581</ele>
				<time>2025-07-15T14:59:23Z</time>
				<extensions>
					<vAcc>0.0</vAcc>
					<course>228.69659974297957</course>
					<hAcc>0.0</hAcc>
					<speed>1.4284438375588402</speed>
					<speedAcc>-1.0</speedAcc>
					<courseAcc>-1.0</courseAcc>
					<gpxtpx:TrackPointExtension>
						<gpxtpx:hr>149.0</gpxtpx:hr>
					</gpxtpx:TrackPointExtension>
				</extensions>
			</trkpt>
			<trkpt lat="47.34015335606082" lon="19.049335752899097">
				<ele>101.06634843815118</ele>
				<time>2025-07-15T14:59:26Z</time>
				<extensions>
					<vAcc>0.0</vAcc>
					<course>218.16001437139943</course>
					<hAcc>0.0</hAcc>
					<speed>1.2248857211108857</speed>
					<speedAcc>-1.0</speedAcc>
					<courseAcc>-1.0</courseAcc>
					<gpxtpx:TrackPointExtension>
						<gpxtpx:hr>145.0</gpxtpx:hr>
					</gpxtpx:TrackPointExtension>
				</extensions>
			</trkpt>
			<trkpt lat="47.34013782994769" lon="19.04930042663821">
				<ele>101.05987607967108</ele>
				<time>2025-07-15T14:59:28Z</time>
				<extensions>
					<vAcc>0.0</vAcc>
					<course>240.7402825511951</course>
					<hAcc>0.0</hAcc>
					<speed>1.7268377670263246</speed>
					<speedAcc>-1.0</speedAcc>
					<courseAcc>-1.0</courseAcc>
					<gpxtpx:TrackPointExtension>
						<gpxtpx:hr>145.0</gpxtpx:hr>
					</gpxtpx:TrackPointExtension>
				</extensions>
			</trkpt>
			<trkpt lat="47.340125710426165" lon="19.049267937372132">
				<ele>101.40494529064745</ele>
				<time>2025-07-15T14:59:30Z</time>
				<extensions>
					<vAcc>0.0</vAcc>
					<course>241.99839762260177</course>
					<hAcc>0.0</hAcc>
					<speed>1.3631793016135756</speed>
					<speedAcc>-1.0</speedAcc>
					<courseAcc>-1.0</courseAcc>
					<gpxtpx:TrackPointExtension>
						<gpxtpx:hr>145.0</gpxtpx:hr>
					</gpxtpx:TrackPointExtension>
				</extensions>
			</trkpt>
			<trkpt lat="47.34011971282465" lon="19.04922994038697">
				<ele>102.1936867730692</ele>
				<time>2025-07-15T14:59:32Z</time>
				<extensions>
					<vAcc>0.0</vAcc>
					<course>263.85552147768874</course>
					<hAcc>0.0</hAcc>
					<speed>1.4488729917586962</speed>
					<speedAcc>-1.0</speedAcc>
					<courseAcc>-1.0</courseAcc>
					<gpxtpx:TrackPointExtension>
						<gpxtpx:hr>143.0</gpxtpx:hr>
					</gpxtpx:TrackPointExtension>
				</extensions>
			</trkpt>
			<trkpt lat="47.340117587980394" lon="19.04918825285432">
				<ele>103.12929617892951</ele>
				<time>2025-07-15T14:59:34Z</time>
				<extensions>
					<vAcc>0.0</vAcc>
					<course>268.1218922708483</course>
					<hAcc>0.0</hAcc>
					<speed>1.4885693024589124</speed>
					<speedAcc>-1.0</speedAcc>
					<courseAcc>-1.0</courseAcc>
					<gpxtpx:TrackPointExtension>
						<gpxtpx:hr>143.0</gpxtpx:hr>
					</gpxtpx:TrackPointExtension>
				</extensions>
			</trkpt>
			<trkpt lat="47.34011462011301" lon="19.049140902213455">
				<ele>103.28384221717715</ele>
				<time>2025-07-15T14:59:36Z</time>
				<extensions>
					<vAcc>0.0</vAcc>
					<course>265.00153393402036</course>
					<hAcc>0.0</hAcc>
					<speed>1.7659103368158169</speed>
					<speedAcc>-1.0</speedAcc>
					<courseAcc>-1.0</courseAcc>
					<gpxtpx:TrackPointExtension>
						<gpxtpx:hr>141.0</gpxtpx:hr>
					</gpxtpx:TrackPointExtension>
				</extensions>
			</trkpt>
			<trkpt lat="47.34011364723385" lon="19.049095331043283">
				<ele>103.71780054830015</ele>
				<time>2025-07-15T14:59:38Z</time>
				<extensions>
					<vAcc>0.0</vAcc>
					<course>273.6369512546598</course>
					<hAcc>0.0</hAcc>
					<speed>1.6960818355893061</speed>
					<speedAcc>-1.0</speedAcc>
					<courseAcc>-1.0</courseAcc>
					<gpxtpx:TrackPointExtension>
						<gpxtpx:hr>141.0</gpxtpx:hr>
					</gpxtpx:TrackPointExtension>
				</extensions>
			</trkpt>
			<trkpt lat="47.34010666998815" lon="19.04904518159122">
				<ele>102.84504898730665</ele>
				<time>2025-07-15T14:59:41Z</time>
				<extensions>
					<vAcc>0.0</vAcc>
					<course>249.55052085811786</course>
					<hAcc>0.0</hAcc>
					<speed>1.121031094013637</speed>
					<speedAcc>-1.0</speedAcc>
					<courseAcc>-1.0</courseAcc>
					<gpxtpx:TrackPointExtension>
						<gpxtpx:hr>141.0</gpxtpx:hr>
					</gpxtpx:TrackPointExtension>
				</extensions>
			</trkpt>
			<trkpt lat="47.34009904521478" lon="19.049016403870052">
				<ele>102.28680972289294</ele>
				<time>2025-07-15T14:59:43Z</time>
				<extensions>
					<vAcc>0.0</vAcc>
					<course>255.01824845540568</course>
					<hAcc>0.0</hAcc>
					<speed>1.1699603322220238</speed>
					<speedAcc>-1.0</speedAcc>
					<courseAcc>-1.0</courseAcc>
					<gpxtpx:TrackPointExtension>
						<gpxtpx:hr>141.0</gpxtpx:hr>
					</gpxtpx:TrackPointExtension>
				</extensions>
			</trkpt>
			<trkpt lat="47.34008597803222" lon="19.048993118769992">
				<ele>103.3746276665479</ele>
				<time>2025-07-15T14:59:45Z</time>
				<extensions>
					<vAcc>0.0</vAcc>
					<course>227.57224228886093</course>
					<hAcc>0.0</hAcc>
					<speed>1.0297447238820192</speed>
					<speedAcc>-1.0</speedAcc>
					<courseAcc>-1.0</courseAcc>
					<gpxtpx:TrackPointExtension>
						<gpxtpx:hr>142.0</gpxtpx:hr>
					</gpxtpx:TrackPointExtension>
				</extensions>
			</trkpt>
			<trkpt lat="47.340067724221434" lon="19.048979092597623">
				<ele>103.3073471961543</ele>
				<time>2025-07-15T14:59:47Z</time>
				<extensions>
					<vAcc>0.0</vAcc>
					<course>202.6847294172957</course>
					<hAcc>0.0</hAcc>
					<speed>0.9502802037785499</speed>
					<speedAcc>-1.0</speedAcc>
					<courseAcc>-1.0</courseAcc>
					<gpxtpx:TrackPointExtension>
						<gpxtpx:hr>142.0</gpxtpx:hr>
					</gpxtpx:TrackPointExtension>
				</extensions>
			</trkpt>
			<trkpt lat="47.34004378750218" lon="19.048968957285158">
				<ele>103.52651998121291</ele>
				<time>2025-07-15T14:59:49Z</time>
				<extensions>
					<vAcc>0.0</vAcc>
					<course>194.7006669405089</course>
					<hAcc>0.0</hAcc>
					<speed>1.177770777785132</speed>
					<speedAcc>-1.0</speedAcc>
					<courseAcc>-1.0</courseAcc>
					<gpxtpx:TrackPointExtension>
						<gpxtpx:hr>142.0</gpxtpx:hr>
					</gpxtpx:TrackPointExtension>
				</extensions>
			</trkpt>
			<trkpt lat="47.340009722257996" lon="19.048958715378316">
				<ele>103.23334245570004</ele>
				<time>2025-07-15T14:59:52Z</time>
				<extensions>
					<vAcc>0.0</vAcc>
					<course>186.561944686281</course>
					<hAcc>0.0</hAcc>
					<speed>1.0799875716991427</speed>
					<speedAcc>-1.0</speedAcc>
					<courseAcc>-1.0</courseAcc>
					<gpxtpx:TrackPointExtension>
						<gpxtpx:hr>142.0</gpxtpx:hr>
					</gpxtpx:TrackPointExtension>
				</extensions>
			</trkpt>
			<trkpt lat="47.339982341238304" lon="19.048954847745282">
				<ele>101.90671452507377</ele>
				<time>2025-07-15T14:59:54Z</time>
				<extensions>
					<vAcc>0.0</vAcc>
					<course>180.4278533815868</course>
					<hAcc>0.0</hAcc>
					<speed>1.316782195445267</speed>
					<speedAcc>-1.0</speedAcc>
					<courseAcc>-1.0</courseAcc>
					<gpxtpx:TrackPointExtension>
						<gpxtpx:hr>140.0</gpxtpx:hr>
					</gpxtpx:TrackPointExtension>
				</extensions>
			</trkpt>
			<trkpt lat="47.33995018149269" lon="19.048949275685008">
				<ele>102.4472223520279</ele>
				<time>2025-07-15T14:59:57Z</time>
				<extensions>
					<vAcc>0.0</vAcc>
					<course>186.92742669445298</course>
					<hAcc>0.0</hAcc>
					<speed>0.9304539647742254</speed>
					<speedAcc>-1.0</speedAcc>
					<courseAcc>-1.0</courseAcc>
					<gpxtpx:TrackPointExtension>
						<gpxtpx:hr>140.0</gpxtpx:hr>
					</gpxtpx:TrackPointExtension>
				</extensions>
			</trkpt>
			<trkpt lat="47.339909893658856" lon="19.048940491197325">
				<ele>102.9484398001805</ele>
				<time>2025-07-15T15:00:01Z</time>
				<extensions>
					<vAcc>0.0</vAcc>
					<course>189.1362689330481</course>
					<hAcc>0.0</hAcc>
					<speed>1.1577412837286174</speed>
					<speedAcc>-1.0</speedAcc>
					<courseAcc>-1.0</courseAcc>
					<gpxtpx:TrackPointExtension>
						<gpxtpx:hr>129.0</gpxtpx:hr>
					</gpxtpx:TrackPointExtension>
				</extensions>
			</trkpt>
			<trkpt lat="47.33988227930754" lon="19.048933381291594">
				<ele>102.34501729160547</ele>
				<time>2025-07-15T15:00:04Z</time>
				<extensions>
					<vAcc>0.0</vAcc>
					<course>184.64760405211146</course>
					<hAcc>0.0</hAcc>
					<speed>0.94149099317458</speed>
					<speedAcc>-1.0</speedAcc>
					<courseAcc>-1.0</courseAcc>
					<gpxtpx:TrackPointExtension>
						<gpxtpx:hr>129.0</gpxtpx:hr>
					</gpxtpx:TrackPointExtension>
				</extensions>
			</trkpt>
			<trkpt lat="47.33986169767354" lon="19.048920772942513">
				<ele>103.09863998740911</ele>
				<time>2025-07-15T15:00:07Z</time>
				<extensions>
					<vAcc>0.0</vAcc>
					<course>200.93451597059666</course>
					<hAcc>0.0</hAcc>
					<speed>0.6875920446717974</speed>
					<speedAcc>-1.0</speedAcc>
					<courseAcc>-1.0</courseAcc>
					<gpxtpx:TrackPointExtension>
						<gpxtpx:hr>133.0</gpxtpx:hr>
					</gpxtpx:TrackPointExtension>
				</extensions>
			</trkpt>
			<trkpt lat="47.33984942304372" lon="19.048897060367562">
				<ele>102.62672104500234</ele>
				<time>2025-07-15T15:00:10Z</time>
				<extensions>
					<vAcc>0.0</vAcc>
					<course>235.7711156329177</course>
					<hAcc>0.0</hAcc>
					<speed>0.6245155426409098</speed>
					<speedAcc>-1.0</speedAcc>
					<courseAcc>-1.0</courseAcc>
					<gpxtpx:TrackPointExtension>
						<gpxtpx:hr>133.0</gpxtpx:hr>
					</gpxtpx:TrackPointExtension>
				</extensions>
			</trkpt>
			<trkpt lat="47.33983971283185" lon="19.04887100265733">
				<ele>102.38015589211136</ele>
				<time>2025-07-15T15:00:12Z</time>
				<extensions>
					<vAcc>0.0</vAcc>
					<course>230.45126263459966</course>
					<hAcc>0.0</hAcc>
					<speed>0.8906364588051322</speed>
					<speedAcc>-1.0</speedAcc>
					<courseAcc>-1.0</courseAcc>
					<gpxtpx:TrackPointExtension>
						<gpxtpx:hr>133.0</gpxtpx:hr>
					</gpxtpx:TrackPointExtension>
				</extensions>
			</trkpt>
			<trkpt lat="47.33983081568516" lon="19.048841484346443">
				<ele>101.9389753676951</ele>
				<time>2025-07-15T15:00:15Z</time>
				<extensions>
					<vAcc>0.0</vAcc>
					<course>235.43858898014344</course>
					<hAcc>0.0</hAcc>
					<speed>0.5185951856263105</speed>
					<speedAcc>-1.0</speedAcc>
					<courseAcc>-1.0</courseAcc>
					<gpxtpx:TrackPointExtension>
						<gpxtpx:hr>136.0</gpxtpx:hr>
					</gpxtpx:TrackPointExtension>
				</extensions>
			</trkpt>
			<trkpt lat="47.339821213693796" lon="19.048812998568568">
				<ele>101.41096098534763</ele>
				<time>2025-07-15T15:00:44Z</time>
				<extensions>
					<vAcc>0.0</vAcc>
					<course>15.406292496614778</course>
					<hAcc>0.0</hAcc>
					<speed>0.25952456706506133</speed>
					<speedAcc>-1.0</speedAcc>
					<courseAcc>-1.0</courseAcc>
					<gpxtpx:TrackPointExtension>
						<gpxtpx:hr>140.0</gpxtpx:hr>
					</gpxtpx:TrackPointExtension>
				</extensions>
			</trkpt>
			<trkpt lat="47.339829951545234" lon="19.048831760825237">
				<ele>101.24141822941601</ele>
				<time>2025-07-15T15:00:48Z</time>
				<extensions>
					<vAcc>0.0</vAcc>
					<course>0.7963795700116519</course>
					<hAcc>0.0</hAcc>
					<speed>0.587843896428295</speed>
					<speedAcc>-1.0</speedAcc>
					<courseAcc>-1.0</courseAcc>
					<gpxtpx:TrackPointExtension>
						<gpxtpx:hr>143.0</gpxtpx:hr>
					</gpxtpx:TrackPointExtension>
				</extensions>
			</trkpt>
			<trkpt lat="47.339840172566106" lon="19.048850051425514">
				<ele>102.07596640661359</ele>
				<time>2025-07-15T15:00:54Z</time>
				<extensions>
					<vAcc>0.0</vAcc>
					<course>303.89373579044866</course>
					<hAcc>0.0</hAcc>
					<speed>0.020998357634279527</speed>
					<speedAcc>-1.0</speedAcc>
					<courseAcc>-1.0</courseAcc>
					<gpxtpx:TrackPointExtension>
						<gpxtpx:hr>141.0</gpxtpx:hr>
					</gpxtpx:TrackPointExtension>
				</extensions>
			</trkpt>
			<trkpt lat="47.33984341025798" lon="19.048854295831138">
				<ele>100.83764015045017</ele>
				<time>2025-07-15T15:00:58Z</time>
				<extensions>
					<vAcc>0.0</vAcc>
					<course>303.8937286459909</course>
					<hAcc>0.0</hAcc>
					<speed>0.13305458584327182</speed>
					<speedAcc>-1.0</speedAcc>
					<courseAcc>-1.0</courseAcc>
					<gpxtpx:TrackPointExtension>
						<gpxtpx:hr>141.0</gpxtpx:hr>
					</gpxtpx:TrackPointExtension>
				</extensions>
			</trkpt>
			<trkpt lat="47.33985280597828" lon="19.048848224276746">
				<ele>101.35711676813662</ele>
				<time>2025-07-15T15:01:02Z</time>
				<extensions>
					<vAcc>0.0</vAcc>
					<course>289.98906468780086</course>
					<hAcc>0.0</hAcc>
					<speed>0.2914494329126361</speed>
					<speedAcc>-1.0</speedAcc>
					<courseAcc>-1.0</courseAcc>
					<gpxtpx:TrackPointExtension>
						<gpxtpx:hr>141.0</gpxtpx:hr>
					</gpxtpx:TrackPointExtension>
				</extensions>
			</trkpt>
			<trkpt lat="47.33987174379545" lon="19.04881335912725">
				<ele>101.22848941665143</ele>
				<time>2025-07-15T15:01:10Z</time>
				<extensions>
					<vAcc>0.0</vAcc>
					<course>286.65926568578584</course>
					<hAcc>0.0</hAcc>
					<speed>0.6344984801390127</speed>
					<speedAcc>-1.0</speedAcc>
					<courseAcc>-1.0</courseAcc>
					<gpxtpx:TrackPointExtension>
						<gpxtpx:hr>146.0</gpxtpx:hr>
					</gpxtpx:TrackPointExtension>
				</extensions>
			</trkpt>
			<trkpt lat="47.339879682701095" lon="19.048796125974235">
				<ele>101.27353553008288</ele>
				<time>2025-07-15T15:01:12Z</time>
				<extensions>
					<vAcc>0.0</vAcc>
					<course>275.60186647720207</course>
					<hAcc>0.0</hAcc>
					<speed>0.8381889244886462</speed>
					<speedAcc>-1.0</speedAcc>
					<courseAcc>-1.0</courseAcc>
					<gpxtpx:TrackPointExtension>
						<gpxtpx:hr>146.0</gpxtpx:hr>
					</gpxtpx:TrackPointExtension>
				</extensions>
			</trkpt>
			<trkpt lat="47.339891930163745" lon="19.04876291670962">
				<ele>100.89793702494353</ele>
				<time>2025-07-15T15:01:14Z</time>
				<extensions>
					<vAcc>0.0</vAcc>
					<course>282.3362008252385</course>
					<hAcc>0.0</hAcc>
					<speed>1.2858414745593976</speed>
					<speedAcc>-1.0</speedAcc>
					<courseAcc>-1.0</courseAcc>
					<gpxtpx:TrackPointExtension>
						<gpxtpx:hr>149.0</gpxtpx:hr>
					</gpxtpx:TrackPointExtension>
				</extensions>
			</trkpt>
			<trkpt lat="47.33990480132755" lon="19.048732095013282">
				<ele>101.07642075140029</ele>
				<time>2025-07-15T15:01:16Z</time>
				<extensions>
					<vAcc>0.0</vAcc>
					<course>289.0814620321966</course>
					<hAcc>0.0</hAcc>
					<speed>1.1004744101256905</speed>
					<speedAcc>-1.0</speedAcc>
					<courseAcc>-1.0</courseAcc>
					<gpxtpx:TrackPointExtension>
						<gpxtpx:hr>149.0</gpxtpx:hr>
					</gpxtpx:TrackPointExtension>
				</extensions>
			</trkpt>
			<trkpt lat="47.33992604232463" lon="19.048689019588064">
				<ele>101.30837917421013</ele>
				<time>2025-07-15T15:01:19Z</time>
				<extensions>
					<vAcc>0.0</vAcc>
					<course>302.42977510329735</course>
					<hAcc>0.0</hAcc>
					<speed>1.2598952055636166</speed>
					<speedAcc>-1.0</speedAcc>
					<courseAcc>-1.0</courseAcc>
					<gpxtpx:TrackPointExtension>
						<gpxtpx:hr>150.0</gpxtpx:hr>
					</gpxtpx:TrackPointExtension>
				</extensions>
			</trkpt>
			<trkpt lat="47.33993770551813" lon="19.04866260851957">
				<ele>101.27761966362596</ele>
				<time>2025-07-15T15:01:21Z</time>
				<extensions>
					<vAcc>0.0</vAcc>
					<course>294.68259465801316</course>
					<hAcc>0.0</hAcc>
					<speed>1.0518257699447227</speed>
					<speedAcc>-1.0</speedAcc>
					<courseAcc>-1.0</courseAcc>
					<gpxtpx:TrackPointExtension>
						<gpxtpx:hr>150.0</gpxtpx:hr>
					</gpxtpx:TrackPointExtension>
				</extensions>
			</trkpt>
			<trkpt lat="47.33993928190211" lon="19.04865138590778">
				<ele>100.94376613665372</ele>
				<time>2025-07-15T15:01:24Z</time>
				<extensions>
					<vAcc>0.0</vAcc>
					<course>254.30007135654378</course>
					<hAcc>0.0</hAcc>
					<speed>0.11561445620373174</speed>
					<speedAcc>-1.0</speedAcc>
					<courseAcc>-1.0</courseAcc>
					<gpxtpx:TrackPointExtension>
						<gpxtpx:hr>150.0</gpxtpx:hr>
					</gpxtpx:TrackPointExtension>
				</extensions>
			</trkpt>
			<trkpt lat="47.33994013235153" lon="19.048643476193085">
				<ele>100.45395666360855</ele>
				<time>2025-07-15T15:01:28Z</time>
				<extensions>
					<vAcc>0.0</vAcc>
					<course>285.81960722504317</course>
					<hAcc>0.0</hAcc>
					<speed>0.24028090730052049</speed>
					<speedAcc>-1.0</speedAcc>
					<courseAcc>-1.0</courseAcc>
					<gpxtpx:TrackPointExtension>
						<gpxtpx:hr>150.0</gpxtpx:hr>
					</gpxtpx:TrackPointExtension>
				</extensions>
			</trkpt>
			<trkpt lat="47.33993004621521" lon="19.04864165787493">
				<ele>99.89585738629103</ele>
				<time>2025-07-15T15:01:31Z</time>
				<extensions>
					<vAcc>0.0</vAcc>
					<course>199.15555990356057</course>
					<hAcc>0.0</hAcc>
					<speed>0.2821632052625729</speed>
					<speedAcc>-1.0</speedAcc>
					<courseAcc>-1.0</courseAcc>
					<gpxtpx:TrackPointExtension>
						<gpxtpx:hr>150.0</gpxtpx:hr>
					</gpxtpx:TrackPointExtension>
				</extensions>
			</trkpt>
			<trkpt lat="47.339927573043234" lon="19.048649185817247">
				<ele>98.91465170122683</ele>
				<time>2025-07-15T15:01:34Z</time>
				<extensions>
					<vAcc>0.0</vAcc>
					<course>-1.0</course>
					<hAcc>0.0</hAcc>
					<speed>0.48487026181264176</speed>
					<speedAcc>-1.0</speedAcc>
					<courseAcc>-1.0</courseAcc>
					<gpxtpx:TrackPointExtension>
						<gpxtpx:hr>150.0</gpxtpx:hr>
					</gpxtpx:TrackPointExtension>
				</extensions>
			</trkpt>
			<trkpt lat="47.33991584296241" lon="19.048645677810114">
				<ele>100.18516922742128</ele>
				<time>2025-07-15T15:01:36Z</time>
				<extensions>
					<vAcc>0.0</vAcc>
					<course>211.5448916369789</course>
					<hAcc>0.0</hAcc>
					<speed>0.29174321981404666</speed>
					<speedAcc>-1.0</speedAcc>
					<courseAcc>-1.0</courseAcc>
					<gpxtpx:TrackPointExtension>
						<gpxtpx:hr>151.0</gpxtpx:hr>
					</gpxtpx:TrackPointExtension>
				</extensions>
			</trkpt>
			<trkpt lat="47.339899032933324" lon="19.048633210981585">
				<ele>100.76067732740194</ele>
				<time>2025-07-15T15:01:40Z</time>
				<extensions>
					<vAcc>0.0</vAcc>
					<course>209.53866987423496</course>
					<hAcc>0.0</hAcc>
					<speed>0.28344953740914547</speed>
					<speedAcc>-1.0</speedAcc>
					<courseAcc>-1.0</courseAcc>
					<gpxtpx:TrackPointExtension>
						<gpxtpx:hr>151.0</gpxtpx:hr>
					</gpxtpx:TrackPointExtension>
				</extensions>
			</trkpt>
			<trkpt lat="47.33987435090356" lon="19.048616615841727">
				<ele>101.07027187105268</ele>
				<time>2025-07-15T15:01:44Z</time>
				<extensions>
					<vAcc>0.0</vAcc>
					<course>206.04849232530265</course>
					<hAcc>0.0</hAcc>
					<speed>0.6021921875586872</speed>
					<speedAcc>-1.0</speedAcc>
					<courseAcc>-1.0</courseAcc>
					<gpxtpx:TrackPointExtension>
						<gpxtpx:hr>152.0</gpxtpx:hr>
					</gpxtpx:TrackPointExtension>
				</extensions>
			</trkpt>
			<trkpt lat="47.33986201230317" lon="19.04856918124805">
				<ele>99.4256923366338</ele>
				<time>2025-07-15T15:01:52Z</time>
				<extensions>
					<vAcc>0.0</vAcc>
					<course>271.4778261049054</course>
					<hAcc>0.0</hAcc>
					<speed>0.6899242555178607</speed>
					<speedAcc>-1.0</speedAcc>
					<courseAcc>-1.0</courseAcc>
					<gpxtpx:TrackPointExtension>
						<gpxtpx:hr>150.0</gpxtpx:hr>
					</gpxtpx:TrackPointExtension>
				</extensions>
			</trkpt>
			<trkpt lat="47.33987585184971" lon="19.048574834761098">
				<ele>99.58490019664168</ele>
				<time>2025-07-15T15:01:54Z</time>
				<extensions>
					<vAcc>0.0</vAcc>
					<course>19.297411912956633</course>
					<hAcc>0.0</hAcc>
					<speed>0.28881143924207325</speed>
					<speedAcc>-1.0</speedAcc>
					<courseAcc>-1.0</courseAcc>
					<gpxtpx:TrackPointExtension>
						<gpxtpx:hr>150.0</gpxtpx:hr>
					</gpxtpx:TrackPointExtension>
				</extensions>
			</trkpt>
			<trkpt lat="47.33990047762844" lon="19.0485856728964">
				<ele>100.8975742328912</ele>
				<time>2025-07-15T15:02:01Z</time>
				<extensions>
					<vAcc>0.0</vAcc>
					<course>19.297419107756433</course>
					<hAcc>0.0</hAcc>
					<speed>0.4274486845213697</speed>
					<speedAcc>-1.0</speedAcc>
					<courseAcc>-1.0</courseAcc>
					<gpxtpx:TrackPointExtension>
						<gpxtpx:hr>149.0</gpxtpx:hr>
					</gpxtpx:TrackPointExtension>
				</extensions>
			</trkpt>
			<trkpt lat="47.33992558663935" lon="19.048602143511392">
				<ele>100.74367984384298</ele>
				<time>2025-07-15T15:02:07Z</time>
				<extensions>
					<vAcc>0.0</vAcc>
					<course>13.196514881239017</course>
					<hAcc>0.0</hAcc>
					<speed>0.5240607785286044</speed>
					<speedAcc>-1.0</speedAcc>
					<courseAcc>-1.0</courseAcc>
					<gpxtpx:TrackPointExtension>
						<gpxtpx:hr>149.0</gpxtpx:hr>
					</gpxtpx:TrackPointExtension>
				</extensions>
			</trkpt>
			<trkpt lat="47.33991931896149" lon="19.04860801373434">
				<ele>100.18476745579392</ele>
				<time>2025-07-15T15:02:12Z</time>
				<extensions>
					<vAcc>0.0</vAcc>
					<course>343.05510540988183</course>
					<hAcc>0.0</hAcc>
					<speed>0.04492882759664657</speed>
					<speedAcc>-1.0</speedAcc>
					<courseAcc>-1.0</courseAcc>
					<gpxtpx:TrackPointExtension>
						<gpxtpx:hr>148.0</gpxtpx:hr>
					</gpxtpx:TrackPointExtension>
				</extensions>
			</trkpt>
			<trkpt lat="47.33990863872754" lon="19.048621865584227">
				<ele>100.31028590071946</ele>
				<time>2025-07-15T15:02:14Z</time>
				<extensions>
					<vAcc>0.0</vAcc>
					<course>67.85629680418616</course>
					<hAcc>0.0</hAcc>
					<speed>0.39202779818893796</speed>
					<speedAcc>-1.0</speedAcc>
					<courseAcc>-1.0</courseAcc>
					<gpxtpx:TrackPointExtension>
						<gpxtpx:hr>145.0</gpxtpx:hr>
					</gpxtpx:TrackPointExtension>
				</extensions>
			</trkpt>
			<trkpt lat="47.33989011809008" lon="19.048668277936194">
				<ele>99.9937944849953</ele>
				<time>2025-07-15T15:02:19Z</time>
				<extensions>
					<vAcc>0.0</vAcc>
					<course>102.70915627958783</course>
					<hAcc>0.0</hAcc>
					<speed>1.0748148457808986</speed>
					<speedAcc>-1.0</speedAcc>
					<courseAcc>-1.0</courseAcc>
					<gpxtpx:TrackPointExtension>
						<gpxtpx:hr>145.0</gpxtpx:hr>
					</gpxtpx:TrackPointExtension>
				</extensions>
			</trkpt>
			<trkpt lat="47.33987934061904" lon="19.04869172462919">
				<ele>100.24753808788955</ele>
				<time>2025-07-15T15:02:20Z</time>
				<extensions>
					<vAcc>0.0</vAcc>
					<course>100.64276957086366</course>
					<hAcc>0.0</hAcc>
					<speed>1.4077994233430091</speed>
					<speedAcc>-1.0</speedAcc>
					<courseAcc>-1.0</courseAcc>
					<gpxtpx:TrackPointExtension>
						<gpxtpx:hr>145.0</gpxtpx:hr>
					</gpxtpx:TrackPointExtension>
				</extensions>
			</trkpt>
			<trkpt lat="47.33987418813844" lon="19.04871800091358">
				<ele>100.29648724477738</ele>
				<time>2025-07-15T15:02:21Z</time>
				<extensions>
					<vAcc>0.0</vAcc>
					<course>90.77163495586676</course>
					<hAcc>0.0</hAcc>
					<speed>1.6555114643507038</speed>
					<speedAcc>-1.0</speedAcc>
					<courseAcc>-1.0</courseAcc>
					<gpxtpx:TrackPointExtension>
						<gpxtpx:hr>145.0</gpxtpx:hr>
					</gpxtpx:TrackPointExtension>
				</extensions>
			</trkpt>
			<trkpt lat="47.3398763519864" lon="19.048747486498055">
				<ele>100.80965068470687</ele>
				<time>2025-07-15T15:02:23Z</time>
				<extensions>
					<vAcc>0.0</vAcc>
					<course>60.461385759894675</course>
					<hAcc>0.0</hAcc>
					<speed>0.9484921140483648</speed>
					<speedAcc>-1.0</speedAcc>
					<courseAcc>-1.0</courseAcc>
					<gpxtpx:TrackPointExtension>
						<gpxtpx:hr>143.0</gpxtpx:hr>
					</gpxtpx:TrackPointExtension>
				</extensions>
			</trkpt>
			<trkpt lat="47.33990241351696" lon="19.048725626747952">
				<ele>101.12141016125679</ele>
				<time>2025-07-15T15:02:28Z</time>
				<extensions>
					<vAcc>0.0</vAcc>
					<course>310.4286098839443</course>
					<hAcc>0.0</hAcc>
					<speed>1.4108449824475817</speed>
					<speedAcc>-1.0</speedAcc>
					<courseAcc>-1.0</courseAcc>
					<gpxtpx:TrackPointExtension>
						<gpxtpx:hr>143.0</gpxtpx:hr>
					</gpxtpx:TrackPointExtension>
				</extensions>
			</trkpt>
			<trkpt lat="47.33991153430153" lon="19.048676096880353">
				<ele>100.88227909151465</ele>
				<time>2025-07-15T15:02:31Z</time>
				<extensions>
					<vAcc>0.0</vAcc>
					<course>278.6883657674116</course>
					<hAcc>0.0</hAcc>
					<speed>0.956053342920257</speed>
					<speedAcc>-1.0</speedAcc>
					<courseAcc>-1.0</courseAcc>
					<gpxtpx:TrackPointExtension>
						<gpxtpx:hr>142.0</gpxtpx:hr>
					</gpxtpx:TrackPointExtension>
				</extensions>
			</trkpt>
			<trkpt lat="47.33991566314382" lon="19.048641642600924">
				<ele>101.19939064607024</ele>
				<time>2025-07-15T15:02:33Z</time>
				<extensions>
					<vAcc>0.0</vAcc>
					<course>285.90351965064536</course>
					<hAcc>0.0</hAcc>
					<speed>1.079337190204135</speed>
					<speedAcc>-1.0</speedAcc>
					<courseAcc>-1.0</courseAcc>
					<gpxtpx:TrackPointExtension>
						<gpxtpx:hr>142.0</gpxtpx:hr>
					</gpxtpx:TrackPointExtension>
				</extensions>
			</trkpt>
			<trkpt lat="47.33993057238874" lon="19.048592993462137">
				<ele>100.56018002610654</ele>
				<time>2025-07-15T15:02:37Z</time>
				<extensions>
					<vAcc>0.0</vAcc>
					<course>290.8990106807665</course>
					<hAcc>0.0</hAcc>
					<speed>0.9393574073147736</speed>
					<speedAcc>-1.0</speedAcc>
					<courseAcc>-1.0</courseAcc>
					<gpxtpx:TrackPointExtension>
						<gpxtpx:hr>141.0</gpxtpx:hr>
					</gpxtpx:TrackPointExtension>
				</extensions>
			</trkpt>
			<trkpt lat="47.33993112669496" lon="19.048575542474488">
				<ele>99.9838524768129</ele>
				<time>2025-07-15T15:02:38Z</time>
				<extensions>
					<vAcc>0.0</vAcc>
					<course>264.78471752235714</course>
					<hAcc>0.0</hAcc>
					<speed>1.042605788049214</speed>
					<speedAcc>-1.0</speedAcc>
					<courseAcc>-1.0</courseAcc>
					<gpxtpx:TrackPointExtension>
						<gpxtpx:hr>141.0</gpxtpx:hr>
					</gpxtpx:TrackPointExtension>
				</extensions>
			</trkpt>
			<trkpt lat="47.33993615678817" lon="19.048541556035822">
				<ele>99.96524612326175</ele>
				<time>2025-07-15T15:02:41Z</time>
				<extensions>
					<vAcc>0.0</vAcc>
					<course>273.5201820791964</course>
					<hAcc>0.0</hAcc>
					<speed>0.6769397495943792</speed>
					<speedAcc>-1.0</speedAcc>
					<courseAcc>-1.0</courseAcc>
					<gpxtpx:TrackPointExtension>
						<gpxtpx:hr>136.0</gpxtpx:hr>
					</gpxtpx:TrackPointExtension>
				</extensions>
			</trkpt>
			<trkpt lat="47.33994383134625" lon="19.04851170539848">
				<ele>99.83723687194288</ele>
				<time>2025-07-15T15:02:44Z</time>
				<extensions>
					<vAcc>0.0</vAcc>
					<course>271.59832459573624</course>
					<hAcc>0.0</hAcc>
					<speed>0.7970846494466579</speed>
					<speedAcc>-1.0</speedAcc>
					<courseAcc>-1.0</courseAcc>
					<gpxtpx:TrackPointExtension>
						<gpxtpx:hr>136.0</gpxtpx:hr>
					</gpxtpx:TrackPointExtension>
				</extensions>
			</trkpt>
			<trkpt lat="47.33993379313833" lon="19.048492776284146">
				<ele>99.65492059662938</ele>
				<time>2025-07-15T15:02:47Z</time>
				<extensions>
					<vAcc>0.0</vAcc>
					<course>199.2109854936088</course>
					<hAcc>0.0</hAcc>
					<speed>0.6721917128449777</speed>
					<speedAcc>-1.0</speedAcc>
					<courseAcc>-1.0</courseAcc>
					<gpxtpx:TrackPointExtension>
						<gpxtpx:hr>136.0</gpxtpx:hr>
					</gpxtpx:TrackPointExtension>
				</extensions>
			</trkpt>
			<trkpt lat="47.33992170731292" lon="19.048504470366662">
				<ele>100.01809026952833</ele>
				<time>2025-07-15T15:02:54Z</time>
				<extensions>
					<vAcc>0.0</vAcc>
					<course>113.99799448750524</course>
					<hAcc>0.0</hAcc>
					<speed>0.3394469641258141</speed>
					<speedAcc>-1.0</speedAcc>
					<courseAcc>-1.0</courseAcc>
					<gpxtpx:TrackPointExtension>
						<gpxtpx:hr>133.0</gpxtpx:hr>
					</gpxtpx:TrackPointExtension>
				</extensions>
			</trkpt>
			<trkpt lat="47.33993576964733" lon="19.048518177940352">
				<ele>100.82397435698658</ele>
				<time>2025-07-15T15:02:59Z</time>
				<extensions>
					<vAcc>0.0</vAcc>
					<course>113.99798573950878</course>
					<hAcc>0.0</hAcc>
					<speed>0.06292707967129568</speed>
					<speedAcc>-1.0</speedAcc>
					<courseAcc>-1.0</courseAcc>
					<gpxtpx:TrackPointExtension>
						<gpxtpx:hr>131.0</gpxtpx:hr>
					</gpxtpx:TrackPointExtension>
				</extensions>
			</trkpt>
			<trkpt lat="47.33994079682068" lon="19.048511359268606">
				<ele>101.11635372880846</ele>
				<time>2025-07-15T15:03:08Z</time>
				<extensions>
					<vAcc>0.0</vAcc>
					<course>104.13153741104684</course>
					<hAcc>0.0</hAcc>
					<speed>0.02335555776024377</speed>
					<speedAcc>-1.0</speedAcc>
					<courseAcc>-1.0</courseAcc>
					<gpxtpx:TrackPointExtension>
						<gpxtpx:hr>132.0</gpxtpx:hr>
					</gpxtpx:TrackPointExtension>
				</extensions>
			</trkpt>
		</trkseg>
	</trk>
</gpx>
