<?xml version="1.0" encoding="UTF-8"?>
<gpx xmlns:xsi="http://www.w3.org/2001/XMLSchema-instance" xmlns="http://www.topografix.com/GPX/1/1" xsi:schemaLocation="http://www.topografix.com/GPX/1/1 http://www.topografix.com/GPX/1/1/gpx.xsd" version="1.1" creator="GPX Export">
	<trk>
		<trkseg>
			<trkpt lat="47.35976598634163" lon="19.0801677809646">
				<ele>100.9980340923004</ele>
				<time>2026-04-19T09:31:02Z</time>
			</trkpt>
			<trkpt lat="47.359747530251994" lon="19.080152590711297">
				<ele>100.9270398888338</ele>
				<time>2026-04-19T09:31:04Z</time>
			</trkpt>
			<trkpt lat="47.359746157481275" lon="19.080155934848168">
				<ele>101.1059228349477</ele>
				<time>2026-04-19T09:31:06Z</time>
			</trkpt>
			<trkpt lat="47.359727758598346" lon="19.080148945311777">
				<ele>101.03585384227335</ele>
				<time>2026-04-19T09:31:07Z</time>
			</trkpt>
			<trkpt lat="47.359696119883225" lon="19.08013706804332">
				<ele>101.27035512402654</ele>
				<time>2026-04-19T09:31:09Z</time>
			</trkpt>
			<trkpt lat="47.35966699097015" lon="19.080121572811393">
				<ele>101.31463998835534</ele>
				<time>2026-04-19T09:31:11Z</time>
			</trkpt>
			<trkpt lat="47.35963161955301" lon="19.080101425765886">
				<ele>101.47031403612345</ele>
				<time>2026-04-19T09:31:14Z</time>
			</trkpt>
			<trkpt lat="47.3596109400105" lon="19.080089039909456">
				<ele>101.52183120045811</ele>
				<time>2026-04-19T09:31:16Z</time>
			</trkpt>
			<trkpt lat="47.35959034818454" lon="19.08006788381187">
				<ele>102.10006944555789</ele>
				<time>2026-04-19T09:31:18Z</time>
			</trkpt>
			<trkpt lat="47.359569878577865" lon="19.08004239388781">
				<ele>102.08705394435674</ele>
				<time>2026-04-19T09:31:20Z</time>
			</trkpt>
			<trkpt lat="47.35955111117215" lon="19.080014110796284">
				<ele>101.95602417271584</ele>
				<time>2026-04-19T09:31:22Z</time>
			</trkpt>
			<trkpt lat="47.35954413159083" lon="19.079960317698998">
				<ele>100.78380746487528</ele>
				<time>2026-04-19T09:31:25Z</time>
			</trkpt>
			<trkpt lat="47.35953828520604" lon="19.07992796892169">
				<ele>101.2019170243293</ele>
				<time>2026-04-19T09:31:27Z</time>
			</trkpt>
			<trkpt lat="47.35952969201157" lon="19.079902627820573">
				<ele>100.87660932634026</ele>
				<time>2026-04-19T09:31:29Z</time>
			</trkpt>
			<trkpt lat="47.359521245568956" lon="19.0798689611666">
				<ele>101.04299491271377</ele>
				<time>2026-04-19T09:31:31Z</time>
			</trkpt>
			<trkpt lat="47.35952393534874" lon="19.079838948633103">
				<ele>100.41158840525895</ele>
				<time>2026-04-19T09:31:34Z</time>
			</trkpt>
			<trkpt lat="47.35953599727469" lon="19.079822942810555">
				<ele>100.0441709915176</ele>
				<time>2026-04-19T09:31:37Z</time>
			</trkpt>
			<trkpt lat="47.359549941536486" lon="19.079796505151734">
				<ele>100.27385510131717</ele>
				<time>2026-04-19T09:31:39Z</time>
			</trkpt>
			<trkpt lat="47.359545180542135" lon="19.079764693695612">
				<ele>99.90521289780736</ele>
				<time>2026-04-19T09:31:46Z</time>
			</trkpt>
			<trkpt lat="47.359523071498764" lon="19.079764447991078">
				<ele>99.92741429805756</ele>
				<time>2026-04-19T09:31:55Z</time>
			</trkpt>
			<trkpt lat="47.35951137952916" lon="19.07977135375022">
				<ele>100.01640142127872</ele>
				<time>2026-04-19T09:32:01Z</time>
			</trkpt>
			<trkpt lat="47.359516200030676" lon="19.079763879649665">
				<ele>99.21753116324544</ele>
				<time>2026-04-19T09:32:14Z</time>
			</trkpt>
			<trkpt lat="47.35953281383574" lon="19.07976147401529">
				<ele>98.81470517721027</ele>
				<time>2026-04-19T09:32:24Z</time>
			</trkpt>
			<trkpt lat="47.35953471193967" lon="19.079746136383115">
				<ele>99.36596020311117</ele>
				<time>2026-04-19T09:32:27Z</time>
			</trkpt>
			<trkpt lat="47.35954200924713" lon="19.07974705300641">
				<ele>100.27004558034241</ele>
				<time>2026-04-19T09:32:32Z</time>
			</trkpt>
			<trkpt lat="47.3595560393938" lon="19.07972559421896">
				<ele>99.90628046076745</ele>
				<time>2026-04-19T09:32:58Z</time>
			</trkpt>
			<trkpt lat="47.35955977879466" lon="19.079707299767758">
				<ele>99.07590726856142</ele>
				<time>2026-04-19T09:33:05Z</time>
			</trkpt>
			<trkpt lat="47.35956591534644" lon="19.079686540855416">
				<ele>98.93180287629366</ele>
				<time>2026-04-19T09:33:12Z</time>
			</trkpt>
			<trkpt lat="47.35956443752012" lon="19.079658313794567">
				<ele>99.5094778034836</ele>
				<time>2026-04-19T09:33:20Z</time>
			</trkpt>
			<trkpt lat="47.359556172198694" lon="19.079656530624508">
				<ele>98.46895014960319</ele>
				<time>2026-04-19T09:33:24Z</time>
			</trkpt>
			<trkpt lat="47.35954826118873" lon="19.079669789722466">
				<ele>97.87549877539277</ele>
				<time>2026-04-19T09:33:27Z</time>
			</trkpt>
			<trkpt lat="47.359536887622184" lon="19.079690833807973">
				<ele>98.88037061598152</ele>
				<time>2026-04-19T09:33:33Z</time>
			</trkpt>
			<trkpt lat="47.35952341723465" lon="19.07971873870513">
				<ele>98.91629200428724</ele>
				<time>2026-04-19T09:33:41Z</time>
			</trkpt>
			<trkpt lat="47.359504073624095" lon="19.079714602514432">
				<ele>101.82337802834809</ele>
				<time>2026-04-19T09:34:03Z</time>
			</trkpt>
			<trkpt lat="47.35950794832865" lon="19.079700294746694">
				<ele>101.82121480070055</ele>
				<time>2026-04-19T09:34:06Z</time>
			</trkpt>
			<trkpt lat="47.35951875352987" lon="19.079683779592674">
				<ele>101.30872218962759</ele>
				<time>2026-04-19T09:34:14Z</time>
			</trkpt>
			<trkpt lat="47.359531605351926" lon="19.07965617170553">
				<ele>101.1663063634187</ele>
				<time>2026-04-19T09:34:27Z</time>
			</trkpt>
			<trkpt lat="47.35954750243637" lon="19.07962372539703">
				<ele>100.98242896515876</ele>
				<time>2026-04-19T09:34:32Z</time>
			</trkpt>
			<trkpt lat="47.35955868080699" lon="19.079606375683046">
				<ele>100.64819502551109</ele>
				<time>2026-04-19T09:34:35Z</time>
			</trkpt>
			<trkpt lat="47.35957239941409" lon="19.07959300900206">
				<ele>101.39860340952873</ele>
				<time>2026-04-19T09:34:37Z</time>
			</trkpt>
			<trkpt lat="47.359589454436545" lon="19.079577073596703">
				<ele>100.21649344917387</ele>
				<time>2026-04-19T09:34:41Z</time>
			</trkpt>
			<trkpt lat="47.35957400766081" lon="19.079573870197073">
				<ele>98.990916069597</ele>
				<time>2026-04-19T09:35:06Z</time>
			</trkpt>
			<trkpt lat="47.35955829132501" lon="19.07957527223713">
				<ele>98.83275204338133</ele>
				<time>2026-04-19T09:35:11Z</time>
			</trkpt>
			<trkpt lat="47.3595419353681" lon="19.07958020720799">
				<ele>99.73629893548787</ele>
				<time>2026-04-19T09:35:17Z</time>
			</trkpt>
			<trkpt lat="47.359528025592134" lon="19.079589034093857">
				<ele>99.65262220520526</ele>
				<time>2026-04-19T09:35:21Z</time>
			</trkpt>
			<trkpt lat="47.35951617380984" lon="19.079606445978342">
				<ele>99.52966613601893</ele>
				<time>2026-04-19T09:35:26Z</time>
			</trkpt>
			<trkpt lat="47.35951419872608" lon="19.079623854240804">
				<ele>99.12599183153361</ele>
				<time>2026-04-19T09:35:29Z</time>
			</trkpt>
			<trkpt lat="47.35951702368134" lon="19.079647163018144">
				<ele>99.889883142896</ele>
				<time>2026-04-19T09:35:33Z</time>
			</trkpt>
			<trkpt lat="47.35952055673924" lon="19.079666864333856">
				<ele>100.31261623743922</ele>
				<time>2026-04-19T09:35:37Z</time>
			</trkpt>
			<trkpt lat="47.3595256319472" lon="19.079685534867423">
				<ele>100.7586056953296</ele>
				<time>2026-04-19T09:35:40Z</time>
			</trkpt>
			<trkpt lat="47.35953629403828" lon="19.07970025538874">
				<ele>100.3192743146792</ele>
				<time>2026-04-19T09:35:48Z</time>
			</trkpt>
			<trkpt lat="47.35954854166159" lon="19.079697243323825">
				<ele>99.90495567861944</ele>
				<time>2026-04-19T09:35:55Z</time>
			</trkpt>
			<trkpt lat="47.359554366982195" lon="19.079680263718735">
				<ele>100.1741144862026</ele>
				<time>2026-04-19T09:36:01Z</time>
			</trkpt>
			<trkpt lat="47.359553581709434" lon="19.079652656890072">
				<ele>100.21480732690543</ele>
				<time>2026-04-19T09:36:11Z</time>
			</trkpt>
			<trkpt lat="47.35954657658048" lon="19.079655362039777">
				<ele>99.9957878421992</ele>
				<time>2026-04-19T09:36:20Z</time>
			</trkpt>
			<trkpt lat="47.35953487322865" lon="19.079659949279684">
				<ele>99.67789987102151</ele>
				<time>2026-04-19T09:36:25Z</time>
			</trkpt>
			<trkpt lat="47.359528772012126" lon="19.079650631297305">
				<ele>99.46661057602614</ele>
				<time>2026-04-19T09:36:28Z</time>
			</trkpt>
			<trkpt lat="47.359526103668614" lon="19.07963098070082">
				<ele>98.76188979577273</ele>
				<time>2026-04-19T09:36:31Z</time>
			</trkpt>
			<trkpt lat="47.359531307246606" lon="19.079611875040392">
				<ele>99.38248068280518</ele>
				<time>2026-04-19T09:36:33Z</time>
			</trkpt>
			<trkpt lat="47.359537614952316" lon="19.07959002042146">
				<ele>98.9717428740114</ele>
				<time>2026-04-19T09:36:36Z</time>
			</trkpt>
			<trkpt lat="47.359549966803094" lon="19.079572150972663">
				<ele>99.02984654251486</ele>
				<time>2026-04-19T09:36:56Z</time>
			</trkpt>
			<trkpt lat="47.35956464850084" lon="19.079574303004154">
				<ele>100.17152730748057</ele>
				<time>2026-04-19T09:37:03Z</time>
			</trkpt>
			<trkpt lat="47.359577718672284" lon="19.079571891603063">
				<ele>99.77370095998049</ele>
				<time>2026-04-19T09:37:07Z</time>
			</trkpt>
			<trkpt lat="47.35958850399379" lon="19.079566289934654">
				<ele>99.52717200107872</ele>
				<time>2026-04-19T09:37:08Z</time>
			</trkpt>
			<trkpt lat="47.35959968151688" lon="19.07956781505189">
				<ele>100.34408605378121</ele>
				<time>2026-04-19T09:37:12Z</time>
			</trkpt>
			<trkpt lat="47.35961173714137" lon="19.079575027436135">
				<ele>99.60113047622144</ele>
				<time>2026-04-19T09:37:15Z</time>
			</trkpt>
			<trkpt lat="47.35963464636467" lon="19.079590883510694">
				<ele>98.86517996247858</ele>
				<time>2026-04-19T09:37:24Z</time>
			</trkpt>
			<trkpt lat="47.35965965444069" lon="19.079597491376617">
				<ele>98.65475402865559</ele>
				<time>2026-04-19T09:37:33Z</time>
			</trkpt>
			<trkpt lat="47.359679489909595" lon="19.079602492331848">
				<ele>98.64622366055846</ele>
				<time>2026-04-19T09:37:38Z</time>
			</trkpt>
			<trkpt lat="47.359690220872885" lon="19.0796165249379">
				<ele>99.71813179086894</ele>
				<time>2026-04-19T09:37:41Z</time>
			</trkpt>
			<trkpt lat="47.35970234212544" lon="19.079633599614976">
				<ele>99.61277690250427</ele>
				<time>2026-04-19T09:37:45Z</time>
			</trkpt>
			<trkpt lat="47.359714748968585" lon="19.079657571336085">
				<ele>98.96039099246264</ele>
				<time>2026-04-19T09:37:50Z</time>
			</trkpt>
			<trkpt lat="47.35972736852689" lon="19.07968726845043">
				<ele>99.75767617486417</ele>
				<time>2026-04-19T09:37:54Z</time>
			</trkpt>
			<trkpt lat="47.359741268308376" lon="19.07971472139797">
				<ele>100.00620293617249</ele>
				<time>2026-04-19T09:37:58Z</time>
			</trkpt>
			<trkpt lat="47.35976557048165" lon="19.079750654014862">
				<ele>99.07933150976896</ele>
				<time>2026-04-19T09:38:01Z</time>
			</trkpt>
			<trkpt lat="47.3598001984811" lon="19.079794456066498">
				<ele>99.25921598356217</ele>
				<time>2026-04-19T09:38:04Z</time>
			</trkpt>
			<trkpt lat="47.35982569094696" lon="19.079825963018035">
				<ele>98.95167188160121</ele>
				<time>2026-04-19T09:38:08Z</time>
			</trkpt>
			<trkpt lat="47.35983271776728" lon="19.079837991778632">
				<ele>99.17533600050956</ele>
				<time>2026-04-19T09:38:10Z</time>
			</trkpt>
			<trkpt lat="47.35984139109617" lon="19.07985173821425">
				<ele>99.39385709632188</ele>
				<time>2026-04-19T09:38:12Z</time>
			</trkpt>
			<trkpt lat="47.359851078681956" lon="19.079864108743497">
				<ele>100.01576986722648</ele>
				<time>2026-04-19T09:38:14Z</time>
			</trkpt>
			<trkpt lat="47.359877527579464" lon="19.079888084266376">
				<ele>99.82734265178442</ele>
				<time>2026-04-19T09:38:17Z</time>
			</trkpt>
			<trkpt lat="47.35991462290541" lon="19.0799168676823">
				<ele>100.87170681543648</ele>
				<time>2026-04-19T09:38:20Z</time>
			</trkpt>
			<trkpt lat="47.35993344856763" lon="19.079920568036695">
				<ele>99.74779227375984</ele>
				<time>2026-04-19T09:38:21Z</time>
			</trkpt>
			<trkpt lat="47.35996240957427" lon="19.07993744993669">
				<ele>100.24485554546118</ele>
				<time>2026-04-19T09:38:23Z</time>
			</trkpt>
			<trkpt lat="47.359984776023865" lon="19.079962478950172">
				<ele>100.03759889584035</ele>
				<time>2026-04-19T09:38:25Z</time>
			</trkpt>
			<trkpt lat="47.36000690477607" lon="19.0799802697801">
				<ele>100.30021488107741</ele>
				<time>2026-04-19T09:38:27Z</time>
			</trkpt>
			<trkpt lat="47.360025530859424" lon="19.079995357422113">
				<ele>98.48098962847143</ele>
				<time>2026-04-19T09:38:29Z</time>
			</trkpt>
			<trkpt lat="47.360033940806844" lon="19.080005078869878">
				<ele>98.3379686595872</ele>
				<time>2026-04-19T09:38:31Z</time>
			</trkpt>
			<trkpt lat="47.36004789505236" lon="19.080021395176768">
				<ele>98.33846245706081</ele>
				<time>2026-04-19T09:38:33Z</time>
			</trkpt>
			<trkpt lat="47.360061492856346" lon="19.080037849062194">
				<ele>98.54425918962806</ele>
				<time>2026-04-19T09:38:36Z</time>
			</trkpt>
			<trkpt lat="47.360066922448894" lon="19.08004555957576">
				<ele>98.91000959649682</ele>
				<time>2026-04-19T09:38:39Z</time>
			</trkpt>
			<trkpt lat="47.36007598978956" lon="19.080050949044587">
				<ele>98.31074026692659</ele>
				<time>2026-04-19T09:38:41Z</time>
			</trkpt>
			<trkpt lat="47.36008656807349" lon="19.080057760981255">
				<ele>98.57380150537938</ele>
				<time>2026-04-19T09:38:43Z</time>
			</trkpt>
			<trkpt lat="47.3601160854423" lon="19.080070827392287">
				<ele>98.25008907355368</ele>
				<time>2026-04-19T09:38:46Z</time>
			</trkpt>
			<trkpt lat="47.36014758915977" lon="19.08008547738661">
				<ele>98.34806350618601</ele>
				<time>2026-04-19T09:38:48Z</time>
			</trkpt>
			<trkpt lat="47.36017369147287" lon="19.080109264129806">
				<ele>99.05594030674547</ele>
				<time>2026-04-19T09:38:50Z</time>
			</trkpt>
			<trkpt lat="47.360195893482775" lon="19.08012763601115">
				<ele>98.43894966412336</ele>
				<time>2026-04-19T09:38:53Z</time>
			</trkpt>
			<trkpt lat="47.360206870849616" lon="19.080149063394064">
				<ele>99.80113075301051</ele>
				<time>2026-04-19T09:38:55Z</time>
			</trkpt>
			<trkpt lat="47.36022540159807" lon="19.08016976417534">
				<ele>98.41195037122816</ele>
				<time>2026-04-19T09:38:57Z</time>
			</trkpt>
			<trkpt lat="47.360249024613346" lon="19.080186914974007">
				<ele>98.31577816791832</ele>
				<time>2026-04-19T09:38:59Z</time>
			</trkpt>
			<trkpt lat="47.36027009935692" lon="19.0801987266636">
				<ele>98.57672959472984</ele>
				<time>2026-04-19T09:39:02Z</time>
			</trkpt>
			<trkpt lat="47.360289748773305" lon="19.080211119697395">
				<ele>98.14805425237864</ele>
				<time>2026-04-19T09:39:04Z</time>
			</trkpt>
			<trkpt lat="47.360304926971004" lon="19.08021829659919">
				<ele>98.02723956294358</ele>
				<time>2026-04-19T09:39:06Z</time>
			</trkpt>
			<trkpt lat="47.36031829770636" lon="19.080224070113164">
				<ele>97.83058609906584</ele>
				<time>2026-04-19T09:39:08Z</time>
			</trkpt>
			<trkpt lat="47.36033651274292" lon="19.080249039986796">
				<ele>98.34750253614038</ele>
				<time>2026-04-19T09:39:11Z</time>
			</trkpt>
			<trkpt lat="47.36035234593823" lon="19.08026099680361">
				<ele>98.11339579615742</ele>
				<time>2026-04-19T09:39:13Z</time>
			</trkpt>
			<trkpt lat="47.36038314038763" lon="19.08028649261296">
				<ele>99.3291068924591</ele>
				<time>2026-04-19T09:39:16Z</time>
			</trkpt>
			<trkpt lat="47.3604109416024" lon="19.08030300585563">
				<ele>99.78331420850009</ele>
				<time>2026-04-19T09:39:18Z</time>
			</trkpt>
			<trkpt lat="47.36042671659075" lon="19.08032334836788">
				<ele>99.32410543318838</ele>
				<time>2026-04-19T09:39:21Z</time>
			</trkpt>
			<trkpt lat="47.360440395591866" lon="19.080338637809838">
				<ele>98.73049857188016</ele>
				<time>2026-04-19T09:39:23Z</time>
			</trkpt>
			<trkpt lat="47.36045427950141" lon="19.080351044003116">
				<ele>98.77979238890111</ele>
				<time>2026-04-19T09:39:25Z</time>
			</trkpt>
			<trkpt lat="47.360466080890255" lon="19.08036112563901">
				<ele>99.38464406132698</ele>
				<time>2026-04-19T09:39:27Z</time>
			</trkpt>
			<trkpt lat="47.36047738688141" lon="19.08037650552358">
				<ele>99.70055332221091</ele>
				<time>2026-04-19T09:39:29Z</time>
			</trkpt>
			<trkpt lat="47.36049961402684" lon="19.080405640347678">
				<ele>99.24756193254143</ele>
				<time>2026-04-19T09:39:31Z</time>
			</trkpt>
			<trkpt lat="47.360517028354636" lon="19.080425855558573">
				<ele>98.26888038683683</ele>
				<time>2026-04-19T09:39:33Z</time>
			</trkpt>
			<trkpt lat="47.360527538378115" lon="19.080441354551194">
				<ele>98.9344481267035</ele>
				<time>2026-04-19T09:39:35Z</time>
			</trkpt>
			<trkpt lat="47.36055707004335" lon="19.080470731238194">
				<ele>98.23278397601098</ele>
				<time>2026-04-19T09:39:38Z</time>
			</trkpt>
			<trkpt lat="47.360577265541906" lon="19.080497654345574">
				<ele>98.19224004074931</ele>
				<time>2026-04-19T09:39:41Z</time>
			</trkpt>
			<trkpt lat="47.36059869142568" lon="19.08052000056045">
				<ele>98.34309235401452</ele>
				<time>2026-04-19T09:39:43Z</time>
			</trkpt>
			<trkpt lat="47.36061657714171" lon="19.080550870039065">
				<ele>98.56350005511194</ele>
				<time>2026-04-19T09:39:45Z</time>
			</trkpt>
			<trkpt lat="47.36063453020489" lon="19.080575825421626">
				<ele>98.58230695687234</ele>
				<time>2026-04-19T09:39:48Z</time>
			</trkpt>
			<trkpt lat="47.36064885252311" lon="19.080595620306617">
				<ele>98.3730115685612</ele>
				<time>2026-04-19T09:39:49Z</time>
			</trkpt>
			<trkpt lat="47.36066618010725" lon="19.08062486394068">
				<ele>98.9047633735463</ele>
				<time>2026-04-19T09:39:51Z</time>
			</trkpt>
			<trkpt lat="47.360689574066" lon="19.08065399015576">
				<ele>98.82554837223142</ele>
				<time>2026-04-19T09:39:53Z</time>
			</trkpt>
			<trkpt lat="47.36070628288447" lon="19.08070109157437">
				<ele>97.9385457355529</ele>
				<time>2026-04-19T09:39:56Z</time>
			</trkpt>
			<trkpt lat="47.360712037290334" lon="19.080715312391234">
				<ele>98.09770128969103</ele>
				<time>2026-04-19T09:39:58Z</time>
			</trkpt>
			<trkpt lat="47.36073038930233" lon="19.080734643616232">
				<ele>97.9332163836807</ele>
				<time>2026-04-19T09:40:00Z</time>
			</trkpt>
			<trkpt lat="47.36075224628108" lon="19.080769576285476">
				<ele>97.88510532584041</ele>
				<time>2026-04-19T09:40:02Z</time>
			</trkpt>
			<trkpt lat="47.36078690794371" lon="19.08081368360612">
				<ele>97.34264806006104</ele>
				<time>2026-04-19T09:40:06Z</time>
			</trkpt>
			<trkpt lat="47.36080286522902" lon="19.080836291932492">
				<ele>97.13803001772612</ele>
				<time>2026-04-19T09:40:08Z</time>
			</trkpt>
			<trkpt lat="47.36082090404707" lon="19.080870301142244">
				<ele>97.03304201364517</ele>
				<time>2026-04-19T09:40:11Z</time>
			</trkpt>
			<trkpt lat="47.360827839401736" lon="19.080888434345745">
				<ele>97.09128156676888</ele>
				<time>2026-04-19T09:40:14Z</time>
			</trkpt>
			<trkpt lat="47.36083944458273" lon="19.080905256155983">
				<ele>96.59608402103186</ele>
				<time>2026-04-19T09:40:16Z</time>
			</trkpt>
			<trkpt lat="47.360852181098245" lon="19.080936989633514">
				<ele>97.32867740094662</ele>
				<time>2026-04-19T09:40:18Z</time>
			</trkpt>
			<trkpt lat="47.360877332744934" lon="19.080973604374176">
				<ele>97.41325496137142</ele>
				<time>2026-04-19T09:40:21Z</time>
			</trkpt>
			<trkpt lat="47.36088798781708" lon="19.080986506784843">
				<ele>97.79430316668004</ele>
				<time>2026-04-19T09:40:23Z</time>
			</trkpt>
			<trkpt lat="47.36089617564892" lon="19.080999492330342">
				<ele>97.6070594182238</ele>
				<time>2026-04-19T09:40:25Z</time>
			</trkpt>
			<trkpt lat="47.36090827864338" lon="19.081031210052043">
				<ele>98.24796037562191</ele>
				<time>2026-04-19T09:40:27Z</time>
			</trkpt>
			<trkpt lat="47.36092889450476" lon="19.081077214949925">
				<ele>97.66413810569793</ele>
				<time>2026-04-19T09:40:30Z</time>
			</trkpt>
			<trkpt lat="47.36094795188805" lon="19.08110929749341">
				<ele>96.95789113920182</ele>
				<time>2026-04-19T09:40:32Z</time>
			</trkpt>
			<trkpt lat="47.36097419002249" lon="19.08114973016952">
				<ele>97.78816995676607</ele>
				<time>2026-04-19T09:40:35Z</time>
			</trkpt>
			<trkpt lat="47.360998427044734" lon="19.081170276120787">
				<ele>97.61589857470244</ele>
				<time>2026-04-19T09:40:37Z</time>
			</trkpt>
			<trkpt lat="47.36102371887093" lon="19.08119156168417">
				<ele>98.80814121570438</ele>
				<time>2026-04-19T09:40:39Z</time>
			</trkpt>
			<trkpt lat="47.36103126107351" lon="19.081206500073726">
				<ele>98.41484106145799</ele>
				<time>2026-04-19T09:40:41Z</time>
			</trkpt>
			<trkpt lat="47.36104036117251" lon="19.08123320587447">
				<ele>99.05819426104426</ele>
				<time>2026-04-19T09:40:43Z</time>
			</trkpt>
			<trkpt lat="47.36105205913062" lon="19.081247471831393">
				<ele>98.29770038928837</ele>
				<time>2026-04-19T09:40:44Z</time>
			</trkpt>
			<trkpt lat="47.361079813492246" lon="19.0812778796854">
				<ele>98.51433070655912</ele>
				<time>2026-04-19T09:40:47Z</time>
			</trkpt>
			<trkpt lat="47.36109276915214" lon="19.08129633758919">
				<ele>98.24867883138359</ele>
				<time>2026-04-19T09:40:50Z</time>
			</trkpt>
			<trkpt lat="47.36110236454754" lon="19.081319708657354">
				<ele>98.24484073836356</ele>
				<time>2026-04-19T09:40:52Z</time>
			</trkpt>
			<trkpt lat="47.36112798542033" lon="19.081352468720162">
				<ele>97.92223136592656</ele>
				<time>2026-04-19T09:40:55Z</time>
			</trkpt>
			<trkpt lat="47.36113832954856" lon="19.081371916844496">
				<ele>97.64487226121128</ele>
				<time>2026-04-19T09:40:56Z</time>
			</trkpt>
			<trkpt lat="47.36115253750562" lon="19.081406493302566">
				<ele>97.22201063670218</ele>
				<time>2026-04-19T09:40:58Z</time>
			</trkpt>
			<trkpt lat="47.36116423777519" lon="19.08144063679944">
				<ele>97.4963345695287</ele>
				<time>2026-04-19T09:41:00Z</time>
			</trkpt>
			<trkpt lat="47.3611752416409" lon="19.081453128572292">
				<ele>97.54862519633025</ele>
				<time>2026-04-19T09:41:01Z</time>
			</trkpt>
			<trkpt lat="47.36118571785413" lon="19.08148641144249">
				<ele>96.58087685517967</ele>
				<time>2026-04-19T09:41:03Z</time>
			</trkpt>
			<trkpt lat="47.36119781760734" lon="19.08151669659113">
				<ele>96.48709461744875</ele>
				<time>2026-04-19T09:41:05Z</time>
			</trkpt>
			<trkpt lat="47.3612107188868" lon="19.08153764421775">
				<ele>96.48169802315533</ele>
				<time>2026-04-19T09:41:08Z</time>
			</trkpt>
			<trkpt lat="47.361227023831596" lon="19.08154850381168">
				<ele>96.71514889225364</ele>
				<time>2026-04-19T09:41:09Z</time>
			</trkpt>
			<trkpt lat="47.36124736067915" lon="19.08156729730608">
				<ele>97.58815603144467</ele>
				<time>2026-04-19T09:41:11Z</time>
			</trkpt>
			<trkpt lat="47.36126835298146" lon="19.081590907378427">
				<ele>97.08463414851576</ele>
				<time>2026-04-19T09:41:13Z</time>
			</trkpt>
			<trkpt lat="47.36128765324062" lon="19.081618227244746">
				<ele>98.2455577319488</ele>
				<time>2026-04-19T09:41:15Z</time>
			</trkpt>
			<trkpt lat="47.36130970499524" lon="19.081648811068877">
				<ele>98.43849228415638</ele>
				<time>2026-04-19T09:41:17Z</time>
			</trkpt>
			<trkpt lat="47.361320608539984" lon="19.081684473899283">
				<ele>99.08125863596797</ele>
				<time>2026-04-19T09:41:19Z</time>
			</trkpt>
			<trkpt lat="47.36133165114304" lon="19.081721241202562">
				<ele>98.63411279022694</ele>
				<time>2026-04-19T09:41:21Z</time>
			</trkpt>
			<trkpt lat="47.361341736418666" lon="19.0817379515217">
				<ele>98.4255051612854</ele>
				<time>2026-04-19T09:41:23Z</time>
			</trkpt>
			<trkpt lat="47.36136013357963" lon="19.081760524985423">
				<ele>98.47456911671907</ele>
				<time>2026-04-19T09:41:25Z</time>
			</trkpt>
			<trkpt lat="47.36138063322201" lon="19.08179111547386">
				<ele>97.95755401533097</ele>
				<time>2026-04-19T09:41:27Z</time>
			</trkpt>
			<trkpt lat="47.36139977045417" lon="19.081819317174208">
				<ele>98.56511052045971</ele>
				<time>2026-04-19T09:41:29Z</time>
			</trkpt>
			<trkpt lat="47.36142370789098" lon="19.081841102232914">
				<ele>97.54819852858782</ele>
				<time>2026-04-19T09:41:31Z</time>
			</trkpt>
			<trkpt lat="47.36143855272901" lon="19.081861257936563">
				<ele>98.03150696959347</ele>
				<time>2026-04-19T09:41:32Z</time>
			</trkpt>
			<trkpt lat="47.36145776390126" lon="19.081887952370007">
				<ele>98.20473879855126</ele>
				<time>2026-04-19T09:41:35Z</time>
			</trkpt>
			<trkpt lat="47.36146314037383" lon="19.081895034488202">
				<ele>98.24747300241143</ele>
				<time>2026-04-19T09:41:37Z</time>
			</trkpt>
			<trkpt lat="47.361479146969295" lon="19.081911255092454">
				<ele>98.5314163416624</ele>
				<time>2026-04-19T09:41:39Z</time>
			</trkpt>
			<trkpt lat="47.36149788204147" lon="19.08192917368492">
				<ele>97.6878147367388</ele>
				<time>2026-04-19T09:41:42Z</time>
			</trkpt>
			<trkpt lat="47.36150787271923" lon="19.08194983243873">
				<ele>98.1855903621763</ele>
				<time>2026-04-19T09:41:43Z</time>
			</trkpt>
			<trkpt lat="47.36151990557421" lon="19.08196436821828">
				<ele>97.99630636163056</ele>
				<time>2026-04-19T09:41:45Z</time>
			</trkpt>
			<trkpt lat="47.36153888284907" lon="19.08198414582178">
				<ele>97.94876612722874</ele>
				<time>2026-04-19T09:41:47Z</time>
			</trkpt>
			<trkpt lat="47.361564461910724" lon="19.08200723381322">
				<ele>97.2949961014092</ele>
				<time>2026-04-19T09:41:49Z</time>
			</trkpt>
			<trkpt lat="47.36157723807721" lon="19.082023436520448">
				<ele>97.58176183141768</ele>
				<time>2026-04-19T09:41:51Z</time>
			</trkpt>
			<trkpt lat="47.36159309697856" lon="19.08204562111693">
				<ele>97.4311004448682</ele>
				<time>2026-04-19T09:41:53Z</time>
			</trkpt>
			<trkpt lat="47.36161468812378" lon="19.082071522152173">
				<ele>97.05552965309471</ele>
				<time>2026-04-19T09:41:55Z</time>
			</trkpt>
			<trkpt lat="47.36165092451853" lon="19.08211110122998">
				<ele>97.23723783623427</ele>
				<time>2026-04-19T09:41:58Z</time>
			</trkpt>
			<trkpt lat="47.361687276157774" lon="19.08214587849184">
				<ele>98.27501277439296</ele>
				<time>2026-04-19T09:42:01Z</time>
			</trkpt>
			<trkpt lat="47.361707348383824" lon="19.082166228753476">
				<ele>98.22225074842572</ele>
				<time>2026-04-19T09:42:03Z</time>
			</trkpt>
			<trkpt lat="47.36172327726673" lon="19.082190765358085">
				<ele>98.06060430780053</ele>
				<time>2026-04-19T09:42:05Z</time>
			</trkpt>
			<trkpt lat="47.36173632996414" lon="19.08221893446963">
				<ele>98.59034969471395</ele>
				<time>2026-04-19T09:42:09Z</time>
			</trkpt>
			<trkpt lat="47.36173943037696" lon="19.08222684697199">
				<ele>98.25023698527366</ele>
				<time>2026-04-19T09:42:11Z</time>
			</trkpt>
			<trkpt lat="47.36175365657295" lon="19.082243129403444">
				<ele>98.77509103063494</ele>
				<time>2026-04-19T09:42:13Z</time>
			</trkpt>
			<trkpt lat="47.3617739304647" lon="19.082262835599085">
				<ele>97.61238998640329</ele>
				<time>2026-04-19T09:42:15Z</time>
			</trkpt>
			<trkpt lat="47.361787215067885" lon="19.08227608713713">
				<ele>97.73026058543473</ele>
				<time>2026-04-19T09:42:17Z</time>
			</trkpt>
			<trkpt lat="47.36181746298092" lon="19.08230661094073">
				<ele>97.31369954254478</ele>
				<time>2026-04-19T09:42:21Z</time>
			</trkpt>
			<trkpt lat="47.36183573438204" lon="19.08232615878303">
				<ele>97.35855346545577</ele>
				<time>2026-04-19T09:42:24Z</time>
			</trkpt>
			<trkpt lat="47.36184545414538" lon="19.082337292642126">
				<ele>97.20452464092523</ele>
				<time>2026-04-19T09:42:27Z</time>
			</trkpt>
			<trkpt lat="47.3618560291751" lon="19.082349297007035">
				<ele>96.81856780312955</ele>
				<time>2026-04-19T09:42:30Z</time>
			</trkpt>
			<trkpt lat="47.36186734703491" lon="19.082362037513047">
				<ele>96.78152436669916</ele>
				<time>2026-04-19T09:42:33Z</time>
			</trkpt>
			<trkpt lat="47.36188060418012" lon="19.08237515553274">
				<ele>96.91821316443384</ele>
				<time>2026-04-19T09:42:36Z</time>
			</trkpt>
			<trkpt lat="47.361896856221655" lon="19.08239301133999">
				<ele>96.83170988503844</ele>
				<time>2026-04-19T09:42:40Z</time>
			</trkpt>
			<trkpt lat="47.36191237012485" lon="19.08240936909381">
				<ele>96.86140772327781</ele>
				<time>2026-04-19T09:42:43Z</time>
			</trkpt>
			<trkpt lat="47.36192693994363" lon="19.082425037949317">
				<ele>96.72729844693094</ele>
				<time>2026-04-19T09:42:47Z</time>
			</trkpt>
			<trkpt lat="47.361942359556366" lon="19.08244132092413">
				<ele>97.0205782642588</ele>
				<time>2026-04-19T09:42:51Z</time>
			</trkpt>
			<trkpt lat="47.361969198475514" lon="19.08247056969073">
				<ele>96.98352964222431</ele>
				<time>2026-04-19T09:42:59Z</time>
			</trkpt>
			<trkpt lat="47.36203525061453" lon="19.082539385289106">
				<ele>97.8115285038948</ele>
				<time>2026-04-19T09:43:12Z</time>
			</trkpt>
			<trkpt lat="47.36207589395948" lon="19.082571499724416">
				<ele>99.01690019946545</ele>
				<time>2026-04-19T09:43:14Z</time>
			</trkpt>
			<trkpt lat="47.3621053252271" lon="19.082595833219262">
				<ele>98.06913550198078</ele>
				<time>2026-04-19T09:43:17Z</time>
			</trkpt>
			<trkpt lat="47.36213406695973" lon="19.082620819615244">
				<ele>97.63573869876564</ele>
				<time>2026-04-19T09:43:20Z</time>
			</trkpt>
			<trkpt lat="47.362156330585115" lon="19.08264951112363">
				<ele>98.81629768572748</ele>
				<time>2026-04-19T09:43:22Z</time>
			</trkpt>
			<trkpt lat="47.36218182841556" lon="19.08266405428028">
				<ele>98.36200218927115</ele>
				<time>2026-04-19T09:43:24Z</time>
			</trkpt>
			<trkpt lat="47.362198161464846" lon="19.082673027410955">
				<ele>98.05454473290592</ele>
				<time>2026-04-19T09:43:26Z</time>
			</trkpt>
			<trkpt lat="47.36221395710561" lon="19.082687203609925">
				<ele>97.76912254281342</ele>
				<time>2026-04-19T09:43:27Z</time>
			</trkpt>
			<trkpt lat="47.36223838427541" lon="19.082706941312377">
				<ele>97.03023195080459</ele>
				<time>2026-04-19T09:43:29Z</time>
			</trkpt>
			<trkpt lat="47.36226987102323" lon="19.082734922870646">
				<ele>97.13903953228146</ele>
				<time>2026-04-19T09:43:32Z</time>
			</trkpt>
			<trkpt lat="47.36228158863624" lon="19.08274199359517">
				<ele>97.71815030369908</ele>
				<time>2026-04-19T09:43:34Z</time>
			</trkpt>
			<trkpt lat="47.36230729766212" lon="19.082757664449343">
				<ele>97.06834965664893</ele>
				<time>2026-04-19T09:43:36Z</time>
			</trkpt>
			<trkpt lat="47.36233305752904" lon="19.08277313931571">
				<ele>97.03228557296097</ele>
				<time>2026-04-19T09:43:39Z</time>
			</trkpt>
			<trkpt lat="47.36235119677221" lon="19.082794280705333">
				<ele>96.78148723673075</ele>
				<time>2026-04-19T09:43:41Z</time>
			</trkpt>
			<trkpt lat="47.362364403910235" lon="19.08280742882302">
				<ele>97.27814011275768</ele>
				<time>2026-04-19T09:43:43Z</time>
			</trkpt>
			<trkpt lat="47.36238614032584" lon="19.08281903499506">
				<ele>97.45214755274355</ele>
				<time>2026-04-19T09:43:45Z</time>
			</trkpt>
			<trkpt lat="47.36242493025813" lon="19.082836802875825">
				<ele>98.07392111234367</ele>
				<time>2026-04-19T09:43:48Z</time>
			</trkpt>
			<trkpt lat="47.36245580148801" lon="19.082861964136878">
				<ele>97.94214054103941</ele>
				<time>2026-04-19T09:43:50Z</time>
			</trkpt>
			<trkpt lat="47.362496384780165" lon="19.082885619282816">
				<ele>97.91430217586458</ele>
				<time>2026-04-19T09:43:53Z</time>
			</trkpt>
			<trkpt lat="47.362517683690406" lon="19.082900475374394">
				<ele>98.16137678362429</ele>
				<time>2026-04-19T09:43:55Z</time>
			</trkpt>
			<trkpt lat="47.36253420744699" lon="19.08291292960121">
				<ele>98.33362740278244</ele>
				<time>2026-04-19T09:43:58Z</time>
			</trkpt>
			<trkpt lat="47.36255274637458" lon="19.082923363010842">
				<ele>97.76970126107335</ele>
				<time>2026-04-19T09:44:00Z</time>
			</trkpt>
			<trkpt lat="47.362575937131716" lon="19.08293777715636">
				<ele>97.21638080663979</ele>
				<time>2026-04-19T09:44:02Z</time>
			</trkpt>
			<trkpt lat="47.36259242669144" lon="19.082950413471764">
				<ele>97.57051146030426</ele>
				<time>2026-04-19T09:44:03Z</time>
			</trkpt>
			<trkpt lat="47.36261564677996" lon="19.082969865000617">
				<ele>97.49503474216908</ele>
				<time>2026-04-19T09:44:06Z</time>
			</trkpt>
			<trkpt lat="47.36262416229469" lon="19.08297705848789">
				<ele>97.5676776682958</ele>
				<time>2026-04-19T09:44:08Z</time>
			</trkpt>
			<trkpt lat="47.36264201866825" lon="19.082990486084835">
				<ele>97.73466427903622</ele>
				<time>2026-04-19T09:44:10Z</time>
			</trkpt>
			<trkpt lat="47.362668158504405" lon="19.082998348882594">
				<ele>97.39703089836985</ele>
				<time>2026-04-19T09:44:12Z</time>
			</trkpt>
			<trkpt lat="47.36269468241742" lon="19.083009195229383">
				<ele>96.77019314374775</ele>
				<time>2026-04-19T09:44:14Z</time>
			</trkpt>
			<trkpt lat="47.36272288547447" lon="19.083023002848105">
				<ele>96.74434619490057</ele>
				<time>2026-04-19T09:44:16Z</time>
			</trkpt>
			<trkpt lat="47.36274187614777" lon="19.08304101372003">
				<ele>97.15250698197633</ele>
				<time>2026-04-19T09:44:17Z</time>
			</trkpt>
			<trkpt lat="47.36277684757985" lon="19.083077015133014">
				<ele>97.8917424781248</ele>
				<time>2026-04-19T09:44:20Z</time>
			</trkpt>
			<trkpt lat="47.36279729876936" lon="19.08309423028295">
				<ele>98.63401943352073</ele>
				<time>2026-04-19T09:44:22Z</time>
			</trkpt>
			<trkpt lat="47.36281146309587" lon="19.083104234913932">
				<ele>99.10406322218478</ele>
				<time>2026-04-19T09:44:23Z</time>
			</trkpt>
			<trkpt lat="47.36283094363065" lon="19.083120902647902">
				<ele>98.18308631889522</ele>
				<time>2026-04-19T09:44:26Z</time>
			</trkpt>
			<trkpt lat="47.36283789492841" lon="19.083130860790746">
				<ele>98.37488858401775</ele>
				<time>2026-04-19T09:44:28Z</time>
			</trkpt>
			<trkpt lat="47.36286441577712" lon="19.083150492329136">
				<ele>98.27916452940553</ele>
				<time>2026-04-19T09:44:30Z</time>
			</trkpt>
			<trkpt lat="47.362896364981545" lon="19.083165574362422">
				<ele>98.48155924864113</ele>
				<time>2026-04-19T09:44:32Z</time>
			</trkpt>
			<trkpt lat="47.36292185079843" lon="19.083180003121242">
				<ele>98.14036504551768</ele>
				<time>2026-04-19T09:44:34Z</time>
			</trkpt>
			<trkpt lat="47.362944990074354" lon="19.083199545519076">
				<ele>98.22902228031307</ele>
				<time>2026-04-19T09:44:36Z</time>
			</trkpt>
			<trkpt lat="47.36296307686119" lon="19.083222062125735">
				<ele>98.01327192690223</ele>
				<time>2026-04-19T09:44:38Z</time>
			</trkpt>
			<trkpt lat="47.36297519039514" lon="19.08324402013374">
				<ele>98.01153960172087</ele>
				<time>2026-04-19T09:44:39Z</time>
			</trkpt>
			<trkpt lat="47.362999341008134" lon="19.08327201714661">
				<ele>98.73055667895824</ele>
				<time>2026-04-19T09:44:41Z</time>
			</trkpt>
			<trkpt lat="47.36302178284562" lon="19.083293316317135">
				<ele>98.58340472448617</ele>
				<time>2026-04-19T09:44:43Z</time>
			</trkpt>
			<trkpt lat="47.3630329291951" lon="19.083320967953505">
				<ele>98.60061170440167</ele>
				<time>2026-04-19T09:44:45Z</time>
			</trkpt>
			<trkpt lat="47.363046024886124" lon="19.083347314677436">
				<ele>98.11117860488594</ele>
				<time>2026-04-19T09:44:47Z</time>
			</trkpt>
			<trkpt lat="47.36305580236843" lon="19.0833610013015">
				<ele>98.10398795176297</ele>
				<time>2026-04-19T09:44:49Z</time>
			</trkpt>
			<trkpt lat="47.363068118391325" lon="19.083385768244923">
				<ele>97.94445421826094</ele>
				<time>2026-04-19T09:44:51Z</time>
			</trkpt>
			<trkpt lat="47.36308049578633" lon="19.083401482430066">
				<ele>97.71632194705307</ele>
				<time>2026-04-19T09:44:53Z</time>
			</trkpt>
			<trkpt lat="47.363101375493635" lon="19.08342024239522">
				<ele>97.91807645466179</ele>
				<time>2026-04-19T09:44:55Z</time>
			</trkpt>
			<trkpt lat="47.363118846214746" lon="19.083433153525988">
				<ele>97.69462770130485</ele>
				<time>2026-04-19T09:44:56Z</time>
			</trkpt>
			<trkpt lat="47.36314472137573" lon="19.083451576644503">
				<ele>97.53404062520713</ele>
				<time>2026-04-19T09:44:58Z</time>
			</trkpt>
			<trkpt lat="47.36316419803278" lon="19.083481801236516">
				<ele>97.67971720080823</ele>
				<time>2026-04-19T09:45:00Z</time>
			</trkpt>
			<trkpt lat="47.36319388971088" lon="19.083508607647083">
				<ele>97.32589534390718</ele>
				<time>2026-04-19T09:45:03Z</time>
			</trkpt>
			<trkpt lat="47.36320215670805" lon="19.083524959124713">
				<ele>96.60909147839993</ele>
				<time>2026-04-19T09:45:04Z</time>
			</trkpt>
			<trkpt lat="47.36321417466476" lon="19.08353840611807">
				<ele>97.50721885636449</ele>
				<time>2026-04-19T09:45:06Z</time>
			</trkpt>
			<trkpt lat="47.363233334847095" lon="19.083556374523425">
				<ele>97.30348499491811</ele>
				<time>2026-04-19T09:45:08Z</time>
			</trkpt>
			<trkpt lat="47.36325886807683" lon="19.083577296433365">
				<ele>98.66810707934201</ele>
				<time>2026-04-19T09:45:10Z</time>
			</trkpt>
			<trkpt lat="47.36328904286195" lon="19.083594838479858">
				<ele>97.98773742839694</ele>
				<time>2026-04-19T09:45:12Z</time>
			</trkpt>
			<trkpt lat="47.363313959969936" lon="19.083617397034832">
				<ele>98.63195458892733</ele>
				<time>2026-04-19T09:45:14Z</time>
			</trkpt>
			<trkpt lat="47.36334249176464" lon="19.083641416420956">
				<ele>98.18758326023817</ele>
				<time>2026-04-19T09:45:17Z</time>
			</trkpt>
			<trkpt lat="47.363361551768726" lon="19.08365439408642">
				<ele>98.63199762254953</ele>
				<time>2026-04-19T09:45:19Z</time>
			</trkpt>
			<trkpt lat="47.36337484699833" lon="19.083676144625215">
				<ele>98.55301819555461</ele>
				<time>2026-04-19T09:45:21Z</time>
			</trkpt>
			<trkpt lat="47.36338580490959" lon="19.08370468122201">
				<ele>98.77891069743782</ele>
				<time>2026-04-19T09:45:23Z</time>
			</trkpt>
			<trkpt lat="47.36340342734027" lon="19.08373014944076">
				<ele>97.91664359625429</ele>
				<time>2026-04-19T09:45:25Z</time>
			</trkpt>
			<trkpt lat="47.36341876085914" lon="19.083735920855922">
				<ele>97.94163632486016</ele>
				<time>2026-04-19T09:45:26Z</time>
			</trkpt>
			<trkpt lat="47.36343100271328" lon="19.083750481900783">
				<ele>97.66931031178683</ele>
				<time>2026-04-19T09:45:27Z</time>
			</trkpt>
			<trkpt lat="47.363451923058804" lon="19.083779549021557">
				<ele>97.34167762193829</ele>
				<time>2026-04-19T09:45:29Z</time>
			</trkpt>
			<trkpt lat="47.363466338478844" lon="19.083807730631168">
				<ele>97.91256221197546</ele>
				<time>2026-04-19T09:45:31Z</time>
			</trkpt>
			<trkpt lat="47.36347813262716" lon="19.083822322782655">
				<ele>97.71033469308168</ele>
				<time>2026-04-19T09:45:32Z</time>
			</trkpt>
			<trkpt lat="47.3634909777403" lon="19.083852288674297">
				<ele>97.76762576494366</ele>
				<time>2026-04-19T09:45:34Z</time>
			</trkpt>
			<trkpt lat="47.36350763675759" lon="19.08388011430934">
				<ele>98.74815307650715</ele>
				<time>2026-04-19T09:45:36Z</time>
			</trkpt>
			<trkpt lat="47.363525813965786" lon="19.083904393692535">
				<ele>97.60209980420768</ele>
				<time>2026-04-19T09:45:38Z</time>
			</trkpt>
			<trkpt lat="47.36354295496976" lon="19.083926299426142">
				<ele>97.3067383049056</ele>
				<time>2026-04-19T09:45:40Z</time>
			</trkpt>
			<trkpt lat="47.36355645679809" lon="19.083942234563462">
				<ele>97.08716391492635</ele>
				<time>2026-04-19T09:45:41Z</time>
			</trkpt>
			<trkpt lat="47.36357796453544" lon="19.0839655728594">
				<ele>96.78450364526361</ele>
				<time>2026-04-19T09:45:43Z</time>
			</trkpt>
			<trkpt lat="47.363599506359996" lon="19.08398531320792">
				<ele>97.14454169292003</ele>
				<time>2026-04-19T09:45:45Z</time>
			</trkpt>
			<trkpt lat="47.363628334200065" lon="19.084012072610083">
				<ele>97.82518646214157</ele>
				<time>2026-04-19T09:45:48Z</time>
			</trkpt>
			<trkpt lat="47.36364673105195" lon="19.08402927070795">
				<ele>98.28821128606796</ele>
				<time>2026-04-19T09:45:50Z</time>
			</trkpt>
			<trkpt lat="47.363670235797095" lon="19.084043740419002">
				<ele>98.23041828349233</ele>
				<time>2026-04-19T09:45:52Z</time>
			</trkpt>
			<trkpt lat="47.36368639997904" lon="19.08404884436789">
				<ele>98.2795244269073</ele>
				<time>2026-04-19T09:45:53Z</time>
			</trkpt>
			<trkpt lat="47.36370943630009" lon="19.084069688270876">
				<ele>97.66896072495729</ele>
				<time>2026-04-19T09:45:55Z</time>
			</trkpt>
			<trkpt lat="47.36373368158426" lon="19.08409809238171">
				<ele>97.45448591001332</ele>
				<time>2026-04-19T09:45:57Z</time>
			</trkpt>
			<trkpt lat="47.36374908523861" lon="19.084113166304412">
				<ele>98.03600782994181</ele>
				<time>2026-04-19T09:45:58Z</time>
			</trkpt>
			<trkpt lat="47.36377247605701" lon="19.08414372467096">
				<ele>97.6641049142927</ele>
				<time>2026-04-19T09:46:00Z</time>
			</trkpt>
			<trkpt lat="47.363790752487574" lon="19.084173178076615">
				<ele>97.66540152300149</ele>
				<time>2026-04-19T09:46:02Z</time>
			</trkpt>
			<trkpt lat="47.36379810689016" lon="19.084188452235022">
				<ele>97.49053483083844</ele>
				<time>2026-04-19T09:46:04Z</time>
			</trkpt>
			<trkpt lat="47.363804312134285" lon="19.084197137985225">
				<ele>97.04979290254414</ele>
				<time>2026-04-19T09:46:06Z</time>
			</trkpt>
			<trkpt lat="47.363817987927796" lon="19.084214831865513">
				<ele>96.76121981162578</ele>
				<time>2026-04-19T09:46:07Z</time>
			</trkpt>
			<trkpt lat="47.36383959883998" lon="19.08423973116042">
				<ele>96.6912003569305</ele>
				<time>2026-04-19T09:46:09Z</time>
			</trkpt>
			<trkpt lat="47.36386507357149" lon="19.084269743618297">
				<ele>97.12603932712227</ele>
				<time>2026-04-19T09:46:11Z</time>
			</trkpt>
			<trkpt lat="47.36388616234044" lon="19.084300991042618">
				<ele>97.34876563027501</ele>
				<time>2026-04-19T09:46:13Z</time>
			</trkpt>
			<trkpt lat="47.36389647732025" lon="19.084321823228642">
				<ele>97.21040866710246</ele>
				<time>2026-04-19T09:46:14Z</time>
			</trkpt>
			<trkpt lat="47.36391557491983" lon="19.084346681116447">
				<ele>96.62347821425647</ele>
				<time>2026-04-19T09:46:16Z</time>
			</trkpt>
			<trkpt lat="47.36392769229522" lon="19.084358700797967">
				<ele>96.76468541380018</ele>
				<time>2026-04-19T09:46:17Z</time>
			</trkpt>
			<trkpt lat="47.36395105710443" lon="19.084379078394857">
				<ele>96.96732905134559</ele>
				<time>2026-04-19T09:46:19Z</time>
			</trkpt>
			<trkpt lat="47.363978399233076" lon="19.08439800384885">
				<ele>98.43896016012877</ele>
				<time>2026-04-19T09:46:21Z</time>
			</trkpt>
			<trkpt lat="47.3640076198995" lon="19.084413898491967">
				<ele>98.75714995991439</ele>
				<time>2026-04-19T09:46:23Z</time>
			</trkpt>
			<trkpt lat="47.36403186768371" lon="19.084431813938064">
				<ele>98.68435963336378</ele>
				<time>2026-04-19T09:46:25Z</time>
			</trkpt>
			<trkpt lat="47.364055749393906" lon="19.08445179419814">
				<ele>98.6716303806752</ele>
				<time>2026-04-19T09:46:27Z</time>
			</trkpt>
			<trkpt lat="47.36408072226874" lon="19.084464365528852">
				<ele>98.57469507306814</ele>
				<time>2026-04-19T09:46:29Z</time>
			</trkpt>
			<trkpt lat="47.364106920234875" lon="19.08448105991826">
				<ele>98.14286737702787</ele>
				<time>2026-04-19T09:46:31Z</time>
			</trkpt>
			<trkpt lat="47.36412604935742" lon="19.084499134897932">
				<ele>98.31864938046783</ele>
				<time>2026-04-19T09:46:33Z</time>
			</trkpt>
			<trkpt lat="47.36414440651837" lon="19.084513909304658">
				<ele>97.549257109873</ele>
				<time>2026-04-19T09:46:35Z</time>
			</trkpt>
			<trkpt lat="47.36417238509886" lon="19.08452765043801">
				<ele>97.57844845950603</ele>
				<time>2026-04-19T09:46:37Z</time>
			</trkpt>
			<trkpt lat="47.36419567461854" lon="19.084549298670908">
				<ele>97.55464972089976</ele>
				<time>2026-04-19T09:46:39Z</time>
			</trkpt>
			<trkpt lat="47.364219945615446" lon="19.08456981089365">
				<ele>97.51342560630292</ele>
				<time>2026-04-19T09:46:41Z</time>
			</trkpt>
			<trkpt lat="47.36424306012266" lon="19.084588817799702">
				<ele>97.62179639656097</ele>
				<time>2026-04-19T09:46:43Z</time>
			</trkpt>
			<trkpt lat="47.3642661303758" lon="19.08461279906763">
				<ele>97.53971530217677</ele>
				<time>2026-04-19T09:46:45Z</time>
			</trkpt>
			<trkpt lat="47.3642915156894" lon="19.084641358311302">
				<ele>97.40584148745984</ele>
				<time>2026-04-19T09:46:47Z</time>
			</trkpt>
			<trkpt lat="47.36430817849085" lon="19.084673242884627">
				<ele>96.84072701167315</ele>
				<time>2026-04-19T09:46:49Z</time>
			</trkpt>
			<trkpt lat="47.36432655340682" lon="19.08470000381652">
				<ele>97.9611459383741</ele>
				<time>2026-04-19T09:46:51Z</time>
			</trkpt>
			<trkpt lat="47.364350762377526" lon="19.084728727292422">
				<ele>98.44082854688168</ele>
				<time>2026-04-19T09:46:53Z</time>
			</trkpt>
			<trkpt lat="47.364375001952915" lon="19.084755384103616">
				<ele>97.41639776155353</ele>
				<time>2026-04-19T09:46:55Z</time>
			</trkpt>
			<trkpt lat="47.36439785808104" lon="19.08478368222253">
				<ele>97.43009177129716</ele>
				<time>2026-04-19T09:46:57Z</time>
			</trkpt>
			<trkpt lat="47.36441297786361" lon="19.084813901172012">
				<ele>97.92582255229354</ele>
				<time>2026-04-19T09:46:59Z</time>
			</trkpt>
			<trkpt lat="47.36442971725219" lon="19.084843427655837">
				<ele>97.72222168836743</ele>
				<time>2026-04-19T09:47:01Z</time>
			</trkpt>
			<trkpt lat="47.36445312274595" lon="19.08486625160695">
				<ele>97.63380446936935</ele>
				<time>2026-04-19T09:47:03Z</time>
			</trkpt>
			<trkpt lat="47.364473293519104" lon="19.084885020464753">
				<ele>97.08979804161936</ele>
				<time>2026-04-19T09:47:05Z</time>
			</trkpt>
			<trkpt lat="47.364493305041194" lon="19.084902177398412">
				<ele>96.79693936277181</ele>
				<time>2026-04-19T09:47:07Z</time>
			</trkpt>
			<trkpt lat="47.36451415327016" lon="19.084921097457872">
				<ele>97.157327006571</ele>
				<time>2026-04-19T09:47:09Z</time>
			</trkpt>
			<trkpt lat="47.36453658735489" lon="19.08493989322128">
				<ele>97.74953786842525</ele>
				<time>2026-04-19T09:47:11Z</time>
			</trkpt>
			<trkpt lat="47.36455552588691" lon="19.08496475691994">
				<ele>97.97187534160912</ele>
				<time>2026-04-19T09:47:13Z</time>
			</trkpt>
			<trkpt lat="47.36456845528584" lon="19.08497145530871">
				<ele>98.26572376862168</ele>
				<time>2026-04-19T09:47:14Z</time>
			</trkpt>
			<trkpt lat="47.364593236681635" lon="19.08498805371544">
				<ele>97.56911859940737</ele>
				<time>2026-04-19T09:47:16Z</time>
			</trkpt>
			<trkpt lat="47.364614146377" lon="19.08500811975429">
				<ele>98.30963929276913</ele>
				<time>2026-04-19T09:47:18Z</time>
			</trkpt>
			<trkpt lat="47.364638624230246" lon="19.085031846113917">
				<ele>97.9087072815746</ele>
				<time>2026-04-19T09:47:20Z</time>
			</trkpt>
			<trkpt lat="47.36466041848062" lon="19.085056727098802">
				<ele>98.41897432599217</ele>
				<time>2026-04-19T09:47:22Z</time>
			</trkpt>
			<trkpt lat="47.36468494869601" lon="19.085077647142665">
				<ele>98.20462584868073</ele>
				<time>2026-04-19T09:47:24Z</time>
			</trkpt>
			<trkpt lat="47.364709405974956" lon="19.08511441678437">
				<ele>98.28947901260108</ele>
				<time>2026-04-19T09:47:27Z</time>
			</trkpt>
			<trkpt lat="47.36472488434559" lon="19.085145415698236">
				<ele>98.0699683316052</ele>
				<time>2026-04-19T09:47:29Z</time>
			</trkpt>
			<trkpt lat="47.36474749746808" lon="19.08517298465058">
				<ele>97.3123991843313</ele>
				<time>2026-04-19T09:47:31Z</time>
			</trkpt>
			<trkpt lat="47.36476173551302" lon="19.085204858186785">
				<ele>97.59247189480811</ele>
				<time>2026-04-19T09:47:33Z</time>
			</trkpt>
			<trkpt lat="47.364783469265035" lon="19.085214299687216">
				<ele>98.00502057559788</ele>
				<time>2026-04-19T09:47:35Z</time>
			</trkpt>
			<trkpt lat="47.364804375797725" lon="19.085220219434937">
				<ele>97.66087064892054</ele>
				<time>2026-04-19T09:47:37Z</time>
			</trkpt>
			<trkpt lat="47.364831462708665" lon="19.08524415576128">
				<ele>97.69153236038983</ele>
				<time>2026-04-19T09:47:39Z</time>
			</trkpt>
			<trkpt lat="47.36484705739414" lon="19.085273140583258">
				<ele>97.59255664795637</ele>
				<time>2026-04-19T09:47:42Z</time>
			</trkpt>
			<trkpt lat="47.3648572893134" lon="19.085281993515167">
				<ele>97.80523356515914</ele>
				<time>2026-04-19T09:47:43Z</time>
			</trkpt>
			<trkpt lat="47.36488213093882" lon="19.08530407907362">
				<ele>98.02797248866409</ele>
				<time>2026-04-19T09:47:45Z</time>
			</trkpt>
			<trkpt lat="47.36490464984736" lon="19.08533766928813">
				<ele>98.15485068503767</ele>
				<time>2026-04-19T09:47:47Z</time>
			</trkpt>
			<trkpt lat="47.36492791042718" lon="19.08536353867524">
				<ele>98.67152477707714</ele>
				<time>2026-04-19T09:47:49Z</time>
			</trkpt>
			<trkpt lat="47.36493791483959" lon="19.085383963808763">
				<ele>98.99450692813843</ele>
				<time>2026-04-19T09:47:50Z</time>
			</trkpt>
			<trkpt lat="47.364959927127025" lon="19.08540762518435">
				<ele>99.06362751219422</ele>
				<time>2026-04-19T09:47:52Z</time>
			</trkpt>
			<trkpt lat="47.36497558546517" lon="19.085428186464814">
				<ele>97.28176565747708</ele>
				<time>2026-04-19T09:47:54Z</time>
			</trkpt>
			<trkpt lat="47.36499456784279" lon="19.08545171596236">
				<ele>97.51675476785749</ele>
				<time>2026-04-19T09:47:56Z</time>
			</trkpt>
			<trkpt lat="47.365012503348424" lon="19.08546121991043">
				<ele>97.46448719501495</ele>
				<time>2026-04-19T09:47:57Z</time>
			</trkpt>
			<trkpt lat="47.365028337402116" lon="19.085487722050487">
				<ele>97.55319278500974</ele>
				<time>2026-04-19T09:48:00Z</time>
			</trkpt>
			<trkpt lat="47.365030707020644" lon="19.085495003065837">
				<ele>97.81713578756899</ele>
				<time>2026-04-19T09:48:01Z</time>
			</trkpt>
			<trkpt lat="47.36504185908555" lon="19.08550965635439">
				<ele>97.9990960964933</ele>
				<time>2026-04-19T09:48:02Z</time>
			</trkpt>
			<trkpt lat="47.365057391551716" lon="19.08551663556229">
				<ele>98.63293702714145</ele>
				<time>2026-04-19T09:48:03Z</time>
			</trkpt>
			<trkpt lat="47.36508145469236" lon="19.085538854721186">
				<ele>97.61369090992957</ele>
				<time>2026-04-19T09:48:05Z</time>
			</trkpt>
			<trkpt lat="47.36510527988602" lon="19.08555845459614">
				<ele>98.1101208589971</ele>
				<time>2026-04-19T09:48:07Z</time>
			</trkpt>
			<trkpt lat="47.365115816681836" lon="19.08557584969787">
				<ele>98.34041793085635</ele>
				<time>2026-04-19T09:48:08Z</time>
			</trkpt>
			<trkpt lat="47.3651382996902" lon="19.085601305296592">
				<ele>97.9898924017325</ele>
				<time>2026-04-19T09:48:10Z</time>
			</trkpt>
			<trkpt lat="47.36516316592196" lon="19.08562693419513">
				<ele>98.67336830869317</ele>
				<time>2026-04-19T09:48:12Z</time>
			</trkpt>
			<trkpt lat="47.36518629513472" lon="19.08565583356429">
				<ele>98.7624334609136</ele>
				<time>2026-04-19T09:48:14Z</time>
			</trkpt>
			<trkpt lat="47.36520116723312" lon="19.0856656995924">
				<ele>98.45639288332313</ele>
				<time>2026-04-19T09:48:15Z</time>
			</trkpt>
			<trkpt lat="47.3652232565756" lon="19.085691488519938">
				<ele>98.64952307287604</ele>
				<time>2026-04-19T09:48:17Z</time>
			</trkpt>
			<trkpt lat="47.36524151178266" lon="19.085717184792784">
				<ele>98.7088987827301</ele>
				<time>2026-04-19T09:48:19Z</time>
			</trkpt>
			<trkpt lat="47.365256000849136" lon="19.08573957201357">
				<ele>98.28943073842674</ele>
				<time>2026-04-19T09:48:21Z</time>
			</trkpt>
			<trkpt lat="47.36526960824612" lon="19.085745759898003">
				<ele>97.90756976790726</ele>
				<time>2026-04-19T09:48:22Z</time>
			</trkpt>
			<trkpt lat="47.365282269506515" lon="19.08575897468464">
				<ele>97.7520072394982</ele>
				<time>2026-04-19T09:48:24Z</time>
			</trkpt>
			<trkpt lat="47.36529178676548" lon="19.08576984803605">
				<ele>97.88095086999238</ele>
				<time>2026-04-19T09:48:26Z</time>
			</trkpt>
			<trkpt lat="47.365306974500136" lon="19.085784631855773">
				<ele>97.31337468419224</ele>
				<time>2026-04-19T09:48:27Z</time>
			</trkpt>
			<trkpt lat="47.365329306802124" lon="19.085813572810505">
				<ele>98.9539804160595</ele>
				<time>2026-04-19T09:48:29Z</time>
			</trkpt>
			<trkpt lat="47.3653520711982" lon="19.085843640440714">
				<ele>98.28432079032063</ele>
				<time>2026-04-19T09:48:31Z</time>
			</trkpt>
			<trkpt lat="47.36536347327" lon="19.085877301771987">
				<ele>98.15120584797114</ele>
				<time>2026-04-19T09:48:33Z</time>
			</trkpt>
			<trkpt lat="47.3653771586864" lon="19.08590638038075">
				<ele>97.90591328777373</ele>
				<time>2026-04-19T09:48:35Z</time>
			</trkpt>
			<trkpt lat="47.365396877878375" lon="19.085932555084202">
				<ele>97.54301274102181</ele>
				<time>2026-04-19T09:48:37Z</time>
			</trkpt>
			<trkpt lat="47.36541649370363" lon="19.085952871236383">
				<ele>97.47446319740266</ele>
				<time>2026-04-19T09:48:39Z</time>
			</trkpt>
			<trkpt lat="47.365427967556535" lon="19.08597017632769">
				<ele>98.01609471160918</ele>
				<time>2026-04-19T09:48:40Z</time>
			</trkpt>
			<trkpt lat="47.36546256347844" lon="19.08599896181309">
				<ele>98.53935805801302</ele>
				<time>2026-04-19T09:48:43Z</time>
			</trkpt>
			<trkpt lat="47.36547626726604" lon="19.08600658657509">
				<ele>97.64584748540074</ele>
				<time>2026-04-19T09:48:44Z</time>
			</trkpt>
			<trkpt lat="47.36549711795719" lon="19.086025652470628">
				<ele>97.7210306879133</ele>
				<time>2026-04-19T09:48:46Z</time>
			</trkpt>
			<trkpt lat="47.36551777649669" lon="19.086038126941066">
				<ele>98.27995323576033</ele>
				<time>2026-04-19T09:48:48Z</time>
			</trkpt>
			<trkpt lat="47.36553352562634" lon="19.0860469783828">
				<ele>97.9874049834907</ele>
				<time>2026-04-19T09:48:49Z</time>
			</trkpt>
			<trkpt lat="47.365559060766294" lon="19.086064735096492">
				<ele>98.7663904344663</ele>
				<time>2026-04-19T09:48:51Z</time>
			</trkpt>
			<trkpt lat="47.365581606817685" lon="19.08608718791919">
				<ele>98.61849693022668</ele>
				<time>2026-04-19T09:48:53Z</time>
			</trkpt>
			<trkpt lat="47.365600276113" lon="19.086110356992627">
				<ele>98.8538929997012</ele>
				<time>2026-04-19T09:48:55Z</time>
			</trkpt>
			<trkpt lat="47.365609118144185" lon="19.086125372682858">
				<ele>98.76628906279802</ele>
				<time>2026-04-19T09:48:57Z</time>
			</trkpt>
			<trkpt lat="47.36563023138272" lon="19.086140003990863">
				<ele>99.18389972485602</ele>
				<time>2026-04-19T09:48:59Z</time>
			</trkpt>
			<trkpt lat="47.36565364523105" lon="19.086168926810615">
				<ele>98.66855244990438</ele>
				<time>2026-04-19T09:49:01Z</time>
			</trkpt>
			<trkpt lat="47.36566705033031" lon="19.086186911777602">
				<ele>98.6737148668617</ele>
				<time>2026-04-19T09:49:02Z</time>
			</trkpt>
			<trkpt lat="47.365698340878794" lon="19.086228767662508">
				<ele>98.93297362886369</ele>
				<time>2026-04-19T09:49:05Z</time>
			</trkpt>
			<trkpt lat="47.365709496262824" lon="19.08623881539108">
				<ele>98.61373938247561</ele>
				<time>2026-04-19T09:49:07Z</time>
			</trkpt>
			<trkpt lat="47.36572292937663" lon="19.0862624401873">
				<ele>98.67771468125284</ele>
				<time>2026-04-19T09:49:09Z</time>
			</trkpt>
			<trkpt lat="47.365736159251064" lon="19.086278248524813">
				<ele>98.72319512721151</ele>
				<time>2026-04-19T09:49:11Z</time>
			</trkpt>
			<trkpt lat="47.36575886346589" lon="19.08630237897435">
				<ele>98.3494860874489</ele>
				<time>2026-04-19T09:49:13Z</time>
			</trkpt>
			<trkpt lat="47.36577923536777" lon="19.08632538846833">
				<ele>99.04032570496202</ele>
				<time>2026-04-19T09:49:16Z</time>
			</trkpt>
			<trkpt lat="47.36579163013552" lon="19.086348719531927">
				<ele>98.73621607292444</ele>
				<time>2026-04-19T09:49:18Z</time>
			</trkpt>
			<trkpt lat="47.36580853728621" lon="19.08637311958839">
				<ele>98.69214725401253</ele>
				<time>2026-04-19T09:49:20Z</time>
			</trkpt>
			<trkpt lat="47.365834333072506" lon="19.086392741646026">
				<ele>97.47315265983343</ele>
				<time>2026-04-19T09:49:22Z</time>
			</trkpt>
			<trkpt lat="47.365862613624444" lon="19.086408859139247">
				<ele>98.24560443032533</ele>
				<time>2026-04-19T09:49:24Z</time>
			</trkpt>
			<trkpt lat="47.36588622585962" lon="19.086430237029788">
				<ele>97.70688801351935</ele>
				<time>2026-04-19T09:49:26Z</time>
			</trkpt>
			<trkpt lat="47.36589848780716" lon="19.08644830556741">
				<ele>98.4798704488203</ele>
				<time>2026-04-19T09:49:27Z</time>
			</trkpt>
			<trkpt lat="47.3659169448201" lon="19.086475088905296">
				<ele>98.15585802402347</ele>
				<time>2026-04-19T09:49:29Z</time>
			</trkpt>
			<trkpt lat="47.36593556652296" lon="19.08650621798666">
				<ele>97.4893848579377</ele>
				<time>2026-04-19T09:49:31Z</time>
			</trkpt>
			<trkpt lat="47.36595365783116" lon="19.08653830257655">
				<ele>97.25743264798075</ele>
				<time>2026-04-19T09:49:33Z</time>
			</trkpt>
			<trkpt lat="47.36597041678251" lon="19.086563669608328">
				<ele>97.98249402083457</ele>
				<time>2026-04-19T09:49:35Z</time>
			</trkpt>
			<trkpt lat="47.365989421813126" lon="19.0865886739648">
				<ele>97.73960934951901</ele>
				<time>2026-04-19T09:49:37Z</time>
			</trkpt>
			<trkpt lat="47.36600875179321" lon="19.086614883324962">
				<ele>97.21831640601158</ele>
				<time>2026-04-19T09:49:39Z</time>
			</trkpt>
			<trkpt lat="47.366024807089815" lon="19.08664534829928">
				<ele>96.90747573692352</ele>
				<time>2026-04-19T09:49:41Z</time>
			</trkpt>
			<trkpt lat="47.366043063877626" lon="19.086671850260217">
				<ele>96.82470783405006</ele>
				<time>2026-04-19T09:49:43Z</time>
			</trkpt>
			<trkpt lat="47.36605858494439" lon="19.086681621289642">
				<ele>97.42004329059273</ele>
				<time>2026-04-19T09:49:44Z</time>
			</trkpt>
			<trkpt lat="47.36607661837801" lon="19.086704901377413">
				<ele>97.75478425063193</ele>
				<time>2026-04-19T09:49:47Z</time>
			</trkpt>
			<trkpt lat="47.36608631363822" lon="19.086731063424658">
				<ele>97.44872950110584</ele>
				<time>2026-04-19T09:49:49Z</time>
			</trkpt>
			<trkpt lat="47.36610605152552" lon="19.086761895149326">
				<ele>97.26156079489738</ele>
				<time>2026-04-19T09:49:51Z</time>
			</trkpt>
			<trkpt lat="47.36612593920906" lon="19.08679275137406">
				<ele>97.53681748174131</ele>
				<time>2026-04-19T09:49:53Z</time>
			</trkpt>
			<trkpt lat="47.366146957076666" lon="19.086818708637622">
				<ele>97.5215382212773</ele>
				<time>2026-04-19T09:49:55Z</time>
			</trkpt>
			<trkpt lat="47.366164365037285" lon="19.08684088385011">
				<ele>97.98548503778875</ele>
				<time>2026-04-19T09:49:57Z</time>
			</trkpt>
			<trkpt lat="47.36617094024621" lon="19.086860865846432">
				<ele>98.25246754474938</ele>
				<time>2026-04-19T09:49:59Z</time>
			</trkpt>
			<trkpt lat="47.366178679234835" lon="19.086878099756095">
				<ele>98.04524056334049</ele>
				<time>2026-04-19T09:50:01Z</time>
			</trkpt>
			<trkpt lat="47.366193740082274" lon="19.086906584630263">
				<ele>97.52446162793785</ele>
				<time>2026-04-19T09:50:03Z</time>
			</trkpt>
			<trkpt lat="47.366215720448515" lon="19.086941078901035">
				<ele>98.1208915039897</ele>
				<time>2026-04-19T09:50:05Z</time>
			</trkpt>
			<trkpt lat="47.36623317264321" lon="19.08698111271723">
				<ele>97.52576802577823</ele>
				<time>2026-04-19T09:50:07Z</time>
			</trkpt>
			<trkpt lat="47.366250762219785" lon="19.087006745966228">
				<ele>98.04523180797696</ele>
				<time>2026-04-19T09:50:09Z</time>
			</trkpt>
			<trkpt lat="47.3662656147088" lon="19.087031976917466">
				<ele>97.56318720057607</ele>
				<time>2026-04-19T09:50:11Z</time>
			</trkpt>
			<trkpt lat="47.36628011381762" lon="19.087054859258778">
				<ele>97.59580317512155</ele>
				<time>2026-04-19T09:50:13Z</time>
			</trkpt>
			<trkpt lat="47.36629840758213" lon="19.08708116497">
				<ele>97.45031646639109</ele>
				<time>2026-04-19T09:50:15Z</time>
			</trkpt>
			<trkpt lat="47.36631584086391" lon="19.087108816452684">
				<ele>97.71597124822438</ele>
				<time>2026-04-19T09:50:17Z</time>
			</trkpt>
			<trkpt lat="47.36632365182826" lon="19.087129715457397">
				<ele>97.82936444506049</ele>
				<time>2026-04-19T09:50:19Z</time>
			</trkpt>
			<trkpt lat="47.366331850919124" lon="19.08715573650305">
				<ele>98.50354574993253</ele>
				<time>2026-04-19T09:50:21Z</time>
			</trkpt>
			<trkpt lat="47.36633781837283" lon="19.087191577912836">
				<ele>99.27859361376613</ele>
				<time>2026-04-19T09:50:23Z</time>
			</trkpt>
			<trkpt lat="47.36635773456594" lon="19.087234537119386">
				<ele>98.74741325248033</ele>
				<time>2026-04-19T09:50:26Z</time>
			</trkpt>
			<trkpt lat="47.366370329820434" lon="19.087259517992177">
				<ele>98.08781089354306</ele>
				<time>2026-04-19T09:50:28Z</time>
			</trkpt>
			<trkpt lat="47.36638152444512" lon="19.087289178441644">
				<ele>97.86651462502778</ele>
				<time>2026-04-19T09:50:30Z</time>
			</trkpt>
			<trkpt lat="47.36639570348612" lon="19.087325063983133">
				<ele>98.32338915392756</ele>
				<time>2026-04-19T09:50:32Z</time>
			</trkpt>
			<trkpt lat="47.3664109616525" lon="19.087373112919277">
				<ele>98.00996432173997</ele>
				<time>2026-04-19T09:50:35Z</time>
			</trkpt>
			<trkpt lat="47.36641969162308" lon="19.087400219619497">
				<ele>97.70328222308308</ele>
				<time>2026-04-19T09:50:37Z</time>
			</trkpt>
			<trkpt lat="47.36643093655796" lon="19.08742444489021">
				<ele>97.71245271060616</ele>
				<time>2026-04-19T09:50:39Z</time>
			</trkpt>
			<trkpt lat="47.36644255629015" lon="19.08744758950246">
				<ele>97.33099095709622</ele>
				<time>2026-04-19T09:50:41Z</time>
			</trkpt>
			<trkpt lat="47.36644935265838" lon="19.087465028003717">
				<ele>97.61486255191267</ele>
				<time>2026-04-19T09:50:42Z</time>
			</trkpt>
			<trkpt lat="47.36646502307579" lon="19.087495460602657">
				<ele>97.13432133570313</ele>
				<time>2026-04-19T09:50:44Z</time>
			</trkpt>
			<trkpt lat="47.36648075038716" lon="19.08752491748358">
				<ele>97.16332965623587</ele>
				<time>2026-04-19T09:50:46Z</time>
			</trkpt>
			<trkpt lat="47.366495782444176" lon="19.087549080614618">
				<ele>97.00774525664747</ele>
				<time>2026-04-19T09:50:48Z</time>
			</trkpt>
			<trkpt lat="47.366511593726685" lon="19.0875712376714">
				<ele>97.16209999006242</ele>
				<time>2026-04-19T09:50:50Z</time>
			</trkpt>
			<trkpt lat="47.366523218803145" lon="19.087587025754683">
				<ele>97.35916133131832</ele>
				<time>2026-04-19T09:50:51Z</time>
			</trkpt>
			<trkpt lat="47.36655655538401" lon="19.087626733995133">
				<ele>98.10762058198452</ele>
				<time>2026-04-19T09:50:54Z</time>
			</trkpt>
			<trkpt lat="47.36657168374969" lon="19.087629893081417">
				<ele>97.14577262569219</ele>
				<time>2026-04-19T09:50:55Z</time>
			</trkpt>
			<trkpt lat="47.366590847267055" lon="19.08763607884956">
				<ele>97.4199122870341</ele>
				<time>2026-04-19T09:50:56Z</time>
			</trkpt>
			<trkpt lat="47.366617356228396" lon="19.087655325744578">
				<ele>97.3551067840308</ele>
				<time>2026-04-19T09:50:58Z</time>
			</trkpt>
			<trkpt lat="47.366643769925325" lon="19.087686044122222">
				<ele>96.9230977203697</ele>
				<time>2026-04-19T09:51:01Z</time>
			</trkpt>
			<trkpt lat="47.36664856601073" lon="19.087697612133688">
				<ele>97.0623504947871</ele>
				<time>2026-04-19T09:51:03Z</time>
			</trkpt>
			<trkpt lat="47.366658097692174" lon="19.08770594352569">
				<ele>96.69304625410587</ele>
				<time>2026-04-19T09:51:04Z</time>
			</trkpt>
			<trkpt lat="47.36667766987481" lon="19.08772758801149">
				<ele>97.22142074536532</ele>
				<time>2026-04-19T09:51:06Z</time>
			</trkpt>
			<trkpt lat="47.366712335909554" lon="19.08776203806664">
				<ele>97.12122188974172</ele>
				<time>2026-04-19T09:51:09Z</time>
			</trkpt>
			<trkpt lat="47.366736079293084" lon="19.0877891379702">
				<ele>97.45683252811432</ele>
				<time>2026-04-19T09:51:11Z</time>
			</trkpt>
			<trkpt lat="47.36676132987166" lon="19.087814345521608">
				<ele>96.87842200137675</ele>
				<time>2026-04-19T09:51:13Z</time>
			</trkpt>
			<trkpt lat="47.36677616844825" lon="19.087846312127557">
				<ele>97.07101375609636</ele>
				<time>2026-04-19T09:51:15Z</time>
			</trkpt>
			<trkpt lat="47.366783391477874" lon="19.087865666729098">
				<ele>97.5211540972814</ele>
				<time>2026-04-19T09:51:17Z</time>
			</trkpt>
			<trkpt lat="47.36679341462317" lon="19.087883455321194">
				<ele>97.36720324214548</ele>
				<time>2026-04-19T09:51:18Z</time>
			</trkpt>
			<trkpt lat="47.36681729515433" lon="19.087907787467262">
				<ele>98.18240145687014</ele>
				<time>2026-04-19T09:51:20Z</time>
			</trkpt>
			<trkpt lat="47.36684677864211" lon="19.08793075635924">
				<ele>97.70032247155905</ele>
				<time>2026-04-19T09:51:22Z</time>
			</trkpt>
			<trkpt lat="47.36687347599749" lon="19.087952748742435">
				<ele>97.23042053543031</ele>
				<time>2026-04-19T09:51:24Z</time>
			</trkpt>
			<trkpt lat="47.36689415297801" lon="19.0879742581621">
				<ele>98.06472688354552</ele>
				<time>2026-04-19T09:51:26Z</time>
			</trkpt>
			<trkpt lat="47.366907611827166" lon="19.08798122692926">
				<ele>98.47983089834452</ele>
				<time>2026-04-19T09:51:27Z</time>
			</trkpt>
			<trkpt lat="47.36693091673302" lon="19.088001020515254">
				<ele>98.1384970471263</ele>
				<time>2026-04-19T09:51:29Z</time>
			</trkpt>
			<trkpt lat="47.36695309479142" lon="19.08801945817332">
				<ele>98.09006069786847</ele>
				<time>2026-04-19T09:51:31Z</time>
			</trkpt>
			<trkpt lat="47.36698566040651" lon="19.088045139234698">
				<ele>97.79278350248933</ele>
				<time>2026-04-19T09:51:34Z</time>
			</trkpt>
			<trkpt lat="47.367006919483" lon="19.088052276099102">
				<ele>96.88270348403603</ele>
				<time>2026-04-19T09:51:36Z</time>
			</trkpt>
			<trkpt lat="47.36702119527959" lon="19.088061669943123">
				<ele>98.20253637898713</ele>
				<time>2026-04-19T09:51:37Z</time>
			</trkpt>
			<trkpt lat="47.36704082344489" lon="19.088075829067268">
				<ele>98.09707941114902</ele>
				<time>2026-04-19T09:51:40Z</time>
			</trkpt>
			<trkpt lat="47.36705673554721" lon="19.08809985247618">
				<ele>97.77269820682704</ele>
				<time>2026-04-19T09:51:42Z</time>
			</trkpt>
			<trkpt lat="47.36709443106841" lon="19.088138276664978">
				<ele>97.82353014592081</ele>
				<time>2026-04-19T09:51:46Z</time>
			</trkpt>
			<trkpt lat="47.36711737687963" lon="19.088154865184002">
				<ele>97.57177297957242</ele>
				<time>2026-04-19T09:51:48Z</time>
			</trkpt>
			<trkpt lat="47.36714279828323" lon="19.088187083959745">
				<ele>96.89315974898636</ele>
				<time>2026-04-19T09:51:51Z</time>
			</trkpt>
			<trkpt lat="47.36715884071515" lon="19.08820516870471">
				<ele>96.32702569011599</ele>
				<time>2026-04-19T09:51:53Z</time>
			</trkpt>
			<trkpt lat="47.36716821267389" lon="19.088216799498884">
				<ele>96.58347948174924</ele>
				<time>2026-04-19T09:51:55Z</time>
			</trkpt>
			<trkpt lat="47.367188574702276" lon="19.08823145049808">
				<ele>96.40133722312748</ele>
				<time>2026-04-19T09:51:57Z</time>
			</trkpt>
			<trkpt lat="47.367213284223396" lon="19.08824942898672">
				<ele>96.19063959829509</ele>
				<time>2026-04-19T09:51:59Z</time>
			</trkpt>
			<trkpt lat="47.367233755257246" lon="19.088269908964236">
				<ele>97.48902225401253</ele>
				<time>2026-04-19T09:52:01Z</time>
			</trkpt>
			<trkpt lat="47.367256267065734" lon="19.088287848260133">
				<ele>97.06412857584655</ele>
				<time>2026-04-19T09:52:03Z</time>
			</trkpt>
			<trkpt lat="47.36728233364673" lon="19.088306064208496">
				<ele>97.48944287467748</ele>
				<time>2026-04-19T09:52:05Z</time>
			</trkpt>
			<trkpt lat="47.36729626396381" lon="19.088315815294116">
				<ele>97.59986980259418</ele>
				<time>2026-04-19T09:52:07Z</time>
			</trkpt>
			<trkpt lat="47.3673056683203" lon="19.088323549894007">
				<ele>97.08096670452505</ele>
				<time>2026-04-19T09:52:09Z</time>
			</trkpt>
			<trkpt lat="47.367332835539145" lon="19.088345043660816">
				<ele>97.54649136122316</ele>
				<time>2026-04-19T09:52:12Z</time>
			</trkpt>
			<trkpt lat="47.367359028563534" lon="19.088357942532454">
				<ele>95.59627161175013</ele>
				<time>2026-04-19T09:52:14Z</time>
			</trkpt>
			<trkpt lat="47.36738274019511" lon="19.088373877231327">
				<ele>96.73535256274045</ele>
				<time>2026-04-19T09:52:16Z</time>
			</trkpt>
			<trkpt lat="47.36740738872947" lon="19.088386108401895">
				<ele>98.74860372953117</ele>
				<time>2026-04-19T09:52:18Z</time>
			</trkpt>
			<trkpt lat="47.36743339991607" lon="19.08840026878026">
				<ele>98.79592591524124</ele>
				<time>2026-04-19T09:52:20Z</time>
			</trkpt>
			<trkpt lat="47.367460495189846" lon="19.0884202471059">
				<ele>97.95175271201879</ele>
				<time>2026-04-19T09:52:22Z</time>
			</trkpt>
			<trkpt lat="47.36748976335969" lon="19.08844824274461">
				<ele>97.45723881665617</ele>
				<time>2026-04-19T09:52:25Z</time>
			</trkpt>
			<trkpt lat="47.36750767982965" lon="19.08847189062196">
				<ele>98.07698972150683</ele>
				<time>2026-04-19T09:52:27Z</time>
			</trkpt>
			<trkpt lat="47.36752018409039" lon="19.08848302170353">
				<ele>97.29034960735589</ele>
				<time>2026-04-19T09:52:29Z</time>
			</trkpt>
			<trkpt lat="47.367543029710795" lon="19.08850335818873">
				<ele>97.82441166322678</ele>
				<time>2026-04-19T09:52:31Z</time>
			</trkpt>
			<trkpt lat="47.36756985856345" lon="19.088518446431408">
				<ele>97.32829214725643</ele>
				<time>2026-04-19T09:52:33Z</time>
			</trkpt>
			<trkpt lat="47.36758963103892" lon="19.088538720912403">
				<ele>97.22049534227699</ele>
				<time>2026-04-19T09:52:35Z</time>
			</trkpt>
			<trkpt lat="47.36760097373952" lon="19.088548427230414">
				<ele>97.28243966586888</ele>
				<time>2026-04-19T09:52:37Z</time>
			</trkpt>
			<trkpt lat="47.367619084115724" lon="19.088561134399843">
				<ele>98.22601760551333</ele>
				<time>2026-04-19T09:52:39Z</time>
			</trkpt>
			<trkpt lat="47.36764246032281" lon="19.08857326916307">
				<ele>97.73941040132195</ele>
				<time>2026-04-19T09:52:41Z</time>
			</trkpt>
			<trkpt lat="47.36766479622752" lon="19.08859164873641">
				<ele>99.39169517625123</ele>
				<time>2026-04-19T09:52:43Z</time>
			</trkpt>
			<trkpt lat="47.367680852009805" lon="19.088601226256447">
				<ele>99.41187691688538</ele>
				<time>2026-04-19T09:52:44Z</time>
			</trkpt>
			<trkpt lat="47.36770475359435" lon="19.08862004645094">
				<ele>98.89762207772583</ele>
				<time>2026-04-19T09:52:46Z</time>
			</trkpt>
			<trkpt lat="47.36771765576954" lon="19.08862471805968">
				<ele>98.37215512804687</ele>
				<time>2026-04-19T09:52:47Z</time>
			</trkpt>
			<trkpt lat="47.367735743254926" lon="19.08863554864716">
				<ele>98.4327004160732</ele>
				<time>2026-04-19T09:52:48Z</time>
			</trkpt>
			<trkpt lat="47.36776527341224" lon="19.08865585969146">
				<ele>98.71975757647306</ele>
				<time>2026-04-19T09:52:50Z</time>
			</trkpt>
			<trkpt lat="47.36780088860157" lon="19.088669113010706">
				<ele>99.34923580568284</ele>
				<time>2026-04-19T09:52:52Z</time>
			</trkpt>
			<trkpt lat="47.36782409206178" lon="19.088682840050538">
				<ele>99.37183869909495</ele>
				<time>2026-04-19T09:52:55Z</time>
			</trkpt>
			<trkpt lat="47.3678404395622" lon="19.08869463945008">
				<ele>98.69725657533854</ele>
				<time>2026-04-19T09:52:57Z</time>
			</trkpt>
			<trkpt lat="47.36786422410253" lon="19.08871043667303">
				<ele>98.390520054847</ele>
				<time>2026-04-19T09:52:59Z</time>
			</trkpt>
			<trkpt lat="47.36787779817713" lon="19.088722519540116">
				<ele>98.65890101063997</ele>
				<time>2026-04-19T09:53:01Z</time>
			</trkpt>
			<trkpt lat="47.36788498979778" lon="19.08873688288831">
				<ele>98.742739549838</ele>
				<time>2026-04-19T09:53:03Z</time>
			</trkpt>
			<trkpt lat="47.3678934356525" lon="19.088748942075004">
				<ele>98.29900266509503</ele>
				<time>2026-04-19T09:53:05Z</time>
			</trkpt>
			<trkpt lat="47.3679172580264" lon="19.08876666367739">
				<ele>97.92395534925163</ele>
				<time>2026-04-19T09:53:07Z</time>
			</trkpt>
			<trkpt lat="47.36795016015589" lon="19.088795855926012">
				<ele>97.74266628734767</ele>
				<time>2026-04-19T09:53:09Z</time>
			</trkpt>
			<trkpt lat="47.36798355977278" lon="19.08881440426842">
				<ele>97.83849782403558</ele>
				<time>2026-04-19T09:53:11Z</time>
			</trkpt>
			<trkpt lat="47.3680110875897" lon="19.088831162787734">
				<ele>98.04172042012215</ele>
				<time>2026-04-19T09:53:13Z</time>
			</trkpt>
			<trkpt lat="47.36803771459505" lon="19.088846270940735">
				<ele>98.19941287394613</ele>
				<time>2026-04-19T09:53:15Z</time>
			</trkpt>
			<trkpt lat="47.36804755922204" lon="19.088863076440834">
				<ele>98.97216781228781</ele>
				<time>2026-04-19T09:53:16Z</time>
			</trkpt>
			<trkpt lat="47.36807560329355" lon="19.08889266346069">
				<ele>98.97854650951922</ele>
				<time>2026-04-19T09:53:19Z</time>
			</trkpt>
			<trkpt lat="47.368094622742404" lon="19.088906738932653">
				<ele>98.44677162729204</ele>
				<time>2026-04-19T09:53:21Z</time>
			</trkpt>
			<trkpt lat="47.3681137531356" lon="19.08892567996183">
				<ele>97.84261177387089</ele>
				<time>2026-04-19T09:53:23Z</time>
			</trkpt>
			<trkpt lat="47.36813146757765" lon="19.08894685814005">
				<ele>97.62876982800663</ele>
				<time>2026-04-19T09:53:25Z</time>
			</trkpt>
			<trkpt lat="47.36815465101303" lon="19.08897245397268">
				<ele>97.53663383983076</ele>
				<time>2026-04-19T09:53:27Z</time>
			</trkpt>
			<trkpt lat="47.368174982164284" lon="19.08899858397884">
				<ele>97.616152218543</ele>
				<time>2026-04-19T09:53:29Z</time>
			</trkpt>
			<trkpt lat="47.36818556683849" lon="19.089016987696827">
				<ele>98.39148587360978</ele>
				<time>2026-04-19T09:53:30Z</time>
			</trkpt>
			<trkpt lat="47.36820353176792" lon="19.089045814472186">
				<ele>98.40095535293221</ele>
				<time>2026-04-19T09:53:32Z</time>
			</trkpt>
			<trkpt lat="47.36822222420364" lon="19.089075754353935">
				<ele>98.34143128804862</ele>
				<time>2026-04-19T09:53:34Z</time>
			</trkpt>
			<trkpt lat="47.36824439074863" lon="19.08909756336129">
				<ele>98.66402329783887</ele>
				<time>2026-04-19T09:53:36Z</time>
			</trkpt>
			<trkpt lat="47.36825546397488" lon="19.08911402963786">
				<ele>98.38448893930763</ele>
				<time>2026-04-19T09:53:37Z</time>
			</trkpt>
			<trkpt lat="47.36827741146282" lon="19.089144778821552">
				<ele>97.86200193502009</ele>
				<time>2026-04-19T09:53:39Z</time>
			</trkpt>
			<trkpt lat="47.36828808229353" lon="19.08916428019855">
				<ele>98.64798101596534</ele>
				<time>2026-04-19T09:53:41Z</time>
			</trkpt>
			<trkpt lat="47.368302359090485" lon="19.089193010365225">
				<ele>98.16789228655398</ele>
				<time>2026-04-19T09:53:43Z</time>
			</trkpt>
			<trkpt lat="47.36832241548594" lon="19.089224162712124">
				<ele>97.69258672837168</ele>
				<time>2026-04-19T09:53:45Z</time>
			</trkpt>
			<trkpt lat="47.36834782650364" lon="19.089250979679193">
				<ele>96.80184043291956</ele>
				<time>2026-04-19T09:53:47Z</time>
			</trkpt>
			<trkpt lat="47.36837051208874" lon="19.089273205147563">
				<ele>96.41303501743823</ele>
				<time>2026-04-19T09:53:49Z</time>
			</trkpt>
			<trkpt lat="47.36838857556443" lon="19.089295318749006">
				<ele>96.80017238017172</ele>
				<time>2026-04-19T09:53:51Z</time>
			</trkpt>
			<trkpt lat="47.36841417781152" lon="19.089305635172614">
				<ele>97.60229809582233</ele>
				<time>2026-04-19T09:53:53Z</time>
			</trkpt>
			<trkpt lat="47.368427878522624" lon="19.089318062770417">
				<ele>98.50680217146873</ele>
				<time>2026-04-19T09:53:54Z</time>
			</trkpt>
			<trkpt lat="47.36845380086604" lon="19.089336554088373">
				<ele>98.16155553609133</ele>
				<time>2026-04-19T09:53:56Z</time>
			</trkpt>
			<trkpt lat="47.36848322183309" lon="19.089354757138562">
				<ele>97.32761282939464</ele>
				<time>2026-04-19T09:53:58Z</time>
			</trkpt>
			<trkpt lat="47.36850234702219" lon="19.089377337955007">
				<ele>97.04691819287837</ele>
				<time>2026-04-19T09:54:00Z</time>
			</trkpt>
			<trkpt lat="47.368519719673195" lon="19.089397865220473">
				<ele>97.4906453685835</ele>
				<time>2026-04-19T09:54:02Z</time>
			</trkpt>
			<trkpt lat="47.368528436771726" lon="19.089407693179584">
				<ele>97.39895600173622</ele>
				<time>2026-04-19T09:54:04Z</time>
			</trkpt>
			<trkpt lat="47.368533772618456" lon="19.089411793721354">
				<ele>97.92242665402591</ele>
				<time>2026-04-19T09:54:06Z</time>
			</trkpt>
			<trkpt lat="47.36855238549399" lon="19.089435009409897">
				<ele>97.21653262432665</ele>
				<time>2026-04-19T09:54:08Z</time>
			</trkpt>
			<trkpt lat="47.36857517553689" lon="19.08946337225435">
				<ele>97.21569367405027</ele>
				<time>2026-04-19T09:54:10Z</time>
			</trkpt>
			<trkpt lat="47.368603690439244" lon="19.089477162564275">
				<ele>97.49276183079928</ele>
				<time>2026-04-19T09:54:12Z</time>
			</trkpt>
			<trkpt lat="47.368628635654986" lon="19.0894947474054">
				<ele>97.17688007000834</ele>
				<time>2026-04-19T09:54:14Z</time>
			</trkpt>
			<trkpt lat="47.368655630252945" lon="19.08951043667014">
				<ele>97.15051091089845</ele>
				<time>2026-04-19T09:54:16Z</time>
			</trkpt>
			<trkpt lat="47.36867089296268" lon="19.089523986929542">
				<ele>97.45282200258225</ele>
				<time>2026-04-19T09:54:17Z</time>
			</trkpt>
			<trkpt lat="47.368695994996195" lon="19.08954411876025">
				<ele>97.32043676357716</ele>
				<time>2026-04-19T09:54:19Z</time>
			</trkpt>
			<trkpt lat="47.36872650467422" lon="19.089559629753502">
				<ele>97.83820239920169</ele>
				<time>2026-04-19T09:54:21Z</time>
			</trkpt>
			<trkpt lat="47.36875320994391" lon="19.08957827484577">
				<ele>98.29935028403997</ele>
				<time>2026-04-19T09:54:23Z</time>
			</trkpt>
			<trkpt lat="47.36877724727828" lon="19.089621490239224">
				<ele>97.29895020090044</ele>
				<time>2026-04-19T09:54:26Z</time>
			</trkpt>
			<trkpt lat="47.36879674501694" lon="19.089653952682283">
				<ele>96.87797549366951</ele>
				<time>2026-04-19T09:54:29Z</time>
			</trkpt>
			<trkpt lat="47.368804890244576" lon="19.089664688257287">
				<ele>96.54254620801657</ele>
				<time>2026-04-19T09:54:30Z</time>
			</trkpt>
			<trkpt lat="47.36882274466807" lon="19.08968290238335">
				<ele>96.83878227788955</ele>
				<time>2026-04-19T09:54:32Z</time>
			</trkpt>
			<trkpt lat="47.368846225211406" lon="19.089696884101233">
				<ele>96.88134148065001</ele>
				<time>2026-04-19T09:54:34Z</time>
			</trkpt>
			<trkpt lat="47.36886837392637" lon="19.089712225053024">
				<ele>96.86215200368315</ele>
				<time>2026-04-19T09:54:36Z</time>
			</trkpt>
			<trkpt lat="47.36889048577279" lon="19.08972365343244">
				<ele>97.32986673805863</ele>
				<time>2026-04-19T09:54:38Z</time>
			</trkpt>
			<trkpt lat="47.368912605461425" lon="19.089727008706298">
				<ele>98.23417138215154</ele>
				<time>2026-04-19T09:54:40Z</time>
			</trkpt>
			<trkpt lat="47.36893970542539" lon="19.08974372199605">
				<ele>97.94237944390625</ele>
				<time>2026-04-19T09:54:42Z</time>
			</trkpt>
			<trkpt lat="47.368961282372865" lon="19.089756218843295">
				<ele>97.39488970022649</ele>
				<time>2026-04-19T09:54:45Z</time>
			</trkpt>
			<trkpt lat="47.36897651688961" lon="19.089759794037757">
				<ele>97.56525829341263</ele>
				<time>2026-04-19T09:54:46Z</time>
			</trkpt>
			<trkpt lat="47.36900213760161" lon="19.089767134415982">
				<ele>98.27352554816753</ele>
				<time>2026-04-19T09:54:48Z</time>
			</trkpt>
			<trkpt lat="47.36901794846877" lon="19.089773479691647">
				<ele>97.96677435748279</ele>
				<time>2026-04-19T09:54:50Z</time>
			</trkpt>
			<trkpt lat="47.36903493364894" lon="19.08978933746027">
				<ele>97.73755243234336</ele>
				<time>2026-04-19T09:54:52Z</time>
			</trkpt>
			<trkpt lat="47.369050338899456" lon="19.08979261465694">
				<ele>97.75375306792557</ele>
				<time>2026-04-19T09:54:53Z</time>
			</trkpt>
			<trkpt lat="47.3690761514156" lon="19.089803789526208">
				<ele>98.1556656723842</ele>
				<time>2026-04-19T09:54:55Z</time>
			</trkpt>
			<trkpt lat="47.3690913522217" lon="19.08981538874278">
				<ele>98.40053995046765</ele>
				<time>2026-04-19T09:54:56Z</time>
			</trkpt>
			<trkpt lat="47.369115112473054" lon="19.089828167161382">
				<ele>97.4907196490094</ele>
				<time>2026-04-19T09:54:58Z</time>
			</trkpt>
			<trkpt lat="47.36913181373418" lon="19.08984906648346">
				<ele>97.71776312123984</ele>
				<time>2026-04-19T09:55:00Z</time>
			</trkpt>
			<trkpt lat="47.36915397810498" lon="19.0898587683072">
				<ele>97.49968723393977</ele>
				<time>2026-04-19T09:55:02Z</time>
			</trkpt>
			<trkpt lat="47.36916546285823" lon="19.089871543377484">
				<ele>97.76155011728406</ele>
				<time>2026-04-19T09:55:03Z</time>
			</trkpt>
			<trkpt lat="47.369184793027706" lon="19.089885823239793">
				<ele>97.62016419041902</ele>
				<time>2026-04-19T09:55:06Z</time>
			</trkpt>
			<trkpt lat="47.3692005054839" lon="19.08988874005381">
				<ele>97.82649230118841</ele>
				<time>2026-04-19T09:55:07Z</time>
			</trkpt>
			<trkpt lat="47.36922900068667" lon="19.089911011421638">
				<ele>98.31987857166678</ele>
				<time>2026-04-19T09:55:10Z</time>
			</trkpt>
			<trkpt lat="47.369243442835014" lon="19.089916286133672">
				<ele>97.91964174900204</ele>
				<time>2026-04-19T09:55:11Z</time>
			</trkpt>
			<trkpt lat="47.36926198981166" lon="19.089927480592003">
				<ele>98.65292559191585</ele>
				<time>2026-04-19T09:55:12Z</time>
			</trkpt>
			<trkpt lat="47.369286054278305" lon="19.089943565340214">
				<ele>98.63034050446004</ele>
				<time>2026-04-19T09:55:15Z</time>
			</trkpt>
			<trkpt lat="47.36929685772988" lon="19.08996475084937">
				<ele>97.90396750252694</ele>
				<time>2026-04-19T09:55:17Z</time>
			</trkpt>
			<trkpt lat="47.36931792789526" lon="19.08998919770167">
				<ele>97.45679956395179</ele>
				<time>2026-04-19T09:55:19Z</time>
			</trkpt>
			<trkpt lat="47.36933410694359" lon="19.08999439651774">
				<ele>97.01184400357306</ele>
				<time>2026-04-19T09:55:20Z</time>
			</trkpt>
			<trkpt lat="47.369356698599304" lon="19.090010819807834">
				<ele>96.91893441230059</ele>
				<time>2026-04-19T09:55:22Z</time>
			</trkpt>
			<trkpt lat="47.369369036224576" lon="19.090021822980606">
				<ele>97.19603546056896</ele>
				<time>2026-04-19T09:55:24Z</time>
			</trkpt>
			<trkpt lat="47.36937863030161" lon="19.090030749152866">
				<ele>97.90156383439898</ele>
				<time>2026-04-19T09:55:26Z</time>
			</trkpt>
			<trkpt lat="47.3693939173536" lon="19.090044004601353">
				<ele>96.9898253902793</ele>
				<time>2026-04-19T09:55:29Z</time>
			</trkpt>
			<trkpt lat="47.36942038452412" lon="19.090056950582564">
				<ele>96.1486913440749</ele>
				<time>2026-04-19T09:55:31Z</time>
			</trkpt>
			<trkpt lat="47.369438486230266" lon="19.0900733905308">
				<ele>97.08929142635316</ele>
				<time>2026-04-19T09:55:33Z</time>
			</trkpt>
			<trkpt lat="47.36945685954944" lon="19.090102775561775">
				<ele>96.42093205358833</ele>
				<time>2026-04-19T09:55:35Z</time>
			</trkpt>
			<trkpt lat="47.369472408548525" lon="19.090116604908577">
				<ele>96.70156090054661</ele>
				<time>2026-04-19T09:55:37Z</time>
			</trkpt>
			<trkpt lat="47.369492775084446" lon="19.090135951550245">
				<ele>97.15284882392734</ele>
				<time>2026-04-19T09:55:39Z</time>
			</trkpt>
			<trkpt lat="47.369513398240805" lon="19.090135621524567">
				<ele>97.55866056494415</ele>
				<time>2026-04-19T09:55:40Z</time>
			</trkpt>
			<trkpt lat="47.36954236386973" lon="19.090142096235283">
				<ele>97.40614016726613</ele>
				<time>2026-04-19T09:55:42Z</time>
			</trkpt>
			<trkpt lat="47.36956576566429" lon="19.09016060646521">
				<ele>97.34899350628257</ele>
				<time>2026-04-19T09:55:44Z</time>
			</trkpt>
			<trkpt lat="47.36957879695052" lon="19.090172813063425">
				<ele>97.04486498981714</ele>
				<time>2026-04-19T09:55:46Z</time>
			</trkpt>
			<trkpt lat="47.36960396794625" lon="19.090183013613366">
				<ele>97.6009164545685</ele>
				<time>2026-04-19T09:55:48Z</time>
			</trkpt>
			<trkpt lat="47.36963154064522" lon="19.09019421078025">
				<ele>97.69228879362345</ele>
				<time>2026-04-19T09:55:50Z</time>
			</trkpt>
			<trkpt lat="47.36965529533453" lon="19.09021121562992">
				<ele>97.80548195168376</ele>
				<time>2026-04-19T09:55:52Z</time>
			</trkpt>
			<trkpt lat="47.369689655695524" lon="19.09023585843258">
				<ele>97.93132492154837</ele>
				<time>2026-04-19T09:55:55Z</time>
			</trkpt>
			<trkpt lat="47.36970499262804" lon="19.090246326968142">
				<ele>97.7038142401725</ele>
				<time>2026-04-19T09:55:56Z</time>
			</trkpt>
			<trkpt lat="47.369730887199665" lon="19.090257992744814">
				<ele>97.49098259024322</ele>
				<time>2026-04-19T09:55:58Z</time>
			</trkpt>
			<trkpt lat="47.369765855136095" lon="19.090276645295724">
				<ele>98.53062601853162</ele>
				<time>2026-04-19T09:56:01Z</time>
			</trkpt>
			<trkpt lat="47.36977567519908" lon="19.090289736884728">
				<ele>97.94882168527693</ele>
				<time>2026-04-19T09:56:03Z</time>
			</trkpt>
			<trkpt lat="47.369782549470656" lon="19.090302715180997">
				<ele>97.86875839345157</ele>
				<time>2026-04-19T09:56:05Z</time>
			</trkpt>
			<trkpt lat="47.36980478324974" lon="19.090318950093575">
				<ele>97.86078353319317</ele>
				<time>2026-04-19T09:56:07Z</time>
			</trkpt>
			<trkpt lat="47.36983572532123" lon="19.09033910170492">
				<ele>96.27489075064659</ele>
				<time>2026-04-19T09:56:09Z</time>
			</trkpt>
			<trkpt lat="47.36986041170021" lon="19.090355627621253">
				<ele>97.71328278910369</ele>
				<time>2026-04-19T09:56:12Z</time>
			</trkpt>
			<trkpt lat="47.36987568951246" lon="19.090377539686603">
				<ele>98.13650543987751</ele>
				<time>2026-04-19T09:56:14Z</time>
			</trkpt>
			<trkpt lat="47.369895409707524" lon="19.090399396334476">
				<ele>97.82508112490177</ele>
				<time>2026-04-19T09:56:17Z</time>
			</trkpt>
			<trkpt lat="47.36991434980931" lon="19.090414449767625">
				<ele>98.18172796815634</ele>
				<time>2026-04-19T09:56:18Z</time>
			</trkpt>
			<trkpt lat="47.3699429427909" lon="19.09043307242894">
				<ele>98.35588005557656</ele>
				<time>2026-04-19T09:56:20Z</time>
			</trkpt>
			<trkpt lat="47.36996958054217" lon="19.090450917674918">
				<ele>98.92580637615174</ele>
				<time>2026-04-19T09:56:22Z</time>
			</trkpt>
			<trkpt lat="47.36998369910577" lon="19.090473109041266">
				<ele>97.86343741137534</ele>
				<time>2026-04-19T09:56:25Z</time>
			</trkpt>
			<trkpt lat="47.369993552221715" lon="19.090497596713046">
				<ele>98.57484865281731</ele>
				<time>2026-04-19T09:56:27Z</time>
			</trkpt>
			<trkpt lat="47.37001885730004" lon="19.090519237663713">
				<ele>97.92340484075248</ele>
				<time>2026-04-19T09:56:29Z</time>
			</trkpt>
			<trkpt lat="47.37004800428288" lon="19.09053174474467">
				<ele>98.02585720643401</ele>
				<time>2026-04-19T09:56:31Z</time>
			</trkpt>
			<trkpt lat="47.37006214416282" lon="19.090542017858198">
				<ele>98.37116328720003</ele>
				<time>2026-04-19T09:56:33Z</time>
			</trkpt>
			<trkpt lat="47.37007917269586" lon="19.09056241069462">
				<ele>98.38997101876885</ele>
				<time>2026-04-19T09:56:35Z</time>
			</trkpt>
			<trkpt lat="47.3701139429992" lon="19.090596002563526">
				<ele>98.24464363511652</ele>
				<time>2026-04-19T09:56:38Z</time>
			</trkpt>
			<trkpt lat="47.370143817004035" lon="19.090616481266586">
				<ele>98.1953894617036</ele>
				<time>2026-04-19T09:56:41Z</time>
			</trkpt>
			<trkpt lat="47.370160597433916" lon="19.09063976384608">
				<ele>98.30473002418876</ele>
				<time>2026-04-19T09:56:43Z</time>
			</trkpt>
			<trkpt lat="47.37018904445175" lon="19.09066203468137">
				<ele>97.16272667516023</ele>
				<time>2026-04-19T09:56:46Z</time>
			</trkpt>
			<trkpt lat="47.37020833082624" lon="19.090673643124163">
				<ele>97.05605009384453</ele>
				<time>2026-04-19T09:56:48Z</time>
			</trkpt>
			<trkpt lat="47.370231466451415" lon="19.090686189670002">
				<ele>97.38589787110686</ele>
				<time>2026-04-19T09:56:50Z</time>
			</trkpt>
			<trkpt lat="47.37025388583316" lon="19.090709453459052">
				<ele>98.42512767761946</ele>
				<time>2026-04-19T09:56:52Z</time>
			</trkpt>
			<trkpt lat="47.370268305790574" lon="19.090717405861156">
				<ele>98.48849172890186</ele>
				<time>2026-04-19T09:56:53Z</time>
			</trkpt>
			<trkpt lat="47.370288571974285" lon="19.09074010662728">
				<ele>97.59662294760346</ele>
				<time>2026-04-19T09:56:55Z</time>
			</trkpt>
			<trkpt lat="47.370303598967546" lon="19.09076657324342">
				<ele>97.28114708233625</ele>
				<time>2026-04-19T09:56:57Z</time>
			</trkpt>
			<trkpt lat="47.370321045267275" lon="19.090790882705164">
				<ele>97.25642910320312</ele>
				<time>2026-04-19T09:56:59Z</time>
			</trkpt>
			<trkpt lat="47.37032819831131" lon="19.090810976482377">
				<ele>97.82513802219182</ele>
				<time>2026-04-19T09:57:00Z</time>
			</trkpt>
			<trkpt lat="47.370344014198665" lon="19.09084242046112">
				<ele>97.08892166335136</ele>
				<time>2026-04-19T09:57:02Z</time>
			</trkpt>
			<trkpt lat="47.37035723512934" lon="19.090849964548564">
				<ele>97.20824738778174</ele>
				<time>2026-04-19T09:57:03Z</time>
			</trkpt>
			<trkpt lat="47.37036968472128" lon="19.090865420100627">
				<ele>97.61553467903286</ele>
				<time>2026-04-19T09:57:05Z</time>
			</trkpt>
			<trkpt lat="47.37038744884832" lon="19.090884790964168">
				<ele>97.14548347145319</ele>
				<time>2026-04-19T09:57:07Z</time>
			</trkpt>
			<trkpt lat="47.370409259991696" lon="19.090906238901184">
				<ele>96.92893272079527</ele>
				<time>2026-04-19T09:57:09Z</time>
			</trkpt>
			<trkpt lat="47.370439992952775" lon="19.090942041470964">
				<ele>98.74979053810239</ele>
				<time>2026-04-19T09:57:12Z</time>
			</trkpt>
			<trkpt lat="47.37045965705009" lon="19.09097398978431">
				<ele>99.49516698904335</ele>
				<time>2026-04-19T09:57:14Z</time>
			</trkpt>
			<trkpt lat="47.3704809356062" lon="19.09098674909786">
				<ele>99.66190552152693</ele>
				<time>2026-04-19T09:57:16Z</time>
			</trkpt>
			<trkpt lat="47.370500844967346" lon="19.09098861270438">
				<ele>98.07116420939565</ele>
				<time>2026-04-19T09:57:18Z</time>
			</trkpt>
			<trkpt lat="47.370521679337536" lon="19.09099892480324">
				<ele>97.98090052511543</ele>
				<time>2026-04-19T09:57:20Z</time>
			</trkpt>
			<trkpt lat="47.370535656983705" lon="19.09101052879348">
				<ele>98.20663772337139</ele>
				<time>2026-04-19T09:57:21Z</time>
			</trkpt>
			<trkpt lat="47.37055819909266" lon="19.091030791893896">
				<ele>98.88719699345529</ele>
				<time>2026-04-19T09:57:23Z</time>
			</trkpt>
			<trkpt lat="47.37057901274481" lon="19.09104733121095">
				<ele>98.81723166443408</ele>
				<time>2026-04-19T09:57:25Z</time>
			</trkpt>
			<trkpt lat="47.37059935209164" lon="19.091064554627348">
				<ele>97.7744225980714</ele>
				<time>2026-04-19T09:57:27Z</time>
			</trkpt>
			<trkpt lat="47.37062903699411" lon="19.09110640590808">
				<ele>98.66081448365003</ele>
				<time>2026-04-19T09:57:30Z</time>
			</trkpt>
			<trkpt lat="47.37064342660767" lon="19.091135024665643">
				<ele>97.96284276433289</ele>
				<time>2026-04-19T09:57:32Z</time>
			</trkpt>
			<trkpt lat="47.37066842694162" lon="19.091160270983874">
				<ele>98.33356469683349</ele>
				<time>2026-04-19T09:57:35Z</time>
			</trkpt>
			<trkpt lat="47.37068101162548" lon="19.09117065377944">
				<ele>97.86272118706256</ele>
				<time>2026-04-19T09:57:36Z</time>
			</trkpt>
			<trkpt lat="47.370696141378126" lon="19.091196763425444">
				<ele>97.830715470016</ele>
				<time>2026-04-19T09:57:38Z</time>
			</trkpt>
			<trkpt lat="47.37071552442867" lon="19.091221333203993">
				<ele>98.59693124704063</ele>
				<time>2026-04-19T09:57:40Z</time>
			</trkpt>
			<trkpt lat="47.37073184082752" lon="19.091248416994784">
				<ele>98.22910459525883</ele>
				<time>2026-04-19T09:57:42Z</time>
			</trkpt>
			<trkpt lat="47.37074423218163" lon="19.091277143256725">
				<ele>98.32608256489038</ele>
				<time>2026-04-19T09:57:44Z</time>
			</trkpt>
			<trkpt lat="47.37076175990208" lon="19.091302504877685">
				<ele>98.59649190120399</ele>
				<time>2026-04-19T09:57:46Z</time>
			</trkpt>
			<trkpt lat="47.37077828475032" lon="19.09132622019061">
				<ele>98.440887786448</ele>
				<time>2026-04-19T09:57:48Z</time>
			</trkpt>
			<trkpt lat="47.370801217409905" lon="19.09136214639549">
				<ele>98.93821188807487</ele>
				<time>2026-04-19T09:57:51Z</time>
			</trkpt>
			<trkpt lat="47.37081881145279" lon="19.09139935629319">
				<ele>97.82553169317544</ele>
				<time>2026-04-19T09:57:54Z</time>
			</trkpt>
			<trkpt lat="47.37084016649601" lon="19.091424125843634">
				<ele>97.76451206952333</ele>
				<time>2026-04-19T09:57:56Z</time>
			</trkpt>
			<trkpt lat="47.37085946757229" lon="19.09144568210263">
				<ele>97.65392078831792</ele>
				<time>2026-04-19T09:57:59Z</time>
			</trkpt>
			<trkpt lat="47.370866100902234" lon="19.09145576701431">
				<ele>97.32542185485363</ele>
				<time>2026-04-19T09:58:01Z</time>
			</trkpt>
			<trkpt lat="47.37088218938658" lon="19.09147610514579">
				<ele>97.32059642020613</ele>
				<time>2026-04-19T09:58:03Z</time>
			</trkpt>
			<trkpt lat="47.3708967036643" lon="19.091495657766718">
				<ele>97.76004881318659</ele>
				<time>2026-04-19T09:58:04Z</time>
			</trkpt>
			<trkpt lat="47.37090926949876" lon="19.09151817366804">
				<ele>97.98560731764883</ele>
				<time>2026-04-19T09:58:06Z</time>
			</trkpt>
			<trkpt lat="47.37091929629605" lon="19.091532450837274">
				<ele>97.74585055280477</ele>
				<time>2026-04-19T09:58:08Z</time>
			</trkpt>
			<trkpt lat="47.37093220818272" lon="19.09155793017711">
				<ele>98.1968721114099</ele>
				<time>2026-04-19T09:58:11Z</time>
			</trkpt>
			<trkpt lat="47.37094756648868" lon="19.09158040161504">
				<ele>97.59126432333142</ele>
				<time>2026-04-19T09:58:12Z</time>
			</trkpt>
			<trkpt lat="47.37096333210572" lon="19.091603764252234">
				<ele>97.5455439100042</ele>
				<time>2026-04-19T09:58:13Z</time>
			</trkpt>
			<trkpt lat="47.37098714769234" lon="19.0916381331967">
				<ele>98.58360550552607</ele>
				<time>2026-04-19T09:58:16Z</time>
			</trkpt>
			<trkpt lat="47.37100081603076" lon="19.091674784018053">
				<ele>97.86827119905502</ele>
				<time>2026-04-19T09:58:18Z</time>
			</trkpt>
			<trkpt lat="47.37101505444185" lon="19.09171157277774">
				<ele>97.81352772843093</ele>
				<time>2026-04-19T09:58:20Z</time>
			</trkpt>
			<trkpt lat="47.371029511238945" lon="19.091760009429354">
				<ele>97.74059047270566</ele>
				<time>2026-04-19T09:58:23Z</time>
			</trkpt>
			<trkpt lat="47.371039877307254" lon="19.091776270564893">
				<ele>98.62564470618963</ele>
				<time>2026-04-19T09:58:25Z</time>
			</trkpt>
			<trkpt lat="47.37105792595752" lon="19.091810489729216">
				<ele>98.08649147301912</ele>
				<time>2026-04-19T09:58:28Z</time>
			</trkpt>
			<trkpt lat="47.3710648895301" lon="19.09183139885026">
				<ele>99.00779171753675</ele>
				<time>2026-04-19T09:58:30Z</time>
			</trkpt>
			<trkpt lat="47.371069640938" lon="19.091846599957545">
				<ele>99.21629112772644</ele>
				<time>2026-04-19T09:58:32Z</time>
			</trkpt>
			<trkpt lat="47.371081490715724" lon="19.09187596041751">
				<ele>99.36490292847157</ele>
				<time>2026-04-19T09:58:34Z</time>
			</trkpt>
			<trkpt lat="47.371096942545364" lon="19.091910542214517">
				<ele>98.92481947038323</ele>
				<time>2026-04-19T09:58:36Z</time>
			</trkpt>
			<trkpt lat="47.37110448531238" lon="19.091936014863524">
				<ele>99.8771141609177</ele>
				<time>2026-04-19T09:58:37Z</time>
			</trkpt>
			<trkpt lat="47.37112607715587" lon="19.091987809620793">
				<ele>100.06066950969398</ele>
				<time>2026-04-19T09:58:40Z</time>
			</trkpt>
			<trkpt lat="47.37114002681167" lon="19.092016227194406">
				<ele>99.74718597065657</ele>
				<time>2026-04-19T09:58:43Z</time>
			</trkpt>
			<trkpt lat="47.37115291444935" lon="19.09204144779733">
				<ele>99.38381708692759</ele>
				<time>2026-04-19T09:58:45Z</time>
			</trkpt>
			<trkpt lat="47.37116501750888" lon="19.092077899423302">
				<ele>100.56405798718333</ele>
				<time>2026-04-19T09:58:47Z</time>
			</trkpt>
			<trkpt lat="47.371171135180894" lon="19.09211097517605">
				<ele>100.2840018151328</ele>
				<time>2026-04-19T09:58:50Z</time>
			</trkpt>
			<trkpt lat="47.37116962275419" lon="19.09212610065772">
				<ele>99.74912872817367</ele>
				<time>2026-04-19T09:58:52Z</time>
			</trkpt>
			<trkpt lat="47.37117431017137" lon="19.09215530596226">
				<ele>101.03348152618855</ele>
				<time>2026-04-19T09:58:54Z</time>
			</trkpt>
			<trkpt lat="47.37119053298686" lon="19.09218735902896">
				<ele>100.47949708346277</ele>
				<time>2026-04-19T09:58:56Z</time>
			</trkpt>
			<trkpt lat="47.3711985066035" lon="19.092207713890193">
				<ele>99.50597895681858</ele>
				<time>2026-04-19T09:58:58Z</time>
			</trkpt>
			<trkpt lat="47.37120934911607" lon="19.092241071010914">
				<ele>98.92966124136001</ele>
				<time>2026-04-19T09:59:01Z</time>
			</trkpt>
			<trkpt lat="47.371224226923424" lon="19.09226977104144">
				<ele>98.90181719139218</ele>
				<time>2026-04-19T09:59:03Z</time>
			</trkpt>
			<trkpt lat="47.37124843588121" lon="19.092306373812953">
				<ele>98.5762385064736</ele>
				<time>2026-04-19T09:59:06Z</time>
			</trkpt>
			<trkpt lat="47.37126724781631" lon="19.092331492423984">
				<ele>98.10145613830537</ele>
				<time>2026-04-19T09:59:08Z</time>
			</trkpt>
			<trkpt lat="47.37129489367886" lon="19.092361205691713">
				<ele>98.26178876589984</ele>
				<time>2026-04-19T09:59:11Z</time>
			</trkpt>
			<trkpt lat="47.371315204492056" lon="19.092377286843337">
				<ele>97.54796248860657</ele>
				<time>2026-04-19T09:59:13Z</time>
			</trkpt>
			<trkpt lat="47.37134186253596" lon="19.092392974228453">
				<ele>97.53120889794081</ele>
				<time>2026-04-19T09:59:15Z</time>
			</trkpt>
			<trkpt lat="47.37137812671873" lon="19.09241659152002">
				<ele>97.66798234730959</ele>
				<time>2026-04-19T09:59:18Z</time>
			</trkpt>
			<trkpt lat="47.37139200586428" lon="19.092425554679956">
				<ele>97.95254531130195</ele>
				<time>2026-04-19T09:59:19Z</time>
			</trkpt>
			<trkpt lat="47.37140679350547" lon="19.092432962858016">
				<ele>97.11934628337622</ele>
				<time>2026-04-19T09:59:20Z</time>
			</trkpt>
			<trkpt lat="47.371555656049196" lon="19.092636603016924">
				<ele>99.47052265238017</ele>
				<time>2026-04-19T09:59:37Z</time>
			</trkpt>
			<trkpt lat="47.371571864070454" lon="19.092701740265728">
				<ele>99.40012010093778</ele>
				<time>2026-04-19T09:59:39Z</time>
			</trkpt>
			<trkpt lat="47.371588138696914" lon="19.092746439175762">
				<ele>98.99392980430275</ele>
				<time>2026-04-19T09:59:41Z</time>
			</trkpt>
			<trkpt lat="47.371606494827155" lon="19.092778508099045">
				<ele>98.50006746221334</ele>
				<time>2026-04-19T09:59:43Z</time>
			</trkpt>
			<trkpt lat="47.37162726151214" lon="19.09280365953782">
				<ele>98.59334126953036</ele>
				<time>2026-04-19T09:59:45Z</time>
			</trkpt>
			<trkpt lat="47.37164363071729" lon="19.092811655865155">
				<ele>98.91691623907536</ele>
				<time>2026-04-19T09:59:46Z</time>
			</trkpt>
			<trkpt lat="47.371668753974824" lon="19.092831475139015">
				<ele>98.40179916936904</ele>
				<time>2026-04-19T09:59:48Z</time>
			</trkpt>
			<trkpt lat="47.37168835952259" lon="19.092852970825916">
				<ele>98.17164477985352</ele>
				<time>2026-04-19T09:59:50Z</time>
			</trkpt>
			<trkpt lat="47.37170485283007" lon="19.092879384318728">
				<ele>99.06397422216833</ele>
				<time>2026-04-19T09:59:52Z</time>
			</trkpt>
			<trkpt lat="47.37171582683117" lon="19.092895786612456">
				<ele>99.80277655646205</ele>
				<time>2026-04-19T09:59:53Z</time>
			</trkpt>
			<trkpt lat="47.37172946813688" lon="19.092905923736435">
				<ele>99.04449254088104</ele>
				<time>2026-04-19T09:59:54Z</time>
			</trkpt>
			<trkpt lat="47.37175813158072" lon="19.092939485070676">
				<ele>98.69419625867158</ele>
				<time>2026-04-19T09:59:57Z</time>
			</trkpt>
			<trkpt lat="47.37176545776712" lon="19.09295315064301">
				<ele>99.01274221669883</ele>
				<time>2026-04-19T09:59:59Z</time>
			</trkpt>
			<trkpt lat="47.37177229648742" lon="19.092959018021016">
				<ele>99.41770515404642</ele>
				<time>2026-04-19T10:00:01Z</time>
			</trkpt>
			<trkpt lat="47.371781020901864" lon="19.0929688333568">
				<ele>99.4217748772353</ele>
				<time>2026-04-19T10:00:03Z</time>
			</trkpt>
			<trkpt lat="47.371790395306874" lon="19.092982724778714">
				<ele>99.20735208224505</ele>
				<time>2026-04-19T10:00:05Z</time>
			</trkpt>
			<trkpt lat="47.37180673059846" lon="19.093012081456695">
				<ele>99.3505214927718</ele>
				<time>2026-04-19T10:00:07Z</time>
			</trkpt>
			<trkpt lat="47.37182768416105" lon="19.093040418985712">
				<ele>99.23109107557684</ele>
				<time>2026-04-19T10:00:10Z</time>
			</trkpt>
			<trkpt lat="47.37184547158668" lon="19.093068069515056">
				<ele>98.67126799933612</ele>
				<time>2026-04-19T10:00:12Z</time>
			</trkpt>
			<trkpt lat="47.37186175193938" lon="19.093080719632276">
				<ele>98.63241817709059</ele>
				<time>2026-04-19T10:00:14Z</time>
			</trkpt>
			<trkpt lat="47.371884035873734" lon="19.093098822945503">
				<ele>98.56945942342281</ele>
				<time>2026-04-19T10:00:15Z</time>
			</trkpt>
			<trkpt lat="47.37190332497238" lon="19.093120730852522">
				<ele>98.12126924842596</ele>
				<time>2026-04-19T10:00:18Z</time>
			</trkpt>
			<trkpt lat="47.37191610206885" lon="19.09313290166776">
				<ele>98.30799170956016</ele>
				<time>2026-04-19T10:00:21Z</time>
			</trkpt>
			<trkpt lat="47.37193683002196" lon="19.09315282232628">
				<ele>97.89105597976595</ele>
				<time>2026-04-19T10:00:23Z</time>
			</trkpt>
			<trkpt lat="47.371953354964866" lon="19.09316507489075">
				<ele>97.38421333860606</ele>
				<time>2026-04-19T10:00:25Z</time>
			</trkpt>
			<trkpt lat="47.37197874744998" lon="19.093187217547012">
				<ele>97.82525677699596</ele>
				<time>2026-04-19T10:00:27Z</time>
			</trkpt>
			<trkpt lat="47.372015681170744" lon="19.09320678440122">
				<ele>98.65921710524708</ele>
				<time>2026-04-19T10:00:29Z</time>
			</trkpt>
			<trkpt lat="47.372046460478714" lon="19.093223988304747">
				<ele>98.630958952941</ele>
				<time>2026-04-19T10:00:31Z</time>
			</trkpt>
			<trkpt lat="47.37206626086207" lon="19.093242603075247">
				<ele>98.45419177506119</ele>
				<time>2026-04-19T10:00:34Z</time>
			</trkpt>
			<trkpt lat="47.37207761458698" lon="19.093266734580855">
				<ele>97.90276815090328</ele>
				<time>2026-04-19T10:00:36Z</time>
			</trkpt>
			<trkpt lat="47.37209254123991" lon="19.093300040404586">
				<ele>98.92424498032779</ele>
				<time>2026-04-19T10:00:38Z</time>
			</trkpt>
			<trkpt lat="47.37210274983338" lon="19.093317797827762">
				<ele>98.69534622691572</ele>
				<time>2026-04-19T10:00:40Z</time>
			</trkpt>
			<trkpt lat="47.37211173627033" lon="19.093326762322892">
				<ele>98.04771119821817</ele>
				<time>2026-04-19T10:00:42Z</time>
			</trkpt>
			<trkpt lat="47.37212131966127" lon="19.093334760816006">
				<ele>98.0238285958767</ele>
				<time>2026-04-19T10:00:44Z</time>
			</trkpt>
			<trkpt lat="47.372146701965484" lon="19.09335097227165">
				<ele>99.0162319643423</ele>
				<time>2026-04-19T10:00:47Z</time>
			</trkpt>
			<trkpt lat="47.37216992635208" lon="19.09336829617912">
				<ele>98.43673845566809</ele>
				<time>2026-04-19T10:00:50Z</time>
			</trkpt>
			<trkpt lat="47.37219521728232" lon="19.093390190634377">
				<ele>98.95672042574733</ele>
				<time>2026-04-19T10:00:52Z</time>
			</trkpt>
			<trkpt lat="47.37222276559771" lon="19.093409720948717">
				<ele>98.73234862461686</ele>
				<time>2026-04-19T10:00:55Z</time>
			</trkpt>
			<trkpt lat="47.372240988360765" lon="19.093427260639864">
				<ele>99.16336846817285</ele>
				<time>2026-04-19T10:00:58Z</time>
			</trkpt>
			<trkpt lat="47.372264751404416" lon="19.093441092478635">
				<ele>98.79846746567637</ele>
				<time>2026-04-19T10:01:00Z</time>
			</trkpt>
			<trkpt lat="47.37228032469551" lon="19.093452270372136">
				<ele>98.53715063259006</ele>
				<time>2026-04-19T10:01:02Z</time>
			</trkpt>
			<trkpt lat="47.372290549647055" lon="19.093461632699764">
				<ele>98.42588074505329</ele>
				<time>2026-04-19T10:01:04Z</time>
			</trkpt>
			<trkpt lat="47.37231554948832" lon="19.093481594387217">
				<ele>97.61408727336675</ele>
				<time>2026-04-19T10:01:07Z</time>
			</trkpt>
			<trkpt lat="47.37235089119638" lon="19.09350142950927">
				<ele>97.68039114773273</ele>
				<time>2026-04-19T10:01:10Z</time>
			</trkpt>
			<trkpt lat="47.372386373813974" lon="19.093512236756016">
				<ele>98.75749165099114</ele>
				<time>2026-04-19T10:01:13Z</time>
			</trkpt>
			<trkpt lat="47.372407994191654" lon="19.093525939447822">
				<ele>99.85008739400655</ele>
				<time>2026-04-19T10:01:15Z</time>
			</trkpt>
			<trkpt lat="47.37242706749392" lon="19.093538137626823">
				<ele>99.46897659730166</ele>
				<time>2026-04-19T10:01:18Z</time>
			</trkpt>
			<trkpt lat="47.37244617656689" lon="19.093542923843337">
				<ele>98.30254169087857</ele>
				<time>2026-04-19T10:01:20Z</time>
			</trkpt>
			<trkpt lat="47.372463989211816" lon="19.093552917309193">
				<ele>98.07723883073777</ele>
				<time>2026-04-19T10:01:23Z</time>
			</trkpt>
			<trkpt lat="47.372474539536114" lon="19.09356216319169">
				<ele>97.80133540090173</ele>
				<time>2026-04-19T10:01:26Z</time>
			</trkpt>
			<trkpt lat="47.37248500822705" lon="19.09357278732677">
				<ele>97.82155103515834</ele>
				<time>2026-04-19T10:01:29Z</time>
			</trkpt>
			<trkpt lat="47.37249762422917" lon="19.093583512356">
				<ele>97.48942751251161</ele>
				<time>2026-04-19T10:01:33Z</time>
			</trkpt>
			<trkpt lat="47.37251478368336" lon="19.093588820633876">
				<ele>98.392573710531</ele>
				<time>2026-04-19T10:01:37Z</time>
			</trkpt>
			<trkpt lat="47.372532835294976" lon="19.0935861411982">
				<ele>98.5501965796575</ele>
				<time>2026-04-19T10:01:40Z</time>
			</trkpt>
			<trkpt lat="47.372549545469475" lon="19.093577406710942">
				<ele>99.07135740481317</ele>
				<time>2026-04-19T10:01:43Z</time>
			</trkpt>
			<trkpt lat="47.37256439397944" lon="19.093565188102794">
				<ele>99.32926261238754</ele>
				<time>2026-04-19T10:01:46Z</time>
			</trkpt>
			<trkpt lat="47.37257728655877" lon="19.093552451417995">
				<ele>99.72581129241735</ele>
				<time>2026-04-19T10:01:48Z</time>
			</trkpt>
			<trkpt lat="47.372595488429646" lon="19.093526437641017">
				<ele>99.91552354767919</ele>
				<time>2026-04-19T10:01:50Z</time>
			</trkpt>
			<trkpt lat="47.37261106197649" lon="19.093489234825505">
				<ele>99.54546007607132</ele>
				<time>2026-04-19T10:01:52Z</time>
			</trkpt>
			<trkpt lat="47.37263112253723" lon="19.09343236706416">
				<ele>99.28965331520885</ele>
				<time>2026-04-19T10:01:55Z</time>
			</trkpt>
			<trkpt lat="47.372640618656774" lon="19.093410643924642">
				<ele>99.23379640374333</ele>
				<time>2026-04-19T10:01:57Z</time>
			</trkpt>
			<trkpt lat="47.37264782221536" lon="19.093395840665607">
				<ele>99.21024730522186</ele>
				<time>2026-04-19T10:01:59Z</time>
			</trkpt>
			<trkpt lat="47.37265803027096" lon="19.093361980873535">
				<ele>99.90659527666867</ele>
				<time>2026-04-19T10:02:01Z</time>
			</trkpt>
			<trkpt lat="47.372669730686866" lon="19.09332201708215">
				<ele>100.02759267110378</ele>
				<time>2026-04-19T10:02:03Z</time>
			</trkpt>
			<trkpt lat="47.37268311817892" lon="19.093283750125046">
				<ele>99.5875642048195</ele>
				<time>2026-04-19T10:02:05Z</time>
			</trkpt>
			<trkpt lat="47.37269281877768" lon="19.0932615648938">
				<ele>99.84269950166345</ele>
				<time>2026-04-19T10:02:07Z</time>
			</trkpt>
			<trkpt lat="47.372696832708854" lon="19.09323788554663">
				<ele>100.54093204531819</ele>
				<time>2026-04-19T10:02:10Z</time>
			</trkpt>
			<trkpt lat="47.37270255479695" lon="19.093209446511462">
				<ele>100.96761374175549</ele>
				<time>2026-04-19T10:02:13Z</time>
			</trkpt>
			<trkpt lat="47.37270496209906" lon="19.093184012413943">
				<ele>100.53648672811687</ele>
				<time>2026-04-19T10:02:15Z</time>
			</trkpt>
			<trkpt lat="47.37271059002622" lon="19.09315241974015">
				<ele>100.69180895574391</ele>
				<time>2026-04-19T10:02:16Z</time>
			</trkpt>
			<trkpt lat="47.37271359555679" lon="19.09312432507254">
				<ele>101.08819166757166</ele>
				<time>2026-04-19T10:02:18Z</time>
			</trkpt>
			<trkpt lat="47.372717953342686" lon="19.093087716672244">
				<ele>100.8653539121151</ele>
				<time>2026-04-19T10:02:20Z</time>
			</trkpt>
			<trkpt lat="47.37272778404151" lon="19.093026106420904">
				<ele>102.0917085846886</ele>
				<time>2026-04-19T10:02:24Z</time>
			</trkpt>
			<trkpt lat="47.372737519461126" lon="19.092988072913485">
				<ele>101.24008801952004</ele>
				<time>2026-04-19T10:02:27Z</time>
			</trkpt>
			<trkpt lat="47.37274357369158" lon="19.09295889574496">
				<ele>100.43192469142377</ele>
				<time>2026-04-19T10:02:29Z</time>
			</trkpt>
			<trkpt lat="47.3727466055867" lon="19.09293503639387">
				<ele>100.65993950329721</ele>
				<time>2026-04-19T10:02:31Z</time>
			</trkpt>
			<trkpt lat="47.37275096360194" lon="19.09291745444281">
				<ele>99.97246931586415</ele>
				<time>2026-04-19T10:02:33Z</time>
			</trkpt>
			<trkpt lat="47.37276040262558" lon="19.092873596917485">
				<ele>100.96660689730197</ele>
				<time>2026-04-19T10:02:36Z</time>
			</trkpt>
			<trkpt lat="47.37276464539628" lon="19.092845659779414">
				<ele>101.19021594151855</ele>
				<time>2026-04-19T10:02:38Z</time>
			</trkpt>
			<trkpt lat="47.37276592911937" lon="19.09282447503353">
				<ele>100.78415401466191</ele>
				<time>2026-04-19T10:02:40Z</time>
			</trkpt>
			<trkpt lat="47.372769184070336" lon="19.092798268778964">
				<ele>100.60717194341123</ele>
				<time>2026-04-19T10:02:43Z</time>
			</trkpt>
			<trkpt lat="47.37277483808673" lon="19.092775161399647">
				<ele>101.50442785024643</ele>
				<time>2026-04-19T10:02:45Z</time>
			</trkpt>
			<trkpt lat="47.37277918060714" lon="19.092740651697465">
				<ele>102.2442508963868</ele>
				<time>2026-04-19T10:02:47Z</time>
			</trkpt>
			<trkpt lat="47.372784587667745" lon="19.092702183932364">
				<ele>101.60110276658088</ele>
				<time>2026-04-19T10:02:50Z</time>
			</trkpt>
			<trkpt lat="47.37278635570149" lon="19.092657656811518">
				<ele>101.41141459811479</ele>
				<time>2026-04-19T10:02:52Z</time>
			</trkpt>
			<trkpt lat="47.372793990154165" lon="19.092619112172837">
				<ele>101.33384489174932</ele>
				<time>2026-04-19T10:02:55Z</time>
			</trkpt>
			<trkpt lat="47.37279821780024" lon="19.092596179318374">
				<ele>101.47693494521081</ele>
				<time>2026-04-19T10:02:57Z</time>
			</trkpt>
			<trkpt lat="47.372804385756766" lon="19.09256827377459">
				<ele>101.33001520391554</ele>
				<time>2026-04-19T10:02:58Z</time>
			</trkpt>
			<trkpt lat="47.37281452539581" lon="19.09253310105011">
				<ele>100.4127668980509</ele>
				<time>2026-04-19T10:03:00Z</time>
			</trkpt>
			<trkpt lat="47.372822430631246" lon="19.09250946707608">
				<ele>100.55471661034971</ele>
				<time>2026-04-19T10:03:02Z</time>
			</trkpt>
			<trkpt lat="47.3728274943099" lon="19.092487949411257">
				<ele>101.29798296093941</ele>
				<time>2026-04-19T10:03:05Z</time>
			</trkpt>
			<trkpt lat="47.37282889401596" lon="19.09246786082024">
				<ele>100.46243432536721</ele>
				<time>2026-04-19T10:03:07Z</time>
			</trkpt>
			<trkpt lat="47.37283479916135" lon="19.09242863381641">
				<ele>100.53789445385337</ele>
				<time>2026-04-19T10:03:09Z</time>
			</trkpt>
			<trkpt lat="47.37284097695162" lon="19.092385140117898">
				<ele>101.97079295292497</ele>
				<time>2026-04-19T10:03:11Z</time>
			</trkpt>
			<trkpt lat="47.372848269456654" lon="19.092352153564832">
				<ele>101.65979689080268</ele>
				<time>2026-04-19T10:03:14Z</time>
			</trkpt>
			<trkpt lat="47.3728545535924" lon="19.09233439041173">
				<ele>101.2008944991976</ele>
				<time>2026-04-19T10:03:17Z</time>
			</trkpt>
			<trkpt lat="47.372861837180004" lon="19.092312801517348">
				<ele>100.97653772588819</ele>
				<time>2026-04-19T10:03:20Z</time>
			</trkpt>
			<trkpt lat="47.37286689812333" lon="19.092275143670275">
				<ele>100.27578360866755</ele>
				<time>2026-04-19T10:03:22Z</time>
			</trkpt>
			<trkpt lat="47.37287280955996" lon="19.092246769057954">
				<ele>101.39977701101452</ele>
				<time>2026-04-19T10:03:24Z</time>
			</trkpt>
			<trkpt lat="47.37287100444394" lon="19.092207948911724">
				<ele>100.99048791639507</ele>
				<time>2026-04-19T10:03:26Z</time>
			</trkpt>
			<trkpt lat="47.37287600984557" lon="19.09215936887987">
				<ele>100.14437114167958</ele>
				<time>2026-04-19T10:03:28Z</time>
			</trkpt>
			<trkpt lat="47.37287957478844" lon="19.09211418590068">
				<ele>100.58337664511055</ele>
				<time>2026-04-19T10:03:30Z</time>
			</trkpt>
			<trkpt lat="47.372877327190366" lon="19.09209038946373">
				<ele>99.54133345652372</ele>
				<time>2026-04-19T10:03:32Z</time>
			</trkpt>
			<trkpt lat="47.37287855836791" lon="19.092061254978066">
				<ele>99.76702510006726</ele>
				<time>2026-04-19T10:03:34Z</time>
			</trkpt>
			<trkpt lat="47.37288001904418" lon="19.092037657734732">
				<ele>100.0245730644092</ele>
				<time>2026-04-19T10:03:36Z</time>
			</trkpt>
			<trkpt lat="47.37288201294963" lon="19.0920179773037">
				<ele>100.33962463680655</ele>
				<time>2026-04-19T10:03:38Z</time>
			</trkpt>
			<trkpt lat="47.37288585082767" lon="19.09199359156029">
				<ele>100.01414871960878</ele>
				<time>2026-04-19T10:03:41Z</time>
			</trkpt>
			<trkpt lat="47.37288987804224" lon="19.091953393349076">
				<ele>99.91171945724636</ele>
				<time>2026-04-19T10:03:43Z</time>
			</trkpt>
			<trkpt lat="47.3728918936563" lon="19.09191100244571">
				<ele>99.62941066082567</ele>
				<time>2026-04-19T10:03:46Z</time>
			</trkpt>
			<trkpt lat="47.37289032019463" lon="19.091883445187296">
				<ele>100.3702231599018</ele>
				<time>2026-04-19T10:03:49Z</time>
			</trkpt>
			<trkpt lat="47.37288474286422" lon="19.09184464009299">
				<ele>100.24217957723886</ele>
				<time>2026-04-19T10:03:51Z</time>
			</trkpt>
			<trkpt lat="47.372881144858546" lon="19.091798934857444">
				<ele>100.23028870113194</ele>
				<time>2026-04-19T10:03:53Z</time>
			</trkpt>
			<trkpt lat="47.372880089634016" lon="19.09176722677317">
				<ele>99.4442988242954</ele>
				<time>2026-04-19T10:03:55Z</time>
			</trkpt>
			<trkpt lat="47.372877052572285" lon="19.091733979386436">
				<ele>98.9104656111449</ele>
				<time>2026-04-19T10:03:57Z</time>
			</trkpt>
			<trkpt lat="47.37287544765917" lon="19.091707055712437">
				<ele>99.6439223010093</ele>
				<time>2026-04-19T10:03:59Z</time>
			</trkpt>
			<trkpt lat="47.372873832942894" lon="19.091683505663653">
				<ele>100.01885805092752</ele>
				<time>2026-04-19T10:04:01Z</time>
			</trkpt>
			<trkpt lat="47.37287368065404" lon="19.09165629076751">
				<ele>100.41732315532863</ele>
				<time>2026-04-19T10:04:03Z</time>
			</trkpt>
			<trkpt lat="47.37287186255746" lon="19.091619311063376">
				<ele>99.64239620883018</ele>
				<time>2026-04-19T10:04:06Z</time>
			</trkpt>
			<trkpt lat="47.37287531328807" lon="19.091576679394716">
				<ele>99.57280051708221</ele>
				<time>2026-04-19T10:04:08Z</time>
			</trkpt>
			<trkpt lat="47.37288119136149" lon="19.091530006463472">
				<ele>99.87406879290938</ele>
				<time>2026-04-19T10:04:10Z</time>
			</trkpt>
			<trkpt lat="47.37288563364978" lon="19.09148619256426">
				<ele>99.54165609739721</ele>
				<time>2026-04-19T10:04:12Z</time>
			</trkpt>
			<trkpt lat="47.372890108782045" lon="19.09145867363821">
				<ele>99.3428126629442</ele>
				<time>2026-04-19T10:04:14Z</time>
			</trkpt>
			<trkpt lat="47.372898715225766" lon="19.09142555987472">
				<ele>99.03329864237458</ele>
				<time>2026-04-19T10:04:16Z</time>
			</trkpt>
			<trkpt lat="47.37290509114713" lon="19.0913992275122">
				<ele>98.99305936973542</ele>
				<time>2026-04-19T10:04:18Z</time>
			</trkpt>
			<trkpt lat="47.37290218928948" lon="19.091385188283102">
				<ele>99.04287046287209</ele>
				<time>2026-04-19T10:04:19Z</time>
			</trkpt>
			<trkpt lat="47.37289823905476" lon="19.09136193209936">
				<ele>99.544314221479</ele>
				<time>2026-04-19T10:04:21Z</time>
			</trkpt>
			<trkpt lat="47.372894048812" lon="19.09132387933858">
				<ele>98.54116836283356</ele>
				<time>2026-04-19T10:04:23Z</time>
			</trkpt>
			<trkpt lat="47.37289166852625" lon="19.091280679672202">
				<ele>99.40558054391295</ele>
				<time>2026-04-19T10:04:26Z</time>
			</trkpt>
			<trkpt lat="47.372894210390875" lon="19.091243732341105">
				<ele>100.72244974132627</ele>
				<time>2026-04-19T10:04:28Z</time>
			</trkpt>
			<trkpt lat="47.37289512214248" lon="19.091199532035883">
				<ele>100.04211291018873</ele>
				<time>2026-04-19T10:04:30Z</time>
			</trkpt>
			<trkpt lat="47.37289949713648" lon="19.091169783059694">
				<ele>99.346610032022</ele>
				<time>2026-04-19T10:04:31Z</time>
			</trkpt>
			<trkpt lat="47.372908312835506" lon="19.091127406627393">
				<ele>100.08366855047643</ele>
				<time>2026-04-19T10:04:33Z</time>
			</trkpt>
			<trkpt lat="47.372911314248164" lon="19.091088141731515">
				<ele>99.47324277926236</ele>
				<time>2026-04-19T10:04:35Z</time>
			</trkpt>
			<trkpt lat="47.372910768968985" lon="19.09106357920627">
				<ele>100.57621879316866</ele>
				<time>2026-04-19T10:04:37Z</time>
			</trkpt>
			<trkpt lat="47.37290965163748" lon="19.09103837213257">
				<ele>101.10996819194406</ele>
				<time>2026-04-19T10:04:38Z</time>
			</trkpt>
			<trkpt lat="47.372916999844946" lon="19.090998044902037">
				<ele>101.31257007736713</ele>
				<time>2026-04-19T10:04:40Z</time>
			</trkpt>
			<trkpt lat="47.37292314357213" lon="19.090956254550242">
				<ele>101.70043571665883</ele>
				<time>2026-04-19T10:04:43Z</time>
			</trkpt>
			<trkpt lat="47.37293010793238" lon="19.09092261126433">
				<ele>102.62948723882437</ele>
				<time>2026-04-19T10:04:44Z</time>
			</trkpt>
			<trkpt lat="47.37293919091186" lon="19.09089546361316">
				<ele>102.63729629199952</ele>
				<time>2026-04-19T10:04:45Z</time>
			</trkpt>
			<trkpt lat="47.37294507719152" lon="19.090850467247535">
				<ele>103.02384418807924</ele>
				<time>2026-04-19T10:04:47Z</time>
			</trkpt>
			<trkpt lat="47.37294284811825" lon="19.090823103419602">
				<ele>102.96532872132957</ele>
				<time>2026-04-19T10:04:49Z</time>
			</trkpt>
			<trkpt lat="47.37294378028388" lon="19.09081591748553">
				<ele>102.8940218128264</ele>
				<time>2026-04-19T10:04:50Z</time>
			</trkpt>
			<trkpt lat="47.37294625708849" lon="19.09079809378728">
				<ele>102.75064061675221</ele>
				<time>2026-04-19T10:04:53Z</time>
			</trkpt>
			<trkpt lat="47.372949346437885" lon="19.090777390358333">
				<ele>103.83014298416674</ele>
				<time>2026-04-19T10:04:55Z</time>
			</trkpt>
			<trkpt lat="47.372953022328794" lon="19.090752588840942">
				<ele>104.26504109427333</ele>
				<time>2026-04-19T10:04:58Z</time>
			</trkpt>
			<trkpt lat="47.372955437242275" lon="19.09072099093697">
				<ele>104.2820923505351</ele>
				<time>2026-04-19T10:05:02Z</time>
			</trkpt>
			<trkpt lat="47.372967041709266" lon="19.090696093681604">
				<ele>103.80815925542265</ele>
				<time>2026-04-19T10:05:20Z</time>
			</trkpt>
			<trkpt lat="47.37298166651637" lon="19.090716915803007">
				<ele>106.03766876179725</ele>
				<time>2026-04-19T10:05:25Z</time>
			</trkpt>
			<trkpt lat="47.3730020944685" lon="19.090725304420303">
				<ele>102.67037390731275</ele>
				<time>2026-04-19T10:05:32Z</time>
			</trkpt>
			<trkpt lat="47.37300650467922" lon="19.090735182609123">
				<ele>102.81923709344119</ele>
				<time>2026-04-19T10:05:35Z</time>
			</trkpt>
			<trkpt lat="47.37301643905279" lon="19.090778415130842">
				<ele>103.90486029628664</ele>
				<time>2026-04-19T10:05:38Z</time>
			</trkpt>
			<trkpt lat="47.373027240372814" lon="19.090821645029603">
				<ele>102.47063655313104</ele>
				<time>2026-04-19T10:05:42Z</time>
			</trkpt>
			<trkpt lat="47.373034769115606" lon="19.090832324201">
				<ele>102.20288388710469</ele>
				<time>2026-04-19T10:05:45Z</time>
			</trkpt>
			<trkpt lat="47.373042282278305" lon="19.090846547143354">
				<ele>101.57323095016181</ele>
				<time>2026-04-19T10:05:47Z</time>
			</trkpt>
			<trkpt lat="47.373060502196026" lon="19.09088086971083">
				<ele>100.74784088507295</ele>
				<time>2026-04-19T10:05:50Z</time>
			</trkpt>
			<trkpt lat="47.37309425476794" lon="19.09091563557071">
				<ele>101.4126602159813</ele>
				<time>2026-04-19T10:05:53Z</time>
			</trkpt>
			<trkpt lat="47.37312494903072" lon="19.090934928274134">
				<ele>102.0694781197235</ele>
				<time>2026-04-19T10:05:56Z</time>
			</trkpt>
			<trkpt lat="47.373148584128494" lon="19.090938887708678">
				<ele>100.41668719612062</ele>
				<time>2026-04-19T10:05:58Z</time>
			</trkpt>
			<trkpt lat="47.373165020129015" lon="19.09094898170274">
				<ele>100.82653761375695</ele>
				<time>2026-04-19T10:06:01Z</time>
			</trkpt>
			<trkpt lat="47.37317029891291" lon="19.090959660066382">
				<ele>100.6818380150944</ele>
				<time>2026-04-19T10:06:03Z</time>
			</trkpt>
			<trkpt lat="47.37317511949643" lon="19.090975979026155">
				<ele>100.67136579751968</ele>
				<time>2026-04-19T10:06:05Z</time>
			</trkpt>
			<trkpt lat="47.37318164489693" lon="19.091000566049527">
				<ele>99.61956594791263</ele>
				<time>2026-04-19T10:06:08Z</time>
			</trkpt>
			<trkpt lat="47.373190747531744" lon="19.091022727130703">
				<ele>99.71887172479182</ele>
				<time>2026-04-19T10:06:10Z</time>
			</trkpt>
			<trkpt lat="47.37321153422599" lon="19.091052263984853">
				<ele>98.79918259754777</ele>
				<time>2026-04-19T10:06:12Z</time>
			</trkpt>
			<trkpt lat="47.37323478139452" lon="19.091072130278935">
				<ele>98.61548838578165</ele>
				<time>2026-04-19T10:06:15Z</time>
			</trkpt>
			<trkpt lat="47.37325592961035" lon="19.0910892887694">
				<ele>98.5168123068288</ele>
				<time>2026-04-19T10:06:17Z</time>
			</trkpt>
			<trkpt lat="47.37328639304219" lon="19.091104747908847">
				<ele>98.22858275938779</ele>
				<time>2026-04-19T10:06:21Z</time>
			</trkpt>
			<trkpt lat="47.37330990524078" lon="19.09111119974973">
				<ele>98.82887964136899</ele>
				<time>2026-04-19T10:06:25Z</time>
			</trkpt>
			<trkpt lat="47.37332696659926" lon="19.091110249635797">
				<ele>98.58100143633783</ele>
				<time>2026-04-19T10:06:27Z</time>
			</trkpt>
			<trkpt lat="47.373342407351046" lon="19.091117481973534">
				<ele>98.100989010185</ele>
				<time>2026-04-19T10:06:30Z</time>
			</trkpt>
			<trkpt lat="47.373358067498664" lon="19.09112922141841">
				<ele>97.93044659588486</ele>
				<time>2026-04-19T10:06:33Z</time>
			</trkpt>
			<trkpt lat="47.37337196838542" lon="19.091142060773528">
				<ele>98.1929269451648</ele>
				<time>2026-04-19T10:06:35Z</time>
			</trkpt>
			<trkpt lat="47.37339855969047" lon="19.091161743655288">
				<ele>98.07223950792104</ele>
				<time>2026-04-19T10:06:37Z</time>
			</trkpt>
			<trkpt lat="47.37341940530277" lon="19.09118575379486">
				<ele>98.26274755131453</ele>
				<time>2026-04-19T10:06:40Z</time>
			</trkpt>
			<trkpt lat="47.37343981116926" lon="19.09121219732604">
				<ele>97.53783887531608</ele>
				<time>2026-04-19T10:06:43Z</time>
			</trkpt>
			<trkpt lat="47.37345533850678" lon="19.091235590961492">
				<ele>97.95221465267241</ele>
				<time>2026-04-19T10:06:46Z</time>
			</trkpt>
			<trkpt lat="47.373469989330225" lon="19.091260355691336">
				<ele>97.86060335952789</ele>
				<time>2026-04-19T10:06:48Z</time>
			</trkpt>
			<trkpt lat="47.373476760225614" lon="19.091283537700015">
				<ele>97.54799959715456</ele>
				<time>2026-04-19T10:06:50Z</time>
			</trkpt>
			<trkpt lat="47.373485851813356" lon="19.091307149189497">
				<ele>97.92571241222322</ele>
				<time>2026-04-19T10:06:54Z</time>
			</trkpt>
			<trkpt lat="47.37349974360692" lon="19.09133059296546">
				<ele>98.45245561935008</ele>
				<time>2026-04-19T10:06:56Z</time>
			</trkpt>
			<trkpt lat="47.37351622674543" lon="19.091358989047404">
				<ele>99.27336703147739</ele>
				<time>2026-04-19T10:07:00Z</time>
			</trkpt>
			<trkpt lat="47.373526343839934" lon="19.091376768641847">
				<ele>98.58007459249347</ele>
				<time>2026-04-19T10:07:04Z</time>
			</trkpt>
			<trkpt lat="47.37354123003832" lon="19.09139389860464">
				<ele>98.93571020942181</ele>
				<time>2026-04-19T10:07:08Z</time>
			</trkpt>
			<trkpt lat="47.37354996325673" lon="19.091412067698492">
				<ele>99.10850543063134</ele>
				<time>2026-04-19T10:07:10Z</time>
			</trkpt>
			<trkpt lat="47.37356343560991" lon="19.091424259708447">
				<ele>99.27931243088096</ele>
				<time>2026-04-19T10:07:13Z</time>
			</trkpt>
			<trkpt lat="47.37358206100197" lon="19.091442362980953">
				<ele>98.76988158654422</ele>
				<time>2026-04-19T10:07:17Z</time>
			</trkpt>
			<trkpt lat="47.373606049637374" lon="19.09145862044809">
				<ele>98.05006805062294</ele>
				<time>2026-04-19T10:07:22Z</time>
			</trkpt>
			<trkpt lat="47.37363107010742" lon="19.091472448359887">
				<ele>98.84031664766371</ele>
				<time>2026-04-19T10:07:27Z</time>
			</trkpt>
			<trkpt lat="47.37365008183259" lon="19.091486344322252">
				<ele>98.79859461076558</ele>
				<time>2026-04-19T10:07:31Z</time>
			</trkpt>
			<trkpt lat="47.37366615831055" lon="19.091499060766544">
				<ele>98.32335802633315</ele>
				<time>2026-04-19T10:07:35Z</time>
			</trkpt>
			<trkpt lat="47.373683381264286" lon="19.091505518356595">
				<ele>98.22638340853155</ele>
				<time>2026-04-19T10:07:39Z</time>
			</trkpt>
			<trkpt lat="47.37370164542394" lon="19.091513232484143">
				<ele>98.12977545056492</ele>
				<time>2026-04-19T10:07:44Z</time>
			</trkpt>
			<trkpt lat="47.37371960150236" lon="19.091530181953935">
				<ele>98.60551981147529</ele>
				<time>2026-04-19T10:07:48Z</time>
			</trkpt>
			<trkpt lat="47.37372562682393" lon="19.091532061408888">
				<ele>98.38648687303066</ele>
				<time>2026-04-19T10:07:49Z</time>
			</trkpt>
			<trkpt lat="47.37374482125977" lon="19.091538601204043">
				<ele>98.42125892918557</ele>
				<time>2026-04-19T10:07:55Z</time>
			</trkpt>
			<trkpt lat="47.373771080572276" lon="19.091550193356703">
				<ele>98.27526946179569</ele>
				<time>2026-04-19T10:08:03Z</time>
			</trkpt>
			<trkpt lat="47.37378603419232" lon="19.09156114721713">
				<ele>99.7041938751936</ele>
				<time>2026-04-19T10:08:07Z</time>
			</trkpt>
			<trkpt lat="47.37381031090278" lon="19.091571803662738">
				<ele>100.10191399697214</ele>
				<time>2026-04-19T10:08:11Z</time>
			</trkpt>
			<trkpt lat="47.373831786022855" lon="19.091585139697756">
				<ele>99.51219548843801</ele>
				<time>2026-04-19T10:08:15Z</time>
			</trkpt>
			<trkpt lat="47.37384290819188" lon="19.091593453344686">
				<ele>99.09221241623163</ele>
				<time>2026-04-19T10:08:19Z</time>
			</trkpt>
			<trkpt lat="47.37385600864155" lon="19.091606892752868">
				<ele>99.60054342448711</ele>
				<time>2026-04-19T10:08:23Z</time>
			</trkpt>
			<trkpt lat="47.37387332715305" lon="19.091625416521797">
				<ele>98.49078564532101</ele>
				<time>2026-04-19T10:08:28Z</time>
			</trkpt>
			<trkpt lat="47.373890575010996" lon="19.091645108000908">
				<ele>98.11752054281533</ele>
				<time>2026-04-19T10:08:33Z</time>
			</trkpt>
			<trkpt lat="47.37390335784669" lon="19.09166071282933">
				<ele>98.09952152054757</ele>
				<time>2026-04-19T10:08:37Z</time>
			</trkpt>
			<trkpt lat="47.37391722815073" lon="19.0916795073379">
				<ele>98.11717002093792</ele>
				<time>2026-04-19T10:08:42Z</time>
			</trkpt>
			<trkpt lat="47.37393173678898" lon="19.09169982677323">
				<ele>98.06429950334132</ele>
				<time>2026-04-19T10:08:47Z</time>
			</trkpt>
			<trkpt lat="47.37394834026139" lon="19.09172249149355">
				<ele>98.05893552675843</ele>
				<time>2026-04-19T10:08:53Z</time>
			</trkpt>
			<trkpt lat="47.37396253209854" lon="19.09174954957898">
				<ele>97.51686417125165</ele>
				<time>2026-04-19T10:08:58Z</time>
			</trkpt>
			<trkpt lat="47.37398520597796" lon="19.09177712666929">
				<ele>98.48688265588135</ele>
				<time>2026-04-19T10:09:03Z</time>
			</trkpt>
			<trkpt lat="47.374003528427274" lon="19.091789005842053">
				<ele>97.99049961846322</ele>
				<time>2026-04-19T10:09:07Z</time>
			</trkpt>
			<trkpt lat="47.374017019734175" lon="19.091792474148093">
				<ele>98.19982451573014</ele>
				<time>2026-04-19T10:09:12Z</time>
			</trkpt>
			<trkpt lat="47.374033232175314" lon="19.091796689486596">
				<ele>98.50472661387175</ele>
				<time>2026-04-19T10:09:17Z</time>
			</trkpt>
			<trkpt lat="47.37405791067485" lon="19.091795689623716">
				<ele>98.62595516815782</ele>
				<time>2026-04-19T10:09:24Z</time>
			</trkpt>
			<trkpt lat="47.374072423129" lon="19.091782497377125">
				<ele>98.76981870550662</ele>
				<time>2026-04-19T10:09:29Z</time>
			</trkpt>
			<trkpt lat="47.37407370162629" lon="19.09176525332467">
				<ele>98.42561809066683</ele>
				<time>2026-04-19T10:09:32Z</time>
			</trkpt>
			<trkpt lat="47.374069192802075" lon="19.09174799179534">
				<ele>98.25201101228595</ele>
				<time>2026-04-19T10:09:35Z</time>
			</trkpt>
			<trkpt lat="47.37406206228588" lon="19.091733652587365">
				<ele>98.0467341504991</ele>
				<time>2026-04-19T10:09:37Z</time>
			</trkpt>
			<trkpt lat="47.37405214768376" lon="19.09171960649969">
				<ele>97.70951227005571</ele>
				<time>2026-04-19T10:09:40Z</time>
			</trkpt>
			<trkpt lat="47.37403935215243" lon="19.091706364250513">
				<ele>97.53892479091883</ele>
				<time>2026-04-19T10:09:43Z</time>
			</trkpt>
			<trkpt lat="47.3740255087887" lon="19.091694559780617">
				<ele>97.45477075595409</ele>
				<time>2026-04-19T10:09:46Z</time>
			</trkpt>
			<trkpt lat="47.37401220124299" lon="19.091684978926274">
				<ele>97.41654525417835</ele>
				<time>2026-04-19T10:09:49Z</time>
			</trkpt>
			<trkpt lat="47.37399533428732" lon="19.091674675894442">
				<ele>97.13703745882958</ele>
				<time>2026-04-19T10:09:53Z</time>
			</trkpt>
			<trkpt lat="47.37397922145498" lon="19.09166489215022">
				<ele>97.14894136507064</ele>
				<time>2026-04-19T10:09:56Z</time>
			</trkpt>
			<trkpt lat="47.37395334527724" lon="19.091653198245425">
				<ele>97.24941754993051</ele>
				<time>2026-04-19T10:10:03Z</time>
			</trkpt>
			<trkpt lat="47.373917392344254" lon="19.091622261904025">
				<ele>97.40867630764842</ele>
				<time>2026-04-19T10:10:22Z</time>
			</trkpt>
			<trkpt lat="47.373900433609286" lon="19.091606641285388">
				<ele>98.16337863728404</ele>
				<time>2026-04-19T10:10:28Z</time>
			</trkpt>
			<trkpt lat="47.37388444139885" lon="19.09159792005125">
				<ele>98.10405640862882</ele>
				<time>2026-04-19T10:10:34Z</time>
			</trkpt>
			<trkpt lat="47.373862575535306" lon="19.091594791127374">
				<ele>97.82804145198315</ele>
				<time>2026-04-19T10:10:44Z</time>
			</trkpt>
			<trkpt lat="47.37383773128899" lon="19.091572136923546">
				<ele>98.85582322906703</ele>
				<time>2026-04-19T10:11:12Z</time>
			</trkpt>
			<trkpt lat="47.37382841582029" lon="19.09156490992957">
				<ele>98.8004151340574</ele>
				<time>2026-04-19T10:11:15Z</time>
			</trkpt>
			<trkpt lat="47.373818584334664" lon="19.091556748825074">
				<ele>98.14907852932811</ele>
				<time>2026-04-19T10:11:18Z</time>
			</trkpt>
			<trkpt lat="47.37380668182678" lon="19.091544044367375">
				<ele>97.91501201689243</ele>
				<time>2026-04-19T10:11:22Z</time>
			</trkpt>
			<trkpt lat="47.37379611620297" lon="19.091532851746756">
				<ele>97.99779882654548</ele>
				<time>2026-04-19T10:11:24Z</time>
			</trkpt>
			<trkpt lat="47.37377963894977" lon="19.091518727401862">
				<ele>97.60942381434143</ele>
				<time>2026-04-19T10:11:28Z</time>
			</trkpt>
			<trkpt lat="47.37375987378037" lon="19.09150370521937">
				<ele>97.50073206145316</ele>
				<time>2026-04-19T10:11:32Z</time>
			</trkpt>
			<trkpt lat="47.373739530364624" lon="19.091488830931734">
				<ele>97.50243248231709</ele>
				<time>2026-04-19T10:11:36Z</time>
			</trkpt>
			<trkpt lat="47.373717558567954" lon="19.091475184029076">
				<ele>97.73529203422368</ele>
				<time>2026-04-19T10:11:41Z</time>
			</trkpt>
			<trkpt lat="47.37369834351771" lon="19.091461197533803">
				<ele>98.36897667031735</ele>
				<time>2026-04-19T10:11:45Z</time>
			</trkpt>
			<trkpt lat="47.37368037232304" lon="19.091450672043504">
				<ele>99.33298219088465</ele>
				<time>2026-04-19T10:11:49Z</time>
			</trkpt>
			<trkpt lat="47.37366606792885" lon="19.091443258209193">
				<ele>99.0550978789106</ele>
				<time>2026-04-19T10:11:53Z</time>
			</trkpt>
			<trkpt lat="47.373649313561764" lon="19.091434419541915">
				<ele>98.82983347773552</ele>
				<time>2026-04-19T10:11:57Z</time>
			</trkpt>
			<trkpt lat="47.373618819934556" lon="19.09141753393343">
				<ele>99.39902538340539</ele>
				<time>2026-04-19T10:12:06Z</time>
			</trkpt>
			<trkpt lat="47.37359172634895" lon="19.091394217662902">
				<ele>98.55593276116997</ele>
				<time>2026-04-19T10:12:12Z</time>
			</trkpt>
			<trkpt lat="47.3735702570576" lon="19.09137052692042">
				<ele>98.14736200775951</ele>
				<time>2026-04-19T10:12:18Z</time>
			</trkpt>
			<trkpt lat="47.37355513644051" lon="19.09135311783872">
				<ele>98.82675782684237</ele>
				<time>2026-04-19T10:12:21Z</time>
			</trkpt>
			<trkpt lat="47.37353781270033" lon="19.091333911038788">
				<ele>98.45741042401642</ele>
				<time>2026-04-19T10:12:25Z</time>
			</trkpt>
			<trkpt lat="47.373520600475125" lon="19.091314478059218">
				<ele>98.25292390119284</ele>
				<time>2026-04-19T10:12:28Z</time>
			</trkpt>
			<trkpt lat="47.37350528570799" lon="19.091290922334853">
				<ele>97.72463454771787</ele>
				<time>2026-04-19T10:12:31Z</time>
			</trkpt>
			<trkpt lat="47.37349136713532" lon="19.09127391649018">
				<ele>97.90408123098314</ele>
				<time>2026-04-19T10:12:33Z</time>
			</trkpt>
			<trkpt lat="47.373477832058576" lon="19.091258085919367">
				<ele>97.52668769750744</ele>
				<time>2026-04-19T10:12:36Z</time>
			</trkpt>
			<trkpt lat="47.37346418540556" lon="19.091241061829113">
				<ele>98.35814201738685</ele>
				<time>2026-04-19T10:12:39Z</time>
			</trkpt>
			<trkpt lat="47.37344917223117" lon="19.09122890774423">
				<ele>98.14949267357588</ele>
				<time>2026-04-19T10:12:41Z</time>
			</trkpt>
			<trkpt lat="47.37342960354536" lon="19.091210108196034">
				<ele>98.25641086604446</ele>
				<time>2026-04-19T10:12:44Z</time>
			</trkpt>
			<trkpt lat="47.37340960418095" lon="19.0911875169269">
				<ele>98.04610630962998</ele>
				<time>2026-04-19T10:12:47Z</time>
			</trkpt>
			<trkpt lat="47.373384249341456" lon="19.091163662833754">
				<ele>98.46469985879958</ele>
				<time>2026-04-19T10:12:49Z</time>
			</trkpt>
			<trkpt lat="47.373353416815725" lon="19.09113404714174">
				<ele>98.94353729765862</ele>
				<time>2026-04-19T10:12:52Z</time>
			</trkpt>
			<trkpt lat="47.373329348698235" lon="19.0911149232839">
				<ele>98.10942377336323</ele>
				<time>2026-04-19T10:12:54Z</time>
			</trkpt>
			<trkpt lat="47.373303632385436" lon="19.091098036592783">
				<ele>97.94480697624385</ele>
				<time>2026-04-19T10:12:56Z</time>
			</trkpt>
			<trkpt lat="47.3732831783677" lon="19.091079571159266">
				<ele>97.73331103287637</ele>
				<time>2026-04-19T10:12:59Z</time>
			</trkpt>
			<trkpt lat="47.37327379228503" lon="19.09106581195163">
				<ele>97.97284842375666</ele>
				<time>2026-04-19T10:13:01Z</time>
			</trkpt>
			<trkpt lat="47.37326487685757" lon="19.09105351177355">
				<ele>97.71884197928011</ele>
				<time>2026-04-19T10:13:03Z</time>
			</trkpt>
			<trkpt lat="47.373253226453905" lon="19.09103827817835">
				<ele>97.79401861038059</ele>
				<time>2026-04-19T10:13:07Z</time>
			</trkpt>
			<trkpt lat="47.37323559711411" lon="19.09102214623904">
				<ele>97.68013391643763</ele>
				<time>2026-04-19T10:13:11Z</time>
			</trkpt>
			<trkpt lat="47.37322131544982" lon="19.091004715059764">
				<ele>98.42181666567922</ele>
				<time>2026-04-19T10:13:13Z</time>
			</trkpt>
			<trkpt lat="47.37319553745811" lon="19.090967715497587">
				<ele>98.91512890998274</ele>
				<time>2026-04-19T10:13:16Z</time>
			</trkpt>
			<trkpt lat="47.3731768699694" lon="19.09093711060978">
				<ele>98.79414158593863</ele>
				<time>2026-04-19T10:13:19Z</time>
			</trkpt>
			<trkpt lat="47.37316745366927" lon="19.090921480179368">
				<ele>99.12661565467715</ele>
				<time>2026-04-19T10:13:21Z</time>
			</trkpt>
			<trkpt lat="47.37316012670819" lon="19.09090485797086">
				<ele>99.51208194345236</ele>
				<time>2026-04-19T10:13:23Z</time>
			</trkpt>
			<trkpt lat="47.37314812178371" lon="19.090883521453897">
				<ele>100.00482447072864</ele>
				<time>2026-04-19T10:13:26Z</time>
			</trkpt>
			<trkpt lat="47.37311790702851" lon="19.090866762163856">
				<ele>101.249246600084</ele>
				<time>2026-04-19T10:13:29Z</time>
			</trkpt>
			<trkpt lat="47.373079733874754" lon="19.09084368060335">
				<ele>100.95796094741672</ele>
				<time>2026-04-19T10:13:32Z</time>
			</trkpt>
			<trkpt lat="47.37305782781893" lon="19.090827239061202">
				<ele>101.000239033252</ele>
				<time>2026-04-19T10:13:35Z</time>
			</trkpt>
			<trkpt lat="47.37304874013968" lon="19.0908161321087">
				<ele>101.67977155186236</ele>
				<time>2026-04-19T10:13:37Z</time>
			</trkpt>
			<trkpt lat="47.37303934323733" lon="19.09080316348612">
				<ele>101.14466081280261</ele>
				<time>2026-04-19T10:13:39Z</time>
			</trkpt>
			<trkpt lat="47.37303031985491" lon="19.090785097980454">
				<ele>101.46367469709367</ele>
				<time>2026-04-19T10:13:42Z</time>
			</trkpt>
			<trkpt lat="47.373019533879486" lon="19.09076006533768">
				<ele>101.53110211249441</ele>
				<time>2026-04-19T10:13:46Z</time>
			</trkpt>
			<trkpt lat="47.37300917191009" lon="19.090729990409418">
				<ele>102.40426454693079</ele>
				<time>2026-04-19T10:13:50Z</time>
			</trkpt>
			<trkpt lat="47.373002301002884" lon="19.09070431196434">
				<ele>102.72278458159417</ele>
				<time>2026-04-19T10:13:53Z</time>
			</trkpt>
			<trkpt lat="47.37299358446429" lon="19.090660893256022">
				<ele>103.37526566814631</ele>
				<time>2026-04-19T10:14:02Z</time>
			</trkpt>
			<trkpt lat="47.372981533308845" lon="19.090632719997384">
				<ele>102.55457383673638</ele>
				<time>2026-04-19T10:14:07Z</time>
			</trkpt>
			<trkpt lat="47.37297169200649" lon="19.090608620726652">
				<ele>102.97996655013412</ele>
				<time>2026-04-19T10:14:10Z</time>
			</trkpt>
			<trkpt lat="47.37296266613398" lon="19.090582060560198">
				<ele>103.20240176003426</ele>
				<time>2026-04-19T10:14:13Z</time>
			</trkpt>
			<trkpt lat="47.372956550228494" lon="19.090554874829795">
				<ele>102.98848111275584</ele>
				<time>2026-04-19T10:14:16Z</time>
			</trkpt>
			<trkpt lat="47.372948576888845" lon="19.09053114803708">
				<ele>102.66235132794827</ele>
				<time>2026-04-19T10:14:18Z</time>
			</trkpt>
			<trkpt lat="47.37293828667135" lon="19.090493391334025">
				<ele>100.8558573294431</ele>
				<time>2026-04-19T10:14:23Z</time>
			</trkpt>
			<trkpt lat="47.3729264222552" lon="19.09046118378371">
				<ele>101.52601363044232</ele>
				<time>2026-04-19T10:14:26Z</time>
			</trkpt>
			<trkpt lat="47.37291792141054" lon="19.090432570551545">
				<ele>101.6093163844198</ele>
				<time>2026-04-19T10:14:29Z</time>
			</trkpt>
			<trkpt lat="47.37290966868896" lon="19.090409432232466">
				<ele>102.35153295472264</ele>
				<time>2026-04-19T10:14:31Z</time>
			</trkpt>
			<trkpt lat="47.37290256775946" lon="19.090379746975874">
				<ele>102.50847294274718</ele>
				<time>2026-04-19T10:14:34Z</time>
			</trkpt>
			<trkpt lat="47.3728943703414" lon="19.090362220372512">
				<ele>102.40149010717869</ele>
				<time>2026-04-19T10:14:35Z</time>
			</trkpt>
			<trkpt lat="47.3728899999735" lon="19.090336554521006">
				<ele>102.63451726175845</ele>
				<time>2026-04-19T10:14:36Z</time>
			</trkpt>
			<trkpt lat="47.37288311103007" lon="19.090296059858307">
				<ele>102.80135368462652</ele>
				<time>2026-04-19T10:14:40Z</time>
			</trkpt>
			<trkpt lat="47.37287568717308" lon="19.09027543454357">
				<ele>102.73854408133775</ele>
				<time>2026-04-19T10:14:42Z</time>
			</trkpt>
			<trkpt lat="47.3728585510261" lon="19.090244302306747">
				<ele>102.84494441188872</ele>
				<time>2026-04-19T10:14:44Z</time>
			</trkpt>
			<trkpt lat="47.37283935943813" lon="19.090208965774913">
				<ele>102.05674896482378</ele>
				<time>2026-04-19T10:14:46Z</time>
			</trkpt>
			<trkpt lat="47.37282477666662" lon="19.090186655617497">
				<ele>102.80830163508654</ele>
				<time>2026-04-19T10:14:48Z</time>
			</trkpt>
			<trkpt lat="47.372813829552726" lon="19.090173062700647">
				<ele>102.68108549527824</ele>
				<time>2026-04-19T10:14:50Z</time>
			</trkpt>
			<trkpt lat="47.372802460188815" lon="19.090150478301073">
				<ele>102.47743501700461</ele>
				<time>2026-04-19T10:14:51Z</time>
			</trkpt>
			<trkpt lat="47.37278919785582" lon="19.090122845749654">
				<ele>101.51577567495406</ele>
				<time>2026-04-19T10:14:54Z</time>
			</trkpt>
			<trkpt lat="47.372768979230386" lon="19.09008663598785">
				<ele>101.81348410714418</ele>
				<time>2026-04-19T10:14:57Z</time>
			</trkpt>
			<trkpt lat="47.3727521781326" lon="19.09005397619229">
				<ele>101.91789894830436</ele>
				<time>2026-04-19T10:15:00Z</time>
			</trkpt>
			<trkpt lat="47.37273809677824" lon="19.090033464314548">
				<ele>101.40847156755626</ele>
				<time>2026-04-19T10:15:03Z</time>
			</trkpt>
			<trkpt lat="47.37272386093382" lon="19.090011290172853">
				<ele>101.94042820483446</ele>
				<time>2026-04-19T10:15:06Z</time>
			</trkpt>
			<trkpt lat="47.3727139223502" lon="19.089992146310678">
				<ele>102.93869511038065</ele>
				<time>2026-04-19T10:15:08Z</time>
			</trkpt>
			<trkpt lat="47.37270564766075" lon="19.089972790359404">
				<ele>103.75933098327368</ele>
				<time>2026-04-19T10:15:10Z</time>
			</trkpt>
			<trkpt lat="47.37269615698235" lon="19.089945940198433">
				<ele>103.47230379842222</ele>
				<time>2026-04-19T10:15:13Z</time>
			</trkpt>
			<trkpt lat="47.37268779760913" lon="19.089921123943896">
				<ele>103.69039508886635</ele>
				<time>2026-04-19T10:15:15Z</time>
			</trkpt>
			<trkpt lat="47.3726830100591" lon="19.08988925225856">
				<ele>103.30169581528753</ele>
				<time>2026-04-19T10:15:19Z</time>
			</trkpt>
			<trkpt lat="47.37267578465405" lon="19.089859593309153">
				<ele>103.23274896945804</ele>
				<time>2026-04-19T10:15:21Z</time>
			</trkpt>
			<trkpt lat="47.37266939050308" lon="19.089824297325453">
				<ele>102.88172836694866</ele>
				<time>2026-04-19T10:15:24Z</time>
			</trkpt>
			<trkpt lat="47.372662700451215" lon="19.08978407592681">
				<ele>102.53450736124068</ele>
				<time>2026-04-19T10:15:27Z</time>
			</trkpt>
			<trkpt lat="47.372656291975595" lon="19.08973423263842">
				<ele>102.08769455831498</ele>
				<time>2026-04-19T10:15:29Z</time>
			</trkpt>
			<trkpt lat="47.372648458161315" lon="19.089699035999192">
				<ele>101.78768953401595</ele>
				<time>2026-04-19T10:15:31Z</time>
			</trkpt>
			<trkpt lat="47.37263981914021" lon="19.08967044886096">
				<ele>100.91533964406699</ele>
				<time>2026-04-19T10:15:34Z</time>
			</trkpt>
			<trkpt lat="47.37263574442472" lon="19.08965055749793">
				<ele>100.17360661644489</ele>
				<time>2026-04-19T10:15:36Z</time>
			</trkpt>
			<trkpt lat="47.372634721184035" lon="19.08961440823983">
				<ele>100.20123040303588</ele>
				<time>2026-04-19T10:15:38Z</time>
			</trkpt>
			<trkpt lat="47.37263321705925" lon="19.089584182546965">
				<ele>100.30370641872287</ele>
				<time>2026-04-19T10:15:40Z</time>
			</trkpt>
			<trkpt lat="47.372634047159636" lon="19.089562661120034">
				<ele>100.58420872874558</ele>
				<time>2026-04-19T10:15:42Z</time>
			</trkpt>
			<trkpt lat="47.37262953412825" lon="19.089540664796154">
				<ele>100.11735048610717</ele>
				<time>2026-04-19T10:15:46Z</time>
			</trkpt>
			<trkpt lat="47.372027303430066" lon="19.088915772050857">
				<ele>100.10853674914688</ele>
				<time>2026-04-19T10:16:57Z</time>
			</trkpt>
			<trkpt lat="47.371999365286335" lon="19.088886112404545">
				<ele>99.94488741923124</ele>
				<time>2026-04-19T10:17:00Z</time>
			</trkpt>
			<trkpt lat="47.37198566345032" lon="19.088867575655392">
				<ele>100.09555629268289</ele>
				<time>2026-04-19T10:17:03Z</time>
			</trkpt>
			<trkpt lat="47.371975061908444" lon="19.088851209275163">
				<ele>100.1986043965444</ele>
				<time>2026-04-19T10:17:06Z</time>
			</trkpt>
			<trkpt lat="47.371963762305334" lon="19.088836176119575">
				<ele>100.53101179003716</ele>
				<time>2026-04-19T10:17:08Z</time>
			</trkpt>
			<trkpt lat="47.37194863802622" lon="19.088818968494273">
				<ele>99.27188724186271</ele>
				<time>2026-04-19T10:17:12Z</time>
			</trkpt>
			<trkpt lat="47.37193619181315" lon="19.08879951791187">
				<ele>99.90041036903858</ele>
				<time>2026-04-19T10:17:15Z</time>
			</trkpt>
			<trkpt lat="47.371922632078544" lon="19.088777306966012">
				<ele>100.07687186915427</ele>
				<time>2026-04-19T10:17:18Z</time>
			</trkpt>
			<trkpt lat="47.37191295523203" lon="19.08875755539124">
				<ele>99.88307862728834</ele>
				<time>2026-04-19T10:17:20Z</time>
			</trkpt>
			<trkpt lat="47.37190224045339" lon="19.08873507101784">
				<ele>99.44190533831716</ele>
				<time>2026-04-19T10:17:23Z</time>
			</trkpt>
			<trkpt lat="47.37188708350391" lon="19.08870520639041">
				<ele>98.82629587501287</ele>
				<time>2026-04-19T10:17:25Z</time>
			</trkpt>
			<trkpt lat="47.37187472840478" lon="19.088681957342082">
				<ele>99.64215626008809</ele>
				<time>2026-04-19T10:17:27Z</time>
			</trkpt>
			<trkpt lat="47.37186321584875" lon="19.088664185274354">
				<ele>99.28720242064446</ele>
				<time>2026-04-19T10:17:29Z</time>
			</trkpt>
			<trkpt lat="47.37183838798999" lon="19.08863757412115">
				<ele>98.17744925897568</ele>
				<time>2026-04-19T10:17:32Z</time>
			</trkpt>
			<trkpt lat="47.371807400694074" lon="19.08860056480989">
				<ele>98.66392826288939</ele>
				<time>2026-04-19T10:17:35Z</time>
			</trkpt>
			<trkpt lat="47.37179230875885" lon="19.088581035783253">
				<ele>98.89855440054089</ele>
				<time>2026-04-19T10:17:37Z</time>
			</trkpt>
			<trkpt lat="47.37177909344274" lon="19.08856281658791">
				<ele>98.28981664404273</ele>
				<time>2026-04-19T10:17:40Z</time>
			</trkpt>
			<trkpt lat="47.37176851033287" lon="19.08854922990724">
				<ele>98.88486607093364</ele>
				<time>2026-04-19T10:17:42Z</time>
			</trkpt>
			<trkpt lat="47.37174258705984" lon="19.088524253663532">
				<ele>98.76704420056194</ele>
				<time>2026-04-19T10:17:45Z</time>
			</trkpt>
			<trkpt lat="47.371722701948315" lon="19.08849142549261">
				<ele>99.92207480315119</ele>
				<time>2026-04-19T10:17:47Z</time>
			</trkpt>
			<trkpt lat="47.37170433549781" lon="19.088455095577043">
				<ele>100.17263086885214</ele>
				<time>2026-04-19T10:17:51Z</time>
			</trkpt>
			<trkpt lat="47.371698702056456" lon="19.088437726521448">
				<ele>99.71194444037974</ele>
				<time>2026-04-19T10:17:54Z</time>
			</trkpt>
			<trkpt lat="47.3716926420658" lon="19.088417136816943">
				<ele>99.2441716324538</ele>
				<time>2026-04-19T10:17:57Z</time>
			</trkpt>
			<trkpt lat="47.37168862623789" lon="19.088393614453917">
				<ele>98.40739695355296</ele>
				<time>2026-04-19T10:18:01Z</time>
			</trkpt>
			<trkpt lat="47.371683880354944" lon="19.088371961535042">
				<ele>98.92857965640724</ele>
				<time>2026-04-19T10:18:03Z</time>
			</trkpt>
			<trkpt lat="47.37167491176249" lon="19.088345376089602">
				<ele>98.93119849450886</ele>
				<time>2026-04-19T10:18:06Z</time>
			</trkpt>
			<trkpt lat="47.37165359553752" lon="19.088302322241105">
				<ele>98.58541978430003</ele>
				<time>2026-04-19T10:18:09Z</time>
			</trkpt>
			<trkpt lat="47.371635593978596" lon="19.08827124932844">
				<ele>98.55598992016166</ele>
				<time>2026-04-19T10:18:12Z</time>
			</trkpt>
			<trkpt lat="47.37161885164669" lon="19.08824482163456">
				<ele>98.1505046999082</ele>
				<time>2026-04-19T10:18:14Z</time>
			</trkpt>
			<trkpt lat="47.371599068025866" lon="19.088220830900234">
				<ele>98.35717319976538</ele>
				<time>2026-04-19T10:18:17Z</time>
			</trkpt>
			<trkpt lat="47.371586420154586" lon="19.088211221148875">
				<ele>99.35681574698538</ele>
				<time>2026-04-19T10:18:19Z</time>
			</trkpt>
			<trkpt lat="47.37157194170467" lon="19.08820052039644">
				<ele>99.59668208099902</ele>
				<time>2026-04-19T10:18:21Z</time>
			</trkpt>
			<trkpt lat="47.37154426837814" lon="19.08818512457272">
				<ele>100.11802694573998</ele>
				<time>2026-04-19T10:18:23Z</time>
			</trkpt>
			<trkpt lat="47.37151636766476" lon="19.08817131128508">
				<ele>99.87759276106954</ele>
				<time>2026-04-19T10:18:26Z</time>
			</trkpt>
			<trkpt lat="47.37149488312102" lon="19.08816139777572">
				<ele>99.96761515084654</ele>
				<time>2026-04-19T10:18:29Z</time>
			</trkpt>
			<trkpt lat="47.371464898492576" lon="19.088150750648744">
				<ele>101.30315823946148</ele>
				<time>2026-04-19T10:18:32Z</time>
			</trkpt>
			<trkpt lat="47.37143997555955" lon="19.088143495698727">
				<ele>101.39227150194347</ele>
				<time>2026-04-19T10:18:35Z</time>
			</trkpt>
			<trkpt lat="47.3714164132766" lon="19.088122944144768">
				<ele>101.01572054810822</ele>
				<time>2026-04-19T10:18:38Z</time>
			</trkpt>
			<trkpt lat="47.37139903672657" lon="19.088121978159933">
				<ele>100.6580050829798</ele>
				<time>2026-04-19T10:18:40Z</time>
			</trkpt>
			<trkpt lat="47.37137245615663" lon="19.08811114947929">
				<ele>99.66555238049477</ele>
				<time>2026-04-19T10:18:43Z</time>
			</trkpt>
			<trkpt lat="47.37134343839985" lon="19.088111288764786">
				<ele>100.6907603694126</ele>
				<time>2026-04-19T10:18:45Z</time>
			</trkpt>
			<trkpt lat="47.371317783167875" lon="19.088102227744812">
				<ele>102.58622371405363</ele>
				<time>2026-04-19T10:18:48Z</time>
			</trkpt>
			<trkpt lat="47.37130533157067" lon="19.088089297972676">
				<ele>101.05782762728631</ele>
				<time>2026-04-19T10:18:51Z</time>
			</trkpt>
			<trkpt lat="47.371295115530664" lon="19.088077659446757">
				<ele>101.58235004730523</ele>
				<time>2026-04-19T10:18:54Z</time>
			</trkpt>
			<trkpt lat="47.37128248653274" lon="19.08806430383472">
				<ele>101.60666581336409</ele>
				<time>2026-04-19T10:18:57Z</time>
			</trkpt>
			<trkpt lat="47.37127054600054" lon="19.08805095750379">
				<ele>100.9454576484859</ele>
				<time>2026-04-19T10:18:59Z</time>
			</trkpt>
			<trkpt lat="47.37123675665268" lon="19.088025070176467">
				<ele>100.79616327118129</ele>
				<time>2026-04-19T10:19:03Z</time>
			</trkpt>
			<trkpt lat="47.37122100504467" lon="19.088009524170655">
				<ele>100.390843950212</ele>
				<time>2026-04-19T10:19:05Z</time>
			</trkpt>
			<trkpt lat="47.371208697559915" lon="19.087997421916526">
				<ele>100.35516897123307</ele>
				<time>2026-04-19T10:19:07Z</time>
			</trkpt>
			<trkpt lat="47.371185621474496" lon="19.087984068962626">
				<ele>101.1773777436465</ele>
				<time>2026-04-19T10:19:09Z</time>
			</trkpt>
			<trkpt lat="47.37116241719645" lon="19.0879616801651">
				<ele>100.77202638145536</ele>
				<time>2026-04-19T10:19:12Z</time>
			</trkpt>
			<trkpt lat="47.37115021145183" lon="19.087946443139582">
				<ele>100.64589318726212</ele>
				<time>2026-04-19T10:19:14Z</time>
			</trkpt>
			<trkpt lat="47.371136145363955" lon="19.087936809178522">
				<ele>99.722232343629</ele>
				<time>2026-04-19T10:19:16Z</time>
			</trkpt>
			<trkpt lat="47.371120486269156" lon="19.087923905343587">
				<ele>100.09701657202095</ele>
				<time>2026-04-19T10:19:18Z</time>
			</trkpt>
			<trkpt lat="47.371100247767046" lon="19.087911243407607">
				<ele>99.75139395333827</ele>
				<time>2026-04-19T10:19:21Z</time>
			</trkpt>
			<trkpt lat="47.3710812001868" lon="19.087895758257478">
				<ele>99.81363111827523</ele>
				<time>2026-04-19T10:19:24Z</time>
			</trkpt>
			<trkpt lat="47.37106558827114" lon="19.087879474758964">
				<ele>100.19325090292841</ele>
				<time>2026-04-19T10:19:26Z</time>
			</trkpt>
			<trkpt lat="47.37104746365409" lon="19.087862429566684">
				<ele>101.07240950502455</ele>
				<time>2026-04-19T10:19:29Z</time>
			</trkpt>
			<trkpt lat="47.37101837474125" lon="19.087828831948325">
				<ele>101.49634719453752</ele>
				<time>2026-04-19T10:19:34Z</time>
			</trkpt>
			<trkpt lat="47.37100133986386" lon="19.087811578742343">
				<ele>100.89140269812196</ele>
				<time>2026-04-19T10:19:36Z</time>
			</trkpt>
			<trkpt lat="47.3709853766001" lon="19.08780210845615">
				<ele>100.39134021475911</ele>
				<time>2026-04-19T10:19:39Z</time>
			</trkpt>
			<trkpt lat="47.37096481715654" lon="19.087789940417917">
				<ele>101.19775869790465</ele>
				<time>2026-04-19T10:19:43Z</time>
			</trkpt>
			<trkpt lat="47.370949523984116" lon="19.08777751899794">
				<ele>101.66854395251721</ele>
				<time>2026-04-19T10:19:45Z</time>
			</trkpt>
			<trkpt lat="47.37093026275856" lon="19.08774333298247">
				<ele>100.57103562355042</ele>
				<time>2026-04-19T10:19:48Z</time>
			</trkpt>
			<trkpt lat="47.37091125397555" lon="19.08772017284446">
				<ele>100.58706543035805</ele>
				<time>2026-04-19T10:19:51Z</time>
			</trkpt>
			<trkpt lat="47.37089728082411" lon="19.087709293503245">
				<ele>100.46099497005343</ele>
				<time>2026-04-19T10:19:53Z</time>
			</trkpt>
			<trkpt lat="47.370882992994545" lon="19.087693685458476">
				<ele>100.76545504294336</ele>
				<time>2026-04-19T10:19:56Z</time>
			</trkpt>
			<trkpt lat="47.37086338880012" lon="19.08767049486426">
				<ele>100.07637598831207</ele>
				<time>2026-04-19T10:19:59Z</time>
			</trkpt>
			<trkpt lat="47.37084753623073" lon="19.08765156703157">
				<ele>100.76751561462879</ele>
				<time>2026-04-19T10:20:01Z</time>
			</trkpt>
			<trkpt lat="47.370822921526226" lon="19.087616770122207">
				<ele>100.67932925187051</ele>
				<time>2026-04-19T10:20:04Z</time>
			</trkpt>
			<trkpt lat="47.37079610354498" lon="19.087578963350023">
				<ele>101.27009582333267</ele>
				<time>2026-04-19T10:20:08Z</time>
			</trkpt>
			<trkpt lat="47.37078240572917" lon="19.087560906986806">
				<ele>101.89931686595082</ele>
				<time>2026-04-19T10:20:11Z</time>
			</trkpt>
			<trkpt lat="47.370770255008274" lon="19.087547030032898">
				<ele>101.50633800309151</ele>
				<time>2026-04-19T10:20:13Z</time>
			</trkpt>
			<trkpt lat="47.370757104518816" lon="19.08753600432688">
				<ele>101.36790043395013</ele>
				<time>2026-04-19T10:20:15Z</time>
			</trkpt>
			<trkpt lat="47.37074286337953" lon="19.087526291206597">
				<ele>102.43053261376917</ele>
				<time>2026-04-19T10:20:17Z</time>
			</trkpt>
			<trkpt lat="47.37071328579444" lon="19.087505856592227">
				<ele>101.8437486346811</ele>
				<time>2026-04-19T10:20:20Z</time>
			</trkpt>
			<trkpt lat="47.37067810920426" lon="19.087479684028896">
				<ele>100.68928487319499</ele>
				<time>2026-04-19T10:20:23Z</time>
			</trkpt>
			<trkpt lat="47.37065574803711" lon="19.087468616559587">
				<ele>100.05630249530077</ele>
				<time>2026-04-19T10:20:26Z</time>
			</trkpt>
			<trkpt lat="47.37064252654695" lon="19.087466021930098">
				<ele>100.11864274274558</ele>
				<time>2026-04-19T10:20:28Z</time>
			</trkpt>
			<trkpt lat="47.370628027529484" lon="19.087461998135065">
				<ele>100.29216255433857</ele>
				<time>2026-04-19T10:20:30Z</time>
			</trkpt>
			<trkpt lat="47.37060963249138" lon="19.087456828335114">
				<ele>100.61694672517478</ele>
				<time>2026-04-19T10:20:33Z</time>
			</trkpt>
			<trkpt lat="47.37058937522979" lon="19.08745096672234">
				<ele>100.90691144578159</ele>
				<time>2026-04-19T10:20:36Z</time>
			</trkpt>
			<trkpt lat="47.37056448868518" lon="19.087448905914385">
				<ele>100.3237563278526</ele>
				<time>2026-04-19T10:20:37Z</time>
			</trkpt>
			<trkpt lat="47.370538889737304" lon="19.087436737584788">
				<ele>101.95252047572285</ele>
				<time>2026-04-19T10:20:39Z</time>
			</trkpt>
			<trkpt lat="47.37051637583728" lon="19.0874201877386">
				<ele>101.94340661074966</ele>
				<time>2026-04-19T10:20:41Z</time>
			</trkpt>
			<trkpt lat="47.37048260721433" lon="19.087393318349267">
				<ele>101.56672650948167</ele>
				<time>2026-04-19T10:20:44Z</time>
			</trkpt>
			<trkpt lat="47.370453139334096" lon="19.08738002305194">
				<ele>100.33308309037238</ele>
				<time>2026-04-19T10:20:48Z</time>
			</trkpt>
			<trkpt lat="47.37044404337723" lon="19.087375599215367">
				<ele>100.19660056941211</ele>
				<time>2026-04-19T10:20:50Z</time>
			</trkpt>
			<trkpt lat="47.37043060708026" lon="19.08736639703495">
				<ele>101.33882064651698</ele>
				<time>2026-04-19T10:20:53Z</time>
			</trkpt>
			<trkpt lat="47.37041669476469" lon="19.08735733829109">
				<ele>101.25335165299475</ele>
				<time>2026-04-19T10:20:55Z</time>
			</trkpt>
			<trkpt lat="47.370395402066094" lon="19.087343855251692">
				<ele>102.61200450640172</ele>
				<time>2026-04-19T10:20:57Z</time>
			</trkpt>
			<trkpt lat="47.370356993223865" lon="19.087340796858125">
				<ele>101.6825753627345</ele>
				<time>2026-04-19T10:20:59Z</time>
			</trkpt>
			<trkpt lat="47.370322008998265" lon="19.087341294721952">
				<ele>101.43507186323404</ele>
				<time>2026-04-19T10:21:01Z</time>
			</trkpt>
			<trkpt lat="47.370293158426826" lon="19.087339606842676">
				<ele>100.89590555708855</ele>
				<time>2026-04-19T10:21:03Z</time>
			</trkpt>
			<trkpt lat="47.3702670978819" lon="19.087331013061217">
				<ele>100.52182837855071</ele>
				<time>2026-04-19T10:21:05Z</time>
			</trkpt>
			<trkpt lat="47.37025747788057" lon="19.08731359198649">
				<ele>100.92752967774868</ele>
				<time>2026-04-19T10:21:06Z</time>
			</trkpt>
			<trkpt lat="47.37023491219142" lon="19.087292264697457">
				<ele>100.69694577809423</ele>
				<time>2026-04-19T10:21:08Z</time>
			</trkpt>
			<trkpt lat="47.37021057788689" lon="19.087280419473853">
				<ele>101.31527404114604</ele>
				<time>2026-04-19T10:21:10Z</time>
			</trkpt>
			<trkpt lat="47.37018995876908" lon="19.087268822890323">
				<ele>100.6443583900109</ele>
				<time>2026-04-19T10:21:12Z</time>
			</trkpt>
			<trkpt lat="47.370177050248735" lon="19.08724573208619">
				<ele>100.32800490316004</ele>
				<time>2026-04-19T10:21:14Z</time>
			</trkpt>
			<trkpt lat="47.37015873648575" lon="19.087220147055948">
				<ele>100.76828011125326</ele>
				<time>2026-04-19T10:21:16Z</time>
			</trkpt>
			<trkpt lat="47.37014502838631" lon="19.0872190313594">
				<ele>100.63416761532426</ele>
				<time>2026-04-19T10:21:17Z</time>
			</trkpt>
			<trkpt lat="47.3701177149409" lon="19.087211916782742">
				<ele>100.76698506250978</ele>
				<time>2026-04-19T10:21:19Z</time>
			</trkpt>
			<trkpt lat="47.370093021430485" lon="19.08720070023482">
				<ele>101.20043921284378</ele>
				<time>2026-04-19T10:21:21Z</time>
			</trkpt>
			<trkpt lat="47.370070475957405" lon="19.087186361693124">
				<ele>101.30643312446773</ele>
				<time>2026-04-19T10:21:23Z</time>
			</trkpt>
			<trkpt lat="47.370046721668714" lon="19.087167483268818">
				<ele>101.15370726305991</ele>
				<time>2026-04-19T10:21:25Z</time>
			</trkpt>
			<trkpt lat="47.370021513993194" lon="19.087145644868762">
				<ele>101.28066299296916</ele>
				<time>2026-04-19T10:21:27Z</time>
			</trkpt>
			<trkpt lat="47.36999203622787" lon="19.08712967861748">
				<ele>101.16103594377637</ele>
				<time>2026-04-19T10:21:29Z</time>
			</trkpt>
			<trkpt lat="47.36996623007539" lon="19.087115199750066">
				<ele>99.79202269390225</ele>
				<time>2026-04-19T10:21:32Z</time>
			</trkpt>
			<trkpt lat="47.369958671373816" lon="19.087106371667108">
				<ele>100.8559384951368</ele>
				<time>2026-04-19T10:21:34Z</time>
			</trkpt>
			<trkpt lat="47.36994204317088" lon="19.08709140852786">
				<ele>99.66683341283351</ele>
				<time>2026-04-19T10:21:37Z</time>
			</trkpt>
			<trkpt lat="47.369923842290284" lon="19.087080266393016">
				<ele>100.50363012496382</ele>
				<time>2026-04-19T10:21:39Z</time>
			</trkpt>
			<trkpt lat="47.3699089518191" lon="19.08707617597432">
				<ele>101.92391039058566</ele>
				<time>2026-04-19T10:21:41Z</time>
			</trkpt>
			<trkpt lat="47.369896773899164" lon="19.087071328474156">
				<ele>101.64001887384802</ele>
				<time>2026-04-19T10:21:43Z</time>
			</trkpt>
			<trkpt lat="47.3698772266782" lon="19.087059968108196">
				<ele>102.62687756866217</ele>
				<time>2026-04-19T10:21:44Z</time>
			</trkpt>
			<trkpt lat="47.36984802324587" lon="19.08703902830292">
				<ele>101.06581034883857</ele>
				<time>2026-04-19T10:21:47Z</time>
			</trkpt>
			<trkpt lat="47.369834521052766" lon="19.087026163523994">
				<ele>101.60617673490196</ele>
				<time>2026-04-19T10:21:49Z</time>
			</trkpt>
			<trkpt lat="47.3698015332943" lon="19.08702627979242">
				<ele>103.46195995993912</ele>
				<time>2026-04-19T10:21:52Z</time>
			</trkpt>
			<trkpt lat="47.369781824548916" lon="19.087018359101997">
				<ele>102.48389067314565</ele>
				<time>2026-04-19T10:21:54Z</time>
			</trkpt>
			<trkpt lat="47.36976646404862" lon="19.08699894984539">
				<ele>102.55136998835951</ele>
				<time>2026-04-19T10:21:55Z</time>
			</trkpt>
			<trkpt lat="47.36974326108653" lon="19.08698101913376">
				<ele>101.83180426619947</ele>
				<time>2026-04-19T10:21:57Z</time>
			</trkpt>
			<trkpt lat="47.369722449282" lon="19.086960456878142">
				<ele>101.66762717161328</ele>
				<time>2026-04-19T10:21:59Z</time>
			</trkpt>
			<trkpt lat="47.369705086448164" lon="19.086941615904898">
				<ele>102.27097645774484</ele>
				<time>2026-04-19T10:22:02Z</time>
			</trkpt>
			<trkpt lat="47.36969358427298" lon="19.086931637956237">
				<ele>101.52800328563899</ele>
				<time>2026-04-19T10:22:06Z</time>
			</trkpt>
			<trkpt lat="47.36968345253239" lon="19.086921443401724">
				<ele>102.104775166139</ele>
				<time>2026-04-19T10:22:08Z</time>
			</trkpt>
			<trkpt lat="47.36966895811409" lon="19.086904662661045">
				<ele>101.43731727451086</ele>
				<time>2026-04-19T10:22:11Z</time>
			</trkpt>
			<trkpt lat="47.369652826538754" lon="19.086888463255452">
				<ele>101.94228658732027</ele>
				<time>2026-04-19T10:22:14Z</time>
			</trkpt>
			<trkpt lat="47.36963939105369" lon="19.08687292267045">
				<ele>101.43195747770369</ele>
				<time>2026-04-19T10:22:16Z</time>
			</trkpt>
			<trkpt lat="47.36962759183658" lon="19.086864673542273">
				<ele>101.57543859444559</ele>
				<time>2026-04-19T10:22:17Z</time>
			</trkpt>
			<trkpt lat="47.36960589831794" lon="19.086829387542092">
				<ele>101.9957364667207</ele>
				<time>2026-04-19T10:22:20Z</time>
			</trkpt>
			<trkpt lat="47.36958196805887" lon="19.086791594598388">
				<ele>101.6253721266985</ele>
				<time>2026-04-19T10:22:22Z</time>
			</trkpt>
			<trkpt lat="47.369552520742985" lon="19.08673938512906">
				<ele>101.77013468090445</ele>
				<time>2026-04-19T10:22:25Z</time>
			</trkpt>
			<trkpt lat="47.36953381247361" lon="19.086701495374026">
				<ele>102.18394546117634</ele>
				<time>2026-04-19T10:22:27Z</time>
			</trkpt>
			<trkpt lat="47.36950692678625" lon="19.086656549008108">
				<ele>102.01599389500916</ele>
				<time>2026-04-19T10:22:30Z</time>
			</trkpt>
			<trkpt lat="47.369495155252395" lon="19.086642533835768">
				<ele>101.62969172652811</ele>
				<time>2026-04-19T10:22:32Z</time>
			</trkpt>
			<trkpt lat="47.36948140985364" lon="19.086632972408573">
				<ele>102.11165301408619</ele>
				<time>2026-04-19T10:22:36Z</time>
			</trkpt>
			<trkpt lat="47.36946570841436" lon="19.086628453272194">
				<ele>102.09584840293974</ele>
				<time>2026-04-19T10:22:40Z</time>
			</trkpt>
			<trkpt lat="47.36944874534234" lon="19.08662656204196">
				<ele>101.52013665717095</ele>
				<time>2026-04-19T10:22:43Z</time>
			</trkpt>
			<trkpt lat="47.369433993982305" lon="19.08661869884408">
				<ele>101.04001679364592</ele>
				<time>2026-04-19T10:22:45Z</time>
			</trkpt>
			<trkpt lat="47.36941258277285" lon="19.086605695565318">
				<ele>101.4943180186674</ele>
				<time>2026-04-19T10:22:49Z</time>
			</trkpt>
			<trkpt lat="47.36939486956661" lon="19.086592821897984">
				<ele>101.82442351523787</ele>
				<time>2026-04-19T10:22:51Z</time>
			</trkpt>
			<trkpt lat="47.36937931867648" lon="19.086580549392707">
				<ele>101.90131046250463</ele>
				<time>2026-04-19T10:22:53Z</time>
			</trkpt>
			<trkpt lat="47.36936575461603" lon="19.086563675315833">
				<ele>102.45658797118813</ele>
				<time>2026-04-19T10:22:55Z</time>
			</trkpt>
			<trkpt lat="47.36935138709619" lon="19.086546837545196">
				<ele>101.81144338939339</ele>
				<time>2026-04-19T10:22:57Z</time>
			</trkpt>
			<trkpt lat="47.36933881831777" lon="19.086528756261405">
				<ele>101.64438180718571</ele>
				<time>2026-04-19T10:22:59Z</time>
			</trkpt>
			<trkpt lat="47.36932546926411" lon="19.08651155172007">
				<ele>101.62162152584642</ele>
				<time>2026-04-19T10:23:01Z</time>
			</trkpt>
			<trkpt lat="47.36930559235425" lon="19.08649392736263">
				<ele>101.0786197874695</ele>
				<time>2026-04-19T10:23:05Z</time>
			</trkpt>
			<trkpt lat="47.36928629651772" lon="19.086476262143023">
				<ele>101.28609906043857</ele>
				<time>2026-04-19T10:23:08Z</time>
			</trkpt>
			<trkpt lat="47.36926438519907" lon="19.08645489262451">
				<ele>101.18426303658634</ele>
				<time>2026-04-19T10:23:11Z</time>
			</trkpt>
			<trkpt lat="47.36923886596589" lon="19.08642824954202">
				<ele>100.41150547005236</ele>
				<time>2026-04-19T10:23:13Z</time>
			</trkpt>
			<trkpt lat="47.36921005832744" lon="19.08639743420581">
				<ele>101.439183476381</ele>
				<time>2026-04-19T10:23:17Z</time>
			</trkpt>
			<trkpt lat="47.36919582008711" lon="19.086379580978576">
				<ele>101.18976915068924</ele>
				<time>2026-04-19T10:23:19Z</time>
			</trkpt>
			<trkpt lat="47.36917617920573" lon="19.086360109887128">
				<ele>101.26734456606209</ele>
				<time>2026-04-19T10:23:22Z</time>
			</trkpt>
			<trkpt lat="47.36916555847181" lon="19.086340175116604">
				<ele>101.19234496168792</ele>
				<time>2026-04-19T10:23:24Z</time>
			</trkpt>
			<trkpt lat="47.36915347435639" lon="19.086320966331915">
				<ele>100.42972353752702</ele>
				<time>2026-04-19T10:23:26Z</time>
			</trkpt>
			<trkpt lat="47.369139863762946" lon="19.086300648492244">
				<ele>100.51663019508123</ele>
				<time>2026-04-19T10:23:28Z</time>
			</trkpt>
			<trkpt lat="47.36912958013414" lon="19.08627801453112">
				<ele>100.21135732531548</ele>
				<time>2026-04-19T10:23:30Z</time>
			</trkpt>
			<trkpt lat="47.369119858778916" lon="19.086259000622896">
				<ele>101.32212149258703</ele>
				<time>2026-04-19T10:23:32Z</time>
			</trkpt>
			<trkpt lat="47.3691097821151" lon="19.086238954790403">
				<ele>100.64794965647161</ele>
				<time>2026-04-19T10:23:34Z</time>
			</trkpt>
			<trkpt lat="47.369097204844394" lon="19.08621738072322">
				<ele>100.78922466747463</ele>
				<time>2026-04-19T10:23:36Z</time>
			</trkpt>
			<trkpt lat="47.369073761488295" lon="19.086184856069842">
				<ele>100.51808779034764</ele>
				<time>2026-04-19T10:23:38Z</time>
			</trkpt>
			<trkpt lat="47.369055071542306" lon="19.086163433916575">
				<ele>101.0625790534541</ele>
				<time>2026-04-19T10:23:40Z</time>
			</trkpt>
			<trkpt lat="47.36902995990244" lon="19.086143721959235">
				<ele>100.54409471154213</ele>
				<time>2026-04-19T10:23:42Z</time>
			</trkpt>
			<trkpt lat="47.368999312001876" lon="19.086129993727102">
				<ele>101.62006120663136</ele>
				<time>2026-04-19T10:23:44Z</time>
			</trkpt>
			<trkpt lat="47.368971220321626" lon="19.086108828969344">
				<ele>102.4013969739899</ele>
				<time>2026-04-19T10:23:46Z</time>
			</trkpt>
			<trkpt lat="47.36895450036156" lon="19.086099339035883">
				<ele>101.45922438707203</ele>
				<time>2026-04-19T10:23:48Z</time>
			</trkpt>
			<trkpt lat="47.368924029349756" lon="19.086088536736252">
				<ele>101.29722877871245</ele>
				<time>2026-04-19T10:23:51Z</time>
			</trkpt>
			<trkpt lat="47.36889428999839" lon="19.086081793556556">
				<ele>101.25386779475957</ele>
				<time>2026-04-19T10:23:53Z</time>
			</trkpt>
			<trkpt lat="47.368866580369854" lon="19.086071962925075">
				<ele>100.35569486767054</ele>
				<time>2026-04-19T10:23:55Z</time>
			</trkpt>
			<trkpt lat="47.36883511006733" lon="19.086052065212794">
				<ele>99.9309636130929</ele>
				<time>2026-04-19T10:23:58Z</time>
			</trkpt>
			<trkpt lat="47.36882529303949" lon="19.086043640308283">
				<ele>100.38682795874774</ele>
				<time>2026-04-19T10:24:00Z</time>
			</trkpt>
			<trkpt lat="47.36881242715148" lon="19.086040633874354">
				<ele>100.5842393450439</ele>
				<time>2026-04-19T10:24:03Z</time>
			</trkpt>
			<trkpt lat="47.36879669409019" lon="19.08603431776282">
				<ele>100.14139506779611</ele>
				<time>2026-04-19T10:24:06Z</time>
			</trkpt>
			<trkpt lat="47.36876433148471" lon="19.086030831191724">
				<ele>100.55905106849968</ele>
				<time>2026-04-19T10:24:08Z</time>
			</trkpt>
			<trkpt lat="47.368717655623264" lon="19.08602184539731">
				<ele>101.48848150670528</ele>
				<time>2026-04-19T10:24:13Z</time>
			</trkpt>
			<trkpt lat="47.368699111133786" lon="19.08601071372556">
				<ele>101.12823474220932</ele>
				<time>2026-04-19T10:24:16Z</time>
			</trkpt>
			<trkpt lat="47.36868164841506" lon="19.08600152317793">
				<ele>100.92772794887424</ele>
				<time>2026-04-19T10:24:19Z</time>
			</trkpt>
			<trkpt lat="47.36866356972593" lon="19.085989543342976">
				<ele>100.48002532403916</ele>
				<time>2026-04-19T10:24:22Z</time>
			</trkpt>
			<trkpt lat="47.368637081344126" lon="19.085970856800188">
				<ele>100.19160764291883</ele>
				<time>2026-04-19T10:24:24Z</time>
			</trkpt>
			<trkpt lat="47.36861837775868" lon="19.085956693421874">
				<ele>100.16967714391649</ele>
				<time>2026-04-19T10:24:26Z</time>
			</trkpt>
			<trkpt lat="47.36860050111216" lon="19.08594334304874">
				<ele>100.20899038668722</ele>
				<time>2026-04-19T10:24:29Z</time>
			</trkpt>
			<trkpt lat="47.36858545462538" lon="19.085930343073088">
				<ele>100.62256365083158</ele>
				<time>2026-04-19T10:24:31Z</time>
			</trkpt>
			<trkpt lat="47.36857163164693" lon="19.08591206694479">
				<ele>100.36198907904327</ele>
				<time>2026-04-19T10:24:34Z</time>
			</trkpt>
			<trkpt lat="47.36855853197682" lon="19.085895956171232">
				<ele>100.75422875676304</ele>
				<time>2026-04-19T10:24:36Z</time>
			</trkpt>
			<trkpt lat="47.36854294189165" lon="19.08587729881697">
				<ele>100.86847404763103</ele>
				<time>2026-04-19T10:24:39Z</time>
			</trkpt>
			<trkpt lat="47.36852689698087" lon="19.08586278408487">
				<ele>101.36870382260531</ele>
				<time>2026-04-19T10:24:41Z</time>
			</trkpt>
			<trkpt lat="47.36850914417024" lon="19.085843300672902">
				<ele>101.14453114010394</ele>
				<time>2026-04-19T10:24:44Z</time>
			</trkpt>
			<trkpt lat="47.36849075422662" lon="19.085824983466562">
				<ele>100.74743553530425</ele>
				<time>2026-04-19T10:24:47Z</time>
			</trkpt>
			<trkpt lat="47.368473475361114" lon="19.08581656769858">
				<ele>101.14479944761842</ele>
				<time>2026-04-19T10:24:49Z</time>
			</trkpt>
			<trkpt lat="47.36844966434116" lon="19.085810002184395">
				<ele>100.3519061813131</ele>
				<time>2026-04-19T10:24:50Z</time>
			</trkpt>
			<trkpt lat="47.3684115657806" lon="19.08579907313151">
				<ele>100.07673692516983</ele>
				<time>2026-04-19T10:24:55Z</time>
			</trkpt>
			<trkpt lat="47.368390755335604" lon="19.085796886131273">
				<ele>100.28295096103102</ele>
				<time>2026-04-19T10:24:57Z</time>
			</trkpt>
			<trkpt lat="47.368367193806016" lon="19.08578640115159">
				<ele>100.42939338833094</ele>
				<time>2026-04-19T10:25:01Z</time>
			</trkpt>
			<trkpt lat="47.36835608781596" lon="19.085774138236655">
				<ele>101.43535510450602</ele>
				<time>2026-04-19T10:25:03Z</time>
			</trkpt>
			<trkpt lat="47.36834370949356" lon="19.08576473952508">
				<ele>100.9303892608732</ele>
				<time>2026-04-19T10:25:05Z</time>
			</trkpt>
			<trkpt lat="47.36831629083477" lon="19.085759937141788">
				<ele>100.65942715574056</ele>
				<time>2026-04-19T10:25:07Z</time>
			</trkpt>
			<trkpt lat="47.36829088951549" lon="19.08574742516635">
				<ele>101.15414086170495</ele>
				<time>2026-04-19T10:25:10Z</time>
			</trkpt>
			<trkpt lat="47.36827872959799" lon="19.0857355960243">
				<ele>100.88787114806473</ele>
				<time>2026-04-19T10:25:12Z</time>
			</trkpt>
			<trkpt lat="47.36826761358986" lon="19.08572081813376">
				<ele>101.53597516845912</ele>
				<time>2026-04-19T10:25:14Z</time>
			</trkpt>
			<trkpt lat="47.36825536697365" lon="19.085705478390842">
				<ele>101.61592268757522</ele>
				<time>2026-04-19T10:25:16Z</time>
			</trkpt>
			<trkpt lat="47.36824253258581" lon="19.08568818118956">
				<ele>101.79960418958217</ele>
				<time>2026-04-19T10:25:18Z</time>
			</trkpt>
			<trkpt lat="47.368211588145684" lon="19.085660772914416">
				<ele>102.8578506782651</ele>
				<time>2026-04-19T10:25:22Z</time>
			</trkpt>
			<trkpt lat="47.36818353790565" lon="19.085638128417475">
				<ele>101.98570298217237</ele>
				<time>2026-04-19T10:25:26Z</time>
			</trkpt>
			<trkpt lat="47.36816925328385" lon="19.08562711401752">
				<ele>102.15130366850644</ele>
				<time>2026-04-19T10:25:29Z</time>
			</trkpt>
			<trkpt lat="47.36814200920615" lon="19.08561205297324">
				<ele>101.51268649660051</ele>
				<time>2026-04-19T10:25:32Z</time>
			</trkpt>
			<trkpt lat="47.36811723911273" lon="19.08559667599805">
				<ele>101.6500095706433</ele>
				<time>2026-04-19T10:25:34Z</time>
			</trkpt>
			<trkpt lat="47.36808370426497" lon="19.08557428902828">
				<ele>101.57380690332502</ele>
				<time>2026-04-19T10:25:37Z</time>
			</trkpt>
			<trkpt lat="47.36805843774516" lon="19.085553711370174">
				<ele>100.86877104826272</ele>
				<time>2026-04-19T10:25:40Z</time>
			</trkpt>
			<trkpt lat="47.368049792426916" lon="19.08554029702227">
				<ele>101.24827845208347</ele>
				<time>2026-04-19T10:25:42Z</time>
			</trkpt>
			<trkpt lat="47.3680437695935" lon="19.085528522707964">
				<ele>101.77440104074776</ele>
				<time>2026-04-19T10:25:44Z</time>
			</trkpt>
			<trkpt lat="47.36803387043163" lon="19.085515566012738">
				<ele>102.57609080895782</ele>
				<time>2026-04-19T10:25:47Z</time>
			</trkpt>
			<trkpt lat="47.36802026292264" lon="19.08550059777953">
				<ele>101.77184895146638</ele>
				<time>2026-04-19T10:25:50Z</time>
			</trkpt>
			<trkpt lat="47.368003186082845" lon="19.08548620688248">
				<ele>101.16061382554471</ele>
				<time>2026-04-19T10:25:53Z</time>
			</trkpt>
			<trkpt lat="47.367985834198436" lon="19.085470044482964">
				<ele>100.8836435303092</ele>
				<time>2026-04-19T10:25:56Z</time>
			</trkpt>
			<trkpt lat="47.367965108276024" lon="19.085452583923818">
				<ele>101.43857301212847</ele>
				<time>2026-04-19T10:25:59Z</time>
			</trkpt>
			<trkpt lat="47.36794085918427" lon="19.085441840755763">
				<ele>102.21575581748039</ele>
				<time>2026-04-19T10:26:02Z</time>
			</trkpt>
			<trkpt lat="47.367913847006825" lon="19.085424198106985">
				<ele>102.59107441361994</ele>
				<time>2026-04-19T10:26:04Z</time>
			</trkpt>
			<trkpt lat="47.36788900235034" lon="19.08540714919396">
				<ele>101.51331169344485</ele>
				<time>2026-04-19T10:26:07Z</time>
			</trkpt>
			<trkpt lat="47.36787494088637" lon="19.08539891043455">
				<ele>101.13530976418406</ele>
				<time>2026-04-19T10:26:09Z</time>
			</trkpt>
			<trkpt lat="47.36785832088046" lon="19.08538830693832">
				<ele>101.11359818093479</ele>
				<time>2026-04-19T10:26:12Z</time>
			</trkpt>
			<trkpt lat="47.3678413994174" lon="19.085379203904694">
				<ele>100.58850776217878</ele>
				<time>2026-04-19T10:26:14Z</time>
			</trkpt>
			<trkpt lat="47.367810102659355" lon="19.085366280487445">
				<ele>102.09899677708745</ele>
				<time>2026-04-19T10:26:17Z</time>
			</trkpt>
			<trkpt lat="47.367785628413074" lon="19.08535586579626">
				<ele>101.61420936603099</ele>
				<time>2026-04-19T10:26:20Z</time>
			</trkpt>
			<trkpt lat="47.36777419176991" lon="19.085347872282696">
				<ele>101.50171212758869</ele>
				<time>2026-04-19T10:26:22Z</time>
			</trkpt>
			<trkpt lat="47.36775201284603" lon="19.08533337058049">
				<ele>100.93196626100689</ele>
				<time>2026-04-19T10:26:24Z</time>
			</trkpt>
			<trkpt lat="47.367732490516" lon="19.085325063504847">
				<ele>101.15424057841301</ele>
				<time>2026-04-19T10:26:26Z</time>
			</trkpt>
			<trkpt lat="47.367713406844466" lon="19.085316649943092">
				<ele>100.45079050585628</ele>
				<time>2026-04-19T10:26:29Z</time>
			</trkpt>
			<trkpt lat="47.367695772311116" lon="19.08530740341597">
				<ele>99.94023751560599</ele>
				<time>2026-04-19T10:26:32Z</time>
			</trkpt>
			<trkpt lat="47.36767746903733" lon="19.085292613860368">
				<ele>100.73216251470149</ele>
				<time>2026-04-19T10:26:35Z</time>
			</trkpt>
			<trkpt lat="47.36766034211103" lon="19.08527960877224">
				<ele>100.77741695102304</ele>
				<time>2026-04-19T10:26:37Z</time>
			</trkpt>
			<trkpt lat="47.3676396112297" lon="19.085263070703277">
				<ele>100.52799410745502</ele>
				<time>2026-04-19T10:26:40Z</time>
			</trkpt>
			<trkpt lat="47.367612993157415" lon="19.085248262886765">
				<ele>101.79716258402914</ele>
				<time>2026-04-19T10:26:43Z</time>
			</trkpt>
			<trkpt lat="47.36759443374537" lon="19.085238095085383">
				<ele>101.62184829823673</ele>
				<time>2026-04-19T10:26:45Z</time>
			</trkpt>
			<trkpt lat="47.367577113378694" lon="19.08523004800742">
				<ele>101.90722518227994</ele>
				<time>2026-04-19T10:26:48Z</time>
			</trkpt>
			<trkpt lat="47.36755752751622" lon="19.08522434520189">
				<ele>100.95700698811561</ele>
				<time>2026-04-19T10:26:52Z</time>
			</trkpt>
			<trkpt lat="47.367528343822386" lon="19.08521627683871">
				<ele>100.86780164204538</ele>
				<time>2026-04-19T10:26:54Z</time>
			</trkpt>
			<trkpt lat="47.36750214097933" lon="19.085205192933604">
				<ele>100.88915073126554</ele>
				<time>2026-04-19T10:26:57Z</time>
			</trkpt>
			<trkpt lat="47.36748139802835" lon="19.08519467687311">
				<ele>101.03649350907654</ele>
				<time>2026-04-19T10:27:01Z</time>
			</trkpt>
			<trkpt lat="47.36746169360176" lon="19.085182962312818">
				<ele>100.52064916770905</ele>
				<time>2026-04-19T10:27:04Z</time>
			</trkpt>
			<trkpt lat="47.36743578244318" lon="19.08516851765791">
				<ele>100.70721901208162</ele>
				<time>2026-04-19T10:27:06Z</time>
			</trkpt>
			<trkpt lat="47.367413690297305" lon="19.08515393195413">
				<ele>101.15746766142547</ele>
				<time>2026-04-19T10:27:09Z</time>
			</trkpt>
			<trkpt lat="47.367404362326106" lon="19.085147485714128">
				<ele>101.28948307130486</ele>
				<time>2026-04-19T10:27:10Z</time>
			</trkpt>
			<trkpt lat="47.36739263798347" lon="19.08513790448511">
				<ele>100.70431552547961</ele>
				<time>2026-04-19T10:27:12Z</time>
			</trkpt>
			<trkpt lat="47.36737417090642" lon="19.08512254219416">
				<ele>100.50937054865062</ele>
				<time>2026-04-19T10:27:15Z</time>
			</trkpt>
			<trkpt lat="47.36733752168087" lon="19.085103603173174">
				<ele>100.75254072714597</ele>
				<time>2026-04-19T10:27:18Z</time>
			</trkpt>
			<trkpt lat="47.36730784859775" lon="19.085088598554098">
				<ele>100.4559229221195</ele>
				<time>2026-04-19T10:27:21Z</time>
			</trkpt>
			<trkpt lat="47.36729320974963" lon="19.08507613807604">
				<ele>101.25405388791114</ele>
				<time>2026-04-19T10:27:23Z</time>
			</trkpt>
			<trkpt lat="47.367269697104206" lon="19.08507106720406">
				<ele>100.99308910220861</ele>
				<time>2026-04-19T10:27:25Z</time>
			</trkpt>
			<trkpt lat="47.367245182372926" lon="19.08506333646741">
				<ele>100.40106053557247</ele>
				<time>2026-04-19T10:27:28Z</time>
			</trkpt>
			<trkpt lat="47.36722817894302" lon="19.085052438149173">
				<ele>100.58693928923458</ele>
				<time>2026-04-19T10:27:31Z</time>
			</trkpt>
			<trkpt lat="47.36721091749888" lon="19.085042431410496">
				<ele>100.65120352897793</ele>
				<time>2026-04-19T10:27:34Z</time>
			</trkpt>
			<trkpt lat="47.367189861990354" lon="19.085032922881613">
				<ele>100.14423065725714</ele>
				<time>2026-04-19T10:27:38Z</time>
			</trkpt>
			<trkpt lat="47.367170025861235" lon="19.085028976397183">
				<ele>99.5382149303332</ele>
				<time>2026-04-19T10:27:41Z</time>
			</trkpt>
			<trkpt lat="47.36714288297223" lon="19.08501648865236">
				<ele>99.30077698267996</ele>
				<time>2026-04-19T10:27:46Z</time>
			</trkpt>
			<trkpt lat="47.36712214549465" lon="19.08499954678799">
				<ele>99.67135280370712</ele>
				<time>2026-04-19T10:27:50Z</time>
			</trkpt>
			<trkpt lat="47.36710917170074" lon="19.08498131015758">
				<ele>99.90076968073845</ele>
				<time>2026-04-19T10:27:53Z</time>
			</trkpt>
			<trkpt lat="47.367093509401016" lon="19.084952813088968">
				<ele>100.67673436366022</ele>
				<time>2026-04-19T10:27:57Z</time>
			</trkpt>
			<trkpt lat="47.36708080776787" lon="19.084929342297567">
				<ele>101.11800144705921</ele>
				<time>2026-04-19T10:28:00Z</time>
			</trkpt>
			<trkpt lat="47.36706117514433" lon="19.084897522393273">
				<ele>101.3928651381284</ele>
				<time>2026-04-19T10:28:06Z</time>
			</trkpt>
			<trkpt lat="47.36704468737343" lon="19.084872909983453">
				<ele>101.26530876010656</ele>
				<time>2026-04-19T10:28:10Z</time>
			</trkpt>
			<trkpt lat="47.36703083809535" lon="19.084858871455026">
				<ele>101.43471215479076</ele>
				<time>2026-04-19T10:28:14Z</time>
			</trkpt>
			<trkpt lat="47.3670216473306" lon="19.084863130815304">
				<ele>97.41874862182885</ele>
				<time>2026-04-19T10:28:19Z</time>
			</trkpt>
			<trkpt lat="47.367008717223726" lon="19.084869025669015">
				<ele>99.5934270163998</ele>
				<time>2026-04-19T10:28:23Z</time>
			</trkpt>
			<trkpt lat="47.36699068801398" lon="19.084868903248616">
				<ele>100.90121211018413</ele>
				<time>2026-04-19T10:28:28Z</time>
			</trkpt>
			<trkpt lat="47.366978877115734" lon="19.084883028439744">
				<ele>100.5562129067257</ele>
				<time>2026-04-19T10:28:33Z</time>
			</trkpt>
			<trkpt lat="47.36696135431237" lon="19.084897401934036">
				<ele>101.00945809017867</ele>
				<time>2026-04-19T10:28:38Z</time>
			</trkpt>
			<trkpt lat="47.36693824704897" lon="19.08490804129133">
				<ele>100.82093074359</ele>
				<time>2026-04-19T10:28:44Z</time>
			</trkpt>
			<trkpt lat="47.3669215878952" lon="19.084911571651432">
				<ele>99.8678028229624</ele>
				<time>2026-04-19T10:28:47Z</time>
			</trkpt>
			<trkpt lat="47.366906756077796" lon="19.08491620750318">
				<ele>100.72158278152347</ele>
				<time>2026-04-19T10:28:50Z</time>
			</trkpt>
			<trkpt lat="47.366886183462604" lon="19.084908484223313">
				<ele>100.56071969307959</ele>
				<time>2026-04-19T10:28:55Z</time>
			</trkpt>
			<trkpt lat="47.36686961837217" lon="19.084897343794168">
				<ele>100.33613046631217</ele>
				<time>2026-04-19T10:28:58Z</time>
			</trkpt>
			<trkpt lat="47.36684558427605" lon="19.084881465760382">
				<ele>101.62407155614346</ele>
				<time>2026-04-19T10:29:00Z</time>
			</trkpt>
			<trkpt lat="47.36681995750662" lon="19.084855256782088">
				<ele>100.73845637496561</ele>
				<time>2026-04-19T10:29:04Z</time>
			</trkpt>
			<trkpt lat="47.366811441421085" lon="19.08484502646687">
				<ele>100.6487881578505</ele>
				<time>2026-04-19T10:29:05Z</time>
			</trkpt>
			<trkpt lat="47.36679586529603" lon="19.084824310848727">
				<ele>100.85581391490996</ele>
				<time>2026-04-19T10:29:09Z</time>
			</trkpt>
			<trkpt lat="47.3667785877561" lon="19.084802621335033">
				<ele>100.57083527836949</ele>
				<time>2026-04-19T10:29:12Z</time>
			</trkpt>
			<trkpt lat="47.366762894540145" lon="19.08478324885213">
				<ele>100.90702249389142</ele>
				<time>2026-04-19T10:29:14Z</time>
			</trkpt>
			<trkpt lat="47.366741503929454" lon="19.084762866960013">
				<ele>101.11240147519857</ele>
				<time>2026-04-19T10:29:17Z</time>
			</trkpt>
			<trkpt lat="47.366713196466904" lon="19.08474456954977">
				<ele>99.80742720514536</ele>
				<time>2026-04-19T10:29:20Z</time>
			</trkpt>
			<trkpt lat="47.366686175812596" lon="19.084731042034413">
				<ele>100.75405167136341</ele>
				<time>2026-04-19T10:29:22Z</time>
			</trkpt>
			<trkpt lat="47.36664555386735" lon="19.084711707569035">
				<ele>100.58079372532666</ele>
				<time>2026-04-19T10:29:25Z</time>
			</trkpt>
			<trkpt lat="47.36660509429247" lon="19.08470817391601">
				<ele>100.96393657103181</ele>
				<time>2026-04-19T10:29:28Z</time>
			</trkpt>
			<trkpt lat="47.36658273975223" lon="19.084703841797545">
				<ele>100.9857151703909</ele>
				<time>2026-04-19T10:29:30Z</time>
			</trkpt>
			<trkpt lat="47.36656335125671" lon="19.0846958189525">
				<ele>100.24250207841396</ele>
				<time>2026-04-19T10:29:32Z</time>
			</trkpt>
			<trkpt lat="47.36655014321232" lon="19.084684764203875">
				<ele>100.24610670935363</ele>
				<time>2026-04-19T10:29:35Z</time>
			</trkpt>
			<trkpt lat="47.36654489880195" lon="19.084681187332">
				<ele>101.58153026457876</ele>
				<time>2026-04-19T10:29:37Z</time>
			</trkpt>
			<trkpt lat="47.366538594554" lon="19.0846712008282">
				<ele>101.38761937525123</ele>
				<time>2026-04-19T10:29:39Z</time>
			</trkpt>
			<trkpt lat="47.366528685161185" lon="19.084661664156016">
				<ele>101.07482127472758</ele>
				<time>2026-04-19T10:29:41Z</time>
			</trkpt>
			<trkpt lat="47.36651326645619" lon="19.084645230422403">
				<ele>100.96731146611273</ele>
				<time>2026-04-19T10:29:44Z</time>
			</trkpt>
			<trkpt lat="47.36649286346055" lon="19.08463520320424">
				<ele>101.72368067223579</ele>
				<time>2026-04-19T10:29:47Z</time>
			</trkpt>
			<trkpt lat="47.36646920592784" lon="19.084640090027232">
				<ele>102.12657379172742</ele>
				<time>2026-04-19T10:29:51Z</time>
			</trkpt>
			<trkpt lat="47.36643961991642" lon="19.08466185745507">
				<ele>101.11921039130539</ele>
				<time>2026-04-19T10:29:53Z</time>
			</trkpt>
			<trkpt lat="47.36641088111164" lon="19.08468662195718">
				<ele>101.88168321270496</ele>
				<time>2026-04-19T10:29:57Z</time>
			</trkpt>
			<trkpt lat="47.366396065895685" lon="19.084692696468128">
				<ele>101.20368419680744</ele>
				<time>2026-04-19T10:30:00Z</time>
			</trkpt>
			<trkpt lat="47.36637975638278" lon="19.084692720469455">
				<ele>101.65976394247264</ele>
				<time>2026-04-19T10:30:04Z</time>
			</trkpt>
			<trkpt lat="47.366364915529125" lon="19.08468400496916">
				<ele>102.13396257255226</ele>
				<time>2026-04-19T10:30:07Z</time>
			</trkpt>
			<trkpt lat="47.366352756791294" lon="19.084675403367473">
				<ele>102.46794990077615</ele>
				<time>2026-04-19T10:30:09Z</time>
			</trkpt>
			<trkpt lat="47.36633682208689" lon="19.084661076121144">
				<ele>101.74643830023706</ele>
				<time>2026-04-19T10:30:13Z</time>
			</trkpt>
			<trkpt lat="47.36631889298866" lon="19.084647511164885">
				<ele>101.56413713097572</ele>
				<time>2026-04-19T10:30:17Z</time>
			</trkpt>
			<trkpt lat="47.366300875982525" lon="19.08463038464789">
				<ele>102.87148115132004</ele>
				<time>2026-04-19T10:30:21Z</time>
			</trkpt>
			<trkpt lat="47.36628527276557" lon="19.084620692761813">
				<ele>101.60654658358544</ele>
				<time>2026-04-19T10:30:24Z</time>
			</trkpt>
			<trkpt lat="47.36626683745869" lon="19.084610505333067">
				<ele>102.17915876675397</ele>
				<time>2026-04-19T10:30:28Z</time>
			</trkpt>
			<trkpt lat="47.36625196380136" lon="19.084611742004466">
				<ele>102.65901678428054</ele>
				<time>2026-04-19T10:30:31Z</time>
			</trkpt>
			<trkpt lat="47.36623633868352" lon="19.084619181798914">
				<ele>101.71311217639595</ele>
				<time>2026-04-19T10:30:35Z</time>
			</trkpt>
			<trkpt lat="47.36621633455865" lon="19.084622404399664">
				<ele>100.80757865961641</ele>
				<time>2026-04-19T10:30:39Z</time>
			</trkpt>
			<trkpt lat="47.36619784291924" lon="19.08462272959039">
				<ele>101.45025833137333</ele>
				<time>2026-04-19T10:30:41Z</time>
			</trkpt>
			<trkpt lat="47.36617150536723" lon="19.084617259313106">
				<ele>101.22465503402054</ele>
				<time>2026-04-19T10:30:43Z</time>
			</trkpt>
			<trkpt lat="47.36614275346089" lon="19.084608859413414">
				<ele>102.69333133939654</ele>
				<time>2026-04-19T10:30:45Z</time>
			</trkpt>
			<trkpt lat="47.366115584261365" lon="19.084604748198476">
				<ele>102.13738171663135</ele>
				<time>2026-04-19T10:30:48Z</time>
			</trkpt>
			<trkpt lat="47.36609473549098" lon="19.0845904855048">
				<ele>101.31560203246772</ele>
				<time>2026-04-19T10:30:53Z</time>
			</trkpt>
			<trkpt lat="47.36608117629431" lon="19.084581233516182">
				<ele>101.40862027183175</ele>
				<time>2026-04-19T10:30:55Z</time>
			</trkpt>
			<trkpt lat="47.36605521851472" lon="19.084571227994168">
				<ele>101.98684147838503</ele>
				<time>2026-04-19T10:30:57Z</time>
			</trkpt>
			<trkpt lat="47.36602451957596" lon="19.084546523032774">
				<ele>101.79087268561125</ele>
				<time>2026-04-19T10:31:01Z</time>
			</trkpt>
			<trkpt lat="47.366013838062614" lon="19.08453089094962">
				<ele>101.76777486503124</ele>
				<time>2026-04-19T10:31:03Z</time>
			</trkpt>
			<trkpt lat="47.36599788893999" lon="19.084510717787012">
				<ele>101.57742940355092</ele>
				<time>2026-04-19T10:31:06Z</time>
			</trkpt>
			<trkpt lat="47.365985118755056" lon="19.08449216232396">
				<ele>101.8139180475846</ele>
				<time>2026-04-19T10:31:08Z</time>
			</trkpt>
			<trkpt lat="47.36597086792261" lon="19.08448688709554">
				<ele>101.73455674573779</ele>
				<time>2026-04-19T10:31:10Z</time>
			</trkpt>
			<trkpt lat="47.36594912895288" lon="19.084481689982038">
				<ele>101.10578926093876</ele>
				<time>2026-04-19T10:31:12Z</time>
			</trkpt>
			<trkpt lat="47.36593092308979" lon="19.084477363717046">
				<ele>101.21576732583344</ele>
				<time>2026-04-19T10:31:14Z</time>
			</trkpt>
			<trkpt lat="47.36591823532644" lon="19.084465337165753">
				<ele>101.86151348985732</ele>
				<time>2026-04-19T10:31:16Z</time>
			</trkpt>
			<trkpt lat="47.365898758190475" lon="19.08445599185592">
				<ele>102.23070012778044</ele>
				<time>2026-04-19T10:31:19Z</time>
			</trkpt>
			<trkpt lat="47.365886435487404" lon="19.084439623396587">
				<ele>101.79878148250282</ele>
				<time>2026-04-19T10:31:21Z</time>
			</trkpt>
			<trkpt lat="47.36587260908843" lon="19.084422554136413">
				<ele>102.29955160524696</ele>
				<time>2026-04-19T10:31:23Z</time>
			</trkpt>
			<trkpt lat="47.36585553751218" lon="19.08441541699421">
				<ele>102.21017958782613</ele>
				<time>2026-04-19T10:31:25Z</time>
			</trkpt>
			<trkpt lat="47.36582855347335" lon="19.08440829529976">
				<ele>102.00580204837024</ele>
				<time>2026-04-19T10:31:27Z</time>
			</trkpt>
			<trkpt lat="47.36579899933319" lon="19.084399031690122">
				<ele>102.21445174794644</ele>
				<time>2026-04-19T10:31:29Z</time>
			</trkpt>
			<trkpt lat="47.36578109151014" lon="19.084388409776157">
				<ele>102.41483762022108</ele>
				<time>2026-04-19T10:31:31Z</time>
			</trkpt>
			<trkpt lat="47.365759095179456" lon="19.084384773820158">
				<ele>102.5867676641792</ele>
				<time>2026-04-19T10:31:33Z</time>
			</trkpt>
			<trkpt lat="47.36573598321413" lon="19.084376235470543">
				<ele>102.8941651377827</ele>
				<time>2026-04-19T10:31:36Z</time>
			</trkpt>
			<trkpt lat="47.36570323947324" lon="19.084360665614582">
				<ele>101.91883422341198</ele>
				<time>2026-04-19T10:31:39Z</time>
			</trkpt>
			<trkpt lat="47.3656733536374" lon="19.084337975882853">
				<ele>102.65427959524095</ele>
				<time>2026-04-19T10:31:43Z</time>
			</trkpt>
			<trkpt lat="47.36565340784012" lon="19.084326616058732">
				<ele>102.3607173729688</ele>
				<time>2026-04-19T10:31:45Z</time>
			</trkpt>
			<trkpt lat="47.36563751439586" lon="19.084309057636318">
				<ele>102.80735230818391</ele>
				<time>2026-04-19T10:31:48Z</time>
			</trkpt>
			<trkpt lat="47.36562488728259" lon="19.084285113713804">
				<ele>103.01543857250363</ele>
				<time>2026-04-19T10:31:50Z</time>
			</trkpt>
			<trkpt lat="47.36561189967245" lon="19.084270790294593">
				<ele>102.21284188795835</ele>
				<time>2026-04-19T10:31:52Z</time>
			</trkpt>
			<trkpt lat="47.365598916923354" lon="19.084257214760648">
				<ele>101.33315463270992</ele>
				<time>2026-04-19T10:31:55Z</time>
			</trkpt>
			<trkpt lat="47.36558073753972" lon="19.084246248657273">
				<ele>101.50189714040607</ele>
				<time>2026-04-19T10:31:58Z</time>
			</trkpt>
			<trkpt lat="47.3655625552978" lon="19.084237027990184">
				<ele>100.51211998518556</ele>
				<time>2026-04-19T10:32:01Z</time>
			</trkpt>
			<trkpt lat="47.36554630907667" lon="19.084227841362914">
				<ele>100.63629695679992</ele>
				<time>2026-04-19T10:32:03Z</time>
			</trkpt>
			<trkpt lat="47.36553042772175" lon="19.08421492061266">
				<ele>101.14821674209088</ele>
				<time>2026-04-19T10:32:05Z</time>
			</trkpt>
			<trkpt lat="47.36551316519196" lon="19.084198926036763">
				<ele>101.35403461381793</ele>
				<time>2026-04-19T10:32:08Z</time>
			</trkpt>
			<trkpt lat="47.3654966870932" lon="19.08418583474035">
				<ele>101.49629250634462</ele>
				<time>2026-04-19T10:32:10Z</time>
			</trkpt>
			<trkpt lat="47.365480583454676" lon="19.084172491396636">
				<ele>101.57398590724915</ele>
				<time>2026-04-19T10:32:12Z</time>
			</trkpt>
			<trkpt lat="47.365452690436385" lon="19.084149211723567">
				<ele>100.92688833363354</ele>
				<time>2026-04-19T10:32:16Z</time>
			</trkpt>
			<trkpt lat="47.36542548059315" lon="19.084130774867017">
				<ele>101.17463708110154</ele>
				<time>2026-04-19T10:32:19Z</time>
			</trkpt>
			<trkpt lat="47.36540542564359" lon="19.084119768669552">
				<ele>100.96407063677907</ele>
				<time>2026-04-19T10:32:21Z</time>
			</trkpt>
			<trkpt lat="47.36539186242394" lon="19.084106796712295">
				<ele>100.30987067706883</ele>
				<time>2026-04-19T10:32:23Z</time>
			</trkpt>
			<trkpt lat="47.36537112691656" lon="19.084085242658787">
				<ele>100.49904800020158</ele>
				<time>2026-04-19T10:32:25Z</time>
			</trkpt>
			<trkpt lat="47.36535322786026" lon="19.08407384133742">
				<ele>99.88039709348232</ele>
				<time>2026-04-19T10:32:27Z</time>
			</trkpt>
			<trkpt lat="47.36533313331981" lon="19.08405783115477">
				<ele>101.2300436552614</ele>
				<time>2026-04-19T10:32:29Z</time>
			</trkpt>
			<trkpt lat="47.36530550575115" lon="19.084020801142742">
				<ele>100.77379236929119</ele>
				<time>2026-04-19T10:32:32Z</time>
			</trkpt>
			<trkpt lat="47.36529161774961" lon="19.084014090441517">
				<ele>100.65282439626753</ele>
				<time>2026-04-19T10:32:34Z</time>
			</trkpt>
			<trkpt lat="47.36527682939567" lon="19.084011640180076">
				<ele>100.46448426414281</ele>
				<time>2026-04-19T10:32:37Z</time>
			</trkpt>
			<trkpt lat="47.36525286381089" lon="19.084003225011898">
				<ele>99.24454750027508</ele>
				<time>2026-04-19T10:32:40Z</time>
			</trkpt>
			<trkpt lat="47.36523688518322" lon="19.08398984325588">
				<ele>100.43056959845126</ele>
				<time>2026-04-19T10:32:43Z</time>
			</trkpt>
			<trkpt lat="47.365226020797" lon="19.08398011600649">
				<ele>99.68566770665348</ele>
				<time>2026-04-19T10:32:45Z</time>
			</trkpt>
			<trkpt lat="47.365209485844936" lon="19.08397103712394">
				<ele>99.20025822333992</ele>
				<time>2026-04-19T10:32:48Z</time>
			</trkpt>
			<trkpt lat="47.36518809053987" lon="19.08396252876646">
				<ele>99.48553152848035</ele>
				<time>2026-04-19T10:32:49Z</time>
			</trkpt>
			<trkpt lat="47.36516712276448" lon="19.0839459076894">
				<ele>99.55113060493022</ele>
				<time>2026-04-19T10:32:52Z</time>
			</trkpt>
			<trkpt lat="47.36514578603919" lon="19.083927045025185">
				<ele>99.70726629905403</ele>
				<time>2026-04-19T10:32:54Z</time>
			</trkpt>
			<trkpt lat="47.36511633425303" lon="19.083886497439934">
				<ele>99.30766040924937</ele>
				<time>2026-04-19T10:32:57Z</time>
			</trkpt>
			<trkpt lat="47.36508922343462" lon="19.083854735431586">
				<ele>98.99571172893047</ele>
				<time>2026-04-19T10:33:00Z</time>
			</trkpt>
			<trkpt lat="47.36507578318701" lon="19.083847256751383">
				<ele>99.83504830114543</ele>
				<time>2026-04-19T10:33:02Z</time>
			</trkpt>
			<trkpt lat="47.36505852756642" lon="19.083835611422646">
				<ele>99.76929100509733</ele>
				<time>2026-04-19T10:33:03Z</time>
			</trkpt>
			<trkpt lat="47.36504870449884" lon="19.083820500729498">
				<ele>99.63099027611315</ele>
				<time>2026-04-19T10:33:05Z</time>
			</trkpt>
			<trkpt lat="47.36502704228984" lon="19.083791028904034">
				<ele>98.6980271814391</ele>
				<time>2026-04-19T10:33:08Z</time>
			</trkpt>
			<trkpt lat="47.365009674745295" lon="19.08377024949107">
				<ele>99.29144555516541</ele>
				<time>2026-04-19T10:33:11Z</time>
			</trkpt>
			<trkpt lat="47.364996946117174" lon="19.08376290227209">
				<ele>99.99582603015006</ele>
				<time>2026-04-19T10:33:14Z</time>
			</trkpt>
			<trkpt lat="47.36498044621336" lon="19.083757664397925">
				<ele>99.82204488106072</ele>
				<time>2026-04-19T10:33:17Z</time>
			</trkpt>
			<trkpt lat="47.364969720188924" lon="19.083746974110674">
				<ele>99.60584532935172</ele>
				<time>2026-04-19T10:33:19Z</time>
			</trkpt>
			<trkpt lat="47.364957726120736" lon="19.083737592322965">
				<ele>99.20139272790402</ele>
				<time>2026-04-19T10:33:21Z</time>
			</trkpt>
			<trkpt lat="47.36493059859292" lon="19.08371396852558">
				<ele>99.32945639453828</ele>
				<time>2026-04-19T10:33:24Z</time>
			</trkpt>
			<trkpt lat="47.364901100849146" lon="19.083687588331458">
				<ele>99.59436288289726</ele>
				<time>2026-04-19T10:33:28Z</time>
			</trkpt>
			<trkpt lat="47.364882529020186" lon="19.08366876615532">
				<ele>99.92933044116944</ele>
				<time>2026-04-19T10:33:31Z</time>
			</trkpt>
			<trkpt lat="47.36486828349239" lon="19.083655634892605">
				<ele>99.66316679213196</ele>
				<time>2026-04-19T10:33:33Z</time>
			</trkpt>
			<trkpt lat="47.36485208422962" lon="19.083647657623395">
				<ele>99.60260345414281</ele>
				<time>2026-04-19T10:33:36Z</time>
			</trkpt>
			<trkpt lat="47.364818904180694" lon="19.083643386569847">
				<ele>100.64242697600275</ele>
				<time>2026-04-19T10:33:39Z</time>
			</trkpt>
			<trkpt lat="47.364782978711325" lon="19.0836334367594">
				<ele>100.82515037059784</ele>
				<time>2026-04-19T10:33:42Z</time>
			</trkpt>
			<trkpt lat="47.36475618371193" lon="19.083624118822154">
				<ele>100.61579165887088</ele>
				<time>2026-04-19T10:33:44Z</time>
			</trkpt>
			<trkpt lat="47.36472491355854" lon="19.08359687778305">
				<ele>100.93636987078935</ele>
				<time>2026-04-19T10:33:47Z</time>
			</trkpt>
			<trkpt lat="47.36470600981471" lon="19.083581341623717">
				<ele>100.15749462880194</ele>
				<time>2026-04-19T10:33:50Z</time>
			</trkpt>
			<trkpt lat="47.36469053329647" lon="19.083565708646926">
				<ele>100.05685781314969</ele>
				<time>2026-04-19T10:33:55Z</time>
			</trkpt>
			<trkpt lat="47.36467530254524" lon="19.083549278009606">
				<ele>98.79614946991205</ele>
				<time>2026-04-19T10:34:00Z</time>
			</trkpt>
			<trkpt lat="47.364664375430586" lon="19.08353931434792">
				<ele>98.4178322814405</ele>
				<time>2026-04-19T10:34:02Z</time>
			</trkpt>
			<trkpt lat="47.36465096507048" lon="19.083526116799117">
				<ele>98.96629407256842</ele>
				<time>2026-04-19T10:34:05Z</time>
			</trkpt>
			<trkpt lat="47.364630714169266" lon="19.083510710338444">
				<ele>98.89580059982836</ele>
				<time>2026-04-19T10:34:07Z</time>
			</trkpt>
			<trkpt lat="47.36460383863392" lon="19.08349562129283">
				<ele>98.72224384639412</ele>
				<time>2026-04-19T10:34:11Z</time>
			</trkpt>
			<trkpt lat="47.36459097126995" lon="19.083489130508276">
				<ele>100.15374658070505</ele>
				<time>2026-04-19T10:34:13Z</time>
			</trkpt>
			<trkpt lat="47.364577681286725" lon="19.083489810662492">
				<ele>99.4038561778143</ele>
				<time>2026-04-19T10:34:15Z</time>
			</trkpt>
			<trkpt lat="47.364560963867405" lon="19.08349823635279">
				<ele>98.95362359657884</ele>
				<time>2026-04-19T10:34:19Z</time>
			</trkpt>
			<trkpt lat="47.3645462903205" lon="19.08350589115824">
				<ele>100.0467015504837</ele>
				<time>2026-04-19T10:34:21Z</time>
			</trkpt>
			<trkpt lat="47.364524574598505" lon="19.08350724766188">
				<ele>100.0126032307744</ele>
				<time>2026-04-19T10:34:26Z</time>
			</trkpt>
			<trkpt lat="47.36450815239721" lon="19.0835028902246">
				<ele>100.26630873139948</ele>
				<time>2026-04-19T10:34:29Z</time>
			</trkpt>
			<trkpt lat="47.36449008239826" lon="19.083493300825225">
				<ele>100.22059191949666</ele>
				<time>2026-04-19T10:34:33Z</time>
			</trkpt>
			<trkpt lat="47.36447816729997" lon="19.0834989702413">
				<ele>100.27758630737662</ele>
				<time>2026-04-19T10:34:35Z</time>
			</trkpt>
			<trkpt lat="47.364459038226556" lon="19.08349529391806">
				<ele>100.85640534106642</ele>
				<time>2026-04-19T10:34:39Z</time>
			</trkpt>
			<trkpt lat="47.36443976446389" lon="19.083480130169132">
				<ele>101.32667307835072</ele>
				<time>2026-04-19T10:34:43Z</time>
			</trkpt>
			<trkpt lat="47.364419289754906" lon="19.083464715701332">
				<ele>100.10584748443216</ele>
				<time>2026-04-19T10:34:47Z</time>
			</trkpt>
			<trkpt lat="47.36440246218379" lon="19.083445705865397">
				<ele>99.05172783974558</ele>
				<time>2026-04-19T10:34:50Z</time>
			</trkpt>
			<trkpt lat="47.3643887157562" lon="19.083431156343682">
				<ele>99.27246770635247</ele>
				<time>2026-04-19T10:34:52Z</time>
			</trkpt>
			<trkpt lat="47.364378075991944" lon="19.08341032760849">
				<ele>99.37988909333944</ele>
				<time>2026-04-19T10:34:55Z</time>
			</trkpt>
			<trkpt lat="47.36436751695754" lon="19.083395239855456">
				<ele>100.63715440779924</ele>
				<time>2026-04-19T10:34:57Z</time>
			</trkpt>
			<trkpt lat="47.36435217288316" lon="19.083371956838572">
				<ele>100.277588699013</ele>
				<time>2026-04-19T10:35:02Z</time>
			</trkpt>
			<trkpt lat="47.364335645546156" lon="19.08334127245086">
				<ele>99.89753205422312</ele>
				<time>2026-04-19T10:35:07Z</time>
			</trkpt>
			<trkpt lat="47.36431747218977" lon="19.083307227571765">
				<ele>100.5136282062158</ele>
				<time>2026-04-19T10:35:15Z</time>
			</trkpt>
			<trkpt lat="47.364308665117655" lon="19.083285802416032">
				<ele>100.6457035690546</ele>
				<time>2026-04-19T10:35:19Z</time>
			</trkpt>
			<trkpt lat="47.36430023180786" lon="19.08326539820039">
				<ele>101.18716203887016</ele>
				<time>2026-04-19T10:35:23Z</time>
			</trkpt>
			<trkpt lat="47.364284154135" lon="19.08325204722805">
				<ele>100.8579140715301</ele>
				<time>2026-04-19T10:35:30Z</time>
			</trkpt>
			<trkpt lat="47.36426622862092" lon="19.08326048264961">
				<ele>101.90829706471413</ele>
				<time>2026-04-19T10:35:39Z</time>
			</trkpt>
			<trkpt lat="47.36424976476073" lon="19.08326066931319">
				<ele>101.13511663954705</ele>
				<time>2026-04-19T10:35:45Z</time>
			</trkpt>
			<trkpt lat="47.36423055081216" lon="19.083260838455498">
				<ele>101.99332514125854</ele>
				<time>2026-04-19T10:35:52Z</time>
			</trkpt>
			<trkpt lat="47.36421350915424" lon="19.083270935444432">
				<ele>101.93971556797624</ele>
				<time>2026-04-19T10:36:02Z</time>
			</trkpt>
			<trkpt lat="47.36419480603286" lon="19.083275964652394">
				<ele>101.6367175290361</ele>
				<time>2026-04-19T10:36:12Z</time>
			</trkpt>
			<trkpt lat="47.364182364656386" lon="19.08324918534644">
				<ele>101.02696043625474</ele>
				<time>2026-04-19T10:36:30Z</time>
			</trkpt>
			<trkpt lat="47.36416861580721" lon="19.08326302671562">
				<ele>101.36090786755085</ele>
				<time>2026-04-19T10:36:56Z</time>
			</trkpt>
			<trkpt lat="47.3641744415732" lon="19.083294092651133">
				<ele>100.72216881532222</ele>
				<time>2026-04-19T10:37:30Z</time>
			</trkpt>
			<trkpt lat="47.36418837097242" lon="19.08327358549844">
				<ele>101.64968114160001</ele>
				<time>2026-04-19T10:38:19Z</time>
			</trkpt>
			<trkpt lat="47.364184446996354" lon="19.083247513889006">
				<ele>101.5379239320755</ele>
				<time>2026-04-19T10:38:34Z</time>
			</trkpt>
			<trkpt lat="47.36418959103024" lon="19.083259865713313">
				<ele>100.52299857046455</ele>
				<time>2026-04-19T10:39:04Z</time>
			</trkpt>
			<trkpt lat="47.364197192436535" lon="19.08328701363316">
				<ele>101.21587224025279</ele>
				<time>2026-04-19T10:39:19Z</time>
			</trkpt>
			<trkpt lat="47.36420209052404" lon="19.08326963074588">
				<ele>101.60812351666391</ele>
				<time>2026-04-19T10:40:28Z</time>
			</trkpt>
			<trkpt lat="47.364204538671004" lon="19.083244888876578">
				<ele>101.58092697244138</ele>
				<time>2026-04-19T10:40:44Z</time>
			</trkpt>
			<trkpt lat="47.364216408934844" lon="19.083223336265437">
				<ele>101.7476935395971</ele>
				<time>2026-04-19T10:40:55Z</time>
			</trkpt>
			<trkpt lat="47.364230043969805" lon="19.083219208515334">
				<ele>101.47923380043358</ele>
				<time>2026-04-19T10:41:01Z</time>
			</trkpt>
			<trkpt lat="47.36423504906339" lon="19.083220161519275">
				<ele>101.84579686634243</ele>
				<time>2026-04-19T10:41:09Z</time>
			</trkpt>
			<trkpt lat="47.364245673157576" lon="19.083227741668985">
				<ele>102.23714733682573</ele>
				<time>2026-04-19T10:41:15Z</time>
			</trkpt>
			<trkpt lat="47.36426140626577" lon="19.083248793591313">
				<ele>101.55926263984293</ele>
				<time>2026-04-19T10:41:25Z</time>
			</trkpt>
			<trkpt lat="47.364250405045894" lon="19.08324491282157">
				<ele>101.96148108690977</ele>
				<time>2026-04-19T10:41:55Z</time>
			</trkpt>
			<trkpt lat="47.36422390470803" lon="19.083237201495546">
				<ele>102.8779875067994</ele>
				<time>2026-04-19T10:42:24Z</time>
			</trkpt>
			<trkpt lat="47.36423812104978" lon="19.08323937157105">
				<ele>101.82228473108262</ele>
				<time>2026-04-19T10:42:58Z</time>
			</trkpt>
			<trkpt lat="47.36425173084093" lon="19.083247402215967">
				<ele>101.6851253286004</ele>
				<time>2026-04-19T10:43:02Z</time>
			</trkpt>
			<trkpt lat="47.36425971286776" lon="19.08323202800276">
				<ele>100.7452737186104</ele>
				<time>2026-04-19T10:43:15Z</time>
			</trkpt>
			<trkpt lat="47.36425109309358" lon="19.083225836120832">
				<ele>100.40994024835527</ele>
				<time>2026-04-19T10:43:18Z</time>
			</trkpt>
			<trkpt lat="47.36423842703116" lon="19.083219678846568">
				<ele>100.6673151627183</ele>
				<time>2026-04-19T10:43:22Z</time>
			</trkpt>
			<trkpt lat="47.36422067114632" lon="19.083220985584035">
				<ele>101.36015916988254</ele>
				<time>2026-04-19T10:43:26Z</time>
			</trkpt>
			<trkpt lat="47.36420067063687" lon="19.083218675065453">
				<ele>100.54067877493799</ele>
				<time>2026-04-19T10:43:30Z</time>
			</trkpt>
			<trkpt lat="47.3641823458131" lon="19.083214329047372">
				<ele>101.24185219034553</ele>
				<time>2026-04-19T10:43:33Z</time>
			</trkpt>
			<trkpt lat="47.3641629146534" lon="19.083207946716424">
				<ele>100.63408910855651</ele>
				<time>2026-04-19T10:43:37Z</time>
			</trkpt>
			<trkpt lat="47.36414497639739" lon="19.08320286976148">
				<ele>100.8130318634212</ele>
				<time>2026-04-19T10:43:40Z</time>
			</trkpt>
			<trkpt lat="47.36411970662879" lon="19.083194844090862">
				<ele>100.96534421015531</ele>
				<time>2026-04-19T10:43:46Z</time>
			</trkpt>
			<trkpt lat="47.36409038632458" lon="19.083198307710905">
				<ele>100.19059390947223</ele>
				<time>2026-04-19T10:43:51Z</time>
			</trkpt>
			<trkpt lat="47.364093107242105" lon="19.08319858206105">
				<ele>100.63822533655912</ele>
				<time>2026-04-19T10:43:52Z</time>
			</trkpt>
			<trkpt lat="47.364088416097246" lon="19.083198591289438">
				<ele>101.44210809562355</ele>
				<time>2026-04-19T10:43:53Z</time>
			</trkpt>
			<trkpt lat="47.36408885319087" lon="19.08320224603902">
				<ele>101.94623371213675</ele>
				<time>2026-04-19T10:43:54Z</time>
			</trkpt>
			<trkpt lat="47.36409154132426" lon="19.083211287669616">
				<ele>100.972527038306</ele>
				<time>2026-04-19T10:43:55Z</time>
			</trkpt>
			<trkpt lat="47.364087285024155" lon="19.083212464668982">
				<ele>100.4496063515544</ele>
				<time>2026-04-19T10:43:57Z</time>
			</trkpt>
			<trkpt lat="47.36408035913046" lon="19.083210642887252">
				<ele>100.36946492735296</ele>
				<time>2026-04-19T10:43:59Z</time>
			</trkpt>
			<trkpt lat="47.36407080137023" lon="19.08320655095398">
				<ele>101.36965088639408</ele>
				<time>2026-04-19T10:44:01Z</time>
			</trkpt>
			<trkpt lat="47.364058841929236" lon="19.08320266724998">
				<ele>100.7150344280526</ele>
				<time>2026-04-19T10:44:03Z</time>
			</trkpt>
			<trkpt lat="47.3640451847929" lon="19.083197206705673">
				<ele>100.47985152620822</ele>
				<time>2026-04-19T10:44:05Z</time>
			</trkpt>
			<trkpt lat="47.36402484040455" lon="19.083185281309337">
				<ele>101.0485656419769</ele>
				<time>2026-04-19T10:44:09Z</time>
			</trkpt>
			<trkpt lat="47.36400418878129" lon="19.083172866405903">
				<ele>101.4165108660236</ele>
				<time>2026-04-19T10:44:11Z</time>
			</trkpt>
			<trkpt lat="47.36398233550265" lon="19.08316837380206">
				<ele>101.43119834642857</ele>
				<time>2026-04-19T10:44:14Z</time>
			</trkpt>
			<trkpt lat="47.363960721627045" lon="19.083166220942363">
				<ele>100.37106647156179</ele>
				<time>2026-04-19T10:44:17Z</time>
			</trkpt>
			<trkpt lat="47.36394612118195" lon="19.083159944217066">
				<ele>100.4954359093681</ele>
				<time>2026-04-19T10:44:19Z</time>
			</trkpt>
			<trkpt lat="47.36392381540512" lon="19.083157863992025">
				<ele>100.29090871103108</ele>
				<time>2026-04-19T10:44:24Z</time>
			</trkpt>
			<trkpt lat="47.36389845975089" lon="19.08315467083873">
				<ele>100.27796758990735</ele>
				<time>2026-04-19T10:44:27Z</time>
			</trkpt>
			<trkpt lat="47.363874323712835" lon="19.0831503652502">
				<ele>99.79156120400876</ele>
				<time>2026-04-19T10:44:30Z</time>
			</trkpt>
			<trkpt lat="47.363846769266786" lon="19.083143154413374">
				<ele>98.95948827639222</ele>
				<time>2026-04-19T10:44:32Z</time>
			</trkpt>
			<trkpt lat="47.36380119388682" lon="19.083142482730107">
				<ele>99.45966915227473</ele>
				<time>2026-04-19T10:44:35Z</time>
			</trkpt>
			<trkpt lat="47.36377487712351" lon="19.08314999104734">
				<ele>99.15818006265908</ele>
				<time>2026-04-19T10:44:38Z</time>
			</trkpt>
			<trkpt lat="47.363764622618625" lon="19.08315972934076">
				<ele>99.18738187570125</ele>
				<time>2026-04-19T10:44:40Z</time>
			</trkpt>
			<trkpt lat="47.363747116578864" lon="19.083175877988456">
				<ele>99.98166157770902</ele>
				<time>2026-04-19T10:44:43Z</time>
			</trkpt>
			<trkpt lat="47.363732567215735" lon="19.083191845879796">
				<ele>99.64597669616342</ele>
				<time>2026-04-19T10:44:45Z</time>
			</trkpt>
			<trkpt lat="47.36372093975259" lon="19.08320914360694">
				<ele>98.99464964400977</ele>
				<time>2026-04-19T10:44:47Z</time>
			</trkpt>
			<trkpt lat="47.36370693810475" lon="19.083231716747925">
				<ele>98.54814766626805</ele>
				<time>2026-04-19T10:44:50Z</time>
			</trkpt>
			<trkpt lat="47.3636831352585" lon="19.08325983494466">
				<ele>99.2122156266123</ele>
				<time>2026-04-19T10:44:52Z</time>
			</trkpt>
			<trkpt lat="47.363662995862846" lon="19.083281153815584">
				<ele>99.2303501367569</ele>
				<time>2026-04-19T10:44:54Z</time>
			</trkpt>
			<trkpt lat="47.363645001639206" lon="19.083292997639735">
				<ele>98.79589166119695</ele>
				<time>2026-04-19T10:44:56Z</time>
			</trkpt>
			<trkpt lat="47.36362291261327" lon="19.083304019520725">
				<ele>99.03758025262505</ele>
				<time>2026-04-19T10:44:59Z</time>
			</trkpt>
			<trkpt lat="47.36358399535887" lon="19.08331921424303">
				<ele>98.24480678513646</ele>
				<time>2026-04-19T10:45:02Z</time>
			</trkpt>
			<trkpt lat="47.363556104844925" lon="19.083333734425953">
				<ele>98.84605214931071</ele>
				<time>2026-04-19T10:45:05Z</time>
			</trkpt>
			<trkpt lat="47.363539080675686" lon="19.083345108397083">
				<ele>98.18836086150259</ele>
				<time>2026-04-19T10:45:06Z</time>
			</trkpt>
			<trkpt lat="47.36350831944602" lon="19.08336886684375">
				<ele>98.20476444624364</ele>
				<time>2026-04-19T10:45:09Z</time>
			</trkpt>
			<trkpt lat="47.363491656154906" lon="19.08338961062532">
				<ele>98.89846736192703</ele>
				<time>2026-04-19T10:45:12Z</time>
			</trkpt>
			<trkpt lat="47.36348348411742" lon="19.083407386965696">
				<ele>98.83595576696098</ele>
				<time>2026-04-19T10:45:16Z</time>
			</trkpt>
			<trkpt lat="47.363472846002495" lon="19.083437939829196">
				<ele>98.90786795970052</ele>
				<time>2026-04-19T10:45:22Z</time>
			</trkpt>
			<trkpt lat="47.36346169527508" lon="19.08346644378545">
				<ele>98.28204757254571</ele>
				<time>2026-04-19T10:45:27Z</time>
			</trkpt>
			<trkpt lat="47.36345203866285" lon="19.083485973642084">
				<ele>98.4202061323449</ele>
				<time>2026-04-19T10:45:30Z</time>
			</trkpt>
			<trkpt lat="47.363435962276654" lon="19.083502497697527">
				<ele>98.39658533409238</ele>
				<time>2026-04-19T10:45:34Z</time>
			</trkpt>
			<trkpt lat="47.36341650388161" lon="19.0835160574753">
				<ele>98.6652150535956</ele>
				<time>2026-04-19T10:45:38Z</time>
			</trkpt>
			<trkpt lat="47.36339867478516" lon="19.083518743262246">
				<ele>98.27363101113588</ele>
				<time>2026-04-19T10:45:41Z</time>
			</trkpt>
			<trkpt lat="47.36338010721994" lon="19.08350982124521">
				<ele>98.19093906972557</ele>
				<time>2026-04-19T10:45:45Z</time>
			</trkpt>
			<trkpt lat="47.36336419791792" lon="19.08350290827164">
				<ele>98.71654886845499</ele>
				<time>2026-04-19T10:45:47Z</time>
			</trkpt>
			<trkpt lat="47.36333970464603" lon="19.083492848223855">
				<ele>98.60453272424638</ele>
				<time>2026-04-19T10:45:49Z</time>
			</trkpt>
			<trkpt lat="47.363316580565645" lon="19.08347663664768">
				<ele>97.95418369676918</ele>
				<time>2026-04-19T10:45:52Z</time>
			</trkpt>
			<trkpt lat="47.363295993005025" lon="19.083465754604585">
				<ele>98.35362458601594</ele>
				<time>2026-04-19T10:45:55Z</time>
			</trkpt>
			<trkpt lat="47.36327157479426" lon="19.08345160117049">
				<ele>98.12051712349057</ele>
				<time>2026-04-19T10:45:57Z</time>
			</trkpt>
			<trkpt lat="47.363226784847804" lon="19.083422965304514">
				<ele>97.02261387184262</ele>
				<time>2026-04-19T10:46:01Z</time>
			</trkpt>
			<trkpt lat="47.36320776563702" lon="19.08340517075813">
				<ele>97.79181406740099</ele>
				<time>2026-04-19T10:46:04Z</time>
			</trkpt>
			<trkpt lat="47.363196831219575" lon="19.083391022048936">
				<ele>97.85683383140713</ele>
				<time>2026-04-19T10:46:05Z</time>
			</trkpt>
			<trkpt lat="47.363176149429606" lon="19.083372465342393">
				<ele>97.77136662602425</ele>
				<time>2026-04-19T10:46:07Z</time>
			</trkpt>
			<trkpt lat="47.36314368890451" lon="19.083350837287686">
				<ele>97.92123218160123</ele>
				<time>2026-04-19T10:46:09Z</time>
			</trkpt>
			<trkpt lat="47.36311799895184" lon="19.083332717230032">
				<ele>97.64815483614802</ele>
				<time>2026-04-19T10:46:12Z</time>
			</trkpt>
			<trkpt lat="47.36309779232343" lon="19.08331963179093">
				<ele>97.65123693645</ele>
				<time>2026-04-19T10:46:14Z</time>
			</trkpt>
			<trkpt lat="47.363063861312284" lon="19.083305499643455">
				<ele>97.88066445104778</ele>
				<time>2026-04-19T10:46:17Z</time>
			</trkpt>
			<trkpt lat="47.3630380168899" lon="19.08329697829718">
				<ele>99.32369110174477</ele>
				<time>2026-04-19T10:46:19Z</time>
			</trkpt>
			<trkpt lat="47.3630148663276" lon="19.083290924640465">
				<ele>100.33388255629689</ele>
				<time>2026-04-19T10:46:21Z</time>
			</trkpt>
			<trkpt lat="47.362991905444744" lon="19.08328155300854">
				<ele>99.8324660146609</ele>
				<time>2026-04-19T10:46:23Z</time>
			</trkpt>
			<trkpt lat="47.36297109558696" lon="19.08326963935532">
				<ele>98.64268127735704</ele>
				<time>2026-04-19T10:46:25Z</time>
			</trkpt>
			<trkpt lat="47.36295096931092" lon="19.08325879292761">
				<ele>97.759596969001</ele>
				<time>2026-04-19T10:46:27Z</time>
			</trkpt>
			<trkpt lat="47.362929731912764" lon="19.083242710884466">
				<ele>97.96061515808105</ele>
				<time>2026-04-19T10:46:29Z</time>
			</trkpt>
			<trkpt lat="47.36291386852056" lon="19.083230448663894">
				<ele>98.2845287816599</ele>
				<time>2026-04-19T10:46:32Z</time>
			</trkpt>
			<trkpt lat="47.36289278544392" lon="19.08322765089647">
				<ele>97.13087932858616</ele>
				<time>2026-04-19T10:46:34Z</time>
			</trkpt>
			<trkpt lat="47.362868176801506" lon="19.083217038715286">
				<ele>97.27829311601818</ele>
				<time>2026-04-19T10:46:36Z</time>
			</trkpt>
			<trkpt lat="47.36285211006643" lon="19.083202649804132">
				<ele>97.1864255880937</ele>
				<time>2026-04-19T10:46:38Z</time>
			</trkpt>
			<trkpt lat="47.362830437934456" lon="19.083189058930685">
				<ele>97.525614884682</ele>
				<time>2026-04-19T10:46:40Z</time>
			</trkpt>
			<trkpt lat="47.362804567183396" lon="19.083165519932553">
				<ele>97.47162917163223</ele>
				<time>2026-04-19T10:46:42Z</time>
			</trkpt>
			<trkpt lat="47.36277445409601" lon="19.083142666574716">
				<ele>96.98549339082092</ele>
				<time>2026-04-19T10:46:45Z</time>
			</trkpt>
			<trkpt lat="47.36275866439692" lon="19.08312993239444">
				<ele>97.2588192941621</ele>
				<time>2026-04-19T10:46:46Z</time>
			</trkpt>
			<trkpt lat="47.36274072880877" lon="19.0831077937831">
				<ele>97.18127915635705</ele>
				<time>2026-04-19T10:46:49Z</time>
			</trkpt>
			<trkpt lat="47.3627256646114" lon="19.083098044489514">
				<ele>96.54667263664305</ele>
				<time>2026-04-19T10:46:50Z</time>
			</trkpt>
			<trkpt lat="47.36270596274314" lon="19.083074300206427">
				<ele>97.17764247208834</ele>
				<time>2026-04-19T10:46:53Z</time>
			</trkpt>
			<trkpt lat="47.36267446341171" lon="19.083055085013026">
				<ele>95.52976349368691</ele>
				<time>2026-04-19T10:46:55Z</time>
			</trkpt>
			<trkpt lat="47.36264374228981" lon="19.083039002720803">
				<ele>95.97253306023777</ele>
				<time>2026-04-19T10:46:57Z</time>
			</trkpt>
			<trkpt lat="47.3626271740653" lon="19.083038986747948">
				<ele>95.39580980688334</ele>
				<time>2026-04-19T10:46:58Z</time>
			</trkpt>
			<trkpt lat="47.36260898355995" lon="19.08303383750126">
				<ele>95.26289225928485</ele>
				<time>2026-04-19T10:46:59Z</time>
			</trkpt>
			<trkpt lat="47.36257688607826" lon="19.083026057006332">
				<ele>96.60219456907362</ele>
				<time>2026-04-19T10:47:01Z</time>
			</trkpt>
			<trkpt lat="47.362548165795836" lon="19.083026694175494">
				<ele>95.97337035089731</ele>
				<time>2026-04-19T10:47:03Z</time>
			</trkpt>
			<trkpt lat="47.36251882778097" lon="19.083009871087672">
				<ele>96.10822979081422</ele>
				<time>2026-04-19T10:47:06Z</time>
			</trkpt>
			<trkpt lat="47.36250798614016" lon="19.083006228098387">
				<ele>96.4491550847888</ele>
				<time>2026-04-19T10:47:08Z</time>
			</trkpt>
			<trkpt lat="47.36248365750203" lon="19.083000068339242">
				<ele>96.46036955155432</ele>
				<time>2026-04-19T10:47:10Z</time>
			</trkpt>
			<trkpt lat="47.3624584362115" lon="19.082984600444483">
				<ele>96.94984641857445</ele>
				<time>2026-04-19T10:47:12Z</time>
			</trkpt>
			<trkpt lat="47.36242862150396" lon="19.08296840605888">
				<ele>96.68997881002724</ele>
				<time>2026-04-19T10:47:14Z</time>
			</trkpt>
			<trkpt lat="47.36240519211284" lon="19.082943796627806">
				<ele>95.73915153555572</ele>
				<time>2026-04-19T10:47:19Z</time>
			</trkpt>
			<trkpt lat="47.36239591882964" lon="19.08293485871257">
				<ele>95.56390864867717</ele>
				<time>2026-04-19T10:47:20Z</time>
			</trkpt>
			<trkpt lat="47.362377614538936" lon="19.082916866158946">
				<ele>95.27077351417392</ele>
				<time>2026-04-19T10:47:22Z</time>
			</trkpt>
			<trkpt lat="47.36235033603138" lon="19.08290213556309">
				<ele>96.92402064800262</ele>
				<time>2026-04-19T10:47:24Z</time>
			</trkpt>
			<trkpt lat="47.36232121209347" lon="19.082891149231674">
				<ele>96.22702628839761</ele>
				<time>2026-04-19T10:47:26Z</time>
			</trkpt>
			<trkpt lat="47.36229473329781" lon="19.082878144619585">
				<ele>97.09691778663546</ele>
				<time>2026-04-19T10:47:28Z</time>
			</trkpt>
			<trkpt lat="47.362261861336975" lon="19.0828622745799">
				<ele>97.20578259043396</ele>
				<time>2026-04-19T10:47:30Z</time>
			</trkpt>
			<trkpt lat="47.362236215769144" lon="19.082851269885257">
				<ele>96.93897383380681</ele>
				<time>2026-04-19T10:47:32Z</time>
			</trkpt>
			<trkpt lat="47.36221442081028" lon="19.082837418538418">
				<ele>97.07693389151245</ele>
				<time>2026-04-19T10:47:34Z</time>
			</trkpt>
			<trkpt lat="47.36219366796539" lon="19.08281781881431">
				<ele>97.439837615937</ele>
				<time>2026-04-19T10:47:36Z</time>
			</trkpt>
			<trkpt lat="47.36217794762936" lon="19.08280920676615">
				<ele>97.09353120066226</ele>
				<time>2026-04-19T10:47:38Z</time>
			</trkpt>
			<trkpt lat="47.362156268042455" lon="19.08279897224647">
				<ele>96.66752255614847</ele>
				<time>2026-04-19T10:47:41Z</time>
			</trkpt>
			<trkpt lat="47.36213698175973" lon="19.08278679634043">
				<ele>96.6147028747946</ele>
				<time>2026-04-19T10:47:43Z</time>
			</trkpt>
			<trkpt lat="47.36211750114716" lon="19.08276489215466">
				<ele>96.74845513980836</ele>
				<time>2026-04-19T10:47:45Z</time>
			</trkpt>
			<trkpt lat="47.36209705331438" lon="19.08274309243155">
				<ele>96.68354593031108</ele>
				<time>2026-04-19T10:47:47Z</time>
			</trkpt>
			<trkpt lat="47.36207936272101" lon="19.082721312602605">
				<ele>96.00606805365533</ele>
				<time>2026-04-19T10:47:49Z</time>
			</trkpt>
			<trkpt lat="47.36204846947611" lon="19.082699913160447">
				<ele>97.32691935729235</ele>
				<time>2026-04-19T10:47:52Z</time>
			</trkpt>
			<trkpt lat="47.362049110893565" lon="19.08268246994436">
				<ele>95.81726366095245</ele>
				<time>2026-04-19T10:47:53Z</time>
			</trkpt>
			<trkpt lat="47.36203374360373" lon="19.08266367891065">
				<ele>96.51407602895051</ele>
				<time>2026-04-19T10:47:56Z</time>
			</trkpt>
			<trkpt lat="47.36201049552845" lon="19.082650328535333">
				<ele>95.32209933083504</ele>
				<time>2026-04-19T10:47:58Z</time>
			</trkpt>
			<trkpt lat="47.36197556754832" lon="19.08262574904875">
				<ele>96.56655091792345</ele>
				<time>2026-04-19T10:48:01Z</time>
			</trkpt>
			<trkpt lat="47.3619556069952" lon="19.08261122596058">
				<ele>96.02991453837603</ele>
				<time>2026-04-19T10:48:04Z</time>
			</trkpt>
			<trkpt lat="47.36193736163587" lon="19.08260477379484">
				<ele>94.6485050432384</ele>
				<time>2026-04-19T10:48:06Z</time>
			</trkpt>
			<trkpt lat="47.3619225156971" lon="19.082598958737435">
				<ele>94.4732346041128</ele>
				<time>2026-04-19T10:48:07Z</time>
			</trkpt>
			<trkpt lat="47.36189504730123" lon="19.0825886224661">
				<ele>94.93208792898804</ele>
				<time>2026-04-19T10:48:09Z</time>
			</trkpt>
			<trkpt lat="47.36187064398131" lon="19.082579115110306">
				<ele>97.1161123374477</ele>
				<time>2026-04-19T10:48:11Z</time>
			</trkpt>
			<trkpt lat="47.361845339657556" lon="19.082576309112408">
				<ele>97.15538333263248</ele>
				<time>2026-04-19T10:48:13Z</time>
			</trkpt>
			<trkpt lat="47.361830329897046" lon="19.082571531087265">
				<ele>97.12512102723122</ele>
				<time>2026-04-19T10:48:15Z</time>
			</trkpt>
			<trkpt lat="47.361811036971204" lon="19.082563836513348">
				<ele>96.52180943731219</ele>
				<time>2026-04-19T10:48:17Z</time>
			</trkpt>
			<trkpt lat="47.36178752299158" lon="19.082548645620058">
				<ele>96.93756604474038</ele>
				<time>2026-04-19T10:48:19Z</time>
			</trkpt>
			<trkpt lat="47.36176270222005" lon="19.08252904878498">
				<ele>96.89134159684181</ele>
				<time>2026-04-19T10:48:21Z</time>
			</trkpt>
			<trkpt lat="47.3617391157571" lon="19.08250777621786">
				<ele>97.21768435649574</ele>
				<time>2026-04-19T10:48:23Z</time>
			</trkpt>
			<trkpt lat="47.36171285960703" lon="19.082489725536966">
				<ele>96.74742816481739</ele>
				<time>2026-04-19T10:48:25Z</time>
			</trkpt>
			<trkpt lat="47.36169659476086" lon="19.082471216539407">
				<ele>97.06639965809882</ele>
				<time>2026-04-19T10:48:28Z</time>
			</trkpt>
			<trkpt lat="47.36168585964723" lon="19.08245767663695">
				<ele>96.58078014384955</ele>
				<time>2026-04-19T10:48:29Z</time>
			</trkpt>
			<trkpt lat="47.36166201559005" lon="19.08243038060252">
				<ele>97.14980976469815</ele>
				<time>2026-04-19T10:48:31Z</time>
			</trkpt>
			<trkpt lat="47.361643711037686" lon="19.08240583402412">
				<ele>97.0822059577331</ele>
				<time>2026-04-19T10:48:34Z</time>
			</trkpt>
			<trkpt lat="47.36163276577594" lon="19.08239137828972">
				<ele>97.59168822318316</ele>
				<time>2026-04-19T10:48:36Z</time>
			</trkpt>
			<trkpt lat="47.361617537898965" lon="19.082376176288363">
				<ele>97.53188008256257</ele>
				<time>2026-04-19T10:48:37Z</time>
			</trkpt>
			<trkpt lat="47.361588763874536" lon="19.08235385543991">
				<ele>97.29881655238569</ele>
				<time>2026-04-19T10:48:39Z</time>
			</trkpt>
			<trkpt lat="47.361563106556" lon="19.08232333267627">
				<ele>97.12425685767084</ele>
				<time>2026-04-19T10:48:41Z</time>
			</trkpt>
			<trkpt lat="47.36153969778952" lon="19.0822960327743">
				<ele>96.30950599908829</ele>
				<time>2026-04-19T10:48:43Z</time>
			</trkpt>
			<trkpt lat="47.36151964507205" lon="19.082272436083475">
				<ele>96.81298289261758</ele>
				<time>2026-04-19T10:48:45Z</time>
			</trkpt>
			<trkpt lat="47.36150432936335" lon="19.08226330835185">
				<ele>96.87758512608707</ele>
				<time>2026-04-19T10:48:46Z</time>
			</trkpt>
			<trkpt lat="47.36147745401149" lon="19.082245200021326">
				<ele>97.08697219565511</ele>
				<time>2026-04-19T10:48:48Z</time>
			</trkpt>
			<trkpt lat="47.36145307018914" lon="19.082232945832907">
				<ele>97.73887234088033</ele>
				<time>2026-04-19T10:48:50Z</time>
			</trkpt>
			<trkpt lat="47.3614424172873" lon="19.08222160035926">
				<ele>97.00458819139749</ele>
				<time>2026-04-19T10:48:52Z</time>
			</trkpt>
			<trkpt lat="47.36142776988465" lon="19.082194337017633">
				<ele>96.8995656222105</ele>
				<time>2026-04-19T10:48:54Z</time>
			</trkpt>
			<trkpt lat="47.361406367320704" lon="19.08216313960413">
				<ele>97.23974159173667</ele>
				<time>2026-04-19T10:48:56Z</time>
			</trkpt>
			<trkpt lat="47.361392230942116" lon="19.082147915329017">
				<ele>97.13017395790666</ele>
				<time>2026-04-19T10:48:57Z</time>
			</trkpt>
			<trkpt lat="47.361369972299656" lon="19.082120595366906">
				<ele>97.61387465614825</ele>
				<time>2026-04-19T10:48:59Z</time>
			</trkpt>
			<trkpt lat="47.36135147743024" lon="19.0821001373629">
				<ele>96.79849718045443</ele>
				<time>2026-04-19T10:49:01Z</time>
			</trkpt>
			<trkpt lat="47.361335259991144" lon="19.08206923183391">
				<ele>96.60413521528244</ele>
				<time>2026-04-19T10:49:03Z</time>
			</trkpt>
			<trkpt lat="47.36132469954432" lon="19.08203536570941">
				<ele>97.40645864326507</ele>
				<time>2026-04-19T10:49:05Z</time>
			</trkpt>
			<trkpt lat="47.36130989458882" lon="19.08199714207577">
				<ele>97.64226424973458</ele>
				<time>2026-04-19T10:49:07Z</time>
			</trkpt>
			<trkpt lat="47.36129012941685" lon="19.081966945331796">
				<ele>97.22341723926365</ele>
				<time>2026-04-19T10:49:09Z</time>
			</trkpt>
			<trkpt lat="47.36127366131612" lon="19.081935695056483">
				<ele>97.63641258515418</ele>
				<time>2026-04-19T10:49:11Z</time>
			</trkpt>
			<trkpt lat="47.36125609642104" lon="19.081905031827144">
				<ele>98.00411873031408</ele>
				<time>2026-04-19T10:49:13Z</time>
			</trkpt>
			<trkpt lat="47.36123780224754" lon="19.081875707313415">
				<ele>97.34746508207172</ele>
				<time>2026-04-19T10:49:15Z</time>
			</trkpt>
			<trkpt lat="47.361226912656235" lon="19.081857169467153">
				<ele>97.56310393474996</ele>
				<time>2026-04-19T10:49:17Z</time>
			</trkpt>
			<trkpt lat="47.36121491276362" lon="19.081838729490595">
				<ele>97.64669500757009</ele>
				<time>2026-04-19T10:49:18Z</time>
			</trkpt>
			<trkpt lat="47.36119661556912" lon="19.08180791921012">
				<ele>98.14724066853523</ele>
				<time>2026-04-19T10:49:20Z</time>
			</trkpt>
			<trkpt lat="47.36118348973555" lon="19.081794991916425">
				<ele>96.31234574317932</ele>
				<time>2026-04-19T10:49:21Z</time>
			</trkpt>
			<trkpt lat="47.3611543965696" lon="19.081767209096977">
				<ele>97.82396246585995</ele>
				<time>2026-04-19T10:49:23Z</time>
			</trkpt>
			<trkpt lat="47.36113124771879" lon="19.081744771163475">
				<ele>97.06390251312405</ele>
				<time>2026-04-19T10:49:26Z</time>
			</trkpt>
			<trkpt lat="47.3611124492893" lon="19.08172871857221">
				<ele>97.33681612461805</ele>
				<time>2026-04-19T10:49:28Z</time>
			</trkpt>
			<trkpt lat="47.36108837545018" lon="19.081704747150354">
				<ele>97.24210065696388</ele>
				<time>2026-04-19T10:49:30Z</time>
			</trkpt>
			<trkpt lat="47.36106710610864" lon="19.08167702919779">
				<ele>97.06315540894866</ele>
				<time>2026-04-19T10:49:32Z</time>
			</trkpt>
			<trkpt lat="47.36105592506038" lon="19.081645106191715">
				<ele>98.12224845122546</ele>
				<time>2026-04-19T10:49:34Z</time>
			</trkpt>
			<trkpt lat="47.361037258475406" lon="19.081601384826023">
				<ele>98.91909890901297</ele>
				<time>2026-04-19T10:49:37Z</time>
			</trkpt>
			<trkpt lat="47.36102491024649" lon="19.08157144058106">
				<ele>98.91421277821064</ele>
				<time>2026-04-19T10:49:39Z</time>
			</trkpt>
			<trkpt lat="47.36101176261946" lon="19.08154633865978">
				<ele>97.699517541565</ele>
				<time>2026-04-19T10:49:41Z</time>
			</trkpt>
			<trkpt lat="47.360997372508415" lon="19.081516370756322">
				<ele>97.68971345387399</ele>
				<time>2026-04-19T10:49:43Z</time>
			</trkpt>
			<trkpt lat="47.360984355585614" lon="19.08149091833328">
				<ele>97.50519470591098</ele>
				<time>2026-04-19T10:49:45Z</time>
			</trkpt>
			<trkpt lat="47.36097349748378" lon="19.081463693488416">
				<ele>97.72100592870265</ele>
				<time>2026-04-19T10:49:47Z</time>
			</trkpt>
			<trkpt lat="47.36095693129103" lon="19.08142588266391">
				<ele>97.82199714146554</ele>
				<time>2026-04-19T10:49:50Z</time>
			</trkpt>
			<trkpt lat="47.36094893009703" lon="19.081411078975684">
				<ele>97.69937892723829</ele>
				<time>2026-04-19T10:49:52Z</time>
			</trkpt>
			<trkpt lat="47.36093737667438" lon="19.081373848936533">
				<ele>97.228958603926</ele>
				<time>2026-04-19T10:49:54Z</time>
			</trkpt>
			<trkpt lat="47.360923268360835" lon="19.0813369968771">
				<ele>97.75419688876718</ele>
				<time>2026-04-19T10:49:56Z</time>
			</trkpt>
			<trkpt lat="47.36090364150219" lon="19.081308244370366">
				<ele>97.67734176106751</ele>
				<time>2026-04-19T10:49:58Z</time>
			</trkpt>
			<trkpt lat="47.36087407989111" lon="19.081279673887764">
				<ele>96.20656730886549</ele>
				<time>2026-04-19T10:50:01Z</time>
			</trkpt>
			<trkpt lat="47.360856026953826" lon="19.081257487083267">
				<ele>96.67168043274432</ele>
				<time>2026-04-19T10:50:03Z</time>
			</trkpt>
			<trkpt lat="47.36084638507905" lon="19.081232775661928">
				<ele>100.21620169188827</ele>
				<time>2026-04-19T10:50:05Z</time>
			</trkpt>
			<trkpt lat="47.3608382512515" lon="19.081219043742667">
				<ele>98.98966395668685</ele>
				<time>2026-04-19T10:50:06Z</time>
			</trkpt>
			<trkpt lat="47.36082279329581" lon="19.081189667250253">
				<ele>99.09653676580638</ele>
				<time>2026-04-19T10:50:08Z</time>
			</trkpt>
			<trkpt lat="47.36080676104591" lon="19.081160037663732">
				<ele>99.13938318192959</ele>
				<time>2026-04-19T10:50:10Z</time>
			</trkpt>
			<trkpt lat="47.360792850801786" lon="19.081148797743626">
				<ele>98.4518986819312</ele>
				<time>2026-04-19T10:50:11Z</time>
			</trkpt>
			<trkpt lat="47.36077263348176" lon="19.08112321567528">
				<ele>98.63666743785143</ele>
				<time>2026-04-19T10:50:13Z</time>
			</trkpt>
			<trkpt lat="47.36075011828454" lon="19.08109821226095">
				<ele>98.65853461436927</ele>
				<time>2026-04-19T10:50:15Z</time>
			</trkpt>
			<trkpt lat="47.36072733227786" lon="19.081070431834448">
				<ele>98.26332838553935</ele>
				<time>2026-04-19T10:50:17Z</time>
			</trkpt>
			<trkpt lat="47.36070394855179" lon="19.081042777864738">
				<ele>98.19513511192054</ele>
				<time>2026-04-19T10:50:19Z</time>
			</trkpt>
			<trkpt lat="47.36068265592728" lon="19.081016956976114">
				<ele>98.54437008593231</ele>
				<time>2026-04-19T10:50:21Z</time>
			</trkpt>
			<trkpt lat="47.36066360462843" lon="19.080991461830415">
				<ele>97.70673490595073</ele>
				<time>2026-04-19T10:50:23Z</time>
			</trkpt>
			<trkpt lat="47.36064448675944" lon="19.080964863109468">
				<ele>97.8062737332657</ele>
				<time>2026-04-19T10:50:25Z</time>
			</trkpt>
			<trkpt lat="47.3606248010644" lon="19.080938556523435">
				<ele>97.86298417113721</ele>
				<time>2026-04-19T10:50:27Z</time>
			</trkpt>
			<trkpt lat="47.360609781796036" lon="19.080908145230687">
				<ele>98.21452330145985</ele>
				<time>2026-04-19T10:50:29Z</time>
			</trkpt>
			<trkpt lat="47.36059516526186" lon="19.080868962353467">
				<ele>97.98383985552937</ele>
				<time>2026-04-19T10:50:31Z</time>
			</trkpt>
			<trkpt lat="47.3605800860023" lon="19.08083975400954">
				<ele>97.2335026068613</ele>
				<time>2026-04-19T10:50:33Z</time>
			</trkpt>
			<trkpt lat="47.36057244963753" lon="19.080823168476222">
				<ele>98.74592656735331</ele>
				<time>2026-04-19T10:50:35Z</time>
			</trkpt>
			<trkpt lat="47.36056208401547" lon="19.08080813255117">
				<ele>98.51817068178207</ele>
				<time>2026-04-19T10:50:36Z</time>
			</trkpt>
			<trkpt lat="47.36054366458328" lon="19.080774459825744">
				<ele>98.04466902650893</ele>
				<time>2026-04-19T10:50:38Z</time>
			</trkpt>
			<trkpt lat="47.36052619874666" lon="19.0807479006263">
				<ele>97.63131424039602</ele>
				<time>2026-04-19T10:50:40Z</time>
			</trkpt>
			<trkpt lat="47.36050939679261" lon="19.080712683418426">
				<ele>97.39032453671098</ele>
				<time>2026-04-19T10:50:42Z</time>
			</trkpt>
			<trkpt lat="47.36049212047574" lon="19.08068329986775">
				<ele>97.08030624128878</ele>
				<time>2026-04-19T10:50:44Z</time>
			</trkpt>
			<trkpt lat="47.36047865953259" lon="19.080673372418396">
				<ele>97.30407262779772</ele>
				<time>2026-04-19T10:50:46Z</time>
			</trkpt>
			<trkpt lat="47.36046468757701" lon="19.080664382217503">
				<ele>97.2532334215939</ele>
				<time>2026-04-19T10:50:47Z</time>
			</trkpt>
			<trkpt lat="47.360441629375046" lon="19.080640281884257">
				<ele>98.01655892562121</ele>
				<time>2026-04-19T10:50:49Z</time>
			</trkpt>
			<trkpt lat="47.36041746474606" lon="19.0806122325812">
				<ele>97.88118093274534</ele>
				<time>2026-04-19T10:50:51Z</time>
			</trkpt>
			<trkpt lat="47.36040211324517" lon="19.080596593042998">
				<ele>97.46327273361385</ele>
				<time>2026-04-19T10:50:52Z</time>
			</trkpt>
			<trkpt lat="47.3603720162072" lon="19.080570929489326">
				<ele>98.14645313285291</ele>
				<time>2026-04-19T10:50:54Z</time>
			</trkpt>
			<trkpt lat="47.360343310920946" lon="19.08054286235377">
				<ele>99.21235157735646</ele>
				<time>2026-04-19T10:50:56Z</time>
			</trkpt>
			<trkpt lat="47.36032289974784" lon="19.08050899909228">
				<ele>98.70740543678403</ele>
				<time>2026-04-19T10:50:58Z</time>
			</trkpt>
			<trkpt lat="47.360309900867705" lon="19.08048059538858">
				<ele>99.06211944948882</ele>
				<time>2026-04-19T10:51:00Z</time>
			</trkpt>
			<trkpt lat="47.360280360249504" lon="19.080459374319094">
				<ele>98.35486284270883</ele>
				<time>2026-04-19T10:51:02Z</time>
			</trkpt>
			<trkpt lat="47.3602599295441" lon="19.08043949136095">
				<ele>98.13926811795682</ele>
				<time>2026-04-19T10:51:05Z</time>
			</trkpt>
			<trkpt lat="47.36024859114732" lon="19.080426507419244">
				<ele>98.56235848832875</ele>
				<time>2026-04-19T10:51:06Z</time>
			</trkpt>
			<trkpt lat="47.360236565849505" lon="19.080406149681487">
				<ele>98.24805286061019</ele>
				<time>2026-04-19T10:51:09Z</time>
			</trkpt>
			<trkpt lat="47.360224393179706" lon="19.08038709539941">
				<ele>98.69532873295248</ele>
				<time>2026-04-19T10:51:10Z</time>
			</trkpt>
			<trkpt lat="47.360203572357484" lon="19.08036533610539">
				<ele>97.3697420861572</ele>
				<time>2026-04-19T10:51:12Z</time>
			</trkpt>
			<trkpt lat="47.36018307958701" lon="19.08034017446431">
				<ele>98.12633012607694</ele>
				<time>2026-04-19T10:51:14Z</time>
			</trkpt>
			<trkpt lat="47.36016460223348" lon="19.08031330549047">
				<ele>97.80472692940384</ele>
				<time>2026-04-19T10:51:16Z</time>
			</trkpt>
			<trkpt lat="47.3601457974154" lon="19.080283919537006">
				<ele>97.80308698769659</ele>
				<time>2026-04-19T10:51:18Z</time>
			</trkpt>
			<trkpt lat="47.360128431088256" lon="19.080255529307806">
				<ele>97.40862789005041</ele>
				<time>2026-04-19T10:51:20Z</time>
			</trkpt>
			<trkpt lat="47.36011422393046" lon="19.080225629532663">
				<ele>98.29348643030971</ele>
				<time>2026-04-19T10:51:22Z</time>
			</trkpt>
			<trkpt lat="47.36008848671068" lon="19.080178996594075">
				<ele>97.43019294645637</ele>
				<time>2026-04-19T10:51:26Z</time>
			</trkpt>
			<trkpt lat="47.36007893533147" lon="19.08015303121379">
				<ele>98.1301440782845</ele>
				<time>2026-04-19T10:51:28Z</time>
			</trkpt>
			<trkpt lat="47.36006573195198" lon="19.08012541269472">
				<ele>97.86114396341145</ele>
				<time>2026-04-19T10:51:30Z</time>
			</trkpt>
			<trkpt lat="47.36005148145165" lon="19.080101477396642">
				<ele>97.90931772999465</ele>
				<time>2026-04-19T10:51:32Z</time>
			</trkpt>
			<trkpt lat="47.36004146337103" lon="19.080070109851007">
				<ele>97.99295880552381</ele>
				<time>2026-04-19T10:51:34Z</time>
			</trkpt>
			<trkpt lat="47.3600246951317" lon="19.080038867262537">
				<ele>99.31544079538435</ele>
				<time>2026-04-19T10:51:36Z</time>
			</trkpt>
			<trkpt lat="47.36000763324814" lon="19.080013782586487">
				<ele>97.97605296596885</ele>
				<time>2026-04-19T10:51:38Z</time>
			</trkpt>
			<trkpt lat="47.359997494410464" lon="19.079994955408335">
				<ele>98.54719247855246</ele>
				<time>2026-04-19T10:51:40Z</time>
			</trkpt>
			<trkpt lat="47.3599806661926" lon="19.079969874181483">
				<ele>98.12640004511923</ele>
				<time>2026-04-19T10:51:42Z</time>
			</trkpt>
			<trkpt lat="47.35995962660528" lon="19.07994146108812">
				<ele>97.82111231051385</ele>
				<time>2026-04-19T10:51:44Z</time>
			</trkpt>
			<trkpt lat="47.359933742864584" lon="19.079916832957707">
				<ele>97.0882232952863</ele>
				<time>2026-04-19T10:51:46Z</time>
			</trkpt>
			<trkpt lat="47.35990607492754" lon="19.07989257680529">
				<ele>99.13082198612392</ele>
				<time>2026-04-19T10:51:48Z</time>
			</trkpt>
			<trkpt lat="47.35987678095618" lon="19.07986926346088">
				<ele>97.13565292488784</ele>
				<time>2026-04-19T10:51:50Z</time>
			</trkpt>
			<trkpt lat="47.359857206064866" lon="19.07984376606815">
				<ele>97.16641858685762</ele>
				<time>2026-04-19T10:51:52Z</time>
			</trkpt>
			<trkpt lat="47.359842980642576" lon="19.079804953100478">
				<ele>98.30680474918336</ele>
				<time>2026-04-19T10:51:54Z</time>
			</trkpt>
			<trkpt lat="47.359832494858004" lon="19.07977210880805">
				<ele>98.73587619420141</ele>
				<time>2026-04-19T10:51:57Z</time>
			</trkpt>
			<trkpt lat="47.359820855754506" lon="19.07975525802293">
				<ele>99.08332226797938</ele>
				<time>2026-04-19T10:51:58Z</time>
			</trkpt>
			<trkpt lat="47.35980273565253" lon="19.07972818652548">
				<ele>98.37584690656513</ele>
				<time>2026-04-19T10:52:00Z</time>
			</trkpt>
			<trkpt lat="47.359778369990615" lon="19.07970288610039">
				<ele>98.23273038677871</ele>
				<time>2026-04-19T10:52:02Z</time>
			</trkpt>
			<trkpt lat="47.35976241144923" lon="19.079688130221033">
				<ele>98.06492773629725</ele>
				<time>2026-04-19T10:52:04Z</time>
			</trkpt>
			<trkpt lat="47.359748832925945" lon="19.079675427883785">
				<ele>97.9187439782545</ele>
				<time>2026-04-19T10:52:05Z</time>
			</trkpt>
			<trkpt lat="47.35973418697035" lon="19.07965903821121">
				<ele>98.33579064439982</ele>
				<time>2026-04-19T10:52:07Z</time>
			</trkpt>
			<trkpt lat="47.35971329502148" lon="19.079632825646875">
				<ele>98.53581980895251</ele>
				<time>2026-04-19T10:52:09Z</time>
			</trkpt>
			<trkpt lat="47.35968775995739" lon="19.07959397279491">
				<ele>97.73490479029715</ele>
				<time>2026-04-19T10:52:11Z</time>
			</trkpt>
			<trkpt lat="47.359670422993126" lon="19.079548709266717">
				<ele>97.44457155838609</ele>
				<time>2026-04-19T10:52:13Z</time>
			</trkpt>
			<trkpt lat="47.3596614454549" lon="19.079511952826763">
				<ele>98.98265457898378</ele>
				<time>2026-04-19T10:52:15Z</time>
			</trkpt>
			<trkpt lat="47.35964155013701" lon="19.079473030328145">
				<ele>98.1836430830881</ele>
				<time>2026-04-19T10:52:17Z</time>
			</trkpt>
			<trkpt lat="47.35962734590046" lon="19.07943137111012">
				<ele>98.94121145643294</ele>
				<time>2026-04-19T10:52:19Z</time>
			</trkpt>
			<trkpt lat="47.35960413014687" lon="19.079404106480666">
				<ele>99.06035373453051</ele>
				<time>2026-04-19T10:52:21Z</time>
			</trkpt>
			<trkpt lat="47.35957551052007" lon="19.079381331447824">
				<ele>98.76199849601835</ele>
				<time>2026-04-19T10:52:23Z</time>
			</trkpt>
			<trkpt lat="47.359549344946494" lon="19.079356472574037">
				<ele>98.58008224517107</ele>
				<time>2026-04-19T10:52:25Z</time>
			</trkpt>
			<trkpt lat="47.359518465416045" lon="19.07932649644233">
				<ele>98.70824264362454</ele>
				<time>2026-04-19T10:52:27Z</time>
			</trkpt>
			<trkpt lat="47.359483289729475" lon="19.07929608071935">
				<ele>98.45182442758232</ele>
				<time>2026-04-19T10:52:29Z</time>
			</trkpt>
			<trkpt lat="47.35944728966894" lon="19.07927877276409">
				<ele>98.79783427622169</ele>
				<time>2026-04-19T10:52:31Z</time>
			</trkpt>
			<trkpt lat="47.35942385820982" lon="19.079243307786964">
				<ele>98.73241094499826</ele>
				<time>2026-04-19T10:52:33Z</time>
			</trkpt>
			<trkpt lat="47.359405155448826" lon="19.07920706798672">
				<ele>98.62127672322094</ele>
				<time>2026-04-19T10:52:35Z</time>
			</trkpt>
			<trkpt lat="47.35938996303051" lon="19.079171683989852">
				<ele>99.04968868475407</ele>
				<time>2026-04-19T10:52:37Z</time>
			</trkpt>
			<trkpt lat="47.35936877512359" lon="19.079134525915283">
				<ele>99.014045025222</ele>
				<time>2026-04-19T10:52:39Z</time>
			</trkpt>
			<trkpt lat="47.35935037085054" lon="19.07910211629527">
				<ele>98.99967298004776</ele>
				<time>2026-04-19T10:52:41Z</time>
			</trkpt>
			<trkpt lat="47.359326604048995" lon="19.07906794836715">
				<ele>97.31271370034665</ele>
				<time>2026-04-19T10:52:44Z</time>
			</trkpt>
			<trkpt lat="47.35930810458628" lon="19.079052752226076">
				<ele>97.83819155115634</ele>
				<time>2026-04-19T10:52:46Z</time>
			</trkpt>
			<trkpt lat="47.35927923524539" lon="19.079023697622322">
				<ele>97.6224985551089</ele>
				<time>2026-04-19T10:52:49Z</time>
			</trkpt>
			<trkpt lat="47.35925717158136" lon="19.079001707631534">
				<ele>96.98839668184519</ele>
				<time>2026-04-19T10:52:51Z</time>
			</trkpt>
			<trkpt lat="47.359243075628456" lon="19.078974409691337">
				<ele>97.33416825998574</ele>
				<time>2026-04-19T10:52:53Z</time>
			</trkpt>
			<trkpt lat="47.35922766603252" lon="19.078941577196773">
				<ele>97.62807186786085</ele>
				<time>2026-04-19T10:52:55Z</time>
			</trkpt>
			<trkpt lat="47.35920756127959" lon="19.078917341516323">
				<ele>97.29260339215398</ele>
				<time>2026-04-19T10:52:57Z</time>
			</trkpt>
			<trkpt lat="47.35919504517141" lon="19.078891077704583">
				<ele>98.1463729692623</ele>
				<time>2026-04-19T10:52:59Z</time>
			</trkpt>
			<trkpt lat="47.3591820470867" lon="19.07886342660292">
				<ele>98.0696718217805</ele>
				<time>2026-04-19T10:53:01Z</time>
			</trkpt>
			<trkpt lat="47.359163241610524" lon="19.078836715872015">
				<ele>98.26073978468776</ele>
				<time>2026-04-19T10:53:03Z</time>
			</trkpt>
			<trkpt lat="47.3591442860624" lon="19.07880466313318">
				<ele>98.41637485101819</ele>
				<time>2026-04-19T10:53:05Z</time>
			</trkpt>
			<trkpt lat="47.359126068200176" lon="19.078777689197285">
				<ele>97.36889347806573</ele>
				<time>2026-04-19T10:53:07Z</time>
			</trkpt>
			<trkpt lat="47.3591123343651" lon="19.07877087592387">
				<ele>96.90696802921593</ele>
				<time>2026-04-19T10:53:08Z</time>
			</trkpt>
			<trkpt lat="47.35909402068265" lon="19.078749173707443">
				<ele>96.83591903373599</ele>
				<time>2026-04-19T10:53:10Z</time>
			</trkpt>
			<trkpt lat="47.3590845235339" lon="19.078732472488944">
				<ele>97.12248336989433</ele>
				<time>2026-04-19T10:53:11Z</time>
			</trkpt>
			<trkpt lat="47.35906098861807" lon="19.078701617604228">
				<ele>97.03438155073673</ele>
				<time>2026-04-19T10:53:13Z</time>
			</trkpt>
			<trkpt lat="47.35903695705563" lon="19.078671936557384">
				<ele>97.62939157523215</ele>
				<time>2026-04-19T10:53:15Z</time>
			</trkpt>
			<trkpt lat="47.359027718238686" lon="19.078651075301003">
				<ele>97.72436532005668</ele>
				<time>2026-04-19T10:53:16Z</time>
			</trkpt>
			<trkpt lat="47.35901229161246" lon="19.078616037411866">
				<ele>97.75455276388675</ele>
				<time>2026-04-19T10:53:18Z</time>
			</trkpt>
			<trkpt lat="47.35899375292332" lon="19.078579914072332">
				<ele>97.70318869501352</ele>
				<time>2026-04-19T10:53:20Z</time>
			</trkpt>
			<trkpt lat="47.35897340270029" lon="19.078568449018743">
				<ele>97.3034881753847</ele>
				<time>2026-04-19T10:53:21Z</time>
			</trkpt>
			<trkpt lat="47.35894666526124" lon="19.07854618761223">
				<ele>96.53400744218379</ele>
				<time>2026-04-19T10:53:23Z</time>
			</trkpt>
			<trkpt lat="47.35892155345052" lon="19.078524618381103">
				<ele>96.43663821835071</ele>
				<time>2026-04-19T10:53:25Z</time>
			</trkpt>
			<trkpt lat="47.358899509166314" lon="19.078505899794624">
				<ele>95.50851669535041</ele>
				<time>2026-04-19T10:53:27Z</time>
			</trkpt>
			<trkpt lat="47.35888477949142" lon="19.078483357239612">
				<ele>97.78421999141574</ele>
				<time>2026-04-19T10:53:29Z</time>
			</trkpt>
			<trkpt lat="47.3588729241295" lon="19.078476106165446">
				<ele>97.42153024114668</ele>
				<time>2026-04-19T10:53:30Z</time>
			</trkpt>
			<trkpt lat="47.35885843797926" lon="19.078463254212195">
				<ele>97.70836993213743</ele>
				<time>2026-04-19T10:53:31Z</time>
			</trkpt>
			<trkpt lat="47.358837123069804" lon="19.078441004686344">
				<ele>96.9246596833691</ele>
				<time>2026-04-19T10:53:33Z</time>
			</trkpt>
			<trkpt lat="47.3588152162981" lon="19.078415044222847">
				<ele>97.26491867937148</ele>
				<time>2026-04-19T10:53:35Z</time>
			</trkpt>
			<trkpt lat="47.358795259216954" lon="19.078388450023528">
				<ele>97.40652191732079</ele>
				<time>2026-04-19T10:53:37Z</time>
			</trkpt>
			<trkpt lat="47.35877723087879" lon="19.07836055485007">
				<ele>96.5221906946972</ele>
				<time>2026-04-19T10:53:39Z</time>
			</trkpt>
			<trkpt lat="47.35875839010631" lon="19.078331626979537">
				<ele>96.65748965647072</ele>
				<time>2026-04-19T10:53:41Z</time>
			</trkpt>
			<trkpt lat="47.358742885851655" lon="19.078301928977915">
				<ele>96.43139767833054</ele>
				<time>2026-04-19T10:53:43Z</time>
			</trkpt>
			<trkpt lat="47.35872466614822" lon="19.078274181720317">
				<ele>96.19104045350105</ele>
				<time>2026-04-19T10:53:45Z</time>
			</trkpt>
			<trkpt lat="47.358696678468384" lon="19.07822234194377">
				<ele>96.98550622258335</ele>
				<time>2026-04-19T10:53:49Z</time>
			</trkpt>
			<trkpt lat="47.358684733919915" lon="19.078199182324383">
				<ele>97.12029665708542</ele>
				<time>2026-04-19T10:53:51Z</time>
			</trkpt>
			<trkpt lat="47.358673720575084" lon="19.078169805140206">
				<ele>96.24101743474603</ele>
				<time>2026-04-19T10:53:54Z</time>
			</trkpt>
			<trkpt lat="47.358661229717484" lon="19.078160028288863">
				<ele>97.48332039546221</ele>
				<time>2026-04-19T10:53:56Z</time>
			</trkpt>
			<trkpt lat="47.35863870315597" lon="19.07814252114262">
				<ele>97.62233259063214</ele>
				<time>2026-04-19T10:53:58Z</time>
			</trkpt>
			<trkpt lat="47.35861268019981" lon="19.078124293541592">
				<ele>96.85429964959621</ele>
				<time>2026-04-19T10:54:00Z</time>
			</trkpt>
			<trkpt lat="47.35858816319276" lon="19.07810625623828">
				<ele>97.53574026562274</ele>
				<time>2026-04-19T10:54:02Z</time>
			</trkpt>
			<trkpt lat="47.3585637867211" lon="19.07809392794472">
				<ele>98.30776457395405</ele>
				<time>2026-04-19T10:54:04Z</time>
			</trkpt>
			<trkpt lat="47.35854789475394" lon="19.078087914549684">
				<ele>97.08468051627278</ele>
				<time>2026-04-19T10:54:05Z</time>
			</trkpt>
			<trkpt lat="47.358522538827835" lon="19.078067868565235">
				<ele>96.95343709364533</ele>
				<time>2026-04-19T10:54:07Z</time>
			</trkpt>
			<trkpt lat="47.358502510004875" lon="19.078041047196525">
				<ele>96.88006314542145</ele>
				<time>2026-04-19T10:54:09Z</time>
			</trkpt>
			<trkpt lat="47.35848223939745" lon="19.078011256163535">
				<ele>97.46901154704392</ele>
				<time>2026-04-19T10:54:11Z</time>
			</trkpt>
			<trkpt lat="47.35846520705399" lon="19.077979529689124">
				<ele>96.21681701764464</ele>
				<time>2026-04-19T10:54:13Z</time>
			</trkpt>
			<trkpt lat="47.35845283719818" lon="19.07794776743348">
				<ele>96.82322764862329</ele>
				<time>2026-04-19T10:54:15Z</time>
			</trkpt>
			<trkpt lat="47.358441449466746" lon="19.0779228497967">
				<ele>97.14549874607474</ele>
				<time>2026-04-19T10:54:17Z</time>
			</trkpt>
			<trkpt lat="47.35842878073292" lon="19.077891141694128">
				<ele>97.11644295416772</ele>
				<time>2026-04-19T10:54:19Z</time>
			</trkpt>
			<trkpt lat="47.35841641866869" lon="19.07785638107127">
				<ele>97.5044821575284</ele>
				<time>2026-04-19T10:54:21Z</time>
			</trkpt>
			<trkpt lat="47.358401170718146" lon="19.07782349728293">
				<ele>98.12452169600874</ele>
				<time>2026-04-19T10:54:23Z</time>
			</trkpt>
			<trkpt lat="47.35838831638086" lon="19.07779325599197">
				<ele>98.32971919514239</ele>
				<time>2026-04-19T10:54:25Z</time>
			</trkpt>
			<trkpt lat="47.358374182372806" lon="19.077767827013403">
				<ele>97.98767003882676</ele>
				<time>2026-04-19T10:54:27Z</time>
			</trkpt>
			<trkpt lat="47.35836810217811" lon="19.07773610589543">
				<ele>98.21941911801696</ele>
				<time>2026-04-19T10:54:29Z</time>
			</trkpt>
			<trkpt lat="47.358356421809546" lon="19.077707896788827">
				<ele>97.65006829891354</ele>
				<time>2026-04-19T10:54:31Z</time>
			</trkpt>
			<trkpt lat="47.35834331459403" lon="19.077682058239596">
				<ele>96.74000979587436</ele>
				<time>2026-04-19T10:54:33Z</time>
			</trkpt>
			<trkpt lat="47.35832985463934" lon="19.077662117508996">
				<ele>96.33485142327845</ele>
				<time>2026-04-19T10:54:36Z</time>
			</trkpt>
			<trkpt lat="47.35831237116812" lon="19.077642828850866">
				<ele>97.13580372463912</ele>
				<time>2026-04-19T10:54:38Z</time>
			</trkpt>
			<trkpt lat="47.35828962890938" lon="19.07762056698826">
				<ele>96.19163239281625</ele>
				<time>2026-04-19T10:54:40Z</time>
			</trkpt>
			<trkpt lat="47.35826686071478" lon="19.07760088517206">
				<ele>96.56454733107239</ele>
				<time>2026-04-19T10:54:42Z</time>
			</trkpt>
			<trkpt lat="47.35824375666326" lon="19.07758217069044">
				<ele>96.37695618439466</ele>
				<time>2026-04-19T10:54:44Z</time>
			</trkpt>
			<trkpt lat="47.35821675783743" lon="19.077564831685585">
				<ele>97.87974691111594</ele>
				<time>2026-04-19T10:54:46Z</time>
			</trkpt>
			<trkpt lat="47.35820263326897" lon="19.077534708320766">
				<ele>98.0149479387328</ele>
				<time>2026-04-19T10:54:48Z</time>
			</trkpt>
			<trkpt lat="47.358197744132084" lon="19.07750464551854">
				<ele>97.93110255803913</ele>
				<time>2026-04-19T10:54:50Z</time>
			</trkpt>
			<trkpt lat="47.3581867432103" lon="19.077471988516418">
				<ele>98.16186961065978</ele>
				<time>2026-04-19T10:54:52Z</time>
			</trkpt>
			<trkpt lat="47.35816935382356" lon="19.077429518307525">
				<ele>97.22755827195942</ele>
				<time>2026-04-19T10:54:55Z</time>
			</trkpt>
			<trkpt lat="47.35815284629307" lon="19.077410114685485">
				<ele>97.17292554862797</ele>
				<time>2026-04-19T10:54:57Z</time>
			</trkpt>
			<trkpt lat="47.35814298896741" lon="19.077393481256355">
				<ele>96.74123370181769</ele>
				<time>2026-04-19T10:54:59Z</time>
			</trkpt>
			<trkpt lat="47.35812525901131" lon="19.07736271480979">
				<ele>97.19608030840755</ele>
				<time>2026-04-19T10:55:01Z</time>
			</trkpt>
			<trkpt lat="47.358105155896844" lon="19.07731814323487">
				<ele>97.3218145929277</ele>
				<time>2026-04-19T10:55:03Z</time>
			</trkpt>
			<trkpt lat="47.358092016378784" lon="19.07727753215881">
				<ele>96.52072654571384</ele>
				<time>2026-04-19T10:55:05Z</time>
			</trkpt>
			<trkpt lat="47.35808324549463" lon="19.07723959561822">
				<ele>96.54023404419422</ele>
				<time>2026-04-19T10:55:07Z</time>
			</trkpt>
			<trkpt lat="47.3580757525973" lon="19.077211150911044">
				<ele>96.78136953245848</ele>
				<time>2026-04-19T10:55:10Z</time>
			</trkpt>
			<trkpt lat="47.358063425723444" lon="19.07719829882923">
				<ele>95.94577499013394</ele>
				<time>2026-04-19T10:55:11Z</time>
			</trkpt>
			<trkpt lat="47.358045967543276" lon="19.077170840493224">
				<ele>96.11862931400537</ele>
				<time>2026-04-19T10:55:13Z</time>
			</trkpt>
			<trkpt lat="47.35802763658324" lon="19.077137746892845">
				<ele>95.91964826453477</ele>
				<time>2026-04-19T10:55:15Z</time>
			</trkpt>
			<trkpt lat="47.35801208045293" lon="19.077107850404253">
				<ele>96.1973263695836</ele>
				<time>2026-04-19T10:55:17Z</time>
			</trkpt>
			<trkpt lat="47.35799882091026" lon="19.07708041053701">
				<ele>97.77927351277322</ele>
				<time>2026-04-19T10:55:19Z</time>
			</trkpt>
			<trkpt lat="47.357988542384916" lon="19.07705734008982">
				<ele>96.56925749592483</ele>
				<time>2026-04-19T10:55:21Z</time>
			</trkpt>
			<trkpt lat="47.3579801250515" lon="19.077041679941928">
				<ele>96.35146861057729</ele>
				<time>2026-04-19T10:55:22Z</time>
			</trkpt>
			<trkpt lat="47.357957177895074" lon="19.0770194417371">
				<ele>96.53043871279806</ele>
				<time>2026-04-19T10:55:24Z</time>
			</trkpt>
			<trkpt lat="47.35794443960296" lon="19.076992361123857">
				<ele>96.06077915336937</ele>
				<time>2026-04-19T10:55:26Z</time>
			</trkpt>
			<trkpt lat="47.35793824942669" lon="19.07697155006649">
				<ele>97.22087196446955</ele>
				<time>2026-04-19T10:55:27Z</time>
			</trkpt>
			<trkpt lat="47.35791885944791" lon="19.076927510278296">
				<ele>96.52147938590497</ele>
				<time>2026-04-19T10:55:30Z</time>
			</trkpt>
			<trkpt lat="47.35791219225699" lon="19.07690660908196">
				<ele>97.1207195641473</ele>
				<time>2026-04-19T10:55:31Z</time>
			</trkpt>
			<trkpt lat="47.35789591709038" lon="19.076866718359085">
				<ele>97.21237739361823</ele>
				<time>2026-04-19T10:55:33Z</time>
			</trkpt>
			<trkpt lat="47.357877458230604" lon="19.07683477264382">
				<ele>97.4720048410818</ele>
				<time>2026-04-19T10:55:35Z</time>
			</trkpt>
			<trkpt lat="47.35786067460441" lon="19.07681083769551">
				<ele>97.71259132120758</ele>
				<time>2026-04-19T10:55:37Z</time>
			</trkpt>
			<trkpt lat="47.35784930142596" lon="19.076780386800646">
				<ele>97.49204507935792</ele>
				<time>2026-04-19T10:55:39Z</time>
			</trkpt>
			<trkpt lat="47.35783698852372" lon="19.07676408949861">
				<ele>97.25034493673593</ele>
				<time>2026-04-19T10:55:40Z</time>
			</trkpt>
			<trkpt lat="47.3578168457337" lon="19.07672352106623">
				<ele>96.76903996430337</ele>
				<time>2026-04-19T10:55:42Z</time>
			</trkpt>
			<trkpt lat="47.35780240846699" lon="19.07668858708556">
				<ele>96.85761451721191</ele>
				<time>2026-04-19T10:55:44Z</time>
			</trkpt>
			<trkpt lat="47.35780690886557" lon="19.076658282704006">
				<ele>97.29143644217402</ele>
				<time>2026-04-19T10:55:46Z</time>
			</trkpt>
			<trkpt lat="47.357798077304075" lon="19.07662119058104">
				<ele>97.54464026167989</ele>
				<time>2026-04-19T10:55:48Z</time>
			</trkpt>
			<trkpt lat="47.35778373952459" lon="19.076586083901745">
				<ele>96.76126505527645</ele>
				<time>2026-04-19T10:55:50Z</time>
			</trkpt>
			<trkpt lat="47.357776296003564" lon="19.076552734060304">
				<ele>97.0401524361223</ele>
				<time>2026-04-19T10:55:52Z</time>
			</trkpt>
			<trkpt lat="47.357763037906146" lon="19.07652872700835">
				<ele>95.88371574878693</ele>
				<time>2026-04-19T10:55:54Z</time>
			</trkpt>
			<trkpt lat="47.35775043386931" lon="19.076514596118407">
				<ele>96.45594748482108</ele>
				<time>2026-04-19T10:55:56Z</time>
			</trkpt>
			<trkpt lat="47.35773730414547" lon="19.076500469332476">
				<ele>96.74331081286073</ele>
				<time>2026-04-19T10:55:58Z</time>
			</trkpt>
			<trkpt lat="47.357722600893155" lon="19.07648257991487">
				<ele>95.90579378511757</ele>
				<time>2026-04-19T10:55:59Z</time>
			</trkpt>
			<trkpt lat="47.3576978388843" lon="19.07644403776798">
				<ele>96.25568064861</ele>
				<time>2026-04-19T10:56:01Z</time>
			</trkpt>
			<trkpt lat="47.35767361284982" lon="19.076410059935363">
				<ele>97.66546291206032</ele>
				<time>2026-04-19T10:56:03Z</time>
			</trkpt>
			<trkpt lat="47.35765003313549" lon="19.076388067822055">
				<ele>99.48682268057019</ele>
				<time>2026-04-19T10:56:05Z</time>
			</trkpt>
			<trkpt lat="47.35763465169792" lon="19.07635381924247">
				<ele>97.93233448360115</ele>
				<time>2026-04-19T10:56:07Z</time>
			</trkpt>
			<trkpt lat="47.357624645398985" lon="19.07632286651528">
				<ele>97.98638721182942</ele>
				<time>2026-04-19T10:56:09Z</time>
			</trkpt>
			<trkpt lat="47.357608024283806" lon="19.076292141949548">
				<ele>97.50721671711653</ele>
				<time>2026-04-19T10:56:11Z</time>
			</trkpt>
			<trkpt lat="47.357592438158484" lon="19.076265616310973">
				<ele>97.47840888984501</ele>
				<time>2026-04-19T10:56:13Z</time>
			</trkpt>
			<trkpt lat="47.35757909434103" lon="19.076242420396948">
				<ele>98.32711640652269</ele>
				<time>2026-04-19T10:56:15Z</time>
			</trkpt>
			<trkpt lat="47.357564288600535" lon="19.076212151002924">
				<ele>98.1942765796557</ele>
				<time>2026-04-19T10:56:17Z</time>
			</trkpt>
			<trkpt lat="47.35755118418007" lon="19.07617858474767">
				<ele>98.4205219168216</ele>
				<time>2026-04-19T10:56:19Z</time>
			</trkpt>
			<trkpt lat="47.357536968643664" lon="19.076144440373984">
				<ele>97.95318582560867</ele>
				<time>2026-04-19T10:56:21Z</time>
			</trkpt>
			<trkpt lat="47.35752748144165" lon="19.076126720025712">
				<ele>97.90677509456873</ele>
				<time>2026-04-19T10:56:23Z</time>
			</trkpt>
			<trkpt lat="47.357516128685084" lon="19.076110693896638">
				<ele>97.54378755483776</ele>
				<time>2026-04-19T10:56:24Z</time>
			</trkpt>
			<trkpt lat="47.35750116801493" lon="19.076072238154175">
				<ele>97.4728011758998</ele>
				<time>2026-04-19T10:56:26Z</time>
			</trkpt>
			<trkpt lat="47.35748542960211" lon="19.076034275075255">
				<ele>97.01437538024038</ele>
				<time>2026-04-19T10:56:28Z</time>
			</trkpt>
			<trkpt lat="47.357483338446364" lon="19.076008530009695">
				<ele>96.7782781207934</ele>
				<time>2026-04-19T10:56:29Z</time>
			</trkpt>
			<trkpt lat="47.357472749221145" lon="19.075991493516447">
				<ele>96.87318935804069</ele>
				<time>2026-04-19T10:56:30Z</time>
			</trkpt>
			<trkpt lat="47.357465759982915" lon="19.075969131434046">
				<ele>96.80126586649567</ele>
				<time>2026-04-19T10:56:31Z</time>
			</trkpt>
			<trkpt lat="47.35745618311899" lon="19.075926571842373">
				<ele>97.3128667222336</ele>
				<time>2026-04-19T10:56:33Z</time>
			</trkpt>
			<trkpt lat="47.357446532823" lon="19.075892491309226">
				<ele>96.79087570868433</ele>
				<time>2026-04-19T10:56:35Z</time>
			</trkpt>
			<trkpt lat="47.35743137500132" lon="19.075861131780865">
				<ele>96.94554958771914</ele>
				<time>2026-04-19T10:56:37Z</time>
			</trkpt>
			<trkpt lat="47.357411287221446" lon="19.07581929065957">
				<ele>97.08576333802193</ele>
				<time>2026-04-19T10:56:39Z</time>
			</trkpt>
			<trkpt lat="47.35739710467914" lon="19.07578326315062">
				<ele>97.47862219437957</ele>
				<time>2026-04-19T10:56:41Z</time>
			</trkpt>
			<trkpt lat="47.35738316576779" lon="19.075748812643795">
				<ele>96.90198281221092</ele>
				<time>2026-04-19T10:56:43Z</time>
			</trkpt>
			<trkpt lat="47.357367008657064" lon="19.07571639132265">
				<ele>97.57289324700832</ele>
				<time>2026-04-19T10:56:45Z</time>
			</trkpt>
			<trkpt lat="47.35734900471277" lon="19.075692943272802">
				<ele>96.93388390727341</ele>
				<time>2026-04-19T10:56:47Z</time>
			</trkpt>
			<trkpt lat="47.357343891751576" lon="19.075662457108436">
				<ele>97.13628514483571</ele>
				<time>2026-04-19T10:56:49Z</time>
			</trkpt>
			<trkpt lat="47.35732630773384" lon="19.075634327500577">
				<ele>98.11638666503131</ele>
				<time>2026-04-19T10:56:52Z</time>
			</trkpt>
			<trkpt lat="47.357316858124136" lon="19.07562206559143">
				<ele>98.11228928994387</ele>
				<time>2026-04-19T10:56:54Z</time>
			</trkpt>
			<trkpt lat="47.35731288536948" lon="19.07560193994581">
				<ele>98.24017647840083</ele>
				<time>2026-04-19T10:56:57Z</time>
			</trkpt>
			<trkpt lat="47.35730455632084" lon="19.075570205189823">
				<ele>98.3263591779396</ele>
				<time>2026-04-19T10:56:59Z</time>
			</trkpt>
			<trkpt lat="47.35729690737666" lon="19.075543935765214">
				<ele>98.40284785442054</ele>
				<time>2026-04-19T10:57:01Z</time>
			</trkpt>
			<trkpt lat="47.35729021661497" lon="19.075522989204377">
				<ele>98.37280078139156</ele>
				<time>2026-04-19T10:57:02Z</time>
			</trkpt>
			<trkpt lat="47.35727825474008" lon="19.07548301272463">
				<ele>97.9641334535554</ele>
				<time>2026-04-19T10:57:04Z</time>
			</trkpt>
			<trkpt lat="47.35727419652265" lon="19.075440689106593">
				<ele>98.15213990397751</ele>
				<time>2026-04-19T10:57:06Z</time>
			</trkpt>
			<trkpt lat="47.357263164946936" lon="19.075406515152423">
				<ele>98.52294109389186</ele>
				<time>2026-04-19T10:57:08Z</time>
			</trkpt>
			<trkpt lat="47.35724203769805" lon="19.07537136308447">
				<ele>96.57346557639539</ele>
				<time>2026-04-19T10:57:10Z</time>
			</trkpt>
			<trkpt lat="47.35722337211064" lon="19.075328129178885">
				<ele>96.92477218154818</ele>
				<time>2026-04-19T10:57:13Z</time>
			</trkpt>
			<trkpt lat="47.35721859475216" lon="19.075314211371158">
				<ele>96.9036163482815</ele>
				<time>2026-04-19T10:57:16Z</time>
			</trkpt>
			<trkpt lat="47.35720867953702" lon="19.075287652725134">
				<ele>96.9542300272733</ele>
				<time>2026-04-19T10:57:18Z</time>
			</trkpt>
			<trkpt lat="47.357193843859974" lon="19.075256634628868">
				<ele>97.41957017965615</ele>
				<time>2026-04-19T10:57:20Z</time>
			</trkpt>
			<trkpt lat="47.35717133225154" lon="19.075230031660706">
				<ele>95.9199742116034</ele>
				<time>2026-04-19T10:57:22Z</time>
			</trkpt>
			<trkpt lat="47.357147489008334" lon="19.075201211516347">
				<ele>97.41313496697694</ele>
				<time>2026-04-19T10:57:24Z</time>
			</trkpt>
			<trkpt lat="47.35712747550036" lon="19.075166248638176">
				<ele>97.9006433673203</ele>
				<time>2026-04-19T10:57:26Z</time>
			</trkpt>
			<trkpt lat="47.35711231310224" lon="19.075142471610988">
				<ele>97.30392219964415</ele>
				<time>2026-04-19T10:57:28Z</time>
			</trkpt>
			<trkpt lat="47.35709397537083" lon="19.075121192476377">
				<ele>97.26498223561794</ele>
				<time>2026-04-19T10:57:30Z</time>
			</trkpt>
			<trkpt lat="47.3570758100981" lon="19.07509729893157">
				<ele>97.28975540399551</ele>
				<time>2026-04-19T10:57:32Z</time>
			</trkpt>
			<trkpt lat="47.357056893321314" lon="19.075073775114735">
				<ele>96.897828576155</ele>
				<time>2026-04-19T10:57:34Z</time>
			</trkpt>
			<trkpt lat="47.35704240905331" lon="19.075047449045524">
				<ele>97.05766850430518</ele>
				<time>2026-04-19T10:57:36Z</time>
			</trkpt>
			<trkpt lat="47.35703665815839" lon="19.07502623113491">
				<ele>97.32493549305946</ele>
				<time>2026-04-19T10:57:37Z</time>
			</trkpt>
			<trkpt lat="47.357018681258225" lon="19.074992732664576">
				<ele>96.98976675793529</ele>
				<time>2026-04-19T10:57:39Z</time>
			</trkpt>
			<trkpt lat="47.35699924590065" lon="19.074958186916472">
				<ele>97.29688163194805</ele>
				<time>2026-04-19T10:57:41Z</time>
			</trkpt>
			<trkpt lat="47.356977241153274" lon="19.074923150887653">
				<ele>97.44535460975021</ele>
				<time>2026-04-19T10:57:43Z</time>
			</trkpt>
			<trkpt lat="47.35696303110021" lon="19.074888921532683">
				<ele>97.6973553840071</ele>
				<time>2026-04-19T10:57:45Z</time>
			</trkpt>
			<trkpt lat="47.35694505334605" lon="19.0748562640682">
				<ele>98.14412281755358</ele>
				<time>2026-04-19T10:57:47Z</time>
			</trkpt>
			<trkpt lat="47.356927338619236" lon="19.07481971431156">
				<ele>96.93755391798913</ele>
				<time>2026-04-19T10:57:49Z</time>
			</trkpt>
			<trkpt lat="47.35690767123922" lon="19.074788357422587">
				<ele>97.09336677845567</ele>
				<time>2026-04-19T10:57:51Z</time>
			</trkpt>
			<trkpt lat="47.35688752209708" lon="19.074757047953934">
				<ele>96.64223174471408</ele>
				<time>2026-04-19T10:57:53Z</time>
			</trkpt>
			<trkpt lat="47.35687113721427" lon="19.07472980585256">
				<ele>96.8980699153617</ele>
				<time>2026-04-19T10:57:55Z</time>
			</trkpt>
			<trkpt lat="47.35685292284256" lon="19.074697693857612">
				<ele>97.06228416226804</ele>
				<time>2026-04-19T10:57:57Z</time>
			</trkpt>
			<trkpt lat="47.35683849679655" lon="19.074690925695602">
				<ele>97.07001622579992</ele>
				<time>2026-04-19T10:57:58Z</time>
			</trkpt>
			<trkpt lat="47.356817207278375" lon="19.074667258329157">
				<ele>96.8903843332082</ele>
				<time>2026-04-19T10:58:00Z</time>
			</trkpt>
			<trkpt lat="47.35681116871115" lon="19.074644944575287">
				<ele>97.57004863675684</ele>
				<time>2026-04-19T10:58:01Z</time>
			</trkpt>
			<trkpt lat="47.35679352258312" lon="19.074607090698446">
				<ele>98.11683061346412</ele>
				<time>2026-04-19T10:58:03Z</time>
			</trkpt>
			<trkpt lat="47.35678065253349" lon="19.074571663825004">
				<ele>98.16240843571723</ele>
				<time>2026-04-19T10:58:05Z</time>
			</trkpt>
			<trkpt lat="47.356764605045846" lon="19.074535600926502">
				<ele>97.98882575985044</ele>
				<time>2026-04-19T10:58:07Z</time>
			</trkpt>
			<trkpt lat="47.35675144517803" lon="19.074502061027445">
				<ele>97.61988881696016</ele>
				<time>2026-04-19T10:58:09Z</time>
			</trkpt>
			<trkpt lat="47.35674187122443" lon="19.074487792783252">
				<ele>97.19267241749913</ele>
				<time>2026-04-19T10:58:10Z</time>
			</trkpt>
			<trkpt lat="47.35672639858198" lon="19.074455072946083">
				<ele>97.15364650078118</ele>
				<time>2026-04-19T10:58:12Z</time>
			</trkpt>
			<trkpt lat="47.35670836289163" lon="19.0744215926266">
				<ele>97.30439533293247</ele>
				<time>2026-04-19T10:58:14Z</time>
			</trkpt>
			<trkpt lat="47.35669586589174" lon="19.07438670824226">
				<ele>97.79957307502627</ele>
				<time>2026-04-19T10:58:16Z</time>
			</trkpt>
			<trkpt lat="47.356681106712934" lon="19.074361333945163">
				<ele>97.89319422841072</ele>
				<time>2026-04-19T10:58:18Z</time>
			</trkpt>
			<trkpt lat="47.3566659070964" lon="19.07433863122439">
				<ele>97.94980676472187</ele>
				<time>2026-04-19T10:58:20Z</time>
			</trkpt>
			<trkpt lat="47.356642620606415" lon="19.074313830220273">
				<ele>97.86468915641308</ele>
				<time>2026-04-19T10:58:22Z</time>
			</trkpt>
			<trkpt lat="47.35662370453758" lon="19.07429258836659">
				<ele>97.49204408749938</ele>
				<time>2026-04-19T10:58:25Z</time>
			</trkpt>
			<trkpt lat="47.35661621395191" lon="19.074275189525807">
				<ele>97.90278501808643</ele>
				<time>2026-04-19T10:58:28Z</time>
			</trkpt>
			<trkpt lat="47.35660735687241" lon="19.074240860746027">
				<ele>98.69978301972151</ele>
				<time>2026-04-19T10:58:30Z</time>
			</trkpt>
			<trkpt lat="47.35659412617715" lon="19.074200453941295">
				<ele>98.86289234366268</ele>
				<time>2026-04-19T10:58:32Z</time>
			</trkpt>
			<trkpt lat="47.35657836296319" lon="19.074160918545">
				<ele>99.23011991661042</ele>
				<time>2026-04-19T10:58:34Z</time>
			</trkpt>
			<trkpt lat="47.356554025970134" lon="19.0741299481874">
				<ele>98.7314572930336</ele>
				<time>2026-04-19T10:58:38Z</time>
			</trkpt>
			<trkpt lat="47.3565451606837" lon="19.07411888528212">
				<ele>98.457569219172</ele>
				<time>2026-04-19T10:58:40Z</time>
			</trkpt>
			<trkpt lat="47.356536381075756" lon="19.074108581038384">
				<ele>98.16971920337528</ele>
				<time>2026-04-19T10:58:42Z</time>
			</trkpt>
			<trkpt lat="47.356523429140864" lon="19.0740908562006">
				<ele>98.32989891339093</ele>
				<time>2026-04-19T10:58:43Z</time>
			</trkpt>
			<trkpt lat="47.35649261374934" lon="19.074060216503067">
				<ele>97.13222116418183</ele>
				<time>2026-04-19T10:58:46Z</time>
			</trkpt>
			<trkpt lat="47.35647119841042" lon="19.074034957780473">
				<ele>97.39400289859623</ele>
				<time>2026-04-19T10:58:48Z</time>
			</trkpt>
			<trkpt lat="47.35645036939284" lon="19.07400733226908">
				<ele>97.49815545696765</ele>
				<time>2026-04-19T10:58:50Z</time>
			</trkpt>
			<trkpt lat="47.35642672100788" lon="19.073983733517334">
				<ele>97.6659272601828</ele>
				<time>2026-04-19T10:58:52Z</time>
			</trkpt>
			<trkpt lat="47.35639994785908" lon="19.073952262986694">
				<ele>97.64711300469935</ele>
				<time>2026-04-19T10:58:55Z</time>
			</trkpt>
			<trkpt lat="47.35638495785079" lon="19.073925674789262">
				<ele>97.25488842185587</ele>
				<time>2026-04-19T10:58:57Z</time>
			</trkpt>
			<trkpt lat="47.356376441445406" lon="19.0739068335736">
				<ele>97.54562061093748</ele>
				<time>2026-04-19T10:58:59Z</time>
			</trkpt>
			<trkpt lat="47.35636287420128" lon="19.07387924055209">
				<ele>97.92354046925902</ele>
				<time>2026-04-19T10:59:01Z</time>
			</trkpt>
			<trkpt lat="47.35635684863984" lon="19.07385259081703">
				<ele>98.04473601281643</ele>
				<time>2026-04-19T10:59:02Z</time>
			</trkpt>
			<trkpt lat="47.35634432378363" lon="19.073803968449877">
				<ele>97.52143853995949</ele>
				<time>2026-04-19T10:59:04Z</time>
			</trkpt>
			<trkpt lat="47.35633408647655" lon="19.073755595786814">
				<ele>98.0339967450127</ele>
				<time>2026-04-19T10:59:06Z</time>
			</trkpt>
			<trkpt lat="47.3563173708902" lon="19.073714372549674">
				<ele>98.22770475037396</ele>
				<time>2026-04-19T10:59:08Z</time>
			</trkpt>
			<trkpt lat="47.35630386080425" lon="19.073677401152516">
				<ele>98.19868530612439</ele>
				<time>2026-04-19T10:59:10Z</time>
			</trkpt>
			<trkpt lat="47.35628818777648" lon="19.073640047287">
				<ele>98.1252079019323</ele>
				<time>2026-04-19T10:59:12Z</time>
			</trkpt>
			<trkpt lat="47.356271610141114" lon="19.073608930642635">
				<ele>98.67413537111133</ele>
				<time>2026-04-19T10:59:14Z</time>
			</trkpt>
			<trkpt lat="47.35625714786511" lon="19.073580714085352">
				<ele>98.05940979067236</ele>
				<time>2026-04-19T10:59:16Z</time>
			</trkpt>
			<trkpt lat="47.3562438673823" lon="19.0735502647929">
				<ele>98.32957833260298</ele>
				<time>2026-04-19T10:59:18Z</time>
			</trkpt>
			<trkpt lat="47.35622826693386" lon="19.073520433313632">
				<ele>98.7644913662225</ele>
				<time>2026-04-19T10:59:20Z</time>
			</trkpt>
			<trkpt lat="47.356211540244786" lon="19.07349137104049">
				<ele>97.97807732783258</ele>
				<time>2026-04-19T10:59:22Z</time>
			</trkpt>
			<trkpt lat="47.356197327944635" lon="19.073466377224662">
				<ele>97.53540204744786</ele>
				<time>2026-04-19T10:59:24Z</time>
			</trkpt>
			<trkpt lat="47.3561894902261" lon="19.073447124709592">
				<ele>97.80991343501955</ele>
				<time>2026-04-19T10:59:26Z</time>
			</trkpt>
			<trkpt lat="47.356180470848685" lon="19.073418142578586">
				<ele>98.45693292934448</ele>
				<time>2026-04-19T10:59:28Z</time>
			</trkpt>
			<trkpt lat="47.35616855692632" lon="19.073400303434887">
				<ele>97.48103710636497</ele>
				<time>2026-04-19T10:59:29Z</time>
			</trkpt>
			<trkpt lat="47.35614698139951" lon="19.073372274272582">
				<ele>97.02174471970648</ele>
				<time>2026-04-19T10:59:31Z</time>
			</trkpt>
			<trkpt lat="47.356123061379165" lon="19.073347389751813">
				<ele>97.02334447484463</ele>
				<time>2026-04-19T10:59:33Z</time>
			</trkpt>
			<trkpt lat="47.35610503368387" lon="19.073321766055006">
				<ele>99.03561632242054</ele>
				<time>2026-04-19T10:59:35Z</time>
			</trkpt>
			<trkpt lat="47.35609159244025" lon="19.073310781602984">
				<ele>98.13560310564935</ele>
				<time>2026-04-19T10:59:36Z</time>
			</trkpt>
			<trkpt lat="47.35608078247213" lon="19.07328044774196">
				<ele>98.36454773135483</ele>
				<time>2026-04-19T10:59:38Z</time>
			</trkpt>
			<trkpt lat="47.35606997132923" lon="19.073253605120367">
				<ele>98.83240068145096</ele>
				<time>2026-04-19T10:59:40Z</time>
			</trkpt>
			<trkpt lat="47.356058523635156" lon="19.07324574692572">
				<ele>98.2412110120058</ele>
				<time>2026-04-19T10:59:41Z</time>
			</trkpt>
			<trkpt lat="47.35603781203022" lon="19.073226156037897">
				<ele>97.66790039464831</ele>
				<time>2026-04-19T10:59:43Z</time>
			</trkpt>
			<trkpt lat="47.35601526158537" lon="19.073204046309183">
				<ele>97.73896210175008</ele>
				<time>2026-04-19T10:59:45Z</time>
			</trkpt>
			<trkpt lat="47.3559992550835" lon="19.0731768148959">
				<ele>96.97761107515544</ele>
				<time>2026-04-19T10:59:47Z</time>
			</trkpt>
			<trkpt lat="47.35599077626565" lon="19.073161458696262">
				<ele>96.86164697352797</ele>
				<time>2026-04-19T10:59:49Z</time>
			</trkpt>
			<trkpt lat="47.35597666319599" lon="19.07313630960721">
				<ele>97.55814557336271</ele>
				<time>2026-04-19T10:59:51Z</time>
			</trkpt>
			<trkpt lat="47.355958912632765" lon="19.073100971173865">
				<ele>98.08762901369482</ele>
				<time>2026-04-19T10:59:53Z</time>
			</trkpt>
			<trkpt lat="47.35594253631592" lon="19.073065930718528">
				<ele>98.02337731514126</ele>
				<time>2026-04-19T10:59:55Z</time>
			</trkpt>
			<trkpt lat="47.35592665328116" lon="19.07302677558881">
				<ele>97.91777290590107</ele>
				<time>2026-04-19T10:59:57Z</time>
			</trkpt>
			<trkpt lat="47.35590986022974" lon="19.072995732208803">
				<ele>97.75791793130338</ele>
				<time>2026-04-19T10:59:59Z</time>
			</trkpt>
			<trkpt lat="47.355898460459684" lon="19.072980042905726">
				<ele>98.06948525365442</ele>
				<time>2026-04-19T11:00:01Z</time>
			</trkpt>
			<trkpt lat="47.355879731863965" lon="19.072963642681245">
				<ele>97.30880982708186</ele>
				<time>2026-04-19T11:00:02Z</time>
			</trkpt>
			<trkpt lat="47.35585377231147" lon="19.07293681052114">
				<ele>97.70477610267699</ele>
				<time>2026-04-19T11:00:04Z</time>
			</trkpt>
			<trkpt lat="47.35582496875227" lon="19.072909418556254">
				<ele>97.69729803409427</ele>
				<time>2026-04-19T11:00:06Z</time>
			</trkpt>
			<trkpt lat="47.35579075408418" lon="19.072878643072364">
				<ele>97.66388153098524</ele>
				<time>2026-04-19T11:00:09Z</time>
			</trkpt>
			<trkpt lat="47.35577599327866" lon="19.072859986326236">
				<ele>97.3888635840267</ele>
				<time>2026-04-19T11:00:11Z</time>
			</trkpt>
			<trkpt lat="47.355769816197814" lon="19.07284832011646">
				<ele>98.12068668566644</ele>
				<time>2026-04-19T11:00:13Z</time>
			</trkpt>
			<trkpt lat="47.355761527532316" lon="19.072835676037087">
				<ele>97.15951201785356</ele>
				<time>2026-04-19T11:00:16Z</time>
			</trkpt>
			<trkpt lat="47.355752187921624" lon="19.07282467868657">
				<ele>96.92637934535742</ele>
				<time>2026-04-19T11:00:18Z</time>
			</trkpt>
			<trkpt lat="47.35573320754877" lon="19.07280974130933">
				<ele>97.1726844329387</ele>
				<time>2026-04-19T11:00:20Z</time>
			</trkpt>
			<trkpt lat="47.35569763061096" lon="19.072790110551278">
				<ele>97.18585465475917</ele>
				<time>2026-04-19T11:00:23Z</time>
			</trkpt>
			<trkpt lat="47.35567640031676" lon="19.072777939195834">
				<ele>96.72914513293654</ele>
				<time>2026-04-19T11:00:26Z</time>
			</trkpt>
			<trkpt lat="47.355664423959205" lon="19.072769756594333">
				<ele>96.57125152740628</ele>
				<time>2026-04-19T11:00:29Z</time>
			</trkpt>
			<trkpt lat="47.35564980093987" lon="19.07276392613405">
				<ele>96.11306258756667</ele>
				<time>2026-04-19T11:00:33Z</time>
			</trkpt>
			<trkpt lat="47.35563632711866" lon="19.07275881300196">
				<ele>95.70397738181055</ele>
				<time>2026-04-19T11:00:36Z</time>
			</trkpt>
			<trkpt lat="47.35561827128391" lon="19.072752561602428">
				<ele>95.72422921471298</ele>
				<time>2026-04-19T11:00:41Z</time>
			</trkpt>
			<trkpt lat="47.35559276657895" lon="19.07274623910939">
				<ele>95.7392691001296</ele>
				<time>2026-04-19T11:00:46Z</time>
			</trkpt>
			<trkpt lat="47.35556160173335" lon="19.072738391681224">
				<ele>95.60415807273239</ele>
				<time>2026-04-19T11:00:51Z</time>
			</trkpt>
			<trkpt lat="47.355533908196094" lon="19.072733899740513">
				<ele>95.82258524373174</ele>
				<time>2026-04-19T11:00:55Z</time>
			</trkpt>
			<trkpt lat="47.35550591206389" lon="19.072736392999957">
				<ele>97.17213946580887</ele>
				<time>2026-04-19T11:00:59Z</time>
			</trkpt>
			<trkpt lat="47.355483456894724" lon="19.07274174484575">
				<ele>96.63782913330942</ele>
				<time>2026-04-19T11:01:03Z</time>
			</trkpt>
			<trkpt lat="47.35546352349369" lon="19.072741435767316">
				<ele>96.98232569359243</ele>
				<time>2026-04-19T11:01:06Z</time>
			</trkpt>
			<trkpt lat="47.35544052606791" lon="19.072742607957515">
				<ele>97.58426296152174</ele>
				<time>2026-04-19T11:01:09Z</time>
			</trkpt>
			<trkpt lat="47.35541489992087" lon="19.072733919507574">
				<ele>97.28387538529932</ele>
				<time>2026-04-19T11:01:12Z</time>
			</trkpt>
			<trkpt lat="47.35539061074963" lon="19.07274055929467">
				<ele>96.82996146846563</ele>
				<time>2026-04-19T11:01:14Z</time>
			</trkpt>
			<trkpt lat="47.35537051867991" lon="19.07275148508416">
				<ele>97.15826409403235</ele>
				<time>2026-04-19T11:01:17Z</time>
			</trkpt>
			<trkpt lat="47.355360551628074" lon="19.072758918749106">
				<ele>97.45357726234943</ele>
				<time>2026-04-19T11:01:19Z</time>
			</trkpt>
			<trkpt lat="47.35533348781422" lon="19.072771239300522">
				<ele>97.2118613999337</ele>
				<time>2026-04-19T11:01:22Z</time>
			</trkpt>
			<trkpt lat="47.35531400206246" lon="19.072778944601687">
				<ele>97.64023065846413</ele>
				<time>2026-04-19T11:01:23Z</time>
			</trkpt>
			<trkpt lat="47.35528905105123" lon="19.072783668659923">
				<ele>98.650449950248</ele>
				<time>2026-04-19T11:01:26Z</time>
			</trkpt>
			<trkpt lat="47.35527484597422" lon="19.072787809840904">
				<ele>98.28401060961187</ele>
				<time>2026-04-19T11:01:28Z</time>
			</trkpt>
			<trkpt lat="47.35524723518725" lon="19.07279940759274">
				<ele>98.336067231372</ele>
				<time>2026-04-19T11:01:30Z</time>
			</trkpt>
			<trkpt lat="47.35520967187263" lon="19.072800175186376">
				<ele>98.6058827554807</ele>
				<time>2026-04-19T11:01:33Z</time>
			</trkpt>
			<trkpt lat="47.35519575390242" lon="19.072796335069043">
				<ele>98.69905440695584</ele>
				<time>2026-04-19T11:01:35Z</time>
			</trkpt>
			<trkpt lat="47.35518496004826" lon="19.072788683501066">
				<ele>98.87744622025639</ele>
				<time>2026-04-19T11:01:38Z</time>
			</trkpt>
			<trkpt lat="47.35515704336526" lon="19.07277507397487">
				<ele>98.08990811463445</ele>
				<time>2026-04-19T11:01:41Z</time>
			</trkpt>
			<trkpt lat="47.35513972271107" lon="19.072768634783333">
				<ele>97.95563688408583</ele>
				<time>2026-04-19T11:01:43Z</time>
			</trkpt>
			<trkpt lat="47.3551253650463" lon="19.07275781860106">
				<ele>97.72987476084381</ele>
				<time>2026-04-19T11:01:46Z</time>
			</trkpt>
			<trkpt lat="47.35511305237565" lon="19.072748988940088">
				<ele>98.03942198399454</ele>
				<time>2026-04-19T11:01:48Z</time>
			</trkpt>
			<trkpt lat="47.35509716423504" lon="19.07273794566361">
				<ele>97.51671770494431</ele>
				<time>2026-04-19T11:01:51Z</time>
			</trkpt>
			<trkpt lat="47.35507965529739" lon="19.072723488580536">
				<ele>97.31635892763734</ele>
				<time>2026-04-19T11:01:54Z</time>
			</trkpt>
			<trkpt lat="47.355062151996414" lon="19.072709147143122">
				<ele>97.15237336605787</ele>
				<time>2026-04-19T11:01:57Z</time>
			</trkpt>
			<trkpt lat="47.35504250597329" lon="19.072690968544546">
				<ele>97.52442307118326</ele>
				<time>2026-04-19T11:02:00Z</time>
			</trkpt>
			<trkpt lat="47.355019416602985" lon="19.07267044239429">
				<ele>97.14588047843426</ele>
				<time>2026-04-19T11:02:04Z</time>
			</trkpt>
			<trkpt lat="47.35499678542934" lon="19.072652385740362">
				<ele>97.7176883528009</ele>
				<time>2026-04-19T11:02:07Z</time>
			</trkpt>
			<trkpt lat="47.35496341881504" lon="19.07263840676987">
				<ele>97.74654541350901</ele>
				<time>2026-04-19T11:02:15Z</time>
			</trkpt>
			<trkpt lat="47.35494141433202" lon="19.072630535238563">
				<ele>97.63065559137613</ele>
				<time>2026-04-19T11:02:19Z</time>
			</trkpt>
			<trkpt lat="47.35492445667725" lon="19.072623149232957">
				<ele>97.72888743318617</ele>
				<time>2026-04-19T11:02:22Z</time>
			</trkpt>
			<trkpt lat="47.354903540781144" lon="19.07261435071202">
				<ele>97.6467501418665</ele>
				<time>2026-04-19T11:02:27Z</time>
			</trkpt>
			<trkpt lat="47.35488140269046" lon="19.072604291305908">
				<ele>97.6459485059604</ele>
				<time>2026-04-19T11:02:31Z</time>
			</trkpt>
			<trkpt lat="47.35486194805958" lon="19.072596244642465">
				<ele>97.90951594244689</ele>
				<time>2026-04-19T11:02:36Z</time>
			</trkpt>
			<trkpt lat="47.35484225401768" lon="19.072590532201353">
				<ele>97.90832640137523</ele>
				<time>2026-04-19T11:02:42Z</time>
			</trkpt>
			<trkpt lat="47.35481909641125" lon="19.072577131097326">
				<ele>97.82774144690484</ele>
				<time>2026-04-19T11:02:50Z</time>
			</trkpt>
			<trkpt lat="47.35480627305946" lon="19.072548565820593">
				<ele>97.97817068267614</ele>
				<time>2026-04-19T11:03:00Z</time>
			</trkpt>
			<trkpt lat="47.35479607404426" lon="19.072529072421453">
				<ele>97.70699047483504</ele>
				<time>2026-04-19T11:03:06Z</time>
			</trkpt>
			<trkpt lat="47.35478450743733" lon="19.072508957235843">
				<ele>98.14593057148159</ele>
				<time>2026-04-19T11:03:11Z</time>
			</trkpt>
			<trkpt lat="47.35477584693285" lon="19.072489237837903">
				<ele>98.42964783217758</ele>
				<time>2026-04-19T11:03:14Z</time>
			</trkpt>
			<trkpt lat="47.3547569055266" lon="19.072464968634225">
				<ele>98.88888122793287</ele>
				<time>2026-04-19T11:03:22Z</time>
			</trkpt>
			<trkpt lat="47.354742431677614" lon="19.072445441542577">
				<ele>98.32617242261767</ele>
				<time>2026-04-19T11:03:28Z</time>
			</trkpt>
			<trkpt lat="47.354731582659646" lon="19.072431899623773">
				<ele>98.84909199737012</ele>
				<time>2026-04-19T11:03:32Z</time>
			</trkpt>
			<trkpt lat="47.3547168636474" lon="19.072418149511027">
				<ele>98.93278943933547</ele>
				<time>2026-04-19T11:03:38Z</time>
			</trkpt>
			<trkpt lat="47.35469666677405" lon="19.07240601394166">
				<ele>98.90230807941407</ele>
				<time>2026-04-19T11:03:44Z</time>
			</trkpt>
			<trkpt lat="47.35467326352156" lon="19.07239192432368">
				<ele>98.05963179655373</ele>
				<time>2026-04-19T11:03:49Z</time>
			</trkpt>
			<trkpt lat="47.35465178665331" lon="19.07237655499924">
				<ele>98.7951079281047</ele>
				<time>2026-04-19T11:03:55Z</time>
			</trkpt>
			<trkpt lat="47.35464184367434" lon="19.072362909448277">
				<ele>98.66169619932771</ele>
				<time>2026-04-19T11:04:00Z</time>
			</trkpt>
			<trkpt lat="47.35462423024385" lon="19.07234202135272">
				<ele>98.24135650414973</ele>
				<time>2026-04-19T11:04:09Z</time>
			</trkpt>
			<trkpt lat="47.354610177307386" lon="19.072334437003896">
				<ele>98.45418070163578</ele>
				<time>2026-04-19T11:04:13Z</time>
			</trkpt>
			<trkpt lat="47.35459276620697" lon="19.072330265554257">
				<ele>98.02408602461219</ele>
				<time>2026-04-19T11:04:20Z</time>
			</trkpt>
			<trkpt lat="47.35457302429655" lon="19.072322414502157">
				<ele>98.27885728888214</ele>
				<time>2026-04-19T11:04:26Z</time>
			</trkpt>
			<trkpt lat="47.35455394059611" lon="19.072322319369626">
				<ele>97.4684178289026</ele>
				<time>2026-04-19T11:04:31Z</time>
			</trkpt>
			<trkpt lat="47.354536314585346" lon="19.072323346588977">
				<ele>96.80164689011872</ele>
				<time>2026-04-19T11:04:37Z</time>
			</trkpt>
			<trkpt lat="47.354524853216645" lon="19.072312554777525">
				<ele>97.64142884127796</ele>
				<time>2026-04-19T11:04:41Z</time>
			</trkpt>
			<trkpt lat="47.35451268530548" lon="19.072295637216072">
				<ele>97.90798288583755</ele>
				<time>2026-04-19T11:04:48Z</time>
			</trkpt>
			<trkpt lat="47.354499354517536" lon="19.07226952379422">
				<ele>98.08707671705633</ele>
				<time>2026-04-19T11:04:55Z</time>
			</trkpt>
			<trkpt lat="47.35448261273208" lon="19.072249523620975">
				<ele>97.76922284066677</ele>
				<time>2026-04-19T11:05:00Z</time>
			</trkpt>
			<trkpt lat="47.354462632878494" lon="19.07224889838841">
				<ele>97.9529290003702</ele>
				<time>2026-04-19T11:05:05Z</time>
			</trkpt>
			<trkpt lat="47.35444266644861" lon="19.072247387757624">
				<ele>97.64324178546667</ele>
				<time>2026-04-19T11:05:10Z</time>
			</trkpt>
			<trkpt lat="47.35442377087447" lon="19.07224608185735">
				<ele>98.2216463116929</ele>
				<time>2026-04-19T11:05:13Z</time>
			</trkpt>
			<trkpt lat="47.354404787831236" lon="19.07223604905436">
				<ele>98.52927304059267</ele>
				<time>2026-04-19T11:05:17Z</time>
			</trkpt>
			<trkpt lat="47.35438743651386" lon="19.072229190382686">
				<ele>98.38567182049155</ele>
				<time>2026-04-19T11:05:19Z</time>
			</trkpt>
			<trkpt lat="47.35437128925593" lon="19.07222253604423">
				<ele>98.0755052017048</ele>
				<time>2026-04-19T11:05:21Z</time>
			</trkpt>
			<trkpt lat="47.35435452588624" lon="19.072208820433254">
				<ele>97.75879824347794</ele>
				<time>2026-04-19T11:05:24Z</time>
			</trkpt>
			<trkpt lat="47.35433746345674" lon="19.07219171073406">
				<ele>97.39118182845414</ele>
				<time>2026-04-19T11:05:27Z</time>
			</trkpt>
			<trkpt lat="47.354315035352016" lon="19.07217323386184">
				<ele>97.99776243697852</ele>
				<time>2026-04-19T11:05:32Z</time>
			</trkpt>
			<trkpt lat="47.354298309665474" lon="19.072161978358597">
				<ele>98.38401698041707</ele>
				<time>2026-04-19T11:05:34Z</time>
			</trkpt>
			<trkpt lat="47.35427955171125" lon="19.072155125328102">
				<ele>97.5001608794555</ele>
				<time>2026-04-19T11:05:37Z</time>
			</trkpt>
			<trkpt lat="47.35426290101939" lon="19.072148911467167">
				<ele>97.9847955275327</ele>
				<time>2026-04-19T11:05:39Z</time>
			</trkpt>
			<trkpt lat="47.354242012986944" lon="19.07214125038651">
				<ele>98.17076960019767</ele>
				<time>2026-04-19T11:05:42Z</time>
			</trkpt>
			<trkpt lat="47.35422668358524" lon="19.072129008733896">
				<ele>98.25579245574772</ele>
				<time>2026-04-19T11:05:44Z</time>
			</trkpt>
			<trkpt lat="47.354200585523095" lon="19.072114934399487">
				<ele>98.0530049232766</ele>
				<time>2026-04-19T11:05:46Z</time>
			</trkpt>
			<trkpt lat="47.35416694359844" lon="19.072094322791038">
				<ele>97.7701964257285</ele>
				<time>2026-04-19T11:05:50Z</time>
			</trkpt>
			<trkpt lat="47.3541492593206" lon="19.072075766266035">
				<ele>98.34459427930415</ele>
				<time>2026-04-19T11:05:53Z</time>
			</trkpt>
			<trkpt lat="47.35413408462621" lon="19.072063350965756">
				<ele>98.04902612231672</ele>
				<time>2026-04-19T11:05:55Z</time>
			</trkpt>
			<trkpt lat="47.354114774971144" lon="19.07204965671517">
				<ele>98.84065116010606</ele>
				<time>2026-04-19T11:05:58Z</time>
			</trkpt>
			<trkpt lat="47.35409822038141" lon="19.072034987651463">
				<ele>98.1526904515922</ele>
				<time>2026-04-19T11:06:00Z</time>
			</trkpt>
			<trkpt lat="47.3540854299027" lon="19.072020971585182">
				<ele>98.03302254807204</ele>
				<time>2026-04-19T11:06:02Z</time>
			</trkpt>
			<trkpt lat="47.354068732989504" lon="19.072004688073577">
				<ele>97.75143420044333</ele>
				<time>2026-04-19T11:06:05Z</time>
			</trkpt>
			<trkpt lat="47.35405283304372" lon="19.07199011953986">
				<ele>97.33685176540166</ele>
				<time>2026-04-19T11:06:07Z</time>
			</trkpt>
			<trkpt lat="47.35403431344163" lon="19.071968915931528">
				<ele>98.11197093408555</ele>
				<time>2026-04-19T11:06:08Z</time>
			</trkpt>
			<trkpt lat="47.354007299448185" lon="19.071944868347284">
				<ele>98.1107661454007</ele>
				<time>2026-04-19T11:06:10Z</time>
			</trkpt>
			<trkpt lat="47.35398147999141" lon="19.071920948679224">
				<ele>97.21115015354007</ele>
				<time>2026-04-19T11:06:13Z</time>
			</trkpt>
			<trkpt lat="47.35395845266786" lon="19.071904218328367">
				<ele>97.7252727067098</ele>
				<time>2026-04-19T11:06:15Z</time>
			</trkpt>
			<trkpt lat="47.35393293536708" lon="19.0718885752434">
				<ele>97.59286569990218</ele>
				<time>2026-04-19T11:06:17Z</time>
			</trkpt>
			<trkpt lat="47.35391234096702" lon="19.07188209396591">
				<ele>97.21519690286368</ele>
				<time>2026-04-19T11:06:20Z</time>
			</trkpt>
			<trkpt lat="47.35390141282747" lon="19.071877646622752">
				<ele>97.52605739142746</ele>
				<time>2026-04-19T11:06:22Z</time>
			</trkpt>
			<trkpt lat="47.35387969161498" lon="19.07186819909364">
				<ele>98.49811985436827</ele>
				<time>2026-04-19T11:06:24Z</time>
			</trkpt>
			<trkpt lat="47.35385669166846" lon="19.07185894348819">
				<ele>98.38050683867186</ele>
				<time>2026-04-19T11:06:27Z</time>
			</trkpt>
			<trkpt lat="47.3538424000036" lon="19.071844206878243">
				<ele>98.30903504509479</ele>
				<time>2026-04-19T11:06:28Z</time>
			</trkpt>
			<trkpt lat="47.35382733539479" lon="19.071834858463863">
				<ele>98.67716436833143</ele>
				<time>2026-04-19T11:06:30Z</time>
			</trkpt>
			<trkpt lat="47.35379981082139" lon="19.07182641373808">
				<ele>99.27171507198364</ele>
				<time>2026-04-19T11:06:32Z</time>
			</trkpt>
			<trkpt lat="47.35376207280711" lon="19.07180773458129">
				<ele>99.51516930013895</ele>
				<time>2026-04-19T11:06:35Z</time>
			</trkpt>
			<trkpt lat="47.35373506629908" lon="19.07179628621884">
				<ele>98.8992076786235</ele>
				<time>2026-04-19T11:06:37Z</time>
			</trkpt>
			<trkpt lat="47.353714662981204" lon="19.071784439266786">
				<ele>98.59081270638853</ele>
				<time>2026-04-19T11:06:40Z</time>
			</trkpt>
			<trkpt lat="47.35370349972954" lon="19.071778796669715">
				<ele>99.23092446476221</ele>
				<time>2026-04-19T11:06:42Z</time>
			</trkpt>
			<trkpt lat="47.3536854986346" lon="19.071772841076708">
				<ele>98.76270948816091</ele>
				<time>2026-04-19T11:06:43Z</time>
			</trkpt>
			<trkpt lat="47.35365612695123" lon="19.0717625049968">
				<ele>98.76113730762154</ele>
				<time>2026-04-19T11:06:47Z</time>
			</trkpt>
			<trkpt lat="47.35364020312162" lon="19.071744558811893">
				<ele>99.12559759616852</ele>
				<time>2026-04-19T11:06:48Z</time>
			</trkpt>
			<trkpt lat="47.3536232192001" lon="19.071736211915137">
				<ele>98.99579621199518</ele>
				<time>2026-04-19T11:06:50Z</time>
			</trkpt>
			<trkpt lat="47.35359744008832" lon="19.071715058932735">
				<ele>99.06116898544133</ele>
				<time>2026-04-19T11:06:53Z</time>
			</trkpt>
			<trkpt lat="47.353569002552156" lon="19.071698327281236">
				<ele>98.73135231155902</ele>
				<time>2026-04-19T11:06:55Z</time>
			</trkpt>
			<trkpt lat="47.353538524358996" lon="19.07169176214123">
				<ele>98.48026403412223</ele>
				<time>2026-04-19T11:06:57Z</time>
			</trkpt>
			<trkpt lat="47.35351323723793" lon="19.07168889300179">
				<ele>97.79621874913573</ele>
				<time>2026-04-19T11:06:59Z</time>
			</trkpt>
			<trkpt lat="47.35349267159869" lon="19.07168315709947">
				<ele>98.33644936978817</ele>
				<time>2026-04-19T11:07:01Z</time>
			</trkpt>
			<trkpt lat="47.35347302240675" lon="19.071662855495298">
				<ele>99.13214641995728</ele>
				<time>2026-04-19T11:07:03Z</time>
			</trkpt>
			<trkpt lat="47.353460610345714" lon="19.071640504816912">
				<ele>98.99540431331843</ele>
				<time>2026-04-19T11:07:06Z</time>
			</trkpt>
			<trkpt lat="47.353450383771104" lon="19.071627175348645">
				<ele>98.84395745862275</ele>
				<time>2026-04-19T11:07:08Z</time>
			</trkpt>
			<trkpt lat="47.35343136519863" lon="19.071610289260548">
				<ele>99.29543372616172</ele>
				<time>2026-04-19T11:07:10Z</time>
			</trkpt>
			<trkpt lat="47.35340122465803" lon="19.071603898746503">
				<ele>99.42106315586716</ele>
				<time>2026-04-19T11:07:12Z</time>
			</trkpt>
			<trkpt lat="47.35338837073715" lon="19.071588683472203">
				<ele>98.8500982588157</ele>
				<time>2026-04-19T11:07:13Z</time>
			</trkpt>
			<trkpt lat="47.353360094254256" lon="19.07157612369045">
				<ele>99.08926642965525</ele>
				<time>2026-04-19T11:07:15Z</time>
			</trkpt>
			<trkpt lat="47.35332623780288" lon="19.071571599221333">
				<ele>99.3425414590165</ele>
				<time>2026-04-19T11:07:17Z</time>
			</trkpt>
			<trkpt lat="47.35330129272948" lon="19.071558241043146">
				<ele>99.99307352211326</ele>
				<time>2026-04-19T11:07:19Z</time>
			</trkpt>
			<trkpt lat="47.35327780340443" lon="19.071547434387902">
				<ele>99.44573924411088</ele>
				<time>2026-04-19T11:07:21Z</time>
			</trkpt>
			<trkpt lat="47.353257629111866" lon="19.07153850041505">
				<ele>99.2360773012042</ele>
				<time>2026-04-19T11:07:23Z</time>
			</trkpt>
			<trkpt lat="47.353248668651034" lon="19.071525236600024">
				<ele>99.08880482893437</ele>
				<time>2026-04-19T11:07:24Z</time>
			</trkpt>
			<trkpt lat="47.35322500897157" lon="19.071493649529334">
				<ele>98.26869893725961</ele>
				<time>2026-04-19T11:07:27Z</time>
			</trkpt>
			<trkpt lat="47.3532136854386" lon="19.071484327573412">
				<ele>98.31747434940189</ele>
				<time>2026-04-19T11:07:28Z</time>
			</trkpt>
			<trkpt lat="47.35319139832853" lon="19.07146687545779">
				<ele>98.87191370688379</ele>
				<time>2026-04-19T11:07:30Z</time>
			</trkpt>
			<trkpt lat="47.353168138620056" lon="19.07146141523289">
				<ele>98.81418626569211</ele>
				<time>2026-04-19T11:07:32Z</time>
			</trkpt>
			<trkpt lat="47.35314755446231" lon="19.071455900080664">
				<ele>98.6707702241838</ele>
				<time>2026-04-19T11:07:35Z</time>
			</trkpt>
			<trkpt lat="47.35312897410482" lon="19.07143333210853">
				<ele>99.33393095619977</ele>
				<time>2026-04-19T11:07:37Z</time>
			</trkpt>
			<trkpt lat="47.353111850675106" lon="19.071429980522687">
				<ele>99.2457807790488</ele>
				<time>2026-04-19T11:07:38Z</time>
			</trkpt>
			<trkpt lat="47.3530851204244" lon="19.071419613816726">
				<ele>99.74617428146303</ele>
				<time>2026-04-19T11:07:40Z</time>
			</trkpt>
			<trkpt lat="47.35306053417435" lon="19.071406670013726">
				<ele>100.01757689937949</ele>
				<time>2026-04-19T11:07:42Z</time>
			</trkpt>
			<trkpt lat="47.353045570368145" lon="19.071394411649788">
				<ele>100.431266983971</ele>
				<time>2026-04-19T11:07:43Z</time>
			</trkpt>
			<trkpt lat="47.353019975007946" lon="19.071377759468827">
				<ele>100.19150046817958</ele>
				<time>2026-04-19T11:07:45Z</time>
			</trkpt>
			<trkpt lat="47.352985910508" lon="19.07134741680996">
				<ele>100.14131012372673</ele>
				<time>2026-04-19T11:07:48Z</time>
			</trkpt>
			<trkpt lat="47.35297279474821" lon="19.071319767123956">
				<ele>99.4373175771907</ele>
				<time>2026-04-19T11:07:50Z</time>
			</trkpt>
			<trkpt lat="47.352954589784666" lon="19.071300966967488">
				<ele>99.02558141294867</ele>
				<time>2026-04-19T11:07:52Z</time>
			</trkpt>
			<trkpt lat="47.35294351091074" lon="19.0712913844903">
				<ele>98.9524670066312</ele>
				<time>2026-04-19T11:07:54Z</time>
			</trkpt>
			<trkpt lat="47.35293576168313" lon="19.07128343354376">
				<ele>99.14745476935059</ele>
				<time>2026-04-19T11:07:56Z</time>
			</trkpt>
			<trkpt lat="47.35292766053191" lon="19.071274324933754">
				<ele>99.04828475508839</ele>
				<time>2026-04-19T11:07:58Z</time>
			</trkpt>
			<trkpt lat="47.35291514795965" lon="19.07126224206495">
				<ele>98.78121525608003</ele>
				<time>2026-04-19T11:08:01Z</time>
			</trkpt>
			<trkpt lat="47.35290171910125" lon="19.071247563163407">
				<ele>98.66045242082328</ele>
				<time>2026-04-19T11:08:04Z</time>
			</trkpt>
			<trkpt lat="47.352880588451455" lon="19.071232343093868">
				<ele>98.77110871020705</ele>
				<time>2026-04-19T11:08:08Z</time>
			</trkpt>
			<trkpt lat="47.35285683607813" lon="19.07122620357568">
				<ele>98.0716866478324</ele>
				<time>2026-04-19T11:08:11Z</time>
			</trkpt>
			<trkpt lat="47.35282855457224" lon="19.071224301446573">
				<ele>98.38992806430906</ele>
				<time>2026-04-19T11:08:13Z</time>
			</trkpt>
			<trkpt lat="47.35279824281784" lon="19.07122114176901">
				<ele>99.03967183455825</ele>
				<time>2026-04-19T11:08:15Z</time>
			</trkpt>
			<trkpt lat="47.35277991148324" lon="19.071218705172768">
				<ele>98.79547791276127</ele>
				<time>2026-04-19T11:08:17Z</time>
			</trkpt>
			<trkpt lat="47.35276246426771" lon="19.071220052239923">
				<ele>98.6280729835853</ele>
				<time>2026-04-19T11:08:18Z</time>
			</trkpt>
			<trkpt lat="47.35274550978579" lon="19.071216620860337">
				<ele>98.5114489607513</ele>
				<time>2026-04-19T11:08:20Z</time>
			</trkpt>
			<trkpt lat="47.35272459957514" lon="19.071202846787788">
				<ele>99.4723496241495</ele>
				<time>2026-04-19T11:08:22Z</time>
			</trkpt>
			<trkpt lat="47.352704650550294" lon="19.071194290758456">
				<ele>99.52646616194397</ele>
				<time>2026-04-19T11:08:23Z</time>
			</trkpt>
			<trkpt lat="47.35267352430307" lon="19.071179366082994">
				<ele>98.90271997079253</ele>
				<time>2026-04-19T11:08:27Z</time>
			</trkpt>
			<trkpt lat="47.35265453859333" lon="19.071167284189087">
				<ele>100.24342271499336</ele>
				<time>2026-04-19T11:08:29Z</time>
			</trkpt>
			<trkpt lat="47.35263054493064" lon="19.071155620922983">
				<ele>100.52819127589464</ele>
				<time>2026-04-19T11:08:31Z</time>
			</trkpt>
			<trkpt lat="47.35261172783469" lon="19.071145499136307">
				<ele>100.38308669347316</ele>
				<time>2026-04-19T11:08:34Z</time>
			</trkpt>
			<trkpt lat="47.352603403060336" lon="19.071142729337836">
				<ele>99.37525951396674</ele>
				<time>2026-04-19T11:08:36Z</time>
			</trkpt>
			<trkpt lat="47.35258255180288" lon="19.071137589821735">
				<ele>99.09612998273224</ele>
				<time>2026-04-19T11:08:38Z</time>
			</trkpt>
			<trkpt lat="47.35255540069031" lon="19.07112581062937">
				<ele>99.35024833772331</ele>
				<time>2026-04-19T11:08:40Z</time>
			</trkpt>
			<trkpt lat="47.35253389691555" lon="19.071124332884658">
				<ele>98.75233001913875</ele>
				<time>2026-04-19T11:08:41Z</time>
			</trkpt>
			<trkpt lat="47.352491378529834" lon="19.071114528731435">
				<ele>100.00700578745455</ele>
				<time>2026-04-19T11:08:44Z</time>
			</trkpt>
			<trkpt lat="47.35247407618356" lon="19.071112750267766">
				<ele>99.00898290332407</ele>
				<time>2026-04-19T11:08:46Z</time>
			</trkpt>
			<trkpt lat="47.3524523347655" lon="19.071112760114307">
				<ele>98.33373346272856</ele>
				<time>2026-04-19T11:08:48Z</time>
			</trkpt>
			<trkpt lat="47.35243435012817" lon="19.071110178277337">
				<ele>98.52625822741538</ele>
				<time>2026-04-19T11:08:50Z</time>
			</trkpt>
			<trkpt lat="47.35242149754907" lon="19.071106071065106">
				<ele>99.35249981004745</ele>
				<time>2026-04-19T11:08:52Z</time>
			</trkpt>
			<trkpt lat="47.35239903505701" lon="19.071089081175668">
				<ele>99.05870564468205</ele>
				<time>2026-04-19T11:08:54Z</time>
			</trkpt>
			<trkpt lat="47.352362703112234" lon="19.071073094988666">
				<ele>97.93607235793024</ele>
				<time>2026-04-19T11:08:57Z</time>
			</trkpt>
			<trkpt lat="47.3523474342057" lon="19.071066170616664">
				<ele>98.1242407541722</ele>
				<time>2026-04-19T11:08:59Z</time>
			</trkpt>
			<trkpt lat="47.35233662752399" lon="19.071059153999624">
				<ele>98.15733336377889</ele>
				<time>2026-04-19T11:09:01Z</time>
			</trkpt>
			<trkpt lat="47.3523221891848" lon="19.071054116775155">
				<ele>98.3793499963358</ele>
				<time>2026-04-19T11:09:04Z</time>
			</trkpt>
			<trkpt lat="47.35230152896974" lon="19.071054946126903">
				<ele>98.27490890119225</ele>
				<time>2026-04-19T11:09:05Z</time>
			</trkpt>
			<trkpt lat="47.35227506110769" lon="19.0710513797851">
				<ele>98.31947847828269</ele>
				<time>2026-04-19T11:09:08Z</time>
			</trkpt>
			<trkpt lat="47.35224936957614" lon="19.07104414857768">
				<ele>98.95948635600507</ele>
				<time>2026-04-19T11:09:10Z</time>
			</trkpt>
			<trkpt lat="47.35221272431792" lon="19.071043374676158">
				<ele>99.4156557135284</ele>
				<time>2026-04-19T11:09:12Z</time>
			</trkpt>
			<trkpt lat="47.35218344195216" lon="19.071041613507354">
				<ele>99.52003843989223</ele>
				<time>2026-04-19T11:09:15Z</time>
			</trkpt>
			<trkpt lat="47.35216494735811" lon="19.07103324758952">
				<ele>99.15006248280406</ele>
				<time>2026-04-19T11:09:18Z</time>
			</trkpt>
			<trkpt lat="47.35214167854281" lon="19.071017309012774">
				<ele>99.11549589410424</ele>
				<time>2026-04-19T11:09:20Z</time>
			</trkpt>
			<trkpt lat="47.35212275868115" lon="19.07100982102106">
				<ele>98.58440885134041</ele>
				<time>2026-04-19T11:09:22Z</time>
			</trkpt>
			<trkpt lat="47.352107690285" lon="19.071001894384807">
				<ele>98.8684618268162</ele>
				<time>2026-04-19T11:09:24Z</time>
			</trkpt>
			<trkpt lat="47.35207577338124" lon="19.07098396253512">
				<ele>98.46162319462746</ele>
				<time>2026-04-19T11:09:27Z</time>
			</trkpt>
			<trkpt lat="47.35204110159493" lon="19.07097530177008">
				<ele>99.37950280774385</ele>
				<time>2026-04-19T11:09:29Z</time>
			</trkpt>
			<trkpt lat="47.35200200641848" lon="19.070959416271375">
				<ele>99.17474225629121</ele>
				<time>2026-04-19T11:09:32Z</time>
			</trkpt>
			<trkpt lat="47.35197965582019" lon="19.070953031514918">
				<ele>98.91578911803663</ele>
				<time>2026-04-19T11:09:34Z</time>
			</trkpt>
			<trkpt lat="47.35195403022245" lon="19.070953985908776">
				<ele>98.97896488942206</ele>
				<time>2026-04-19T11:09:36Z</time>
			</trkpt>
			<trkpt lat="47.35193052387986" lon="19.070958214495754">
				<ele>99.73932743817568</ele>
				<time>2026-04-19T11:09:38Z</time>
			</trkpt>
			<trkpt lat="47.35190860683292" lon="19.070961974296576">
				<ele>100.06349677592516</ele>
				<time>2026-04-19T11:09:40Z</time>
			</trkpt>
			<trkpt lat="47.35189435336572" lon="19.07095804110446">
				<ele>99.84371528681368</ele>
				<time>2026-04-19T11:09:41Z</time>
			</trkpt>
			<trkpt lat="47.351855535764145" lon="19.070951092569338">
				<ele>99.60832575149834</ele>
				<time>2026-04-19T11:09:44Z</time>
			</trkpt>
			<trkpt lat="47.351839398789956" lon="19.070940686609237">
				<ele>99.1750820055604</ele>
				<time>2026-04-19T11:09:45Z</time>
			</trkpt>
			<trkpt lat="47.35181773503655" lon="19.070924149643346">
				<ele>98.99556303024292</ele>
				<time>2026-04-19T11:09:48Z</time>
			</trkpt>
			<trkpt lat="47.351805523628464" lon="19.07091143672703">
				<ele>99.07535935658962</ele>
				<time>2026-04-19T11:09:49Z</time>
			</trkpt>
			<trkpt lat="47.35178391287307" lon="19.07089594574976">
				<ele>99.10593480337411</ele>
				<time>2026-04-19T11:09:51Z</time>
			</trkpt>
			<trkpt lat="47.35176950116911" lon="19.070885474944664">
				<ele>98.87595266569406</ele>
				<time>2026-04-19T11:09:53Z</time>
			</trkpt>
			<trkpt lat="47.35176006188096" lon="19.070877443415178">
				<ele>98.7327375439927</ele>
				<time>2026-04-19T11:09:55Z</time>
			</trkpt>
			<trkpt lat="47.35175051856554" lon="19.070868533800333">
				<ele>98.7716767359525</ele>
				<time>2026-04-19T11:09:57Z</time>
			</trkpt>
			<trkpt lat="47.35172855699089" lon="19.070864033287123">
				<ele>98.62149434071034</ele>
				<time>2026-04-19T11:09:59Z</time>
			</trkpt>
			<trkpt lat="47.35170623021527" lon="19.070855987277874">
				<ele>99.7051252964884</ele>
				<time>2026-04-19T11:10:00Z</time>
			</trkpt>
			<trkpt lat="47.35167652007258" lon="19.070856467725214">
				<ele>99.90829536225647</ele>
				<time>2026-04-19T11:10:02Z</time>
			</trkpt>
			<trkpt lat="47.3516407354102" lon="19.070847862549673">
				<ele>99.64606974367052</ele>
				<time>2026-04-19T11:10:05Z</time>
			</trkpt>
			<trkpt lat="47.35161959711789" lon="19.07083947273864">
				<ele>100.01286910288036</ele>
				<time>2026-04-19T11:10:07Z</time>
			</trkpt>
			<trkpt lat="47.35160576170234" lon="19.07084364145638">
				<ele>99.6565777361393</ele>
				<time>2026-04-19T11:10:08Z</time>
			</trkpt>
			<trkpt lat="47.35159099256515" lon="19.07084521643039">
				<ele>99.68987440038472</ele>
				<time>2026-04-19T11:10:10Z</time>
			</trkpt>
			<trkpt lat="47.351567827836114" lon="19.070843437960832">
				<ele>99.05676952470094</ele>
				<time>2026-04-19T11:10:12Z</time>
			</trkpt>
			<trkpt lat="47.351549860390115" lon="19.07084368362265">
				<ele>99.86978576611727</ele>
				<time>2026-04-19T11:10:14Z</time>
			</trkpt>
			<trkpt lat="47.35152417523539" lon="19.07083416959425">
				<ele>99.46214610897005</ele>
				<time>2026-04-19T11:10:16Z</time>
			</trkpt>
			<trkpt lat="47.351491722725505" lon="19.070830603440523">
				<ele>98.65277138911188</ele>
				<time>2026-04-19T11:10:18Z</time>
			</trkpt>
			<trkpt lat="47.35146491712201" lon="19.07082057064">
				<ele>99.49044565483928</ele>
				<time>2026-04-19T11:10:20Z</time>
			</trkpt>
			<trkpt lat="47.35143724551241" lon="19.0708170742815">
				<ele>99.05400739330798</ele>
				<time>2026-04-19T11:10:22Z</time>
			</trkpt>
			<trkpt lat="47.35141985431566" lon="19.07081717788167">
				<ele>98.48114320170134</ele>
				<time>2026-04-19T11:10:24Z</time>
			</trkpt>
			<trkpt lat="47.351403007339364" lon="19.07081505584774">
				<ele>99.58865572046489</ele>
				<time>2026-04-19T11:10:25Z</time>
			</trkpt>
			<trkpt lat="47.3513743636036" lon="19.07080827610412">
				<ele>99.05504623055458</ele>
				<time>2026-04-19T11:10:27Z</time>
			</trkpt>
			<trkpt lat="47.35134571380454" lon="19.070800930168378">
				<ele>99.1089333910495</ele>
				<time>2026-04-19T11:10:29Z</time>
			</trkpt>
			<trkpt lat="47.35130963846189" lon="19.070788079774672">
				<ele>99.33849274925888</ele>
				<time>2026-04-19T11:10:32Z</time>
			</trkpt>
			<trkpt lat="47.35127378366104" lon="19.070790916846466">
				<ele>98.99083307757974</ele>
				<time>2026-04-19T11:10:35Z</time>
			</trkpt>
			<trkpt lat="47.35124758200029" lon="19.07078539479741">
				<ele>98.93593489658087</ele>
				<time>2026-04-19T11:10:37Z</time>
			</trkpt>
			<trkpt lat="47.35122406296153" lon="19.070776026080445">
				<ele>98.32467363867909</ele>
				<time>2026-04-19T11:10:39Z</time>
			</trkpt>
			<trkpt lat="47.351201632599945" lon="19.070770688634628">
				<ele>98.78969232551754</ele>
				<time>2026-04-19T11:10:41Z</time>
			</trkpt>
			<trkpt lat="47.35118914122713" lon="19.07076484018516">
				<ele>98.88941139820963</ele>
				<time>2026-04-19T11:10:43Z</time>
			</trkpt>
			<trkpt lat="47.35117150826972" lon="19.070755931342237">
				<ele>99.00606247130781</ele>
				<time>2026-04-19T11:10:45Z</time>
			</trkpt>
			<trkpt lat="47.35115791778337" lon="19.070750573144643">
				<ele>99.97269389033318</ele>
				<time>2026-04-19T11:10:47Z</time>
			</trkpt>
			<trkpt lat="47.35114169457307" lon="19.070750804117175">
				<ele>99.27532313205302</ele>
				<time>2026-04-19T11:10:48Z</time>
			</trkpt>
			<trkpt lat="47.35112561033925" lon="19.07075426764431">
				<ele>99.98206593841314</ele>
				<time>2026-04-19T11:10:50Z</time>
			</trkpt>
			<trkpt lat="47.35110283434264" lon="19.07076386335065">
				<ele>100.48530694004148</ele>
				<time>2026-04-19T11:10:52Z</time>
			</trkpt>
			<trkpt lat="47.35107458391977" lon="19.07077253645153">
				<ele>100.98605459276587</ele>
				<time>2026-04-19T11:10:53Z</time>
			</trkpt>
			<trkpt lat="47.351041114087884" lon="19.070783692124053">
				<ele>102.1822606837377</ele>
				<time>2026-04-19T11:10:56Z</time>
			</trkpt>
			<trkpt lat="47.35101220571575" lon="19.070783525882092">
				<ele>101.93998943734914</ele>
				<time>2026-04-19T11:10:58Z</time>
			</trkpt>
			<trkpt lat="47.35097220920231" lon="19.07078764388385">
				<ele>101.50308728404343</ele>
				<time>2026-04-19T11:11:01Z</time>
			</trkpt>
			<trkpt lat="47.3509438733164" lon="19.070787892087143">
				<ele>102.19533595535904</ele>
				<time>2026-04-19T11:11:03Z</time>
			</trkpt>
			<trkpt lat="47.350909827221855" lon="19.07079038708187">
				<ele>101.98140308726579</ele>
				<time>2026-04-19T11:11:06Z</time>
			</trkpt>
			<trkpt lat="47.35089599549453" lon="19.070779441502555">
				<ele>100.81506488285959</ele>
				<time>2026-04-19T11:11:08Z</time>
			</trkpt>
			<trkpt lat="47.350886414680275" lon="19.070774185180667">
				<ele>100.76595862582326</ele>
				<time>2026-04-19T11:11:10Z</time>
			</trkpt>
			<trkpt lat="47.35087118560662" lon="19.070772947125047">
				<ele>100.01713332720101</ele>
				<time>2026-04-19T11:11:12Z</time>
			</trkpt>
			<trkpt lat="47.35085909726324" lon="19.070768758766324">
				<ele>100.37228982709348</ele>
				<time>2026-04-19T11:11:14Z</time>
			</trkpt>
			<trkpt lat="47.35083738586025" lon="19.070766424541056">
				<ele>100.83811681251973</ele>
				<time>2026-04-19T11:11:16Z</time>
			</trkpt>
			<trkpt lat="47.35081364459196" lon="19.070760158994457">
				<ele>100.21542239189148</ele>
				<time>2026-04-19T11:11:19Z</time>
			</trkpt>
			<trkpt lat="47.35080138807388" lon="19.070754448656245">
				<ele>100.1317727342248</ele>
				<time>2026-04-19T11:11:21Z</time>
			</trkpt>
			<trkpt lat="47.350772197306135" lon="19.07075229920518">
				<ele>101.18513776455075</ele>
				<time>2026-04-19T11:11:24Z</time>
			</trkpt>
			<trkpt lat="47.35074550172317" lon="19.0707390000352">
				<ele>101.05096785910428</ele>
				<time>2026-04-19T11:11:26Z</time>
			</trkpt>
			<trkpt lat="47.35071168651122" lon="19.07072886141597">
				<ele>100.21575715206563</ele>
				<time>2026-04-19T11:11:29Z</time>
			</trkpt>
			<trkpt lat="47.35069156510777" lon="19.070723463665544">
				<ele>100.74499069154263</ele>
				<time>2026-04-19T11:11:32Z</time>
			</trkpt>
			<trkpt lat="47.35068253285076" lon="19.07071925304029">
				<ele>100.6964806271717</ele>
				<time>2026-04-19T11:11:34Z</time>
			</trkpt>
			<trkpt lat="47.350673273818195" lon="19.070714099852903">
				<ele>100.75650111399591</ele>
				<time>2026-04-19T11:11:36Z</time>
			</trkpt>
			<trkpt lat="47.35066082463419" lon="19.070706022034933">
				<ele>100.77307183481753</ele>
				<time>2026-04-19T11:11:39Z</time>
			</trkpt>
			<trkpt lat="47.35064557123611" lon="19.07069708122498">
				<ele>100.39916828367859</ele>
				<time>2026-04-19T11:11:42Z</time>
			</trkpt>
			<trkpt lat="47.350630757072864" lon="19.070689515154363">
				<ele>100.71889293193817</ele>
				<time>2026-04-19T11:11:45Z</time>
			</trkpt>
			<trkpt lat="47.35061777388147" lon="19.070682281867512">
				<ele>100.82755047176033</ele>
				<time>2026-04-19T11:11:47Z</time>
			</trkpt>
			<trkpt lat="47.350568969613946" lon="19.07069173780636">
				<ele>101.99725111853331</ele>
				<time>2026-04-19T11:11:57Z</time>
			</trkpt>
			<trkpt lat="47.350539576637246" lon="19.07070304449811">
				<ele>101.51941354479641</ele>
				<time>2026-04-19T11:11:59Z</time>
			</trkpt>
			<trkpt lat="47.350517128321286" lon="19.070712973797992">
				<ele>101.67468332219869</ele>
				<time>2026-04-19T11:12:01Z</time>
			</trkpt>
			<trkpt lat="47.35049031659683" lon="19.070721670003728">
				<ele>101.32553492579609</ele>
				<time>2026-04-19T11:12:02Z</time>
			</trkpt>
			<trkpt lat="47.35046216686654" lon="19.070728482538716">
				<ele>102.09739734325558</ele>
				<time>2026-04-19T11:12:05Z</time>
			</trkpt>
			<trkpt lat="47.35044286738796" lon="19.070735428680017">
				<ele>101.46869781892747</ele>
				<time>2026-04-19T11:12:06Z</time>
			</trkpt>
			<trkpt lat="47.350415894567334" lon="19.07074132460425">
				<ele>100.95504430495203</ele>
				<time>2026-04-19T11:12:08Z</time>
			</trkpt>
			<trkpt lat="47.350397440177716" lon="19.0707433178455">
				<ele>101.85285024158657</ele>
				<time>2026-04-19T11:12:10Z</time>
			</trkpt>
			<trkpt lat="47.3503777344518" lon="19.070748209678225">
				<ele>101.9972920063883</ele>
				<time>2026-04-19T11:12:11Z</time>
			</trkpt>
			<trkpt lat="47.35034794082772" lon="19.070751562898874">
				<ele>101.81073635909706</ele>
				<time>2026-04-19T11:12:13Z</time>
			</trkpt>
			<trkpt lat="47.35033179179211" lon="19.070743193048834">
				<ele>101.82755600102246</ele>
				<time>2026-04-19T11:12:14Z</time>
			</trkpt>
			<trkpt lat="47.35030238263986" lon="19.070736598287933">
				<ele>102.58905356749892</ele>
				<time>2026-04-19T11:12:16Z</time>
			</trkpt>
			<trkpt lat="47.35027440285872" lon="19.070742015007955">
				<ele>102.53397980052978</ele>
				<time>2026-04-19T11:12:18Z</time>
			</trkpt>
			<trkpt lat="47.35024521233087" lon="19.07073500769784">
				<ele>102.94092830829322</ele>
				<time>2026-04-19T11:12:20Z</time>
			</trkpt>
			<trkpt lat="47.35023092905486" lon="19.07073491065917">
				<ele>103.3829971505329</ele>
				<time>2026-04-19T11:12:22Z</time>
			</trkpt>
			<trkpt lat="47.35021745871364" lon="19.07074272291867">
				<ele>103.30604568030685</ele>
				<time>2026-04-19T11:12:23Z</time>
			</trkpt>
			<trkpt lat="47.35019054415182" lon="19.07075114615854">
				<ele>103.31764762382954</ele>
				<time>2026-04-19T11:12:25Z</time>
			</trkpt>
			<trkpt lat="47.350171267660336" lon="19.070748867605886">
				<ele>102.80656626261771</ele>
				<time>2026-04-19T11:12:26Z</time>
			</trkpt>
			<trkpt lat="47.350138359932124" lon="19.07074609795181">
				<ele>103.04322311468422</ele>
				<time>2026-04-19T11:12:28Z</time>
			</trkpt>
			<trkpt lat="47.35010642117332" lon="19.070747384637436">
				<ele>102.51640535611659</ele>
				<time>2026-04-19T11:12:30Z</time>
			</trkpt>
			<trkpt lat="47.350087444879" lon="19.070758721802026">
				<ele>103.12993370834738</ele>
				<time>2026-04-19T11:12:31Z</time>
			</trkpt>
			<trkpt lat="47.350067753261364" lon="19.070761491864626">
				<ele>103.04459555912763</ele>
				<time>2026-04-19T11:12:32Z</time>
			</trkpt>
			<trkpt lat="47.350033206729364" lon="19.070759481760692">
				<ele>102.30950252246112</ele>
				<time>2026-04-19T11:12:34Z</time>
			</trkpt>
			<trkpt lat="47.349999640430795" lon="19.07075741045173">
				<ele>102.00304667651653</ele>
				<time>2026-04-19T11:12:36Z</time>
			</trkpt>
			<trkpt lat="47.34996900050887" lon="19.070760609651987">
				<ele>101.136266306974</ele>
				<time>2026-04-19T11:12:38Z</time>
			</trkpt>
			<trkpt lat="47.34994459784902" lon="19.070760773120654">
				<ele>101.10502467490733</ele>
				<time>2026-04-19T11:12:40Z</time>
			</trkpt>
			<trkpt lat="47.34992298142778" lon="19.07075759251687">
				<ele>101.04926141910255</ele>
				<time>2026-04-19T11:12:42Z</time>
			</trkpt>
			<trkpt lat="47.34991287746591" lon="19.070751390708573">
				<ele>101.43008166365325</ele>
				<time>2026-04-19T11:12:44Z</time>
			</trkpt>
			<trkpt lat="47.34989886161327" lon="19.070748940974305">
				<ele>100.29587317444384</ele>
				<time>2026-04-19T11:12:46Z</time>
			</trkpt>
			<trkpt lat="47.34988310503035" lon="19.0707474364997">
				<ele>100.15406709443778</ele>
				<time>2026-04-19T11:12:49Z</time>
			</trkpt>
			<trkpt lat="47.34987071413912" lon="19.070745214057705">
				<ele>100.44894957821816</ele>
				<time>2026-04-19T11:12:52Z</time>
			</trkpt>
			<trkpt lat="47.34985274376303" lon="19.070743458810444">
				<ele>99.8197969449684</ele>
				<time>2026-04-19T11:12:55Z</time>
			</trkpt>
			<trkpt lat="47.34983222891239" lon="19.070741530409133">
				<ele>100.36192998569459</ele>
				<time>2026-04-19T11:12:58Z</time>
			</trkpt>
			<trkpt lat="47.349815311635425" lon="19.070741593752114">
				<ele>100.64420699048787</ele>
				<time>2026-04-19T11:13:00Z</time>
			</trkpt>
			<trkpt lat="47.34978588361881" lon="19.070746560986734">
				<ele>100.90702243614942</ele>
				<time>2026-04-19T11:13:03Z</time>
			</trkpt>
			<trkpt lat="47.3497577440083" lon="19.070762932884477">
				<ele>100.60653686244041</ele>
				<time>2026-04-19T11:13:05Z</time>
			</trkpt>
			<trkpt lat="47.3497338412737" lon="19.07077876993302">
				<ele>101.25610855501145</ele>
				<time>2026-04-19T11:13:08Z</time>
			</trkpt>
			<trkpt lat="47.34971757983604" lon="19.07078975713776">
				<ele>101.22996567096561</ele>
				<time>2026-04-19T11:13:11Z</time>
			</trkpt>
			<trkpt lat="47.34970293668573" lon="19.070799140042478">
				<ele>100.67299093306065</ele>
				<time>2026-04-19T11:13:13Z</time>
			</trkpt>
			<trkpt lat="47.34968193216332" lon="19.070806965310293">
				<ele>101.18800205551088</ele>
				<time>2026-04-19T11:13:16Z</time>
			</trkpt>
			<trkpt lat="47.349658423201724" lon="19.070816801517097">
				<ele>100.67682892736048</ele>
				<time>2026-04-19T11:13:19Z</time>
			</trkpt>
			<trkpt lat="47.34963976492741" lon="19.07082351236027">
				<ele>101.74254874698818</ele>
				<time>2026-04-19T11:13:21Z</time>
			</trkpt>
			<trkpt lat="47.349615380918074" lon="19.070823456634137">
				<ele>102.13007006514817</ele>
				<time>2026-04-19T11:13:23Z</time>
			</trkpt>
			<trkpt lat="47.349580113457186" lon="19.070824011684106">
				<ele>101.74180325120687</ele>
				<time>2026-04-19T11:13:26Z</time>
			</trkpt>
			<trkpt lat="47.34955651018459" lon="19.070834005371843">
				<ele>100.87840330135077</ele>
				<time>2026-04-19T11:13:28Z</time>
			</trkpt>
			<trkpt lat="47.34952945222225" lon="19.070837804611394">
				<ele>101.3407709589228</ele>
				<time>2026-04-19T11:13:30Z</time>
			</trkpt>
			<trkpt lat="47.34949856584109" lon="19.07083122342922">
				<ele>101.5252596391365</ele>
				<time>2026-04-19T11:13:33Z</time>
			</trkpt>
			<trkpt lat="47.349495042591585" lon="19.070838450178265">
				<ele>100.9124865802005</ele>
				<time>2026-04-19T11:13:34Z</time>
			</trkpt>
			<trkpt lat="47.34947718993767" lon="19.070836654107516">
				<ele>101.04133010469377</ele>
				<time>2026-04-19T11:13:36Z</time>
			</trkpt>
			<trkpt lat="47.34945851263751" lon="19.070836489043188">
				<ele>100.4180901562795</ele>
				<time>2026-04-19T11:13:39Z</time>
			</trkpt>
			<trkpt lat="47.349448744121396" lon="19.070842763439686">
				<ele>100.07278564106673</ele>
				<time>2026-04-19T11:13:41Z</time>
			</trkpt>
			<trkpt lat="47.349437362273186" lon="19.070842365356278">
				<ele>100.84160057455301</ele>
				<time>2026-04-19T11:13:43Z</time>
			</trkpt>
			<trkpt lat="47.34941783037055" lon="19.070839856544954">
				<ele>100.00403322651982</ele>
				<time>2026-04-19T11:13:46Z</time>
			</trkpt>
			<trkpt lat="47.34939944390311" lon="19.07084142659774">
				<ele>99.46664101537317</ele>
				<time>2026-04-19T11:13:48Z</time>
			</trkpt>
			<trkpt lat="47.34938214228644" lon="19.070846046119968">
				<ele>100.63428729306906</ele>
				<time>2026-04-19T11:13:50Z</time>
			</trkpt>
			<trkpt lat="47.349366349658986" lon="19.070841124983254">
				<ele>100.50160647649318</ele>
				<time>2026-04-19T11:13:52Z</time>
			</trkpt>
			<trkpt lat="47.349343708520415" lon="19.070841499856627">
				<ele>99.89293385669589</ele>
				<time>2026-04-19T11:13:55Z</time>
			</trkpt>
			<trkpt lat="47.34932450437149" lon="19.070839024145176">
				<ele>100.15155102871358</ele>
				<time>2026-04-19T11:13:57Z</time>
			</trkpt>
			<trkpt lat="47.349300346339156" lon="19.070840950924755">
				<ele>99.9817587826401</ele>
				<time>2026-04-19T11:13:59Z</time>
			</trkpt>
			<trkpt lat="47.34928126585489" lon="19.070843829283774">
				<ele>99.49320759065449</ele>
				<time>2026-04-19T11:14:01Z</time>
			</trkpt>
			<trkpt lat="47.34926587712193" lon="19.07084555686065">
				<ele>99.47792910411954</ele>
				<time>2026-04-19T11:14:03Z</time>
			</trkpt>
			<trkpt lat="47.34923698919046" lon="19.070851070532303">
				<ele>99.7197012482211</ele>
				<time>2026-04-19T11:14:05Z</time>
			</trkpt>
			<trkpt lat="47.34918851964995" lon="19.07086027519717">
				<ele>100.72697237599641</ele>
				<time>2026-04-19T11:14:08Z</time>
			</trkpt>
			<trkpt lat="47.34915818389885" lon="19.070863335296163">
				<ele>100.44065822474658</ele>
				<time>2026-04-19T11:14:10Z</time>
			</trkpt>
			<trkpt lat="47.349134387051194" lon="19.070857080615166">
				<ele>99.72828385885805</ele>
				<time>2026-04-19T11:14:13Z</time>
			</trkpt>
			<trkpt lat="47.34911212124325" lon="19.070849939182125">
				<ele>99.71506644133478</ele>
				<time>2026-04-19T11:14:15Z</time>
			</trkpt>
			<trkpt lat="47.349093849180775" lon="19.070852644068342">
				<ele>99.62878723442554</ele>
				<time>2026-04-19T11:14:16Z</time>
			</trkpt>
			<trkpt lat="47.34906278089003" lon="19.070855859869926">
				<ele>99.86487532872707</ele>
				<time>2026-04-19T11:14:18Z</time>
			</trkpt>
			<trkpt lat="47.34903634960181" lon="19.070845144894783">
				<ele>99.18454855773598</ele>
				<time>2026-04-19T11:14:20Z</time>
			</trkpt>
			<trkpt lat="47.3490134760102" lon="19.07083693078756">
				<ele>99.20257359184325</ele>
				<time>2026-04-19T11:14:22Z</time>
			</trkpt>
			<trkpt lat="47.348992267314046" lon="19.070833500478155">
				<ele>99.01675468310714</ele>
				<time>2026-04-19T11:14:24Z</time>
			</trkpt>
			<trkpt lat="47.348980912289775" lon="19.070827372238924">
				<ele>99.55686157103628</ele>
				<time>2026-04-19T11:14:26Z</time>
			</trkpt>
			<trkpt lat="47.34897100593" lon="19.070819085696282">
				<ele>99.78821743931621</ele>
				<time>2026-04-19T11:14:28Z</time>
			</trkpt>
			<trkpt lat="47.34895875685737" lon="19.070810579611802">
				<ele>99.87273378297687</ele>
				<time>2026-04-19T11:14:30Z</time>
			</trkpt>
			<trkpt lat="47.348941971072264" lon="19.07080197111979">
				<ele>99.82064094208181</ele>
				<time>2026-04-19T11:14:33Z</time>
			</trkpt>
			<trkpt lat="47.348926663385605" lon="19.07079377561512">
				<ele>100.49227346945554</ele>
				<time>2026-04-19T11:14:35Z</time>
			</trkpt>
			<trkpt lat="47.34890683321626" lon="19.07078262050607">
				<ele>100.64868464879692</ele>
				<time>2026-04-19T11:14:38Z</time>
			</trkpt>
			<trkpt lat="47.34888672814395" lon="19.070771064436784">
				<ele>100.37426371406764</ele>
				<time>2026-04-19T11:14:41Z</time>
			</trkpt>
			<trkpt lat="47.348865372210604" lon="19.070764497184253">
				<ele>100.05977883283049</ele>
				<time>2026-04-19T11:14:44Z</time>
			</trkpt>
			<trkpt lat="47.34884487662199" lon="19.07076706246648">
				<ele>100.45626707840711</ele>
				<time>2026-04-19T11:14:47Z</time>
			</trkpt>
			<trkpt lat="47.3488138542508" lon="19.070774797240908">
				<ele>100.88570208847523</ele>
				<time>2026-04-19T11:14:50Z</time>
			</trkpt>
			<trkpt lat="47.348786059406905" lon="19.07078847358309">
				<ele>100.12925465777516</ele>
				<time>2026-04-19T11:14:52Z</time>
			</trkpt>
			<trkpt lat="47.34874531233274" lon="19.07081188618235">
				<ele>100.6615401180461</ele>
				<time>2026-04-19T11:14:55Z</time>
			</trkpt>
			<trkpt lat="47.34872174097877" lon="19.070815289986097">
				<ele>101.53650729358196</ele>
				<time>2026-04-19T11:14:58Z</time>
			</trkpt>
			<trkpt lat="47.34870849162905" lon="19.0708197654173">
				<ele>101.01838693488389</ele>
				<time>2026-04-19T11:14:59Z</time>
			</trkpt>
			<trkpt lat="47.34868766037227" lon="19.070820605335417">
				<ele>100.51965350285172</ele>
				<time>2026-04-19T11:15:01Z</time>
			</trkpt>
			<trkpt lat="47.34867209001761" lon="19.070820204346216">
				<ele>101.17280880734324</ele>
				<time>2026-04-19T11:15:03Z</time>
			</trkpt>
			<trkpt lat="47.34866057841266" lon="19.07081736644931">
				<ele>101.47973769996315</ele>
				<time>2026-04-19T11:15:05Z</time>
			</trkpt>
			<trkpt lat="47.34864753518622" lon="19.07081295611578">
				<ele>100.90300466213375</ele>
				<time>2026-04-19T11:15:07Z</time>
			</trkpt>
			<trkpt lat="47.348633297286526" lon="19.070808554861166">
				<ele>100.9971544938162</ele>
				<time>2026-04-19T11:15:09Z</time>
			</trkpt>
			<trkpt lat="47.348615081551536" lon="19.07080479570221">
				<ele>101.29122519865632</ele>
				<time>2026-04-19T11:15:12Z</time>
			</trkpt>
			<trkpt lat="47.34859468375822" lon="19.070811544515717">
				<ele>100.97274680994451</ele>
				<time>2026-04-19T11:15:13Z</time>
			</trkpt>
			<trkpt lat="47.34857387452322" lon="19.07082581577111">
				<ele>101.23276342637837</ele>
				<time>2026-04-19T11:15:16Z</time>
			</trkpt>
			<trkpt lat="47.34856082200419" lon="19.07083808474876">
				<ele>101.30125158652663</ele>
				<time>2026-04-19T11:15:18Z</time>
			</trkpt>
			<trkpt lat="47.34854662953948" lon="19.070842490499302">
				<ele>102.42382078431547</ele>
				<time>2026-04-19T11:15:20Z</time>
			</trkpt>
			<trkpt lat="47.34851838279648" lon="19.070847260340535">
				<ele>101.69012712966651</ele>
				<time>2026-04-19T11:15:22Z</time>
			</trkpt>
			<trkpt lat="47.34849559237416" lon="19.07085507133371">
				<ele>101.70328055042773</ele>
				<time>2026-04-19T11:15:24Z</time>
			</trkpt>
			<trkpt lat="47.348479103015535" lon="19.07086711353956">
				<ele>101.80631532892585</ele>
				<time>2026-04-19T11:15:26Z</time>
			</trkpt>
			<trkpt lat="47.348460964640964" lon="19.070879449540946">
				<ele>101.83927860483527</ele>
				<time>2026-04-19T11:15:28Z</time>
			</trkpt>
			<trkpt lat="47.34842813168901" lon="19.07089733409183">
				<ele>101.54162507504225</ele>
				<time>2026-04-19T11:15:30Z</time>
			</trkpt>
			<trkpt lat="47.348389149839264" lon="19.070913867759685">
				<ele>101.56914517376572</ele>
				<time>2026-04-19T11:15:32Z</time>
			</trkpt>
			<trkpt lat="47.34836012947892" lon="19.070913346770542">
				<ele>100.6495270114392</ele>
				<time>2026-04-19T11:15:34Z</time>
			</trkpt>
			<trkpt lat="47.34833187425485" lon="19.070914643246624">
				<ele>100.62026341445744</ele>
				<time>2026-04-19T11:15:36Z</time>
			</trkpt>
			<trkpt lat="47.34831295241652" lon="19.07091688848471">
				<ele>101.01728491205722</ele>
				<time>2026-04-19T11:15:38Z</time>
			</trkpt>
			<trkpt lat="47.34829986067458" lon="19.070917351474062">
				<ele>100.57708931248635</ele>
				<time>2026-04-19T11:15:40Z</time>
			</trkpt>
			<trkpt lat="47.348285660736465" lon="19.07091733041236">
				<ele>100.61297311354429</ele>
				<time>2026-04-19T11:15:42Z</time>
			</trkpt>
			<trkpt lat="47.34827097156655" lon="19.070916941807802">
				<ele>101.01659592520446</ele>
				<time>2026-04-19T11:15:44Z</time>
			</trkpt>
			<trkpt lat="47.34825019709666" lon="19.07091717721279">
				<ele>101.45536668319255</ele>
				<time>2026-04-19T11:15:47Z</time>
			</trkpt>
			<trkpt lat="47.34823128939445" lon="19.07091844378723">
				<ele>101.70844103209674</ele>
				<time>2026-04-19T11:15:49Z</time>
			</trkpt>
			<trkpt lat="47.348211660746884" lon="19.070919366909344">
				<ele>101.73945957422256</ele>
				<time>2026-04-19T11:15:52Z</time>
			</trkpt>
			<trkpt lat="47.34818649312947" lon="19.07092053690678">
				<ele>100.00612631626427</ele>
				<time>2026-04-19T11:15:54Z</time>
			</trkpt>
			<trkpt lat="47.34815482188886" lon="19.070920814914153">
				<ele>101.5947742657736</ele>
				<time>2026-04-19T11:15:58Z</time>
			</trkpt>
			<trkpt lat="47.34813565175473" lon="19.070919544169605">
				<ele>101.62764089554548</ele>
				<time>2026-04-19T11:16:01Z</time>
			</trkpt>
			<trkpt lat="47.34810744304995" lon="19.070938378395958">
				<ele>103.32841053046286</ele>
				<time>2026-04-19T11:16:04Z</time>
			</trkpt>
			<trkpt lat="47.34808261760892" lon="19.07096659047823">
				<ele>102.76926553342491</ele>
				<time>2026-04-19T11:16:08Z</time>
			</trkpt>
			<trkpt lat="47.34807211818186" lon="19.07097688765374">
				<ele>102.33840049151331</ele>
				<time>2026-04-19T11:16:11Z</time>
			</trkpt>
			<trkpt lat="47.34806011440924" lon="19.070984013995357">
				<ele>102.527179364115</ele>
				<time>2026-04-19T11:16:14Z</time>
			</trkpt>
			<trkpt lat="47.34804849176426" lon="19.07099261552709">
				<ele>101.85025366861373</ele>
				<time>2026-04-19T11:16:16Z</time>
			</trkpt>
			<trkpt lat="47.34803318447098" lon="19.07099904413095">
				<ele>102.04678946826607</ele>
				<time>2026-04-19T11:16:19Z</time>
			</trkpt>
			<trkpt lat="47.34801502284018" lon="19.071003975521275">
				<ele>102.64883917942643</ele>
				<time>2026-04-19T11:16:22Z</time>
			</trkpt>
			<trkpt lat="47.34799416370478" lon="19.071012285149408">
				<ele>102.87934776302427</ele>
				<time>2026-04-19T11:16:25Z</time>
			</trkpt>
			<trkpt lat="47.347971139978874" lon="19.07102430422573">
				<ele>102.68324892036617</ele>
				<time>2026-04-19T11:16:26Z</time>
			</trkpt>
			<trkpt lat="47.34793889237881" lon="19.07104360619072">
				<ele>101.88119870144874</ele>
				<time>2026-04-19T11:16:30Z</time>
			</trkpt>
			<trkpt lat="47.3479214107279" lon="19.07105349998354">
				<ele>101.43844712805003</ele>
				<time>2026-04-19T11:16:32Z</time>
			</trkpt>
			<trkpt lat="47.34790083576023" lon="19.07105999108793">
				<ele>101.20753899309784</ele>
				<time>2026-04-19T11:16:35Z</time>
			</trkpt>
			<trkpt lat="47.34787812402447" lon="19.071063947089574">
				<ele>101.48403880465776</ele>
				<time>2026-04-19T11:16:38Z</time>
			</trkpt>
			<trkpt lat="47.347857696302825" lon="19.071072156683">
				<ele>101.68797657359391</ele>
				<time>2026-04-19T11:16:41Z</time>
			</trkpt>
			<trkpt lat="47.34783822400593" lon="19.071082874064793">
				<ele>102.58320957608521</ele>
				<time>2026-04-19T11:16:44Z</time>
			</trkpt>
			<trkpt lat="47.34781085944151" lon="19.071094804548427">
				<ele>100.86856400873512</ele>
				<time>2026-04-19T11:16:47Z</time>
			</trkpt>
			<trkpt lat="47.34778372901885" lon="19.071096543588315">
				<ele>101.2772542880848</ele>
				<time>2026-04-19T11:16:51Z</time>
			</trkpt>
			<trkpt lat="47.34776851141736" lon="19.07109280819849">
				<ele>100.79604001436383</ele>
				<time>2026-04-19T11:16:54Z</time>
			</trkpt>
			<trkpt lat="47.34775254665397" lon="19.071090882849656">
				<ele>100.66852130927145</ele>
				<time>2026-04-19T11:16:57Z</time>
			</trkpt>
			<trkpt lat="47.34773150664054" lon="19.07108877267793">
				<ele>101.2848209226504</ele>
				<time>2026-04-19T11:17:01Z</time>
			</trkpt>
			<trkpt lat="47.34771226073031" lon="19.07109023192284">
				<ele>101.49842601083219</ele>
				<time>2026-04-19T11:17:04Z</time>
			</trkpt>
			<trkpt lat="47.34769595385204" lon="19.071093515653914">
				<ele>101.63065197318792</ele>
				<time>2026-04-19T11:17:07Z</time>
			</trkpt>
			<trkpt lat="47.34767782240725" lon="19.071097014881083">
				<ele>101.92934642918408</ele>
				<time>2026-04-19T11:17:11Z</time>
			</trkpt>
			<trkpt lat="47.347657694595114" lon="19.071099042764658">
				<ele>101.82115678768605</ele>
				<time>2026-04-19T11:17:16Z</time>
			</trkpt>
			<trkpt lat="47.34763227798203" lon="19.071111870189593">
				<ele>101.43292097281665</ele>
				<time>2026-04-19T11:17:23Z</time>
			</trkpt>
			<trkpt lat="47.34761915131827" lon="19.071130455169385">
				<ele>101.56210005749017</ele>
				<time>2026-04-19T11:17:26Z</time>
			</trkpt>
			<trkpt lat="47.3476067549356" lon="19.071154158904573">
				<ele>101.64366306830198</ele>
				<time>2026-04-19T11:17:30Z</time>
			</trkpt>
			<trkpt lat="47.34759498956442" lon="19.07118106976114">
				<ele>101.23564824275672</ele>
				<time>2026-04-19T11:17:35Z</time>
			</trkpt>
			<trkpt lat="47.34758101099515" lon="19.071218713065964">
				<ele>101.23768319562078</ele>
				<time>2026-04-19T11:17:42Z</time>
			</trkpt>
			<trkpt lat="47.347564460139985" lon="19.07125426389498">
				<ele>101.00835938192904</ele>
				<time>2026-04-19T11:17:51Z</time>
			</trkpt>
			<trkpt lat="47.347545542149625" lon="19.07128042099324">
				<ele>100.82109170686454</ele>
				<time>2026-04-19T11:18:02Z</time>
			</trkpt>
			<trkpt lat="47.34753120102288" lon="19.071278752549205">
				<ele>100.78335432708263</ele>
				<time>2026-04-19T11:18:08Z</time>
			</trkpt>
			<trkpt lat="47.347520923668554" lon="19.071268976952762">
				<ele>100.98572664801031</ele>
				<time>2026-04-19T11:18:13Z</time>
			</trkpt>
			<trkpt lat="47.34750757008636" lon="19.071253495915506">
				<ele>101.21311107371002</ele>
				<time>2026-04-19T11:18:20Z</time>
			</trkpt>
			<trkpt lat="47.34747975297569" lon="19.071235361780676">
				<ele>100.91376808751374</ele>
				<time>2026-04-19T11:18:32Z</time>
			</trkpt>
			<trkpt lat="47.34745799356066" lon="19.07123795194265">
				<ele>100.71902447938919</ele>
				<time>2026-04-19T11:18:43Z</time>
			</trkpt>
			<trkpt lat="47.347443142425476" lon="19.07123951053499">
				<ele>100.06534604914486</ele>
				<time>2026-04-19T11:18:49Z</time>
			</trkpt>
			<trkpt lat="47.347422737350854" lon="19.071250001183955">
				<ele>99.52801370900124</ele>
				<time>2026-04-19T11:19:01Z</time>
			</trkpt>
			<trkpt lat="47.34740461452498" lon="19.071260090343085">
				<ele>100.2928425539285</ele>
				<time>2026-04-19T11:19:09Z</time>
			</trkpt>
			<trkpt lat="47.34738659972335" lon="19.07127122307379">
				<ele>100.07328593265265</ele>
				<time>2026-04-19T11:19:18Z</time>
			</trkpt>
			<trkpt lat="47.34736948693516" lon="19.07127478411369">
				<ele>100.12123178690672</ele>
				<time>2026-04-19T11:19:24Z</time>
			</trkpt>
			<trkpt lat="47.34735173357877" lon="19.071281788131657">
				<ele>100.13566759880632</ele>
				<time>2026-04-19T11:19:32Z</time>
			</trkpt>
			<trkpt lat="47.34733159352454" lon="19.07129384913429">
				<ele>100.73984306678176</ele>
				<time>2026-04-19T11:19:40Z</time>
			</trkpt>
			<trkpt lat="47.34731513129828" lon="19.071311763838004">
				<ele>100.09216274041682</ele>
				<time>2026-04-19T11:19:48Z</time>
			</trkpt>
			<trkpt lat="47.34730059877381" lon="19.071327538023322">
				<ele>100.77412725891918</ele>
				<time>2026-04-19T11:19:54Z</time>
			</trkpt>
			<trkpt lat="47.34728025586359" lon="19.071332394868335">
				<ele>100.41537417564541</ele>
				<time>2026-04-19T11:20:04Z</time>
			</trkpt>
			<trkpt lat="47.34726533161121" lon="19.071334184460436">
				<ele>100.08321314677596</ele>
				<time>2026-04-19T11:20:10Z</time>
			</trkpt>
			<trkpt lat="47.347250663286374" lon="19.07133430165986">
				<ele>100.1510278582573</ele>
				<time>2026-04-19T11:20:16Z</time>
			</trkpt>
			<trkpt lat="47.34723618222523" lon="19.07133337224027">
				<ele>100.50147887598723</ele>
				<time>2026-04-19T11:20:21Z</time>
			</trkpt>
			<trkpt lat="47.347212989097116" lon="19.07133899016601">
				<ele>100.37983674183488</ele>
				<time>2026-04-19T11:20:30Z</time>
			</trkpt>
			<trkpt lat="47.34719229296193" lon="19.07134959419438">
				<ele>100.84898082632571</ele>
				<time>2026-04-19T11:20:37Z</time>
			</trkpt>
			<trkpt lat="47.347177161850276" lon="19.07135996676914">
				<ele>101.27448410540819</ele>
				<time>2026-04-19T11:20:43Z</time>
			</trkpt>
			<trkpt lat="47.347156324680014" lon="19.0713751124418">
				<ele>100.8922791974619</ele>
				<time>2026-04-19T11:20:52Z</time>
			</trkpt>
			<trkpt lat="47.34713970027688" lon="19.071392618874363">
				<ele>100.4118225723505</ele>
				<time>2026-04-19T11:21:00Z</time>
			</trkpt>
			<trkpt lat="47.347107980683894" lon="19.071384702878802">
				<ele>100.94602516945451</ele>
				<time>2026-04-19T11:21:08Z</time>
			</trkpt>
			<trkpt lat="47.34708506790594" lon="19.071372884329882">
				<ele>100.1852088868618</ele>
				<time>2026-04-19T11:21:16Z</time>
			</trkpt>
			<trkpt lat="47.347078791803256" lon="19.071379477290748">
				<ele>100.49321293644607</ele>
				<time>2026-04-19T11:21:20Z</time>
			</trkpt>
			<trkpt lat="47.34706688495361" lon="19.071378191962626">
				<ele>100.32911563757807</ele>
				<time>2026-04-19T11:21:23Z</time>
			</trkpt>
			<trkpt lat="47.34705406876657" lon="19.07137437501916">
				<ele>100.69858114235103</ele>
				<time>2026-04-19T11:21:26Z</time>
			</trkpt>
			<trkpt lat="47.34703854490257" lon="19.071372988304145">
				<ele>101.05208215117455</ele>
				<time>2026-04-19T11:21:30Z</time>
			</trkpt>
			<trkpt lat="47.34702060338866" lon="19.07137966580426">
				<ele>100.06414763070643</ele>
				<time>2026-04-19T11:21:34Z</time>
			</trkpt>
			<trkpt lat="47.34700354770356" lon="19.071386056180277">
				<ele>100.20003477204591</ele>
				<time>2026-04-19T11:21:37Z</time>
			</trkpt>
			<trkpt lat="47.34698811616936" lon="19.071391946247942">
				<ele>100.51717633381486</ele>
				<time>2026-04-19T11:21:40Z</time>
			</trkpt>
			<trkpt lat="47.34697336787589" lon="19.071398414269492">
				<ele>100.89743269234896</ele>
				<time>2026-04-19T11:21:43Z</time>
			</trkpt>
			<trkpt lat="47.34695569602745" lon="19.07140829383662">
				<ele>100.78999611362815</ele>
				<time>2026-04-19T11:21:47Z</time>
			</trkpt>
			<trkpt lat="47.34693317146692" lon="19.071421241296">
				<ele>100.51063798367977</ele>
				<time>2026-04-19T11:21:52Z</time>
			</trkpt>
			<trkpt lat="47.346911814019535" lon="19.071434493352488">
				<ele>100.21538485772908</ele>
				<time>2026-04-19T11:21:56Z</time>
			</trkpt>
			<trkpt lat="47.34689064482031" lon="19.071452544763172">
				<ele>99.11482654605061</ele>
				<time>2026-04-19T11:22:01Z</time>
			</trkpt>
			<trkpt lat="47.34687251529975" lon="19.071468023446286">
				<ele>99.51123576890677</ele>
				<time>2026-04-19T11:22:05Z</time>
			</trkpt>
			<trkpt lat="47.346853994988294" lon="19.07148072252853">
				<ele>100.11333469860256</ele>
				<time>2026-04-19T11:22:09Z</time>
			</trkpt>
			<trkpt lat="47.34683090064108" lon="19.071494827883857">
				<ele>99.92562333587557</ele>
				<time>2026-04-19T11:22:14Z</time>
			</trkpt>
			<trkpt lat="47.346810203261384" lon="19.07151237754555">
				<ele>99.48177295830101</ele>
				<time>2026-04-19T11:22:19Z</time>
			</trkpt>
			<trkpt lat="47.34678941840863" lon="19.07152541549899">
				<ele>99.50035656802356</ele>
				<time>2026-04-19T11:22:25Z</time>
			</trkpt>
			<trkpt lat="47.34676761895374" lon="19.071533873196394">
				<ele>99.45808261726052</ele>
				<time>2026-04-19T11:22:31Z</time>
			</trkpt>
			<trkpt lat="47.34674457991481" lon="19.071532923095994">
				<ele>99.41040080133826</ele>
				<time>2026-04-19T11:22:39Z</time>
			</trkpt>
			<trkpt lat="47.34672508754346" lon="19.07152900885951">
				<ele>99.07656728290021</ele>
				<time>2026-04-19T11:22:44Z</time>
			</trkpt>
			<trkpt lat="47.346706726063786" lon="19.071530307267764">
				<ele>98.66480685863644</ele>
				<time>2026-04-19T11:22:49Z</time>
			</trkpt>
			<trkpt lat="47.34668873156039" lon="19.071535776143772">
				<ele>98.43846527952701</ele>
				<time>2026-04-19T11:22:52Z</time>
			</trkpt>
			<trkpt lat="47.346663783492794" lon="19.071549370518444">
				<ele>98.42984235938638</ele>
				<time>2026-04-19T11:22:59Z</time>
			</trkpt>
			<trkpt lat="47.34664267181306" lon="19.071559832810127">
				<ele>99.01774428132921</ele>
				<time>2026-04-19T11:23:04Z</time>
			</trkpt>
			<trkpt lat="47.34661982124524" lon="19.071575934356183">
				<ele>99.84798326157033</ele>
				<time>2026-04-19T11:23:07Z</time>
			</trkpt>
			<trkpt lat="47.346601683552876" lon="19.071593614313713">
				<ele>99.01270999200642</ele>
				<time>2026-04-19T11:23:10Z</time>
			</trkpt>
			<trkpt lat="47.34658802965514" lon="19.07160612070681">
				<ele>99.40777461603284</ele>
				<time>2026-04-19T11:23:13Z</time>
			</trkpt>
			<trkpt lat="47.34657126959573" lon="19.07161415834628">
				<ele>98.8530729804188</ele>
				<time>2026-04-19T11:23:17Z</time>
			</trkpt>
			<trkpt lat="47.346553021624715" lon="19.071619036906444">
				<ele>99.15463557932526</ele>
				<time>2026-04-19T11:23:21Z</time>
			</trkpt>
			<trkpt lat="47.3465303514158" lon="19.07162836647322">
				<ele>99.52198556810617</ele>
				<time>2026-04-19T11:23:26Z</time>
			</trkpt>
			<trkpt lat="47.34650438387292" lon="19.071637457745076">
				<ele>98.30727830249816</ele>
				<time>2026-04-19T11:23:28Z</time>
			</trkpt>
			<trkpt lat="47.34647820154382" lon="19.071657511600417">
				<ele>99.42642604373395</ele>
				<time>2026-04-19T11:23:33Z</time>
			</trkpt>
			<trkpt lat="47.34647049337385" lon="19.071682144435414">
				<ele>99.80313863605261</ele>
				<time>2026-04-19T11:23:40Z</time>
			</trkpt>
			<trkpt lat="47.346442572393414" lon="19.071701038456208">
				<ele>99.29205652698874</ele>
				<time>2026-04-19T11:23:44Z</time>
			</trkpt>
			<trkpt lat="47.34642181398161" lon="19.071712123044428">
				<ele>99.5414917152375</ele>
				<time>2026-04-19T11:23:48Z</time>
			</trkpt>
			<trkpt lat="47.346413499391176" lon="19.071720964539587">
				<ele>100.2088158968836</ele>
				<time>2026-04-19T11:23:51Z</time>
			</trkpt>
			<trkpt lat="47.34639092097773" lon="19.071723753822678">
				<ele>100.12678554560989</ele>
				<time>2026-04-19T11:23:53Z</time>
			</trkpt>
			<trkpt lat="47.346363231465034" lon="19.071728523053153">
				<ele>99.39379248488694</ele>
				<time>2026-04-19T11:23:57Z</time>
			</trkpt>
			<trkpt lat="47.346349854571095" lon="19.071735217496883">
				<ele>99.41181614156812</ele>
				<time>2026-04-19T11:24:00Z</time>
			</trkpt>
			<trkpt lat="47.34631593703381" lon="19.071752484199635">
				<ele>99.23208238370717</ele>
				<time>2026-04-19T11:24:07Z</time>
			</trkpt>
			<trkpt lat="47.34629203181673" lon="19.07177365721623">
				<ele>98.09350027423352</ele>
				<time>2026-04-19T11:24:10Z</time>
			</trkpt>
			<trkpt lat="47.34627348520699" lon="19.071785925705008">
				<ele>98.69923041760921</ele>
				<time>2026-04-19T11:24:13Z</time>
			</trkpt>
			<trkpt lat="47.346259187392114" lon="19.071789482397257">
				<ele>99.1532788304612</ele>
				<time>2026-04-19T11:24:16Z</time>
			</trkpt>
			<trkpt lat="47.34624376373855" lon="19.071794171216848">
				<ele>99.36723841354251</ele>
				<time>2026-04-19T11:24:19Z</time>
			</trkpt>
			<trkpt lat="47.346227191216315" lon="19.07180121213836">
				<ele>99.75286568887532</ele>
				<time>2026-04-19T11:24:22Z</time>
			</trkpt>
			<trkpt lat="47.3462011272063" lon="19.071816790539746">
				<ele>99.28405788261443</ele>
				<time>2026-04-19T11:24:27Z</time>
			</trkpt>
			<trkpt lat="47.34618156256631" lon="19.071823442698086">
				<ele>99.84148049540818</ele>
				<time>2026-04-19T11:24:29Z</time>
			</trkpt>
			<trkpt lat="47.34616211761625" lon="19.07182884901711">
				<ele>98.61029572505504</ele>
				<time>2026-04-19T11:24:32Z</time>
			</trkpt>
			<trkpt lat="47.34614570002877" lon="19.071835679398653">
				<ele>99.25108422152698</ele>
				<time>2026-04-19T11:24:35Z</time>
			</trkpt>
			<trkpt lat="47.34612866290377" lon="19.071844805160175">
				<ele>99.1860536551103</ele>
				<time>2026-04-19T11:24:38Z</time>
			</trkpt>
			<trkpt lat="47.34611237722612" lon="19.071853550155645">
				<ele>99.96760395541787</ele>
				<time>2026-04-19T11:24:41Z</time>
			</trkpt>
			<trkpt lat="47.346096851226626" lon="19.0718613352397">
				<ele>100.48958577401936</ele>
				<time>2026-04-19T11:24:44Z</time>
			</trkpt>
			<trkpt lat="47.3460698575616" lon="19.071874419358174">
				<ele>100.46597671695054</ele>
				<time>2026-04-19T11:24:49Z</time>
			</trkpt>
			<trkpt lat="47.34603995382111" lon="19.071900588533722">
				<ele>101.36628804914653</ele>
				<time>2026-04-19T11:24:52Z</time>
			</trkpt>
			<trkpt lat="47.346017735715925" lon="19.07191937365836">
				<ele>100.65052697900683</ele>
				<time>2026-04-19T11:24:55Z</time>
			</trkpt>
			<trkpt lat="47.346005858110175" lon="19.071929779583133">
				<ele>100.35505541693419</ele>
				<time>2026-04-19T11:24:57Z</time>
			</trkpt>
			<trkpt lat="47.345994342912356" lon="19.07194042346173">
				<ele>100.45702145341784</ele>
				<time>2026-04-19T11:24:59Z</time>
			</trkpt>
			<trkpt lat="47.345978756288886" lon="19.071953057647285">
				<ele>100.52439360041171</ele>
				<time>2026-04-19T11:25:02Z</time>
			</trkpt>
			<trkpt lat="47.3459585663314" lon="19.07197225894542">
				<ele>100.429488950409</ele>
				<time>2026-04-19T11:25:06Z</time>
			</trkpt>
			<trkpt lat="47.34593885028442" lon="19.071989443210295">
				<ele>100.25680319406092</ele>
				<time>2026-04-19T11:25:10Z</time>
			</trkpt>
			<trkpt lat="47.34591109931002" lon="19.072022673091425">
				<ele>101.0540333231911</ele>
				<time>2026-04-19T11:25:15Z</time>
			</trkpt>
			<trkpt lat="47.34588356272714" lon="19.07205194553167">
				<ele>100.48302615992725</ele>
				<time>2026-04-19T11:25:18Z</time>
			</trkpt>
			<trkpt lat="47.34586442526731" lon="19.072073413307784">
				<ele>101.07641427218914</ele>
				<time>2026-04-19T11:25:22Z</time>
			</trkpt>
			<trkpt lat="47.34585415551291" lon="19.072079256116208">
				<ele>99.80469870194793</ele>
				<time>2026-04-19T11:25:27Z</time>
			</trkpt>
			<trkpt lat="47.345840170191394" lon="19.07208715593836">
				<ele>100.31987372878939</ele>
				<time>2026-04-19T11:25:31Z</time>
			</trkpt>
			<trkpt lat="47.34582402742441" lon="19.072097995466454">
				<ele>100.42102540936321</ele>
				<time>2026-04-19T11:25:35Z</time>
			</trkpt>
			<trkpt lat="47.345808616647616" lon="19.07210827780762">
				<ele>100.61773902736604</ele>
				<time>2026-04-19T11:25:38Z</time>
			</trkpt>
			<trkpt lat="47.34578966776855" lon="19.07211761951488">
				<ele>99.98866614326835</ele>
				<time>2026-04-19T11:25:42Z</time>
			</trkpt>
			<trkpt lat="47.345769348072906" lon="19.07212549338878">
				<ele>100.07827975600958</ele>
				<time>2026-04-19T11:25:46Z</time>
			</trkpt>
			<trkpt lat="47.345750150270156" lon="19.07213521544124">
				<ele>99.92798373289406</ele>
				<time>2026-04-19T11:25:50Z</time>
			</trkpt>
			<trkpt lat="47.34572538925997" lon="19.072145743353364">
				<ele>99.59057443588972</ele>
				<time>2026-04-19T11:25:55Z</time>
			</trkpt>
			<trkpt lat="47.34570388829276" lon="19.07216290753669">
				<ele>99.67005450557917</ele>
				<time>2026-04-19T11:26:00Z</time>
			</trkpt>
			<trkpt lat="47.34568604811765" lon="19.072175608677888">
				<ele>98.92781815119088</ele>
				<time>2026-04-19T11:26:04Z</time>
			</trkpt>
			<trkpt lat="47.34567203865841" lon="19.072185750389956">
				<ele>99.60273235104978</ele>
				<time>2026-04-19T11:26:07Z</time>
			</trkpt>
			<trkpt lat="47.34565542400184" lon="19.072192777242655">
				<ele>99.39669739082456</ele>
				<time>2026-04-19T11:26:11Z</time>
			</trkpt>
			<trkpt lat="47.345642069865015" lon="19.072196636500692">
				<ele>99.13417890388519</ele>
				<time>2026-04-19T11:26:14Z</time>
			</trkpt>
			<trkpt lat="47.34562616845815" lon="19.072200067519894">
				<ele>98.9156021727249</ele>
				<time>2026-04-19T11:26:18Z</time>
			</trkpt>
			<trkpt lat="47.34560646600994" lon="19.072203761380432">
				<ele>99.01439228374511</ele>
				<time>2026-04-19T11:26:23Z</time>
			</trkpt>
			<trkpt lat="47.34558595335009" lon="19.072210362690655">
				<ele>99.69124228786677</ele>
				<time>2026-04-19T11:26:27Z</time>
			</trkpt>
			<trkpt lat="47.34556187581053" lon="19.072224601709184">
				<ele>99.99707354232669</ele>
				<time>2026-04-19T11:26:33Z</time>
			</trkpt>
			<trkpt lat="47.3455382687323" lon="19.07223974942868">
				<ele>100.32515485119075</ele>
				<time>2026-04-19T11:26:38Z</time>
			</trkpt>
			<trkpt lat="47.34551771959928" lon="19.07225327757369">
				<ele>99.9357693688944</ele>
				<time>2026-04-19T11:26:43Z</time>
			</trkpt>
			<trkpt lat="47.34548927803865" lon="19.07225866735084">
				<ele>98.38419112470001</ele>
				<time>2026-04-19T11:26:53Z</time>
			</trkpt>
			<trkpt lat="47.34547118328393" lon="19.072247399114282">
				<ele>98.89242953062057</ele>
				<time>2026-04-19T11:27:00Z</time>
			</trkpt>
			<trkpt lat="47.34545734364402" lon="19.072245017107953">
				<ele>98.54572197515517</ele>
				<time>2026-04-19T11:27:02Z</time>
			</trkpt>
			<trkpt lat="47.34544215689137" lon="19.07224799977832">
				<ele>99.78423403389752</ele>
				<time>2026-04-19T11:27:06Z</time>
			</trkpt>
			<trkpt lat="47.34542813660235" lon="19.072251451008114">
				<ele>100.35052022058517</ele>
				<time>2026-04-19T11:27:09Z</time>
			</trkpt>
			<trkpt lat="47.34541108976315" lon="19.07225640539998">
				<ele>99.60958322044462</ele>
				<time>2026-04-19T11:27:13Z</time>
			</trkpt>
			<trkpt lat="47.34539877493843" lon="19.072268997014827">
				<ele>99.71905004512519</ele>
				<time>2026-04-19T11:27:15Z</time>
			</trkpt>
			<trkpt lat="47.34537874459446" lon="19.07228541885254">
				<ele>99.91402937844396</ele>
				<time>2026-04-19T11:27:19Z</time>
			</trkpt>
			<trkpt lat="47.345361510651045" lon="19.07229922482713">
				<ele>100.28556317742914</ele>
				<time>2026-04-19T11:27:22Z</time>
			</trkpt>
			<trkpt lat="47.34534965075838" lon="19.072319989858165">
				<ele>99.4578783530742</ele>
				<time>2026-04-19T11:27:23Z</time>
			</trkpt>
			<trkpt lat="47.34533229954442" lon="19.072339028194403">
				<ele>99.78930290043354</ele>
				<time>2026-04-19T11:27:27Z</time>
			</trkpt>
			<trkpt lat="47.34531922166345" lon="19.072345918708223">
				<ele>99.63710322976112</ele>
				<time>2026-04-19T11:27:30Z</time>
			</trkpt>
			<trkpt lat="47.34530197279482" lon="19.072355323989232">
				<ele>100.15486732777208</ele>
				<time>2026-04-19T11:27:34Z</time>
			</trkpt>
			<trkpt lat="47.345283122861694" lon="19.07236586177753">
				<ele>100.35469862725586</ele>
				<time>2026-04-19T11:27:38Z</time>
			</trkpt>
			<trkpt lat="47.34526199938831" lon="19.072376616026773">
				<ele>100.442182819359</ele>
				<time>2026-04-19T11:27:42Z</time>
			</trkpt>
			<trkpt lat="47.34524072820524" lon="19.072391756550044">
				<ele>100.7255495088175</ele>
				<time>2026-04-19T11:27:46Z</time>
			</trkpt>
			<trkpt lat="47.3452220943987" lon="19.07241045934024">
				<ele>100.82056158408523</ele>
				<time>2026-04-19T11:27:50Z</time>
			</trkpt>
			<trkpt lat="47.3452028145371" lon="19.072428068003738">
				<ele>100.67808465939015</ele>
				<time>2026-04-19T11:27:55Z</time>
			</trkpt>
			<trkpt lat="47.345186603971264" lon="19.072444152312876">
				<ele>100.65993270650506</ele>
				<time>2026-04-19T11:27:59Z</time>
			</trkpt>
			<trkpt lat="47.34517137401787" lon="19.072464842130426">
				<ele>100.93294983077794</ele>
				<time>2026-04-19T11:28:04Z</time>
			</trkpt>
			<trkpt lat="47.34515647450824" lon="19.07248796578634">
				<ele>100.92555344849825</ele>
				<time>2026-04-19T11:28:08Z</time>
			</trkpt>
			<trkpt lat="47.34513961650664" lon="19.072513371282664">
				<ele>100.75670537166297</ele>
				<time>2026-04-19T11:28:12Z</time>
			</trkpt>
			<trkpt lat="47.345122598124796" lon="19.07254084392925">
				<ele>99.60308197978884</ele>
				<time>2026-04-19T11:28:17Z</time>
			</trkpt>
			<trkpt lat="47.34510677193495" lon="19.07255439311508">
				<ele>99.97850098088384</ele>
				<time>2026-04-19T11:28:21Z</time>
			</trkpt>
			<trkpt lat="47.34509527951343" lon="19.072567369731246">
				<ele>100.37610809970647</ele>
				<time>2026-04-19T11:28:23Z</time>
			</trkpt>
			<trkpt lat="47.3450762904415" lon="19.07257790308799">
				<ele>100.04366917070001</ele>
				<time>2026-04-19T11:28:28Z</time>
			</trkpt>
			<trkpt lat="47.34505783617596" lon="19.072585495328383">
				<ele>100.23262764513493</ele>
				<time>2026-04-19T11:28:32Z</time>
			</trkpt>
			<trkpt lat="47.34504343518514" lon="19.072590261847633">
				<ele>100.32838733121753</ele>
				<time>2026-04-19T11:28:34Z</time>
			</trkpt>
			<trkpt lat="47.34502921621805" lon="19.07260021746487">
				<ele>100.98754494637251</ele>
				<time>2026-04-19T11:28:37Z</time>
			</trkpt>
			<trkpt lat="47.34501861465435" lon="19.07261633613685">
				<ele>100.92906992696226</ele>
				<time>2026-04-19T11:28:40Z</time>
			</trkpt>
			<trkpt lat="47.34500590865947" lon="19.07264698416605">
				<ele>101.41395621560514</ele>
				<time>2026-04-19T11:28:45Z</time>
			</trkpt>
			<trkpt lat="47.34499205270206" lon="19.07267697031335">
				<ele>101.97030264418572</ele>
				<time>2026-04-19T11:28:49Z</time>
			</trkpt>
			<trkpt lat="47.34498427303177" lon="19.072697066268372">
				<ele>101.48069331608713</ele>
				<time>2026-04-19T11:28:51Z</time>
			</trkpt>
			<trkpt lat="47.34497405224132" lon="19.072706538824512">
				<ele>100.68177590239793</ele>
				<time>2026-04-19T11:28:54Z</time>
			</trkpt>
			<trkpt lat="47.34495795984634" lon="19.072715717134212">
				<ele>100.41390353348106</ele>
				<time>2026-04-19T11:28:59Z</time>
			</trkpt>
			<trkpt lat="47.34493136587408" lon="19.072732871836443">
				<ele>100.57275173533708</ele>
				<time>2026-04-19T11:29:01Z</time>
			</trkpt>
			<trkpt lat="47.34491937573675" lon="19.07274955266408">
				<ele>100.34584472607821</ele>
				<time>2026-04-19T11:29:03Z</time>
			</trkpt>
			<trkpt lat="47.34491131708219" lon="19.072766130570315">
				<ele>99.7397002549842</ele>
				<time>2026-04-19T11:29:06Z</time>
			</trkpt>
			<trkpt lat="47.344900042317924" lon="19.072779087382646">
				<ele>100.47543327324092</ele>
				<time>2026-04-19T11:29:10Z</time>
			</trkpt>
			<trkpt lat="47.34488735751397" lon="19.072787256369836">
				<ele>100.63787942938507</ele>
				<time>2026-04-19T11:29:12Z</time>
			</trkpt>
			<trkpt lat="47.34487181183834" lon="19.072794638086403">
				<ele>100.9242700021714</ele>
				<time>2026-04-19T11:29:16Z</time>
			</trkpt>
			<trkpt lat="47.344853737183136" lon="19.072812670200086">
				<ele>100.01270271837711</ele>
				<time>2026-04-19T11:29:18Z</time>
			</trkpt>
			<trkpt lat="47.34483813681711" lon="19.072831469744628">
				<ele>100.26785297878087</ele>
				<time>2026-04-19T11:29:20Z</time>
			</trkpt>
			<trkpt lat="47.34482239311363" lon="19.072852021630098">
				<ele>99.40979650989175</ele>
				<time>2026-04-19T11:29:24Z</time>
			</trkpt>
			<trkpt lat="47.3448051928751" lon="19.072877952948346">
				<ele>100.14231415465474</ele>
				<time>2026-04-19T11:29:28Z</time>
			</trkpt>
			<trkpt lat="47.34478882653339" lon="19.072901427778653">
				<ele>99.75833388697356</ele>
				<time>2026-04-19T11:29:31Z</time>
			</trkpt>
			<trkpt lat="47.344770427699316" lon="19.072923396571177">
				<ele>99.58018535375595</ele>
				<time>2026-04-19T11:29:35Z</time>
			</trkpt>
			<trkpt lat="47.34475339421838" lon="19.072935662635466">
				<ele>99.11444382555783</ele>
				<time>2026-04-19T11:29:38Z</time>
			</trkpt>
			<trkpt lat="47.34473163748022" lon="19.072957615631317">
				<ele>98.79521492216736</ele>
				<time>2026-04-19T11:29:41Z</time>
			</trkpt>
			<trkpt lat="47.34470369460077" lon="19.072981042118407">
				<ele>99.71143122576177</ele>
				<time>2026-04-19T11:29:45Z</time>
			</trkpt>
			<trkpt lat="47.34468948480584" lon="19.072994094677668">
				<ele>99.87922374531627</ele>
				<time>2026-04-19T11:29:47Z</time>
			</trkpt>
			<trkpt lat="47.34465851380932" lon="19.073013026493307">
				<ele>99.94096369110048</ele>
				<time>2026-04-19T11:29:50Z</time>
			</trkpt>
			<trkpt lat="47.344617334823546" lon="19.073031407742675">
				<ele>100.01521356776357</ele>
				<time>2026-04-19T11:29:53Z</time>
			</trkpt>
			<trkpt lat="47.34460126443877" lon="19.073043431087928">
				<ele>100.32990999519825</ele>
				<time>2026-04-19T11:29:55Z</time>
			</trkpt>
			<trkpt lat="47.344583751738554" lon="19.073074721370176">
				<ele>101.17725833505392</ele>
				<time>2026-04-19T11:29:57Z</time>
			</trkpt>
			<trkpt lat="47.34457118109854" lon="19.073097392303563">
				<ele>100.56706050597131</ele>
				<time>2026-04-19T11:29:59Z</time>
			</trkpt>
			<trkpt lat="47.34456062612552" lon="19.073108162664074">
				<ele>100.11362862680107</ele>
				<time>2026-04-19T11:30:01Z</time>
			</trkpt>
			<trkpt lat="47.34454854465178" lon="19.07311688879921">
				<ele>100.35608588438481</ele>
				<time>2026-04-19T11:30:03Z</time>
			</trkpt>
			<trkpt lat="47.344524405412564" lon="19.07313110326591">
				<ele>100.46791487373412</ele>
				<time>2026-04-19T11:30:05Z</time>
			</trkpt>
			<trkpt lat="47.34450552265266" lon="19.073142821950164">
				<ele>100.25111805927008</ele>
				<time>2026-04-19T11:30:07Z</time>
			</trkpt>
			<trkpt lat="47.34448289481445" lon="19.07315622703885">
				<ele>100.11857608892024</ele>
				<time>2026-04-19T11:30:11Z</time>
			</trkpt>
			<trkpt lat="47.3444645004106" lon="19.073167298176337">
				<ele>100.42105641774833</ele>
				<time>2026-04-19T11:30:14Z</time>
			</trkpt>
			<trkpt lat="47.34445114868289" lon="19.07317679393966">
				<ele>101.31943403091282</ele>
				<time>2026-04-19T11:30:16Z</time>
			</trkpt>
			<trkpt lat="47.344440469142484" lon="19.073194536376047">
				<ele>101.11788236256689</ele>
				<time>2026-04-19T11:30:19Z</time>
			</trkpt>
			<trkpt lat="47.34442504963049" lon="19.073221238160613">
				<ele>100.06713330280036</ele>
				<time>2026-04-19T11:30:23Z</time>
			</trkpt>
			<trkpt lat="47.3444098139744" lon="19.073244302038365">
				<ele>100.23392397724092</ele>
				<time>2026-04-19T11:30:26Z</time>
			</trkpt>
			<trkpt lat="47.34439200991741" lon="19.07327137360704">
				<ele>98.96499741543084</ele>
				<time>2026-04-19T11:30:28Z</time>
			</trkpt>
			<trkpt lat="47.34437824552621" lon="19.073290057000165">
				<ele>99.20120499655604</ele>
				<time>2026-04-19T11:30:30Z</time>
			</trkpt>
			<trkpt lat="47.34436224431663" lon="19.07330840146328">
				<ele>100.46815463155508</ele>
				<time>2026-04-19T11:30:34Z</time>
			</trkpt>
			<trkpt lat="47.344345127125116" lon="19.073345075743227">
				<ele>99.82556531671435</ele>
				<time>2026-04-19T11:30:36Z</time>
			</trkpt>
			<trkpt lat="47.34432917368902" lon="19.07336393277079">
				<ele>100.78088469989598</ele>
				<time>2026-04-19T11:30:38Z</time>
			</trkpt>
			<trkpt lat="47.34430614739768" lon="19.07337563803496">
				<ele>100.45083620212972</ele>
				<time>2026-04-19T11:30:40Z</time>
			</trkpt>
			<trkpt lat="47.34428497730907" lon="19.07339443788729">
				<ele>100.92150928173214</ele>
				<time>2026-04-19T11:30:43Z</time>
			</trkpt>
			<trkpt lat="47.34427306489415" lon="19.07340235562071">
				<ele>100.38616027869284</ele>
				<time>2026-04-19T11:30:45Z</time>
			</trkpt>
			<trkpt lat="47.344249398783745" lon="19.07343800202259">
				<ele>100.55593731533736</ele>
				<time>2026-04-19T11:30:48Z</time>
			</trkpt>
			<trkpt lat="47.34422642949218" lon="19.073449580318382">
				<ele>100.85516527947038</ele>
				<time>2026-04-19T11:30:51Z</time>
			</trkpt>
			<trkpt lat="47.34420656905666" lon="19.07346005976532">
				<ele>101.01144502684474</ele>
				<time>2026-04-19T11:30:53Z</time>
			</trkpt>
			<trkpt lat="47.3441858618725" lon="19.073489159117415">
				<ele>101.37549889739603</ele>
				<time>2026-04-19T11:30:55Z</time>
			</trkpt>
			<trkpt lat="47.34416511320339" lon="19.073520262554144">
				<ele>101.84210093598813</ele>
				<time>2026-04-19T11:30:57Z</time>
			</trkpt>
			<trkpt lat="47.34414462146324" lon="19.07354222821775">
				<ele>102.9866213677451</ele>
				<time>2026-04-19T11:30:59Z</time>
			</trkpt>
			<trkpt lat="47.34411600568308" lon="19.073552220327983">
				<ele>100.97150711901486</ele>
				<time>2026-04-19T11:31:01Z</time>
			</trkpt>
			<trkpt lat="47.34409375189534" lon="19.073569586169988">
				<ele>101.60297200456262</ele>
				<time>2026-04-19T11:31:03Z</time>
			</trkpt>
			<trkpt lat="47.34407803622292" lon="19.073584378787327">
				<ele>102.41246066242456</ele>
				<time>2026-04-19T11:31:06Z</time>
			</trkpt>
			<trkpt lat="47.34406511980482" lon="19.073600836984944">
				<ele>102.18705764878541</ele>
				<time>2026-04-19T11:31:08Z</time>
			</trkpt>
			<trkpt lat="47.34404684404216" lon="19.073618936480788">
				<ele>102.33180135115981</ele>
				<time>2026-04-19T11:31:11Z</time>
			</trkpt>
			<trkpt lat="47.34403573827552" lon="19.073627957029508">
				<ele>102.42295859474689</ele>
				<time>2026-04-19T11:31:13Z</time>
			</trkpt>
			<trkpt lat="47.344010349028004" lon="19.073660242777652">
				<ele>101.82790977973491</ele>
				<time>2026-04-19T11:31:16Z</time>
			</trkpt>
			<trkpt lat="47.34398495216161" lon="19.073676752170414">
				<ele>102.0468100849539</ele>
				<time>2026-04-19T11:31:18Z</time>
			</trkpt>
			<trkpt lat="47.34396285893805" lon="19.073695924093943">
				<ele>102.16566052939743</ele>
				<time>2026-04-19T11:31:20Z</time>
			</trkpt>
			<trkpt lat="47.343931201663985" lon="19.073715658020486">
				<ele>103.18640528712422</ele>
				<time>2026-04-19T11:31:22Z</time>
			</trkpt>
			<trkpt lat="47.34390278918353" lon="19.073738638226768">
				<ele>103.05314482282847</ele>
				<time>2026-04-19T11:31:24Z</time>
			</trkpt>
			<trkpt lat="47.34388285597786" lon="19.07376188734955">
				<ele>102.09512020368129</ele>
				<time>2026-04-19T11:31:26Z</time>
			</trkpt>
			<trkpt lat="47.343872090409604" lon="19.073771666518752">
				<ele>102.64715430885553</ele>
				<time>2026-04-19T11:31:28Z</time>
			</trkpt>
			<trkpt lat="47.34385516787312" lon="19.073782799636703">
				<ele>103.71147843077779</ele>
				<time>2026-04-19T11:31:30Z</time>
			</trkpt>
			<trkpt lat="47.34383490138075" lon="19.0738079299723">
				<ele>102.73862061277032</ele>
				<time>2026-04-19T11:31:32Z</time>
			</trkpt>
			<trkpt lat="47.34381135697297" lon="19.07382970116469">
				<ele>102.56222427543253</ele>
				<time>2026-04-19T11:31:34Z</time>
			</trkpt>
			<trkpt lat="47.34379770474832" lon="19.07383511000269">
				<ele>102.61937090009451</ele>
				<time>2026-04-19T11:31:36Z</time>
			</trkpt>
			<trkpt lat="47.34378192030738" lon="19.073846870670074">
				<ele>103.98173505533487</ele>
				<time>2026-04-19T11:31:38Z</time>
			</trkpt>
			<trkpt lat="47.343765490589384" lon="19.0738581571543">
				<ele>103.34884134028107</ele>
				<time>2026-04-19T11:31:41Z</time>
			</trkpt>
			<trkpt lat="47.34374837960049" lon="19.073874325369413">
				<ele>102.68853977881372</ele>
				<time>2026-04-19T11:31:43Z</time>
			</trkpt>
			<trkpt lat="47.343728320986145" lon="19.073896257431628">
				<ele>103.60584130976349</ele>
				<time>2026-04-19T11:31:45Z</time>
			</trkpt>
			<trkpt lat="47.343715858130764" lon="19.07390873889751">
				<ele>103.05207467917353</ele>
				<time>2026-04-19T11:31:47Z</time>
			</trkpt>
			<trkpt lat="47.3437047496357" lon="19.073916878016643">
				<ele>103.53029816504568</ele>
				<time>2026-04-19T11:31:49Z</time>
			</trkpt>
			<trkpt lat="47.343691166951594" lon="19.073931312327314">
				<ele>103.92334784194827</ele>
				<time>2026-04-19T11:31:52Z</time>
			</trkpt>
			<trkpt lat="47.34367757908731" lon="19.073945174854504">
				<ele>103.57240100391209</ele>
				<time>2026-04-19T11:31:54Z</time>
			</trkpt>
			<trkpt lat="47.34365868696849" lon="19.073966705399897">
				<ele>103.25269030593336</ele>
				<time>2026-04-19T11:31:58Z</time>
			</trkpt>
			<trkpt lat="47.343644070699035" lon="19.0739843137347">
				<ele>103.72541166562587</ele>
				<time>2026-04-19T11:32:00Z</time>
			</trkpt>
			<trkpt lat="47.34363187830326" lon="19.073999745726557">
				<ele>104.41570397280157</ele>
				<time>2026-04-19T11:32:02Z</time>
			</trkpt>
			<trkpt lat="47.34361093774098" lon="19.074034349189393">
				<ele>104.05265364423394</ele>
				<time>2026-04-19T11:32:04Z</time>
			</trkpt>
			<trkpt lat="47.34358847540426" lon="19.07405681410493">
				<ele>104.11102453246713</ele>
				<time>2026-04-19T11:32:07Z</time>
			</trkpt>
			<trkpt lat="47.343579886264266" lon="19.074065163942002">
				<ele>103.83417928311974</ele>
				<time>2026-04-19T11:32:08Z</time>
			</trkpt>
			<trkpt lat="47.34355860177825" lon="19.074083205518445">
				<ele>103.44425827637315</ele>
				<time>2026-04-19T11:32:10Z</time>
			</trkpt>
			<trkpt lat="47.34353190119689" lon="19.074109634237324">
				<ele>103.50013014953583</ele>
				<time>2026-04-19T11:32:12Z</time>
			</trkpt>
			<trkpt lat="47.34351508587221" lon="19.07412731904659">
				<ele>103.79832306597382</ele>
				<time>2026-04-19T11:32:14Z</time>
			</trkpt>
			<trkpt lat="47.343492223084006" lon="19.074153676164855">
				<ele>102.58938436023891</ele>
				<time>2026-04-19T11:32:17Z</time>
			</trkpt>
			<trkpt lat="47.34347116593436" lon="19.074178768630034">
				<ele>102.44241039361805</ele>
				<time>2026-04-19T11:32:19Z</time>
			</trkpt>
			<trkpt lat="47.34344945378184" lon="19.07420102380335">
				<ele>102.89262130856514</ele>
				<time>2026-04-19T11:32:21Z</time>
			</trkpt>
			<trkpt lat="47.3434278825069" lon="19.07421613371599">
				<ele>104.32587732002139</ele>
				<time>2026-04-19T11:32:23Z</time>
			</trkpt>
			<trkpt lat="47.34341694380267" lon="19.074231428524545">
				<ele>103.75694913417101</ele>
				<time>2026-04-19T11:32:24Z</time>
			</trkpt>
			<trkpt lat="47.34339416390066" lon="19.07425915973303">
				<ele>103.29734601825476</ele>
				<time>2026-04-19T11:32:26Z</time>
			</trkpt>
			<trkpt lat="47.34337149912714" lon="19.074277840346404">
				<ele>103.7394202472642</ele>
				<time>2026-04-19T11:32:27Z</time>
			</trkpt>
			<trkpt lat="47.34333558789282" lon="19.07430490067195">
				<ele>104.1740877814591</ele>
				<time>2026-04-19T11:32:31Z</time>
			</trkpt>
			<trkpt lat="47.34333495542779" lon="19.07431226460678">
				<ele>104.98533335980028</ele>
				<time>2026-04-19T11:32:33Z</time>
			</trkpt>
			<trkpt lat="47.34332218121935" lon="19.074329769089143">
				<ele>104.299909401685</ele>
				<time>2026-04-19T11:32:34Z</time>
			</trkpt>
			<trkpt lat="47.3433022793932" lon="19.074346970096105">
				<ele>104.46052812412381</ele>
				<time>2026-04-19T11:32:37Z</time>
			</trkpt>
			<trkpt lat="47.3432820718511" lon="19.07435500393402">
				<ele>105.27463493868709</ele>
				<time>2026-04-19T11:32:39Z</time>
			</trkpt>
			<trkpt lat="47.34324937610644" lon="19.07439372283742">
				<ele>104.83273388445377</ele>
				<time>2026-04-19T11:32:43Z</time>
			</trkpt>
			<trkpt lat="47.343230044115" lon="19.074434358336738">
				<ele>105.23694400396198</ele>
				<time>2026-04-19T11:32:46Z</time>
			</trkpt>
			<trkpt lat="47.343211373470915" lon="19.074454183464045">
				<ele>105.31848306208849</ele>
				<time>2026-04-19T11:32:48Z</time>
			</trkpt>
			<trkpt lat="47.34318877218106" lon="19.07447560980944">
				<ele>105.53992646373808</ele>
				<time>2026-04-19T11:32:50Z</time>
			</trkpt>
			<trkpt lat="47.34315947457201" lon="19.074507700069077">
				<ele>105.8614539001137</ele>
				<time>2026-04-19T11:32:53Z</time>
			</trkpt>
			<trkpt lat="47.34314540898289" lon="19.074521364683388">
				<ele>105.82333607878536</ele>
				<time>2026-04-19T11:32:56Z</time>
			</trkpt>
			<trkpt lat="47.34312853296952" lon="19.074523719956066">
				<ele>106.23749062884599</ele>
				<time>2026-04-19T11:32:57Z</time>
			</trkpt>
			<trkpt lat="47.34310008156359" lon="19.07453662363995">
				<ele>105.38766404986382</ele>
				<time>2026-04-19T11:33:00Z</time>
			</trkpt>
			<trkpt lat="47.343083768165386" lon="19.07455210115014">
				<ele>105.3719835812226</ele>
				<time>2026-04-19T11:33:02Z</time>
			</trkpt>
			<trkpt lat="47.34306514139895" lon="19.074576800313054">
				<ele>105.43310821149498</ele>
				<time>2026-04-19T11:33:04Z</time>
			</trkpt>
			<trkpt lat="47.343042411721854" lon="19.074597584716383">
				<ele>104.95232554990798</ele>
				<time>2026-04-19T11:33:06Z</time>
			</trkpt>
			<trkpt lat="47.34302010889984" lon="19.074629043209903">
				<ele>104.57173390686512</ele>
				<time>2026-04-19T11:33:09Z</time>
			</trkpt>
			<trkpt lat="47.34300354245322" lon="19.074649018119707">
				<ele>105.12879549898207</ele>
				<time>2026-04-19T11:33:11Z</time>
			</trkpt>
			<trkpt lat="47.34298322768205" lon="19.07466006252797">
				<ele>105.33067302592099</ele>
				<time>2026-04-19T11:33:13Z</time>
			</trkpt>
			<trkpt lat="47.34296302295525" lon="19.074665029843388">
				<ele>104.98836935311556</ele>
				<time>2026-04-19T11:33:17Z</time>
			</trkpt>
			<trkpt lat="47.342954510652774" lon="19.074669925085637">
				<ele>104.25132400263101</ele>
				<time>2026-04-19T11:33:18Z</time>
			</trkpt>
			<trkpt lat="47.342944286434445" lon="19.074679558706954">
				<ele>103.83648166898638</ele>
				<time>2026-04-19T11:33:20Z</time>
			</trkpt>
			<trkpt lat="47.34293212180082" lon="19.074689360653004">
				<ele>104.04946991614997</ele>
				<time>2026-04-19T11:33:22Z</time>
			</trkpt>
			<trkpt lat="47.342916557032964" lon="19.074703107792832">
				<ele>104.23198929429054</ele>
				<time>2026-04-19T11:33:24Z</time>
			</trkpt>
			<trkpt lat="47.34290223387306" lon="19.074715909251143">
				<ele>104.05450852308422</ele>
				<time>2026-04-19T11:33:26Z</time>
			</trkpt>
			<trkpt lat="47.342871886325554" lon="19.074750103977205">
				<ele>105.60462671797723</ele>
				<time>2026-04-19T11:33:29Z</time>
			</trkpt>
			<trkpt lat="47.342852509993634" lon="19.07477400023135">
				<ele>105.56982176098973</ele>
				<time>2026-04-19T11:33:30Z</time>
			</trkpt>
			<trkpt lat="47.342827859588816" lon="19.07480382250227">
				<ele>106.2110632294789</ele>
				<time>2026-04-19T11:33:33Z</time>
			</trkpt>
			<trkpt lat="47.34281457569932" lon="19.074826457199713">
				<ele>106.38205492403358</ele>
				<time>2026-04-19T11:33:34Z</time>
			</trkpt>
			<trkpt lat="47.342800202073086" lon="19.074843532610306">
				<ele>106.52673228643835</ele>
				<time>2026-04-19T11:33:36Z</time>
			</trkpt>
			<trkpt lat="47.34277068604927" lon="19.074870185287466">
				<ele>107.29998603463173</ele>
				<time>2026-04-19T11:33:39Z</time>
			</trkpt>
			<trkpt lat="47.34274139699044" lon="19.07488920460974">
				<ele>106.89196518994868</ele>
				<time>2026-04-19T11:33:41Z</time>
			</trkpt>
			<trkpt lat="47.342716222497124" lon="19.07490739844495">
				<ele>106.15307221002877</ele>
				<time>2026-04-19T11:33:43Z</time>
			</trkpt>
			<trkpt lat="47.34268935054667" lon="19.07493071766449">
				<ele>105.42828985210508</ele>
				<time>2026-04-19T11:33:45Z</time>
			</trkpt>
			<trkpt lat="47.34266477635993" lon="19.074954795933447">
				<ele>105.54071502201259</ele>
				<time>2026-04-19T11:33:47Z</time>
			</trkpt>
			<trkpt lat="47.34264718394137" lon="19.0749705172579">
				<ele>105.4276379821822</ele>
				<time>2026-04-19T11:33:50Z</time>
			</trkpt>
			<trkpt lat="47.34263069597001" lon="19.074989164141552">
				<ele>107.03289426397532</ele>
				<time>2026-04-19T11:33:52Z</time>
			</trkpt>
			<trkpt lat="47.342611562736984" lon="19.075026095047715">
				<ele>105.78162128571421</ele>
				<time>2026-04-19T11:33:54Z</time>
			</trkpt>
			<trkpt lat="47.34258851684801" lon="19.07505791176727">
				<ele>106.55495940055698</ele>
				<time>2026-04-19T11:33:56Z</time>
			</trkpt>
			<trkpt lat="47.342570071620045" lon="19.075079751233364">
				<ele>107.23425589874387</ele>
				<time>2026-04-19T11:33:59Z</time>
			</trkpt>
			<trkpt lat="47.34255592577162" lon="19.07510322552858">
				<ele>107.42630506586283</ele>
				<time>2026-04-19T11:34:01Z</time>
			</trkpt>
			<trkpt lat="47.34253130198175" lon="19.075132148016397">
				<ele>107.1970160920173</ele>
				<time>2026-04-19T11:34:03Z</time>
			</trkpt>
			<trkpt lat="47.34251091072699" lon="19.075154108294782">
				<ele>107.73136039171368</ele>
				<time>2026-04-19T11:34:06Z</time>
			</trkpt>
			<trkpt lat="47.34249336637611" lon="19.075170242165918">
				<ele>108.14090074039996</ele>
				<time>2026-04-19T11:34:08Z</time>
			</trkpt>
			<trkpt lat="47.34247047834385" lon="19.075196977556338">
				<ele>107.84979811217636</ele>
				<time>2026-04-19T11:34:10Z</time>
			</trkpt>
			<trkpt lat="47.34245204243872" lon="19.075211777126345">
				<ele>109.23024878185242</ele>
				<time>2026-04-19T11:34:11Z</time>
			</trkpt>
			<trkpt lat="47.34241476459795" lon="19.075241954153217">
				<ele>108.18227438256145</ele>
				<time>2026-04-19T11:34:14Z</time>
			</trkpt>
			<trkpt lat="47.34238797902713" lon="19.07524988232337">
				<ele>107.85826519224793</ele>
				<time>2026-04-19T11:34:16Z</time>
			</trkpt>
			<trkpt lat="47.34236661748779" lon="19.075264877259013">
				<ele>107.69558581709862</ele>
				<time>2026-04-19T11:34:18Z</time>
			</trkpt>
			<trkpt lat="47.342356868754656" lon="19.07527291090993">
				<ele>107.53134549222887</ele>
				<time>2026-04-19T11:34:20Z</time>
			</trkpt>
			<trkpt lat="47.34234673134631" lon="19.07528636689069">
				<ele>107.20211575180292</ele>
				<time>2026-04-19T11:34:21Z</time>
			</trkpt>
			<trkpt lat="47.34232124704368" lon="19.075308725663206">
				<ele>107.17275737319142</ele>
				<time>2026-04-19T11:34:23Z</time>
			</trkpt>
			<trkpt lat="47.34229945329296" lon="19.07532178718453">
				<ele>106.82355240546167</ele>
				<time>2026-04-19T11:34:26Z</time>
			</trkpt>
			<trkpt lat="47.34229041190984" lon="19.07532291023828">
				<ele>107.30647296085954</ele>
				<time>2026-04-19T11:34:28Z</time>
			</trkpt>
			<trkpt lat="47.342278524026234" lon="19.0753238147358">
				<ele>107.01102550793439</ele>
				<time>2026-04-19T11:34:30Z</time>
			</trkpt>
			<trkpt lat="47.34226580350916" lon="19.075325600676447">
				<ele>106.92855599150062</ele>
				<time>2026-04-19T11:34:32Z</time>
			</trkpt>
			<trkpt lat="47.342242112569934" lon="19.07533323531219">
				<ele>106.78041755501181</ele>
				<time>2026-04-19T11:34:34Z</time>
			</trkpt>
			<trkpt lat="47.34221788987135" lon="19.07534420415574">
				<ele>106.75163259357214</ele>
				<time>2026-04-19T11:34:37Z</time>
			</trkpt>
			<trkpt lat="47.34219807474309" lon="19.07536612539564">
				<ele>106.47270089574158</ele>
				<time>2026-04-19T11:34:38Z</time>
			</trkpt>
			<trkpt lat="47.34217299246513" lon="19.075394293535673">
				<ele>106.33400724455714</ele>
				<time>2026-04-19T11:34:40Z</time>
			</trkpt>
			<trkpt lat="47.342156947368764" lon="19.075409683837247">
				<ele>106.40569987799972</ele>
				<time>2026-04-19T11:34:42Z</time>
			</trkpt>
			<trkpt lat="47.34213675608285" lon="19.075428235399514">
				<ele>106.40945056825876</ele>
				<time>2026-04-19T11:34:44Z</time>
			</trkpt>
			<trkpt lat="47.342113296742895" lon="19.075452384066605">
				<ele>106.8438086938113</ele>
				<time>2026-04-19T11:34:46Z</time>
			</trkpt>
			<trkpt lat="47.342095523557354" lon="19.07547788250928">
				<ele>106.96364270150661</ele>
				<time>2026-04-19T11:34:49Z</time>
			</trkpt>
			<trkpt lat="47.34207078414177" lon="19.07551754691514">
				<ele>107.1022099563852</ele>
				<time>2026-04-19T11:34:52Z</time>
			</trkpt>
			<trkpt lat="47.342058353241505" lon="19.075550664783968">
				<ele>106.67057900503278</ele>
				<time>2026-04-19T11:34:55Z</time>
			</trkpt>
			<trkpt lat="47.34205238381254" lon="19.075568407691673">
				<ele>106.63116264902055</ele>
				<time>2026-04-19T11:34:57Z</time>
			</trkpt>
			<trkpt lat="47.34204402636279" lon="19.075590199361468">
				<ele>106.87886976636946</ele>
				<time>2026-04-19T11:35:00Z</time>
			</trkpt>
			<trkpt lat="47.342029138996445" lon="19.075621022528853">
				<ele>106.62093513272703</ele>
				<time>2026-04-19T11:35:02Z</time>
			</trkpt>
			<trkpt lat="47.342006976696524" lon="19.075653592730408">
				<ele>106.99540866259485</ele>
				<time>2026-04-19T11:35:04Z</time>
			</trkpt>
			<trkpt lat="47.34198881177913" lon="19.07568035037219">
				<ele>107.54773046448827</ele>
				<time>2026-04-19T11:35:07Z</time>
			</trkpt>
			<trkpt lat="47.34196924678721" lon="19.075696892018364">
				<ele>107.98387599363923</ele>
				<time>2026-04-19T11:35:09Z</time>
			</trkpt>
			<trkpt lat="47.34195443527685" lon="19.075707172411136">
				<ele>108.40529709681869</ele>
				<time>2026-04-19T11:35:11Z</time>
			</trkpt>
			<trkpt lat="47.34194370702464" lon="19.075717110621667">
				<ele>108.60736538190395</ele>
				<time>2026-04-19T11:35:13Z</time>
			</trkpt>
			<trkpt lat="47.341929894277186" lon="19.075727587131922">
				<ele>107.94001075346023</ele>
				<time>2026-04-19T11:35:16Z</time>
			</trkpt>
			<trkpt lat="47.34191425118336" lon="19.075749106421895">
				<ele>107.98436233494431</ele>
				<time>2026-04-19T11:35:17Z</time>
			</trkpt>
			<trkpt lat="47.341890946517566" lon="19.075779227445068">
				<ele>107.54388897772878</ele>
				<time>2026-04-19T11:35:19Z</time>
			</trkpt>
			<trkpt lat="47.34186415988114" lon="19.07580440334834">
				<ele>107.2268634038046</ele>
				<time>2026-04-19T11:35:21Z</time>
			</trkpt>
			<trkpt lat="47.341834306141145" lon="19.0758213194731">
				<ele>106.69304157886654</ele>
				<time>2026-04-19T11:35:23Z</time>
			</trkpt>
			<trkpt lat="47.341796965600174" lon="19.07585540613596">
				<ele>107.74448932427913</ele>
				<time>2026-04-19T11:35:26Z</time>
			</trkpt>
			<trkpt lat="47.34177173525564" lon="19.075884104090072">
				<ele>106.86684969067574</ele>
				<time>2026-04-19T11:35:29Z</time>
			</trkpt>
			<trkpt lat="47.34176265310043" lon="19.07588622256442">
				<ele>108.11817616317421</ele>
				<time>2026-04-19T11:35:31Z</time>
			</trkpt>
			<trkpt lat="47.34175406092406" lon="19.07589779409334">
				<ele>107.52254523802549</ele>
				<time>2026-04-19T11:35:32Z</time>
			</trkpt>
			<trkpt lat="47.341739223165" lon="19.07591323978037">
				<ele>107.56375868245959</ele>
				<time>2026-04-19T11:35:35Z</time>
			</trkpt>
			<trkpt lat="47.341715712646256" lon="19.075934081426652">
				<ele>107.63699204940349</ele>
				<time>2026-04-19T11:35:37Z</time>
			</trkpt>
			<trkpt lat="47.34168495393875" lon="19.075962098330212">
				<ele>106.33160151727498</ele>
				<time>2026-04-19T11:35:40Z</time>
			</trkpt>
			<trkpt lat="47.34165899228678" lon="19.07599044782539">
				<ele>106.81381611898541</ele>
				<time>2026-04-19T11:35:43Z</time>
			</trkpt>
			<trkpt lat="47.34163450002188" lon="19.07600829686248">
				<ele>107.03004598803818</ele>
				<time>2026-04-19T11:35:45Z</time>
			</trkpt>
			<trkpt lat="47.34161338955726" lon="19.076039922507356">
				<ele>106.93677801731974</ele>
				<time>2026-04-19T11:35:48Z</time>
			</trkpt>
			<trkpt lat="47.34160998667981" lon="19.076039997737862">
				<ele>107.17444914579391</ele>
				<time>2026-04-19T11:35:49Z</time>
			</trkpt>
			<trkpt lat="47.341602912832485" lon="19.07604709145613">
				<ele>107.12326534278691</ele>
				<time>2026-04-19T11:35:51Z</time>
			</trkpt>
			<trkpt lat="47.34158595474139" lon="19.076062735849927">
				<ele>106.35921488143504</ele>
				<time>2026-04-19T11:35:53Z</time>
			</trkpt>
			<trkpt lat="47.3415717078229" lon="19.07607028857869">
				<ele>106.9674610402435</ele>
				<time>2026-04-19T11:35:55Z</time>
			</trkpt>
			<trkpt lat="47.34154898624072" lon="19.076078280011238">
				<ele>107.46617694478482</ele>
				<time>2026-04-19T11:35:57Z</time>
			</trkpt>
			<trkpt lat="47.34152251298033" lon="19.076087009317597">
				<ele>107.11901568062603</ele>
				<time>2026-04-19T11:36:00Z</time>
			</trkpt>
			<trkpt lat="47.34148432714165" lon="19.07610312125875">
				<ele>107.66853658296168</ele>
				<time>2026-04-19T11:36:03Z</time>
			</trkpt>
			<trkpt lat="47.34145052075588" lon="19.07611547979931">
				<ele>107.96589912567288</ele>
				<time>2026-04-19T11:36:05Z</time>
			</trkpt>
			<trkpt lat="47.34142059968275" lon="19.076128473674263">
				<ele>107.37101441901177</ele>
				<time>2026-04-19T11:36:07Z</time>
			</trkpt>
			<trkpt lat="47.34140445755834" lon="19.076132992855786">
				<ele>107.96181252319366</ele>
				<time>2026-04-19T11:36:09Z</time>
			</trkpt>
			<trkpt lat="47.34137950717788" lon="19.076142789940512">
				<ele>108.37463317066431</ele>
				<time>2026-04-19T11:36:11Z</time>
			</trkpt>
			<trkpt lat="47.34135406859726" lon="19.07616335124994">
				<ele>108.44320369046181</ele>
				<time>2026-04-19T11:36:13Z</time>
			</trkpt>
			<trkpt lat="47.34131837529022" lon="19.076186664407224">
				<ele>107.47320517990738</ele>
				<time>2026-04-19T11:36:16Z</time>
			</trkpt>
			<trkpt lat="47.34128122426903" lon="19.076216511641956">
				<ele>107.22656720690429</ele>
				<time>2026-04-19T11:36:19Z</time>
			</trkpt>
			<trkpt lat="47.341254180833964" lon="19.07624896521792">
				<ele>107.65739668160677</ele>
				<time>2026-04-19T11:36:21Z</time>
			</trkpt>
			<trkpt lat="47.34124039176289" lon="19.07626866027378">
				<ele>107.31206997670233</ele>
				<time>2026-04-19T11:36:23Z</time>
			</trkpt>
			<trkpt lat="47.34123263422637" lon="19.076286907311292">
				<ele>107.46479090675712</ele>
				<time>2026-04-19T11:36:24Z</time>
			</trkpt>
			<trkpt lat="47.34122277393122" lon="19.07630522843094">
				<ele>108.67101489566267</ele>
				<time>2026-04-19T11:36:26Z</time>
			</trkpt>
			<trkpt lat="47.341211214271276" lon="19.076338725913327">
				<ele>108.03664365690202</ele>
				<time>2026-04-19T11:36:28Z</time>
			</trkpt>
			<trkpt lat="47.34118726495959" lon="19.076386219271175">
				<ele>108.65188600402325</ele>
				<time>2026-04-19T11:36:31Z</time>
			</trkpt>
			<trkpt lat="47.34115633633619" lon="19.07642499816225">
				<ele>108.8970257434994</ele>
				<time>2026-04-19T11:36:34Z</time>
			</trkpt>
			<trkpt lat="47.3411302355569" lon="19.07644799696812">
				<ele>107.4254318503663</ele>
				<time>2026-04-19T11:36:39Z</time>
			</trkpt>
			<trkpt lat="47.341123184090094" lon="19.076445154433664">
				<ele>107.84221113380045</ele>
				<time>2026-04-19T11:36:41Z</time>
			</trkpt>
			<trkpt lat="47.341108990545905" lon="19.076453028386247">
				<ele>108.43488529883325</ele>
				<time>2026-04-19T11:36:45Z</time>
			</trkpt>
			<trkpt lat="47.341098912980904" lon="19.076473571511666">
				<ele>107.64487719908357</ele>
				<time>2026-04-19T11:36:48Z</time>
			</trkpt>
			<trkpt lat="47.34108927407143" lon="19.07649188392793">
				<ele>108.14265259727836</ele>
				<time>2026-04-19T11:36:50Z</time>
			</trkpt>
			<trkpt lat="47.341065641089074" lon="19.076520895528816">
				<ele>108.07112728152424</ele>
				<time>2026-04-19T11:36:52Z</time>
			</trkpt>
			<trkpt lat="47.34103849884547" lon="19.076552226012446">
				<ele>107.79392203036696</ele>
				<time>2026-04-19T11:36:56Z</time>
			</trkpt>
			<trkpt lat="47.341024781568265" lon="19.076572534437123">
				<ele>107.13895699102432</ele>
				<time>2026-04-19T11:36:57Z</time>
			</trkpt>
			<trkpt lat="47.34099797556799" lon="19.076598850974907">
				<ele>107.09711383190006</ele>
				<time>2026-04-19T11:36:59Z</time>
			</trkpt>
			<trkpt lat="47.34097019856205" lon="19.076622258263864">
				<ele>107.97879148833454</ele>
				<time>2026-04-19T11:37:01Z</time>
			</trkpt>
			<trkpt lat="47.3409462119398" lon="19.07664517441025">
				<ele>107.38759717717767</ele>
				<time>2026-04-19T11:37:03Z</time>
			</trkpt>
			<trkpt lat="47.340933053165394" lon="19.076658661994966">
				<ele>107.83848747331649</ele>
				<time>2026-04-19T11:37:05Z</time>
			</trkpt>
			<trkpt lat="47.34092524638664" lon="19.07666908238182">
				<ele>108.35759250726551</ele>
				<time>2026-04-19T11:37:07Z</time>
			</trkpt>
			<trkpt lat="47.34090517476294" lon="19.076707280730204">
				<ele>108.78118401858956</ele>
				<time>2026-04-19T11:37:10Z</time>
			</trkpt>
			<trkpt lat="47.34087814678579" lon="19.07672302768559">
				<ele>109.84420199040323</ele>
				<time>2026-04-19T11:37:12Z</time>
			</trkpt>
			<trkpt lat="47.340853830306216" lon="19.0767330681207">
				<ele>108.45234978292137</ele>
				<time>2026-04-19T11:37:15Z</time>
			</trkpt>
			<trkpt lat="47.3408378958361" lon="19.076747218089295">
				<ele>108.90328425262123</ele>
				<time>2026-04-19T11:37:19Z</time>
			</trkpt>
			<trkpt lat="47.34082155454627" lon="19.076768799758057">
				<ele>108.0079012485221</ele>
				<time>2026-04-19T11:37:23Z</time>
			</trkpt>
			<trkpt lat="47.340803520174" lon="19.07679000549169">
				<ele>106.70429330971092</ele>
				<time>2026-04-19T11:37:26Z</time>
			</trkpt>
			<trkpt lat="47.34078631770338" lon="19.076799264435543">
				<ele>107.57723347563297</ele>
				<time>2026-04-19T11:37:29Z</time>
			</trkpt>
			<trkpt lat="47.34077515060629" lon="19.076820851158168">
				<ele>106.88612057175487</ele>
				<time>2026-04-19T11:37:30Z</time>
			</trkpt>
			<trkpt lat="47.340767512752585" lon="19.076822847310535">
				<ele>107.20806520152837</ele>
				<time>2026-04-19T11:37:31Z</time>
			</trkpt>
			<trkpt lat="47.340757793645466" lon="19.07683272249217">
				<ele>106.87218084745109</ele>
				<time>2026-04-19T11:37:33Z</time>
			</trkpt>
			<trkpt lat="47.3407378829302" lon="19.076860923965622">
				<ele>106.65507050137967</ele>
				<time>2026-04-19T11:37:35Z</time>
			</trkpt>
			<trkpt lat="47.34070987252625" lon="19.076893214602965">
				<ele>106.883780031465</ele>
				<time>2026-04-19T11:37:39Z</time>
			</trkpt>
			<trkpt lat="47.340693802939484" lon="19.076911546989447">
				<ele>107.10492186434567</ele>
				<time>2026-04-19T11:37:40Z</time>
			</trkpt>
			<trkpt lat="47.34067097290559" lon="19.07693850895145">
				<ele>107.43671372253448</ele>
				<time>2026-04-19T11:37:42Z</time>
			</trkpt>
			<trkpt lat="47.34065217865627" lon="19.076965171474303">
				<ele>106.96079827100039</ele>
				<time>2026-04-19T11:37:45Z</time>
			</trkpt>
			<trkpt lat="47.34064247448666" lon="19.07697507775801">
				<ele>107.66437610797584</ele>
				<time>2026-04-19T11:37:47Z</time>
			</trkpt>
			<trkpt lat="47.34062081540297" lon="19.077000168333978">
				<ele>107.50802312977612</ele>
				<time>2026-04-19T11:37:49Z</time>
			</trkpt>
			<trkpt lat="47.340599973709" lon="19.077024479734046">
				<ele>108.17568019311875</ele>
				<time>2026-04-19T11:37:52Z</time>
			</trkpt>
			<trkpt lat="47.34058571330486" lon="19.0770401667913">
				<ele>107.3924652710557</ele>
				<time>2026-04-19T11:37:53Z</time>
			</trkpt>
			<trkpt lat="47.3405647059049" lon="19.077057758970305">
				<ele>107.08941520936787</ele>
				<time>2026-04-19T11:37:55Z</time>
			</trkpt>
			<trkpt lat="47.34053696770551" lon="19.077080130058725">
				<ele>107.97377654351294</ele>
				<time>2026-04-19T11:37:58Z</time>
			</trkpt>
			<trkpt lat="47.34051870838292" lon="19.077099868161046">
				<ele>107.00020758341998</ele>
				<time>2026-04-19T11:38:00Z</time>
			</trkpt>
			<trkpt lat="47.3405025649578" lon="19.077119376694842">
				<ele>106.71369262598455</ele>
				<time>2026-04-19T11:38:02Z</time>
			</trkpt>
			<trkpt lat="47.34048798709165" lon="19.077132358559492">
				<ele>106.89080101903528</ele>
				<time>2026-04-19T11:38:05Z</time>
			</trkpt>
			<trkpt lat="47.34047488405837" lon="19.07714068855017">
				<ele>107.40726024191827</ele>
				<time>2026-04-19T11:38:06Z</time>
			</trkpt>
			<trkpt lat="47.34044903581284" lon="19.077157180977682">
				<ele>107.98501116689295</ele>
				<time>2026-04-19T11:38:08Z</time>
			</trkpt>
			<trkpt lat="47.34041856363154" lon="19.07718743050231">
				<ele>106.82664388976991</ele>
				<time>2026-04-19T11:38:11Z</time>
			</trkpt>
			<trkpt lat="47.340395112722504" lon="19.077202635407183">
				<ele>106.80066926125437</ele>
				<time>2026-04-19T11:38:13Z</time>
			</trkpt>
			<trkpt lat="47.34036784658846" lon="19.07721701995544">
				<ele>106.34785791579634</ele>
				<time>2026-04-19T11:38:15Z</time>
			</trkpt>
			<trkpt lat="47.34034543486199" lon="19.07722631364347">
				<ele>107.1476225964725</ele>
				<time>2026-04-19T11:38:18Z</time>
			</trkpt>
			<trkpt lat="47.34033978999591" lon="19.077234939894964">
				<ele>107.26968077849597</ele>
				<time>2026-04-19T11:38:20Z</time>
			</trkpt>
			<trkpt lat="47.340319514403326" lon="19.07724701745931">
				<ele>106.73811617959291</ele>
				<time>2026-04-19T11:38:22Z</time>
			</trkpt>
			<trkpt lat="47.340293348927716" lon="19.077258822476363">
				<ele>106.95227376930416</ele>
				<time>2026-04-19T11:38:24Z</time>
			</trkpt>
			<trkpt lat="47.34027534881625" lon="19.07728066439557">
				<ele>107.89015184435993</ele>
				<time>2026-04-19T11:38:26Z</time>
			</trkpt>
			<trkpt lat="47.34025289815413" lon="19.077304165021758">
				<ele>108.82942844368517</ele>
				<time>2026-04-19T11:38:28Z</time>
			</trkpt>
			<trkpt lat="47.34022783889927" lon="19.07730955007522">
				<ele>108.93828994967043</ele>
				<time>2026-04-19T11:38:30Z</time>
			</trkpt>
			<trkpt lat="47.34020873692978" lon="19.077317787388704">
				<ele>107.97087073884904</ele>
				<time>2026-04-19T11:38:33Z</time>
			</trkpt>
			<trkpt lat="47.3401985059117" lon="19.077333260622986">
				<ele>107.18733969237655</ele>
				<time>2026-04-19T11:38:36Z</time>
			</trkpt>
			<trkpt lat="47.34017527258209" lon="19.077347221395176">
				<ele>106.83499888330698</ele>
				<time>2026-04-19T11:38:38Z</time>
			</trkpt>
			<trkpt lat="47.34014579516964" lon="19.07737032274228">
				<ele>107.46323516126722</ele>
				<time>2026-04-19T11:38:41Z</time>
			</trkpt>
			<trkpt lat="47.34012605425324" lon="19.077391096214395">
				<ele>107.07579741347581</ele>
				<time>2026-04-19T11:38:44Z</time>
			</trkpt>
			<trkpt lat="47.340112004801554" lon="19.077400801816808">
				<ele>107.20489121414721</ele>
				<time>2026-04-19T11:38:47Z</time>
			</trkpt>
			<trkpt lat="47.340073485970045" lon="19.077419183221977">
				<ele>106.84229537378997</ele>
				<time>2026-04-19T11:38:51Z</time>
			</trkpt>
			<trkpt lat="47.3400732574927" lon="19.07742846498977">
				<ele>105.96455065440387</ele>
				<time>2026-04-19T11:38:52Z</time>
			</trkpt>
			<trkpt lat="47.34005905834661" lon="19.07744194169004">
				<ele>106.34144146274775</ele>
				<time>2026-04-19T11:38:53Z</time>
			</trkpt>
			<trkpt lat="47.34004129514303" lon="19.077448209063142">
				<ele>106.7672235192731</ele>
				<time>2026-04-19T11:38:54Z</time>
			</trkpt>
			<trkpt lat="47.340013317139515" lon="19.077466637483102">
				<ele>106.54412118904293</ele>
				<time>2026-04-19T11:38:58Z</time>
			</trkpt>
			<trkpt lat="47.33999693801852" lon="19.077474318830937">
				<ele>106.97524338867515</ele>
				<time>2026-04-19T11:38:59Z</time>
			</trkpt>
			<trkpt lat="47.33996751683829" lon="19.077490191937287">
				<ele>107.02794241625816</ele>
				<time>2026-04-19T11:39:02Z</time>
			</trkpt>
			<trkpt lat="47.33994907131818" lon="19.077509138158824">
				<ele>107.42418050579727</ele>
				<time>2026-04-19T11:39:04Z</time>
			</trkpt>
			<trkpt lat="47.33993179604515" lon="19.07753366585321">
				<ele>106.81528729572892</ele>
				<time>2026-04-19T11:39:06Z</time>
			</trkpt>
			<trkpt lat="47.33991604811873" lon="19.077545226317525">
				<ele>107.09845423419029</ele>
				<time>2026-04-19T11:39:09Z</time>
			</trkpt>
			<trkpt lat="47.339897988953" lon="19.077547422609268">
				<ele>107.08708684053272</ele>
				<time>2026-04-19T11:39:11Z</time>
			</trkpt>
			<trkpt lat="47.3398736249959" lon="19.077558037175745">
				<ele>107.0615968964994</ele>
				<time>2026-04-19T11:39:13Z</time>
			</trkpt>
			<trkpt lat="47.33984705732041" lon="19.0775711247313">
				<ele>106.91179376095533</ele>
				<time>2026-04-19T11:39:15Z</time>
			</trkpt>
			<trkpt lat="47.33980696988163" lon="19.077595700519872">
				<ele>105.94379603955895</ele>
				<time>2026-04-19T11:39:19Z</time>
			</trkpt>
			<trkpt lat="47.33978404921957" lon="19.07761690797383">
				<ele>106.61008554324508</ele>
				<time>2026-04-19T11:39:22Z</time>
			</trkpt>
			<trkpt lat="47.33976708707647" lon="19.077635877000773">
				<ele>105.47388409823179</ele>
				<time>2026-04-19T11:39:24Z</time>
			</trkpt>
			<trkpt lat="47.33974695745231" lon="19.077648848918344">
				<ele>105.33710062503815</ele>
				<time>2026-04-19T11:39:26Z</time>
			</trkpt>
			<trkpt lat="47.33972830521008" lon="19.07766598041062">
				<ele>105.81307451985776</ele>
				<time>2026-04-19T11:39:28Z</time>
			</trkpt>
			<trkpt lat="47.339705157368954" lon="19.07767794494957">
				<ele>105.83438337035477</ele>
				<time>2026-04-19T11:39:30Z</time>
			</trkpt>
			<trkpt lat="47.339682796426764" lon="19.07769347860257">
				<ele>106.70725548360497</ele>
				<time>2026-04-19T11:39:32Z</time>
			</trkpt>
			<trkpt lat="47.339670910261866" lon="19.077707422129915">
				<ele>107.32353796809912</ele>
				<time>2026-04-19T11:39:34Z</time>
			</trkpt>
			<trkpt lat="47.3396632250725" lon="19.07772041495584">
				<ele>107.27440789528191</ele>
				<time>2026-04-19T11:39:36Z</time>
			</trkpt>
			<trkpt lat="47.33963965644147" lon="19.077716237697654">
				<ele>106.35490828379989</ele>
				<time>2026-04-19T11:39:38Z</time>
			</trkpt>
			<trkpt lat="47.33961206273145" lon="19.077719206077184">
				<ele>106.44185584131628</ele>
				<time>2026-04-19T11:39:40Z</time>
			</trkpt>
			<trkpt lat="47.33957255889456" lon="19.07774043028646">
				<ele>106.72576554864645</ele>
				<time>2026-04-19T11:39:43Z</time>
			</trkpt>
			<trkpt lat="47.33955602391599" lon="19.077753898987815">
				<ele>107.59097940847278</ele>
				<time>2026-04-19T11:39:44Z</time>
			</trkpt>
			<trkpt lat="47.33953196498286" lon="19.077765912557222">
				<ele>106.8560728719458</ele>
				<time>2026-04-19T11:39:47Z</time>
			</trkpt>
			<trkpt lat="47.33952036048489" lon="19.07776544456689">
				<ele>107.70828577689826</ele>
				<time>2026-04-19T11:39:50Z</time>
			</trkpt>
			<trkpt lat="47.33949676395518" lon="19.077771051969556">
				<ele>106.68309228681028</ele>
				<time>2026-04-19T11:39:52Z</time>
			</trkpt>
			<trkpt lat="47.339465146473415" lon="19.077778538892066">
				<ele>107.15353960171342</ele>
				<time>2026-04-19T11:39:54Z</time>
			</trkpt>
			<trkpt lat="47.339436457623385" lon="19.077788071709264">
				<ele>107.2650106921792</ele>
				<time>2026-04-19T11:39:56Z</time>
			</trkpt>
			<trkpt lat="47.339406491585315" lon="19.077792206071813">
				<ele>107.96125804260373</ele>
				<time>2026-04-19T11:39:58Z</time>
			</trkpt>
			<trkpt lat="47.339381606179536" lon="19.07781407564788">
				<ele>107.96982801798731</ele>
				<time>2026-04-19T11:40:00Z</time>
			</trkpt>
			<trkpt lat="47.33936149548941" lon="19.077837550545773">
				<ele>107.81952634826303</ele>
				<time>2026-04-19T11:40:02Z</time>
			</trkpt>
			<trkpt lat="47.339350913636295" lon="19.077850182370195">
				<ele>107.33412237465382</ele>
				<time>2026-04-19T11:40:04Z</time>
			</trkpt>
			<trkpt lat="47.33933287052561" lon="19.077868161019087">
				<ele>107.85660671070218</ele>
				<time>2026-04-19T11:40:06Z</time>
			</trkpt>
			<trkpt lat="47.3393083430037" lon="19.077895569982307">
				<ele>107.75578499678522</ele>
				<time>2026-04-19T11:40:08Z</time>
			</trkpt>
			<trkpt lat="47.33927766673761" lon="19.077919107747817">
				<ele>108.57623382098973</ele>
				<time>2026-04-19T11:40:10Z</time>
			</trkpt>
			<trkpt lat="47.33925072710278" lon="19.077936915654526">
				<ele>108.29245612118393</ele>
				<time>2026-04-19T11:40:12Z</time>
			</trkpt>
			<trkpt lat="47.339236619032384" lon="19.077943684056194">
				<ele>108.35643527377397</ele>
				<time>2026-04-19T11:40:14Z</time>
			</trkpt>
			<trkpt lat="47.33922843295157" lon="19.077944437727606">
				<ele>109.35012826323509</ele>
				<time>2026-04-19T11:40:16Z</time>
			</trkpt>
			<trkpt lat="47.33921298525164" lon="19.077959156850422">
				<ele>108.72307847440243</ele>
				<time>2026-04-19T11:40:18Z</time>
			</trkpt>
			<trkpt lat="47.33918855653831" lon="19.077993591052383">
				<ele>108.48060923814774</ele>
				<time>2026-04-19T11:40:20Z</time>
			</trkpt>
			<trkpt lat="47.33916629678225" lon="19.078019170662046">
				<ele>107.92972620669752</ele>
				<time>2026-04-19T11:40:22Z</time>
			</trkpt>
			<trkpt lat="47.339158176431525" lon="19.078034897303535">
				<ele>108.16926884558052</ele>
				<time>2026-04-19T11:40:24Z</time>
			</trkpt>
			<trkpt lat="47.339135908589476" lon="19.0780571484688">
				<ele>108.63135726563632</ele>
				<time>2026-04-19T11:40:26Z</time>
			</trkpt>
			<trkpt lat="47.339107617774616" lon="19.07807439293057">
				<ele>108.70624655298889</ele>
				<time>2026-04-19T11:40:28Z</time>
			</trkpt>
			<trkpt lat="47.33907477523075" lon="19.07810775245954">
				<ele>108.32932064309716</ele>
				<time>2026-04-19T11:40:31Z</time>
			</trkpt>
			<trkpt lat="47.33905214827159" lon="19.07812906275046">
				<ele>108.41585056576878</ele>
				<time>2026-04-19T11:40:33Z</time>
			</trkpt>
			<trkpt lat="47.33902340124603" lon="19.078155230186162">
				<ele>107.30589022953063</ele>
				<time>2026-04-19T11:40:36Z</time>
			</trkpt>
			<trkpt lat="47.33901731598361" lon="19.07814882715065">
				<ele>107.88026196882129</ele>
				<time>2026-04-19T11:40:38Z</time>
			</trkpt>
			<trkpt lat="47.33900523109596" lon="19.07815514695862">
				<ele>107.12550740595907</ele>
				<time>2026-04-19T11:40:39Z</time>
			</trkpt>
			<trkpt lat="47.33899203328257" lon="19.078161415490314">
				<ele>106.91887922026217</ele>
				<time>2026-04-19T11:40:40Z</time>
			</trkpt>
			<trkpt lat="47.33897830455648" lon="19.07816564757346">
				<ele>107.78041252400726</ele>
				<time>2026-04-19T11:40:42Z</time>
			</trkpt>
			<trkpt lat="47.338953650449376" lon="19.0781861288958">
				<ele>107.37409753445536</ele>
				<time>2026-04-19T11:40:45Z</time>
			</trkpt>
			<trkpt lat="47.33892985915322" lon="19.078199075632163">
				<ele>106.83451681118459</ele>
				<time>2026-04-19T11:40:47Z</time>
			</trkpt>
			<trkpt lat="47.338904997500926" lon="19.078216655497794">
				<ele>106.5715447422117</ele>
				<time>2026-04-19T11:40:49Z</time>
			</trkpt>
			<trkpt lat="47.33888202524715" lon="19.078235400116636">
				<ele>106.80614900030196</ele>
				<time>2026-04-19T11:40:51Z</time>
			</trkpt>
			<trkpt lat="47.33886842485933" lon="19.07824672163039">
				<ele>107.25201879628003</ele>
				<time>2026-04-19T11:40:53Z</time>
			</trkpt>
			<trkpt lat="47.33885900382858" lon="19.078255870512724">
				<ele>106.08984201494604</ele>
				<time>2026-04-19T11:40:55Z</time>
			</trkpt>
			<trkpt lat="47.33884098670798" lon="19.078275934801468">
				<ele>105.961130797863</ele>
				<time>2026-04-19T11:40:56Z</time>
			</trkpt>
			<trkpt lat="47.33880373209984" lon="19.078306574605353">
				<ele>106.29965246748179</ele>
				<time>2026-04-19T11:40:59Z</time>
			</trkpt>
			<trkpt lat="47.338774153124774" lon="19.07833272648597">
				<ele>106.62991948239505</ele>
				<time>2026-04-19T11:41:01Z</time>
			</trkpt>
			<trkpt lat="47.33874617315866" lon="19.078344256383108">
				<ele>106.94404144398868</ele>
				<time>2026-04-19T11:41:03Z</time>
			</trkpt>
			<trkpt lat="47.33871449434693" lon="19.07834912520023">
				<ele>106.64381901267916</ele>
				<time>2026-04-19T11:41:05Z</time>
			</trkpt>
			<trkpt lat="47.33868806359435" lon="19.078350616927107">
				<ele>105.7514836192131</ele>
				<time>2026-04-19T11:41:08Z</time>
			</trkpt>
			<trkpt lat="47.33867492488564" lon="19.078351087204762">
				<ele>106.10013078246266</ele>
				<time>2026-04-19T11:41:10Z</time>
			</trkpt>
			<trkpt lat="47.33864667379241" lon="19.07837828293192">
				<ele>107.57655821368098</ele>
				<time>2026-04-19T11:41:13Z</time>
			</trkpt>
			<trkpt lat="47.338623260436236" lon="19.078396190904705">
				<ele>107.04743742477149</ele>
				<time>2026-04-19T11:41:16Z</time>
			</trkpt>
			<trkpt lat="47.33860263681985" lon="19.07840670272706">
				<ele>107.00353088788688</ele>
				<time>2026-04-19T11:41:18Z</time>
			</trkpt>
			<trkpt lat="47.33858748792658" lon="19.07840133854103">
				<ele>106.6426575453952</ele>
				<time>2026-04-19T11:41:20Z</time>
			</trkpt>
			<trkpt lat="47.338561673925184" lon="19.078403439257382">
				<ele>106.13983628060669</ele>
				<time>2026-04-19T11:41:22Z</time>
			</trkpt>
			<trkpt lat="47.338541590476524" lon="19.078402067422594">
				<ele>106.98483126889914</ele>
				<time>2026-04-19T11:41:24Z</time>
			</trkpt>
			<trkpt lat="47.33852158864188" lon="19.07840629570849">
				<ele>106.70797120872885</ele>
				<time>2026-04-19T11:41:25Z</time>
			</trkpt>
			<trkpt lat="47.33847691241574" lon="19.078428842455395">
				<ele>106.20528096705675</ele>
				<time>2026-04-19T11:41:28Z</time>
			</trkpt>
			<trkpt lat="47.33842679188843" lon="19.07846099419224">
				<ele>106.87877592816949</ele>
				<time>2026-04-19T11:41:32Z</time>
			</trkpt>
			<trkpt lat="47.338418258092446" lon="19.078465724320814">
				<ele>106.62832266837358</ele>
				<time>2026-04-19T11:41:34Z</time>
			</trkpt>
			<trkpt lat="47.338409190913914" lon="19.078477267652044">
				<ele>106.76921821199358</ele>
				<time>2026-04-19T11:41:35Z</time>
			</trkpt>
			<trkpt lat="47.33840060248203" lon="19.078489197084075">
				<ele>106.63233372848481</ele>
				<time>2026-04-19T11:41:37Z</time>
			</trkpt>
			<trkpt lat="47.33837920403505" lon="19.07849416268075">
				<ele>105.82762771006674</ele>
				<time>2026-04-19T11:41:39Z</time>
			</trkpt>
			<trkpt lat="47.33836190638714" lon="19.07850461130007">
				<ele>105.8476939490065</ele>
				<time>2026-04-19T11:41:40Z</time>
			</trkpt>
			<trkpt lat="47.338334233257065" lon="19.078520825645192">
				<ele>105.85411383863539</ele>
				<time>2026-04-19T11:41:42Z</time>
			</trkpt>
			<trkpt lat="47.33830767410055" lon="19.078534431280413">
				<ele>105.00372527725995</ele>
				<time>2026-04-19T11:41:44Z</time>
			</trkpt>
			<trkpt lat="47.33828625884237" lon="19.078538798019657">
				<ele>105.51986041199416</ele>
				<time>2026-04-19T11:41:46Z</time>
			</trkpt>
			<trkpt lat="47.33826332497269" lon="19.078561377966338">
				<ele>105.44640492834151</ele>
				<time>2026-04-19T11:41:48Z</time>
			</trkpt>
			<trkpt lat="47.33824274188266" lon="19.07858496204505">
				<ele>104.7858223291114</ele>
				<time>2026-04-19T11:41:50Z</time>
			</trkpt>
			<trkpt lat="47.33822403254352" lon="19.078622481476057">
				<ele>104.66422030702233</ele>
				<time>2026-04-19T11:41:53Z</time>
			</trkpt>
			<trkpt lat="47.338204973656914" lon="19.078646242424956">
				<ele>104.81890582479537</ele>
				<time>2026-04-19T11:41:55Z</time>
			</trkpt>
			<trkpt lat="47.338182770103394" lon="19.07866364802066">
				<ele>105.24373569060117</ele>
				<time>2026-04-19T11:41:57Z</time>
			</trkpt>
			<trkpt lat="47.33815374495623" lon="19.078693058815013">
				<ele>104.57014994788915</ele>
				<time>2026-04-19T11:42:00Z</time>
			</trkpt>
			<trkpt lat="47.33813351995513" lon="19.078719121103592">
				<ele>104.15554551966488</ele>
				<time>2026-04-19T11:42:02Z</time>
			</trkpt>
			<trkpt lat="47.33810700227411" lon="19.078754815377696">
				<ele>104.66589669883251</ele>
				<time>2026-04-19T11:42:05Z</time>
			</trkpt>
			<trkpt lat="47.33809299926454" lon="19.078758730732915">
				<ele>104.8235477488488</ele>
				<time>2026-04-19T11:42:06Z</time>
			</trkpt>
			<trkpt lat="47.33807987804909" lon="19.078770257113653">
				<ele>104.7354976106435</ele>
				<time>2026-04-19T11:42:07Z</time>
			</trkpt>
			<trkpt lat="47.338058918756424" lon="19.078783103750347">
				<ele>106.0355023778975</ele>
				<time>2026-04-19T11:42:10Z</time>
			</trkpt>
			<trkpt lat="47.338042475930216" lon="19.078787582688147">
				<ele>106.00048304069787</ele>
				<time>2026-04-19T11:42:12Z</time>
			</trkpt>
			<trkpt lat="47.33802911242166" lon="19.07878713465433">
				<ele>105.79682471603155</ele>
				<time>2026-04-19T11:42:14Z</time>
			</trkpt>
			<trkpt lat="47.338018523221685" lon="19.078788116400144">
				<ele>105.00620872154832</ele>
				<time>2026-04-19T11:42:17Z</time>
			</trkpt>
			<trkpt lat="47.33799444072614" lon="19.078807833783973">
				<ele>105.0781771093607</ele>
				<time>2026-04-19T11:42:20Z</time>
			</trkpt>
			<trkpt lat="47.33797710966487" lon="19.07881356206081">
				<ele>105.4978316994384</ele>
				<time>2026-04-19T11:42:22Z</time>
			</trkpt>
			<trkpt lat="47.33795647850127" lon="19.07882525587173">
				<ele>105.3082401426509</ele>
				<time>2026-04-19T11:42:24Z</time>
			</trkpt>
			<trkpt lat="47.33793176961778" lon="19.078841620085665">
				<ele>105.26413858216256</ele>
				<time>2026-04-19T11:42:26Z</time>
			</trkpt>
			<trkpt lat="47.3379030670025" lon="19.078848253877712">
				<ele>105.75411308649927</ele>
				<time>2026-04-19T11:42:28Z</time>
			</trkpt>
			<trkpt lat="47.3378803798277" lon="19.078855954407413">
				<ele>105.57690700050443</ele>
				<time>2026-04-19T11:42:31Z</time>
			</trkpt>
			<trkpt lat="47.33786367875232" lon="19.078860499180518">
				<ele>105.88847023434937</ele>
				<time>2026-04-19T11:42:32Z</time>
			</trkpt>
			<trkpt lat="47.33782823773317" lon="19.078885647913868">
				<ele>104.8165104072541</ele>
				<time>2026-04-19T11:42:35Z</time>
			</trkpt>
			<trkpt lat="47.33779754184221" lon="19.07891066576875">
				<ele>104.79483449738473</ele>
				<time>2026-04-19T11:42:37Z</time>
			</trkpt>
			<trkpt lat="47.33775970454928" lon="19.07893228899606">
				<ele>104.86475934553891</ele>
				<time>2026-04-19T11:42:40Z</time>
			</trkpt>
			<trkpt lat="47.33774135274613" lon="19.078955298704003">
				<ele>105.38075118605047</ele>
				<time>2026-04-19T11:42:42Z</time>
			</trkpt>
			<trkpt lat="47.337721366145836" lon="19.078977279571546">
				<ele>105.49328524619341</ele>
				<time>2026-04-19T11:42:44Z</time>
			</trkpt>
			<trkpt lat="47.33769709343815" lon="19.078992072990278">
				<ele>105.59204242005944</ele>
				<time>2026-04-19T11:42:46Z</time>
			</trkpt>
			<trkpt lat="47.33767223136053" lon="19.079008740344396">
				<ele>105.14418426062912</ele>
				<time>2026-04-19T11:42:48Z</time>
			</trkpt>
			<trkpt lat="47.33765696071821" lon="19.07901822689672">
				<ele>105.43097825627774</ele>
				<time>2026-04-19T11:42:49Z</time>
			</trkpt>
			<trkpt lat="47.3376286271994" lon="19.07903526836206">
				<ele>106.52136549912393</ele>
				<time>2026-04-19T11:42:51Z</time>
			</trkpt>
			<trkpt lat="47.337590805615065" lon="19.079042695657808">
				<ele>106.3620031028986</ele>
				<time>2026-04-19T11:42:54Z</time>
			</trkpt>
			<trkpt lat="47.33756053833883" lon="19.079055040822904">
				<ele>106.85411022603512</ele>
				<time>2026-04-19T11:42:57Z</time>
			</trkpt>
			<trkpt lat="47.33754212654784" lon="19.07907446233415">
				<ele>107.34517272841185</ele>
				<time>2026-04-19T11:42:59Z</time>
			</trkpt>
			<trkpt lat="47.337517182896505" lon="19.079103877255985">
				<ele>107.63618649542332</ele>
				<time>2026-04-19T11:43:02Z</time>
			</trkpt>
			<trkpt lat="47.33750015115935" lon="19.079123250488088">
				<ele>106.91462685447186</ele>
				<time>2026-04-19T11:43:04Z</time>
			</trkpt>
			<trkpt lat="47.337491502654515" lon="19.07912956652702">
				<ele>107.92811039090157</ele>
				<time>2026-04-19T11:43:06Z</time>
			</trkpt>
			<trkpt lat="47.33748318635529" lon="19.079141585442766">
				<ele>108.03457554709166</ele>
				<time>2026-04-19T11:43:07Z</time>
			</trkpt>
			<trkpt lat="47.33746146063328" lon="19.079160038634576">
				<ele>106.85644142422825</ele>
				<time>2026-04-19T11:43:09Z</time>
			</trkpt>
			<trkpt lat="47.33743978039912" lon="19.079178223618282">
				<ele>106.7294380068779</ele>
				<time>2026-04-19T11:43:11Z</time>
			</trkpt>
			<trkpt lat="47.33742797463538" lon="19.079197183000876">
				<ele>107.45475588273257</ele>
				<time>2026-04-19T11:43:12Z</time>
			</trkpt>
			<trkpt lat="47.337413196661075" lon="19.079213306422638">
				<ele>107.35573157481849</ele>
				<time>2026-04-19T11:43:13Z</time>
			</trkpt>
			<trkpt lat="47.33738395695791" lon="19.079237965970545">
				<ele>106.65183231700212</ele>
				<time>2026-04-19T11:43:17Z</time>
			</trkpt>
			<trkpt lat="47.33736772916603" lon="19.079248714933954">
				<ele>105.8822408048436</ele>
				<time>2026-04-19T11:43:18Z</time>
			</trkpt>
			<trkpt lat="47.3373451813652" lon="19.079256986802665">
				<ele>106.7541890470311</ele>
				<time>2026-04-19T11:43:20Z</time>
			</trkpt>
			<trkpt lat="47.33733037116063" lon="19.079257071513137">
				<ele>107.55910000391304</ele>
				<time>2026-04-19T11:43:22Z</time>
			</trkpt>
			<trkpt lat="47.33730300182112" lon="19.07925833595454">
				<ele>107.72098943032324</ele>
				<time>2026-04-19T11:43:24Z</time>
			</trkpt>
			<trkpt lat="47.337278377484054" lon="19.079268892820345">
				<ele>107.6647866256535</ele>
				<time>2026-04-19T11:43:26Z</time>
			</trkpt>
			<trkpt lat="47.33726546839361" lon="19.07928054767977">
				<ele>108.44242951925844</ele>
				<time>2026-04-19T11:43:27Z</time>
			</trkpt>
			<trkpt lat="47.337251343528884" lon="19.079287713661724">
				<ele>108.08459567744285</ele>
				<time>2026-04-19T11:43:29Z</time>
			</trkpt>
			<trkpt lat="47.3372343830066" lon="19.07928923272731">
				<ele>108.0723764821887</ele>
				<time>2026-04-19T11:43:30Z</time>
			</trkpt>
			<trkpt lat="47.33720433733831" lon="19.079301180419417">
				<ele>107.99695744458586</ele>
				<time>2026-04-19T11:43:32Z</time>
			</trkpt>
			<trkpt lat="47.33717660381266" lon="19.079309972886648">
				<ele>107.42487849108875</ele>
				<time>2026-04-19T11:43:35Z</time>
			</trkpt>
			<trkpt lat="47.33715850731525" lon="19.07931349546457">
				<ele>106.86919397301972</ele>
				<time>2026-04-19T11:43:36Z</time>
			</trkpt>
			<trkpt lat="47.33712257942431" lon="19.079326730047985">
				<ele>105.96231487207115</ele>
				<time>2026-04-19T11:43:38Z</time>
			</trkpt>
			<trkpt lat="47.33708185145107" lon="19.07934188355534">
				<ele>106.01218607928604</ele>
				<time>2026-04-19T11:43:40Z</time>
			</trkpt>
			<trkpt lat="47.33704790370874" lon="19.079353286354422">
				<ele>108.33758022077382</ele>
				<time>2026-04-19T11:43:42Z</time>
			</trkpt>
			<trkpt lat="47.337020283804705" lon="19.079384070349242">
				<ele>107.918830065988</ele>
				<time>2026-04-19T11:43:44Z</time>
			</trkpt>
			<trkpt lat="47.3370047506884" lon="19.07940998946026">
				<ele>108.99545090645552</ele>
				<time>2026-04-19T11:43:45Z</time>
			</trkpt>
			<trkpt lat="47.336978609633036" lon="19.07944036651823">
				<ele>109.0748857902363</ele>
				<time>2026-04-19T11:43:47Z</time>
			</trkpt>
			<trkpt lat="47.336960867586065" lon="19.07945116400092">
				<ele>108.92179251369089</ele>
				<time>2026-04-19T11:43:48Z</time>
			</trkpt>
			<trkpt lat="47.33691642063147" lon="19.079480268390366">
				<ele>108.63277190737426</ele>
				<time>2026-04-19T11:43:51Z</time>
			</trkpt>
			<trkpt lat="47.336886780347676" lon="19.079487785202208">
				<ele>108.74744016397744</ele>
				<time>2026-04-19T11:43:53Z</time>
			</trkpt>
			<trkpt lat="47.3368636578431" lon="19.07949241657446">
				<ele>106.79686228185892</ele>
				<time>2026-04-19T11:43:55Z</time>
			</trkpt>
			<trkpt lat="47.336855054159656" lon="19.079499474205612">
				<ele>106.63818347547203</ele>
				<time>2026-04-19T11:43:56Z</time>
			</trkpt>
			<trkpt lat="47.33684471523409" lon="19.07950381266937">
				<ele>107.13689223583788</ele>
				<time>2026-04-19T11:43:58Z</time>
			</trkpt>
			<trkpt lat="47.33682504444438" lon="19.079512995177616">
				<ele>107.4928811294958</ele>
				<time>2026-04-19T11:44:00Z</time>
			</trkpt>
			<trkpt lat="47.336791296468704" lon="19.079523745726384">
				<ele>106.8080533426255</ele>
				<time>2026-04-19T11:44:03Z</time>
			</trkpt>
			<trkpt lat="47.3367721414781" lon="19.07954344113533">
				<ele>107.46980815194547</ele>
				<time>2026-04-19T11:44:05Z</time>
			</trkpt>
			<trkpt lat="47.336750125439195" lon="19.079567136014347">
				<ele>107.03234881721437</ele>
				<time>2026-04-19T11:44:07Z</time>
			</trkpt>
			<trkpt lat="47.33673519829228" lon="19.07956842054538">
				<ele>107.16530710551888</ele>
				<time>2026-04-19T11:44:08Z</time>
			</trkpt>
			<trkpt lat="47.33670876434787" lon="19.07957537425402">
				<ele>107.18607275560498</ele>
				<time>2026-04-19T11:44:10Z</time>
			</trkpt>
			<trkpt lat="47.33668828441532" lon="19.07958567103028">
				<ele>105.83766224049032</ele>
				<time>2026-04-19T11:44:12Z</time>
			</trkpt>
			<trkpt lat="47.336677275401414" lon="19.079586962418215">
				<ele>106.28809919487685</ele>
				<time>2026-04-19T11:44:14Z</time>
			</trkpt>
			<trkpt lat="47.33666009825912" lon="19.079588829656156">
				<ele>105.53065891843289</ele>
				<time>2026-04-19T11:44:16Z</time>
			</trkpt>
			<trkpt lat="47.33664344097242" lon="19.079593476706677">
				<ele>105.89832944050431</ele>
				<time>2026-04-19T11:44:17Z</time>
			</trkpt>
			<trkpt lat="47.33661222232896" lon="19.079606176139773">
				<ele>105.92021921277046</ele>
				<time>2026-04-19T11:44:19Z</time>
			</trkpt>
			<trkpt lat="47.33658067362784" lon="19.079624447243624">
				<ele>104.61655574664474</ele>
				<time>2026-04-19T11:44:21Z</time>
			</trkpt>
			<trkpt lat="47.33655336600832" lon="19.07964066724051">
				<ele>104.23006828129292</ele>
				<time>2026-04-19T11:44:23Z</time>
			</trkpt>
			<trkpt lat="47.33652456766579" lon="19.079658936302966">
				<ele>106.7664643842727</ele>
				<time>2026-04-19T11:44:25Z</time>
			</trkpt>
			<trkpt lat="47.336498086912194" lon="19.079699166271208">
				<ele>104.89919166173786</ele>
				<time>2026-04-19T11:44:27Z</time>
			</trkpt>
			<trkpt lat="47.336485575142945" lon="19.079722446428686">
				<ele>105.68483277596533</ele>
				<time>2026-04-19T11:44:28Z</time>
			</trkpt>
			<trkpt lat="47.33647154891233" lon="19.079747668917356">
				<ele>104.67174558341503</ele>
				<time>2026-04-19T11:44:29Z</time>
			</trkpt>
			<trkpt lat="47.33644519816246" lon="19.079777807595793">
				<ele>105.54886638373137</ele>
				<time>2026-04-19T11:44:31Z</time>
			</trkpt>
			<trkpt lat="47.3364265434995" lon="19.07979631701954">
				<ele>105.19825998693705</ele>
				<time>2026-04-19T11:44:33Z</time>
			</trkpt>
			<trkpt lat="47.33640337010777" lon="19.079825028940956">
				<ele>104.47851466108114</ele>
				<time>2026-04-19T11:44:35Z</time>
			</trkpt>
			<trkpt lat="47.336380365445756" lon="19.07985209706195">
				<ele>104.34032614063472</ele>
				<time>2026-04-19T11:44:37Z</time>
			</trkpt>
			<trkpt lat="47.33635769265904" lon="19.079875759403915">
				<ele>103.68010625522584</ele>
				<time>2026-04-19T11:44:39Z</time>
			</trkpt>
			<trkpt lat="47.33633362285886" lon="19.079881378527734">
				<ele>104.18111904803663</ele>
				<time>2026-04-19T11:44:41Z</time>
			</trkpt>
			<trkpt lat="47.33632251721662" lon="19.07987599248059">
				<ele>105.33197213895619</ele>
				<time>2026-04-19T11:44:43Z</time>
			</trkpt>
			<trkpt lat="47.33631087083272" lon="19.079888138604666">
				<ele>104.90895387437195</ele>
				<time>2026-04-19T11:44:44Z</time>
			</trkpt>
			<trkpt lat="47.3362876068111" lon="19.07990226229029">
				<ele>104.16662284359336</ele>
				<time>2026-04-19T11:44:46Z</time>
			</trkpt>
			<trkpt lat="47.33626058559964" lon="19.079917305179304">
				<ele>106.36416330188513</ele>
				<time>2026-04-19T11:44:48Z</time>
			</trkpt>
			<trkpt lat="47.336234117367574" lon="19.0799418147903">
				<ele>105.77905799262226</ele>
				<time>2026-04-19T11:44:50Z</time>
			</trkpt>
			<trkpt lat="47.33621545717676" lon="19.07995632825101">
				<ele>107.51733415108174</ele>
				<time>2026-04-19T11:44:53Z</time>
			</trkpt>
			<trkpt lat="47.336201064349694" lon="19.079965987090507">
				<ele>108.60598816722631</ele>
				<time>2026-04-19T11:44:55Z</time>
			</trkpt>
			<trkpt lat="47.33619104947661" lon="19.07998339264725">
				<ele>107.92201469838619</ele>
				<time>2026-04-19T11:44:56Z</time>
			</trkpt>
			<trkpt lat="47.33616751245697" lon="19.08000687540112">
				<ele>107.84642884973437</ele>
				<time>2026-04-19T11:45:00Z</time>
			</trkpt>
			<trkpt lat="47.33614303748405" lon="19.080019070523047">
				<ele>107.52173918392509</ele>
				<time>2026-04-19T11:45:02Z</time>
			</trkpt>
			<trkpt lat="47.3361254555392" lon="19.08003332530598">
				<ele>107.36306463833898</ele>
				<time>2026-04-19T11:45:04Z</time>
			</trkpt>
			<trkpt lat="47.33610958343286" lon="19.08003533357254">
				<ele>108.50184619985521</ele>
				<time>2026-04-19T11:45:07Z</time>
			</trkpt>
			<trkpt lat="47.33609523987181" lon="19.080053841574646">
				<ele>107.95860808901489</ele>
				<time>2026-04-19T11:45:08Z</time>
			</trkpt>
			<trkpt lat="47.336070852819425" lon="19.080078083296367">
				<ele>107.94065887201577</ele>
				<time>2026-04-19T11:45:10Z</time>
			</trkpt>
			<trkpt lat="47.33605536205049" lon="19.08009730603967">
				<ele>108.02778822090477</ele>
				<time>2026-04-19T11:45:12Z</time>
			</trkpt>
			<trkpt lat="47.336035652733976" lon="19.08013123350585">
				<ele>108.27950703259557</ele>
				<time>2026-04-19T11:45:14Z</time>
			</trkpt>
			<trkpt lat="47.33602087648656" lon="19.08015696219727">
				<ele>108.38346720766276</ele>
				<time>2026-04-19T11:45:15Z</time>
			</trkpt>
			<trkpt lat="47.335997097276135" lon="19.080193270113792">
				<ele>108.2560271108523</ele>
				<time>2026-04-19T11:45:17Z</time>
			</trkpt>
			<trkpt lat="47.33597529183813" lon="19.080229239660866">
				<ele>108.00670335907489</ele>
				<time>2026-04-19T11:45:19Z</time>
			</trkpt>
			<trkpt lat="47.33594416649535" lon="19.080255774820493">
				<ele>107.38279345445335</ele>
				<time>2026-04-19T11:45:21Z</time>
			</trkpt>
			<trkpt lat="47.335905762635804" lon="19.08029058772762">
				<ele>108.37818549014628</ele>
				<time>2026-04-19T11:45:24Z</time>
			</trkpt>
			<trkpt lat="47.335889225242376" lon="19.080300636590266">
				<ele>108.63856768235564</ele>
				<time>2026-04-19T11:45:25Z</time>
			</trkpt>
			<trkpt lat="47.33586782962144" lon="19.08030709301684">
				<ele>107.76739667262882</ele>
				<time>2026-04-19T11:45:28Z</time>
			</trkpt>
			<trkpt lat="47.33585693572064" lon="19.08030956042013">
				<ele>107.53729243669659</ele>
				<time>2026-04-19T11:45:29Z</time>
			</trkpt>
			<trkpt lat="47.33583822763176" lon="19.08032077581988">
				<ele>107.84009411558509</ele>
				<time>2026-04-19T11:45:31Z</time>
			</trkpt>
			<trkpt lat="47.335831123524294" lon="19.080335588435794">
				<ele>107.86169610079378</ele>
				<time>2026-04-19T11:45:32Z</time>
			</trkpt>
			<trkpt lat="47.335820161533086" lon="19.08034913134677">
				<ele>109.18709763605148</ele>
				<time>2026-04-19T11:45:34Z</time>
			</trkpt>
			<trkpt lat="47.335812696434104" lon="19.080365494177432">
				<ele>108.60559848416597</ele>
				<time>2026-04-19T11:45:35Z</time>
			</trkpt>
			<trkpt lat="47.335795076598465" lon="19.080393730773103">
				<ele>108.2007746854797</ele>
				<time>2026-04-19T11:45:37Z</time>
			</trkpt>
			<trkpt lat="47.33576970115726" lon="19.080432984693847">
				<ele>108.21235076338053</ele>
				<time>2026-04-19T11:45:40Z</time>
			</trkpt>
			<trkpt lat="47.33575473733176" lon="19.08043562852743">
				<ele>108.91860520746559</ele>
				<time>2026-04-19T11:45:41Z</time>
			</trkpt>
			<trkpt lat="47.335734715850414" lon="19.080456168320268">
				<ele>108.70131440460682</ele>
				<time>2026-04-19T11:45:43Z</time>
			</trkpt>
			<trkpt lat="47.3357215689913" lon="19.080463457226678">
				<ele>108.35617042612284</ele>
				<time>2026-04-19T11:45:45Z</time>
			</trkpt>
			<trkpt lat="47.33570240774089" lon="19.0804795550488">
				<ele>108.48973316792399</ele>
				<time>2026-04-19T11:45:47Z</time>
			</trkpt>
			<trkpt lat="47.33567726449401" lon="19.080507887348453">
				<ele>107.77928792964667</ele>
				<time>2026-04-19T11:45:49Z</time>
			</trkpt>
			<trkpt lat="47.33565192445798" lon="19.080538976990418">
				<ele>108.17861559707671</ele>
				<time>2026-04-19T11:45:51Z</time>
			</trkpt>
			<trkpt lat="47.33562917483722" lon="19.080562029677257">
				<ele>107.93858309462667</ele>
				<time>2026-04-19T11:45:53Z</time>
			</trkpt>
			<trkpt lat="47.33560355668014" lon="19.080579703586015">
				<ele>107.24132178351283</ele>
				<time>2026-04-19T11:45:55Z</time>
			</trkpt>
			<trkpt lat="47.335578751170324" lon="19.080606227801958">
				<ele>107.06017243023962</ele>
				<time>2026-04-19T11:45:57Z</time>
			</trkpt>
			<trkpt lat="47.33555458021176" lon="19.080631578649236">
				<ele>106.91414960380644</ele>
				<time>2026-04-19T11:45:59Z</time>
			</trkpt>
			<trkpt lat="47.33553216728754" lon="19.080662516090243">
				<ele>106.76605136226863</ele>
				<time>2026-04-19T11:46:02Z</time>
			</trkpt>
			<trkpt lat="47.33551912999281" lon="19.080698152245585">
				<ele>107.50941160693765</ele>
				<time>2026-04-19T11:46:05Z</time>
			</trkpt>
			<trkpt lat="47.335513339289335" lon="19.080719146439744">
				<ele>107.46524381265044</ele>
				<time>2026-04-19T11:46:06Z</time>
			</trkpt>
			<trkpt lat="47.3354986594462" lon="19.080731382932292">
				<ele>107.12315328326076</ele>
				<time>2026-04-19T11:46:07Z</time>
			</trkpt>
			<trkpt lat="47.33546770833179" lon="19.080758260572264">
				<ele>107.59971043933183</ele>
				<time>2026-04-19T11:46:10Z</time>
			</trkpt>
			<trkpt lat="47.33545175007391" lon="19.0807701735021">
				<ele>107.22643954865634</ele>
				<time>2026-04-19T11:46:12Z</time>
			</trkpt>
			<trkpt lat="47.335422519216166" lon="19.0807957335425">
				<ele>108.23871036805212</ele>
				<time>2026-04-19T11:46:15Z</time>
			</trkpt>
			<trkpt lat="47.335403109397184" lon="19.08081138977832">
				<ele>108.64812331926078</ele>
				<time>2026-04-19T11:46:17Z</time>
			</trkpt>
			<trkpt lat="47.33539154630958" lon="19.08082813822975">
				<ele>110.10153075214475</ele>
				<time>2026-04-19T11:46:20Z</time>
			</trkpt>
			<trkpt lat="47.3353764411433" lon="19.080843092538135">
				<ele>109.85460743959993</ele>
				<time>2026-04-19T11:46:22Z</time>
			</trkpt>
			<trkpt lat="47.33535690352886" lon="19.08086949939187">
				<ele>110.04092763829976</ele>
				<time>2026-04-19T11:46:24Z</time>
			</trkpt>
			<trkpt lat="47.33533713994665" lon="19.08089295995646">
				<ele>109.72392034251243</ele>
				<time>2026-04-19T11:46:26Z</time>
			</trkpt>
			<trkpt lat="47.33532356758961" lon="19.080897739191112">
				<ele>109.56431690789759</ele>
				<time>2026-04-19T11:46:27Z</time>
			</trkpt>
			<trkpt lat="47.335307841467156" lon="19.080912126534244">
				<ele>109.42341272905469</ele>
				<time>2026-04-19T11:46:28Z</time>
			</trkpt>
			<trkpt lat="47.33527886062323" lon="19.080941483131866">
				<ele>109.65504382364452</ele>
				<time>2026-04-19T11:46:30Z</time>
			</trkpt>
			<trkpt lat="47.335253841450054" lon="19.080964029585292">
				<ele>109.52190816123039</ele>
				<time>2026-04-19T11:46:32Z</time>
			</trkpt>
			<trkpt lat="47.33523089020007" lon="19.08098677226766">
				<ele>109.3863735459745</ele>
				<time>2026-04-19T11:46:34Z</time>
			</trkpt>
			<trkpt lat="47.33521320795971" lon="19.08101711985969">
				<ele>109.53166443575174</ele>
				<time>2026-04-19T11:46:36Z</time>
			</trkpt>
			<trkpt lat="47.335188811083" lon="19.081048971369622">
				<ele>108.74526573438197</ele>
				<time>2026-04-19T11:46:38Z</time>
			</trkpt>
			<trkpt lat="47.33516380406074" lon="19.08106942756471">
				<ele>108.91577752865851</ele>
				<time>2026-04-19T11:46:40Z</time>
			</trkpt>
			<trkpt lat="47.3351429783053" lon="19.081080415550513">
				<ele>109.57974609453231</ele>
				<time>2026-04-19T11:46:42Z</time>
			</trkpt>
			<trkpt lat="47.335129866739344" lon="19.081083030385617">
				<ele>109.95153159182519</ele>
				<time>2026-04-19T11:46:44Z</time>
			</trkpt>
			<trkpt lat="47.33510970557171" lon="19.081105927532533">
				<ele>110.22027758229524</ele>
				<time>2026-04-19T11:46:47Z</time>
			</trkpt>
			<trkpt lat="47.33509006659689" lon="19.081134189778666">
				<ele>109.62931703217328</ele>
				<time>2026-04-19T11:46:49Z</time>
			</trkpt>
			<trkpt lat="47.33507106272295" lon="19.08115977144639">
				<ele>109.64608234539628</ele>
				<time>2026-04-19T11:46:51Z</time>
			</trkpt>
			<trkpt lat="47.33505373504917" lon="19.081184919847182">
				<ele>109.6562209893018</ele>
				<time>2026-04-19T11:46:53Z</time>
			</trkpt>
			<trkpt lat="47.33503090770253" lon="19.081214388708265">
				<ele>109.76773961633444</ele>
				<time>2026-04-19T11:46:55Z</time>
			</trkpt>
			<trkpt lat="47.335008529835" lon="19.081239400162033">
				<ele>109.68975182622671</ele>
				<time>2026-04-19T11:46:57Z</time>
			</trkpt>
			<trkpt lat="47.334977917083506" lon="19.081264310375953">
				<ele>109.97774973791093</ele>
				<time>2026-04-19T11:47:01Z</time>
			</trkpt>
			<trkpt lat="47.3349592450129" lon="19.08127620842846">
				<ele>109.43930929340422</ele>
				<time>2026-04-19T11:47:03Z</time>
			</trkpt>
			<trkpt lat="47.33494319430693" lon="19.081294283490795">
				<ele>109.54201839491725</ele>
				<time>2026-04-19T11:47:05Z</time>
			</trkpt>
			<trkpt lat="47.33493640984419" lon="19.081311918962967">
				<ele>109.75311302673072</ele>
				<time>2026-04-19T11:47:06Z</time>
			</trkpt>
			<trkpt lat="47.33492132073284" lon="19.08132534782082">
				<ele>109.69922845810652</ele>
				<time>2026-04-19T11:47:07Z</time>
			</trkpt>
			<trkpt lat="47.33490222285049" lon="19.08135164569121">
				<ele>110.04571201466024</ele>
				<time>2026-04-19T11:47:09Z</time>
			</trkpt>
			<trkpt lat="47.334879797286824" lon="19.081379587753545">
				<ele>109.94950097799301</ele>
				<time>2026-04-19T11:47:11Z</time>
			</trkpt>
			<trkpt lat="47.3348585940229" lon="19.081403846336123">
				<ele>109.9959282623604</ele>
				<time>2026-04-19T11:47:13Z</time>
			</trkpt>
			<trkpt lat="47.33482489492678" lon="19.081422070339002">
				<ele>109.83160707261413</ele>
				<time>2026-04-19T11:47:16Z</time>
			</trkpt>
			<trkpt lat="47.33479813941929" lon="19.08143483518649">
				<ele>109.58078181371093</ele>
				<time>2026-04-19T11:47:18Z</time>
			</trkpt>
			<trkpt lat="47.33477051397472" lon="19.081453329406077">
				<ele>109.76881574653089</ele>
				<time>2026-04-19T11:47:20Z</time>
			</trkpt>
			<trkpt lat="47.33474929701634" lon="19.08147023283725">
				<ele>109.55331179313362</ele>
				<time>2026-04-19T11:47:22Z</time>
			</trkpt>
			<trkpt lat="47.33473033738319" lon="19.08148320180064">
				<ele>108.79562795348465</ele>
				<time>2026-04-19T11:47:24Z</time>
			</trkpt>
			<trkpt lat="47.33469665102695" lon="19.081505251731212">
				<ele>108.11008527036756</ele>
				<time>2026-04-19T11:47:27Z</time>
			</trkpt>
			<trkpt lat="47.33467898409727" lon="19.081539229478313">
				<ele>107.18847591523081</ele>
				<time>2026-04-19T11:47:29Z</time>
			</trkpt>
			<trkpt lat="47.33465722521575" lon="19.081573729937">
				<ele>107.02632628474385</ele>
				<time>2026-04-19T11:47:31Z</time>
			</trkpt>
			<trkpt lat="47.33464131735713" lon="19.08158699356682">
				<ele>108.03774493932724</ele>
				<time>2026-04-19T11:47:32Z</time>
			</trkpt>
			<trkpt lat="47.33462083934782" lon="19.081616097102028">
				<ele>108.45137168001384</ele>
				<time>2026-04-19T11:47:34Z</time>
			</trkpt>
			<trkpt lat="47.33461195026083" lon="19.08163470470786">
				<ele>107.53957409784198</ele>
				<time>2026-04-19T11:47:35Z</time>
			</trkpt>
			<trkpt lat="47.33460002433018" lon="19.081649342571087">
				<ele>108.23133199568838</ele>
				<time>2026-04-19T11:47:36Z</time>
			</trkpt>
			<trkpt lat="47.334581946237485" lon="19.0816838359373">
				<ele>108.3890431812033</ele>
				<time>2026-04-19T11:47:38Z</time>
			</trkpt>
			<trkpt lat="47.3345629855863" lon="19.081719233075578">
				<ele>108.92799995094538</ele>
				<time>2026-04-19T11:47:40Z</time>
			</trkpt>
			<trkpt lat="47.334541783038325" lon="19.081753820422453">
				<ele>108.14649627264589</ele>
				<time>2026-04-19T11:47:42Z</time>
			</trkpt>
			<trkpt lat="47.33452918018946" lon="19.081769283415856">
				<ele>108.39867003448308</ele>
				<time>2026-04-19T11:47:44Z</time>
			</trkpt>
			<trkpt lat="47.334519969093165" lon="19.081779811279596">
				<ele>108.29618053883314</ele>
				<time>2026-04-19T11:47:46Z</time>
			</trkpt>
			<trkpt lat="47.33450271067957" lon="19.081793047557397">
				<ele>108.322863727808</ele>
				<time>2026-04-19T11:47:47Z</time>
			</trkpt>
			<trkpt lat="47.334479059396905" lon="19.081816234744444">
				<ele>107.79602962452918</ele>
				<time>2026-04-19T11:47:49Z</time>
			</trkpt>
			<trkpt lat="47.334452228774175" lon="19.081839924344692">
				<ele>106.86416017729789</ele>
				<time>2026-04-19T11:47:51Z</time>
			</trkpt>
			<trkpt lat="47.33443746244511" lon="19.081852761219253">
				<ele>107.06340223550797</ele>
				<time>2026-04-19T11:47:53Z</time>
			</trkpt>
			<trkpt lat="47.33442275147385" lon="19.081867421638705">
				<ele>106.8200717503205</ele>
				<time>2026-04-19T11:47:54Z</time>
			</trkpt>
			<trkpt lat="47.33440963406045" lon="19.081889220229314">
				<ele>106.5456803906709</ele>
				<time>2026-04-19T11:47:55Z</time>
			</trkpt>
			<trkpt lat="47.33438117321371" lon="19.081934969565303">
				<ele>107.50748850032687</ele>
				<time>2026-04-19T11:47:58Z</time>
			</trkpt>
			<trkpt lat="47.33437288160319" lon="19.08195595340184">
				<ele>106.48014130908996</ele>
				<time>2026-04-19T11:47:59Z</time>
			</trkpt>
			<trkpt lat="47.33435179574922" lon="19.081988201915525">
				<ele>108.08294063061476</ele>
				<time>2026-04-19T11:48:00Z</time>
			</trkpt>
			<trkpt lat="47.3343449413103" lon="19.082012510796268">
				<ele>107.56140644196421</ele>
				<time>2026-04-19T11:48:01Z</time>
			</trkpt>
			<trkpt lat="47.3343391734874" lon="19.082037211043907">
				<ele>107.65227144770324</ele>
				<time>2026-04-19T11:48:02Z</time>
			</trkpt>
			<trkpt lat="47.33432326940959" lon="19.082080641932638">
				<ele>108.07986875902861</ele>
				<time>2026-04-19T11:48:04Z</time>
			</trkpt>
			<trkpt lat="47.334304314429325" lon="19.08211908262673">
				<ele>107.58698528446257</ele>
				<time>2026-04-19T11:48:06Z</time>
			</trkpt>
			<trkpt lat="47.33428312428129" lon="19.082154880222447">
				<ele>106.17675659712404</ele>
				<time>2026-04-19T11:48:08Z</time>
			</trkpt>
			<trkpt lat="47.334258995579695" lon="19.082180488529474">
				<ele>106.2096631815657</ele>
				<time>2026-04-19T11:48:10Z</time>
			</trkpt>
			<trkpt lat="47.334237371860894" lon="19.08221040891201">
				<ele>106.07114785071462</ele>
				<time>2026-04-19T11:48:12Z</time>
			</trkpt>
			<trkpt lat="47.33422691200958" lon="19.08223411029737">
				<ele>106.62051205802709</ele>
				<time>2026-04-19T11:48:15Z</time>
			</trkpt>
			<trkpt lat="47.334222519528424" lon="19.0822512489143">
				<ele>106.53483789600432</ele>
				<time>2026-04-19T11:48:16Z</time>
			</trkpt>
			<trkpt lat="47.33420164678294" lon="19.082268038929875">
				<ele>107.0385442469269</ele>
				<time>2026-04-19T11:48:18Z</time>
			</trkpt>
			<trkpt lat="47.33418737895278" lon="19.082279548063532">
				<ele>106.60421170387417</ele>
				<time>2026-04-19T11:48:20Z</time>
			</trkpt>
			<trkpt lat="47.33417715283441" lon="19.08229089283372">
				<ele>106.63668623752892</ele>
				<time>2026-04-19T11:48:22Z</time>
			</trkpt>
			<trkpt lat="47.33416593192453" lon="19.08231395484362">
				<ele>105.42975104786456</ele>
				<time>2026-04-19T11:48:24Z</time>
			</trkpt>
			<trkpt lat="47.33415350780722" lon="19.08234521895602">
				<ele>105.83925085980445</ele>
				<time>2026-04-19T11:48:27Z</time>
			</trkpt>
			<trkpt lat="47.334141045051474" lon="19.082431099225857">
				<ele>106.95880789496005</ele>
				<time>2026-04-19T11:48:33Z</time>
			</trkpt>
			<trkpt lat="47.334132946509925" lon="19.082465734484952">
				<ele>106.50049282889813</ele>
				<time>2026-04-19T11:48:36Z</time>
			</trkpt>
			<trkpt lat="47.33412468303071" lon="19.082479689365414">
				<ele>106.15194991696626</ele>
				<time>2026-04-19T11:48:38Z</time>
			</trkpt>
			<trkpt lat="47.33411632401918" lon="19.082493900950475">
				<ele>106.6781565528363</ele>
				<time>2026-04-19T11:48:39Z</time>
			</trkpt>
			<trkpt lat="47.334109871727726" lon="19.08251009112476">
				<ele>106.57736696023494</ele>
				<time>2026-04-19T11:48:40Z</time>
			</trkpt>
			<trkpt lat="47.33410192522782" lon="19.082525349540656">
				<ele>106.38718730676919</ele>
				<time>2026-04-19T11:48:41Z</time>
			</trkpt>
			<trkpt lat="47.334094054645746" lon="19.082538459549884">
				<ele>106.80398407392204</ele>
				<time>2026-04-19T11:48:42Z</time>
			</trkpt>
			<trkpt lat="47.33407557326833" lon="19.082567128635965">
				<ele>107.38946178369224</ele>
				<time>2026-04-19T11:48:44Z</time>
			</trkpt>
			<trkpt lat="47.33406592776841" lon="19.082584465466333">
				<ele>107.09133671410382</ele>
				<time>2026-04-19T11:48:45Z</time>
			</trkpt>
			<trkpt lat="47.33405284165635" lon="19.082611044869303">
				<ele>107.55563108343631</ele>
				<time>2026-04-19T11:48:46Z</time>
			</trkpt>
			<trkpt lat="47.334035130042885" lon="19.082651976336518">
				<ele>107.11425652354956</ele>
				<time>2026-04-19T11:48:48Z</time>
			</trkpt>
			<trkpt lat="47.33400128122728" lon="19.08271115157169">
				<ele>107.72218184825033</ele>
				<time>2026-04-19T11:48:51Z</time>
			</trkpt>
			<trkpt lat="47.333968209858334" lon="19.082763932921456">
				<ele>107.18075802270323</ele>
				<time>2026-04-19T11:48:55Z</time>
			</trkpt>
			<trkpt lat="47.3339454276014" lon="19.08280697425322">
				<ele>108.15185487642884</ele>
				<time>2026-04-19T11:48:58Z</time>
			</trkpt>
			<trkpt lat="47.33392532129029" lon="19.082849799696408">
				<ele>107.60425405297428</ele>
				<time>2026-04-19T11:49:00Z</time>
			</trkpt>
			<trkpt lat="47.33390635639628" lon="19.082878266517103">
				<ele>107.84728032629937</ele>
				<time>2026-04-19T11:49:03Z</time>
			</trkpt>
			<trkpt lat="47.33388800638576" lon="19.08290188103153">
				<ele>106.25178129598498</ele>
				<time>2026-04-19T11:49:06Z</time>
			</trkpt>
			<trkpt lat="47.333874944155774" lon="19.08291596606326">
				<ele>106.76581153925508</ele>
				<time>2026-04-19T11:49:08Z</time>
			</trkpt>
			<trkpt lat="47.33386418547726" lon="19.082924969777412">
				<ele>106.11769832111895</ele>
				<time>2026-04-19T11:49:10Z</time>
			</trkpt>
			<trkpt lat="47.333852404206446" lon="19.08293419425789">
				<ele>106.11825617030263</ele>
				<time>2026-04-19T11:49:12Z</time>
			</trkpt>
			<trkpt lat="47.333830817376715" lon="19.082949013177306">
				<ele>106.68921135459095</ele>
				<time>2026-04-19T11:49:14Z</time>
			</trkpt>
			<trkpt lat="47.33382075559681" lon="19.082963248981336">
				<ele>106.44147039297968</ele>
				<time>2026-04-19T11:49:16Z</time>
			</trkpt>
			<trkpt lat="47.333813793842545" lon="19.082979845534187">
				<ele>106.71294002328068</ele>
				<time>2026-04-19T11:49:19Z</time>
			</trkpt>
			<trkpt lat="47.33379884558775" lon="19.083005891634986">
				<ele>107.87354988977313</ele>
				<time>2026-04-19T11:49:21Z</time>
			</trkpt>
			<trkpt lat="47.333782757052454" lon="19.083034301813797">
				<ele>107.54306973516941</ele>
				<time>2026-04-19T11:49:24Z</time>
			</trkpt>
			<trkpt lat="47.33376777999587" lon="19.08305023282572">
				<ele>106.56931369472295</ele>
				<time>2026-04-19T11:49:27Z</time>
			</trkpt>
			<trkpt lat="47.33373575015083" lon="19.083088647814">
				<ele>107.0729093812406</ele>
				<time>2026-04-19T11:49:32Z</time>
			</trkpt>
			<trkpt lat="47.333715731836115" lon="19.08310277853103">
				<ele>106.26949671003968</ele>
				<time>2026-04-19T11:49:35Z</time>
			</trkpt>
			<trkpt lat="47.33369071362856" lon="19.08311039522634">
				<ele>107.26331995334476</ele>
				<time>2026-04-19T11:49:38Z</time>
			</trkpt>
			<trkpt lat="47.33367162444045" lon="19.08312364481074">
				<ele>107.04576412960887</ele>
				<time>2026-04-19T11:49:41Z</time>
			</trkpt>
			<trkpt lat="47.33366081986582" lon="19.083131136215727">
				<ele>107.22525076102465</ele>
				<time>2026-04-19T11:49:43Z</time>
			</trkpt>
			<trkpt lat="47.33365028739129" lon="19.083140888639857">
				<ele>107.72292137052864</ele>
				<time>2026-04-19T11:49:45Z</time>
			</trkpt>
			<trkpt lat="47.333637154735115" lon="19.08314872449322">
				<ele>108.68121605366468</ele>
				<time>2026-04-19T11:49:47Z</time>
			</trkpt>
			<trkpt lat="47.33362056223626" lon="19.083161355535026">
				<ele>108.14865480270237</ele>
				<time>2026-04-19T11:49:50Z</time>
			</trkpt>
			<trkpt lat="47.33360281963601" lon="19.083176154081492">
				<ele>108.60230364464223</ele>
				<time>2026-04-19T11:49:53Z</time>
			</trkpt>
			<trkpt lat="47.333585703423054" lon="19.08318703844703">
				<ele>108.54470968153328</ele>
				<time>2026-04-19T11:49:55Z</time>
			</trkpt>
			<trkpt lat="47.3335655512598" lon="19.08319898746663">
				<ele>108.34831989556551</ele>
				<time>2026-04-19T11:49:58Z</time>
			</trkpt>
			<trkpt lat="47.333545898486086" lon="19.083207922594145">
				<ele>108.12550750840455</ele>
				<time>2026-04-19T11:50:01Z</time>
			</trkpt>
			<trkpt lat="47.333525376382966" lon="19.083218427629994">
				<ele>107.61470064427704</ele>
				<time>2026-04-19T11:50:05Z</time>
			</trkpt>
			<trkpt lat="47.33350752841203" lon="19.083224207423246">
				<ele>108.19247287884355</ele>
				<time>2026-04-19T11:50:08Z</time>
			</trkpt>
			<trkpt lat="47.33348916634286" lon="19.083226528681276">
				<ele>107.17861057445407</ele>
				<time>2026-04-19T11:50:12Z</time>
			</trkpt>
			<trkpt lat="47.333470363657014" lon="19.083229054659533">
				<ele>107.86978828907013</ele>
				<time>2026-04-19T11:50:16Z</time>
			</trkpt>
			<trkpt lat="47.33344949126863" lon="19.08323785546092">
				<ele>107.77808460406959</ele>
				<time>2026-04-19T11:50:21Z</time>
			</trkpt>
			<trkpt lat="47.33343143559527" lon="19.083250029267553">
				<ele>108.07762536872178</ele>
				<time>2026-04-19T11:50:25Z</time>
			</trkpt>
			<trkpt lat="47.33341442720712" lon="19.083271145134347">
				<ele>108.15187059156597</ele>
				<time>2026-04-19T11:50:30Z</time>
			</trkpt>
			<trkpt lat="47.333390473180785" lon="19.083299461589196">
				<ele>107.9476281311363</ele>
				<time>2026-04-19T11:50:36Z</time>
			</trkpt>
			<trkpt lat="47.3333733503509" lon="19.083323542844546">
				<ele>107.23856714647263</ele>
				<time>2026-04-19T11:50:41Z</time>
			</trkpt>
			<trkpt lat="47.33335486100461" lon="19.083346102272277">
				<ele>106.99646785948426</ele>
				<time>2026-04-19T11:50:47Z</time>
			</trkpt>
			<trkpt lat="47.33333280999468" lon="19.083383999274936">
				<ele>108.06251451466233</ele>
				<time>2026-04-19T11:50:53Z</time>
			</trkpt>
			<trkpt lat="47.33330196018364" lon="19.083452092201355">
				<ele>108.39615009631962</ele>
				<time>2026-04-19T11:51:06Z</time>
			</trkpt>
			<trkpt lat="47.333290678124804" lon="19.083480004456533">
				<ele>108.403040564619</ele>
				<time>2026-04-19T11:51:11Z</time>
			</trkpt>
			<trkpt lat="47.33327941060262" lon="19.08350120559287">
				<ele>108.54295853432268</ele>
				<time>2026-04-19T11:51:17Z</time>
			</trkpt>
			<trkpt lat="47.333260939775094" lon="19.08351545360032">
				<ele>107.13198440615088</ele>
				<time>2026-04-19T11:51:26Z</time>
			</trkpt>
			<trkpt lat="47.33326632110733" lon="19.083526590624086">
				<ele>106.1844745753333</ele>
				<time>2026-04-19T11:51:43Z</time>
			</trkpt>
			<trkpt lat="47.33326322750689" lon="19.08356720850646">
				<ele>106.88896473310888</ele>
				<time>2026-04-19T11:52:00Z</time>
			</trkpt>
			<trkpt lat="47.333265286046505" lon="19.083595029531693">
				<ele>106.93765224982053</ele>
				<time>2026-04-19T11:52:12Z</time>
			</trkpt>
			<trkpt lat="47.333275192293996" lon="19.083588925487607">
				<ele>105.2075674533844</ele>
				<time>2026-04-19T11:52:24Z</time>
			</trkpt>
			<trkpt lat="47.333280152348294" lon="19.083573504629104">
				<ele>105.34463674668223</ele>
				<time>2026-04-19T11:52:28Z</time>
			</trkpt>
			<trkpt lat="47.33329671236832" lon="19.083536025674626">
				<ele>106.33099245745689</ele>
				<time>2026-04-19T11:52:45Z</time>
			</trkpt>
			<trkpt lat="47.3333088360518" lon="19.083503459638205">
				<ele>108.07802483905107</ele>
				<time>2026-04-19T11:53:02Z</time>
			</trkpt>
			<trkpt lat="47.33332278882714" lon="19.083502494890798">
				<ele>106.9678171724081</ele>
				<time>2026-04-19T11:53:14Z</time>
			</trkpt>
			<trkpt lat="47.33331590467043" lon="19.083488487155893">
				<ele>107.22676347382367</ele>
				<time>2026-04-19T11:53:31Z</time>
			</trkpt>
			<trkpt lat="47.333320543924685" lon="19.08347179045101">
				<ele>107.57330584153533</ele>
				<time>2026-04-19T11:53:38Z</time>
			</trkpt>
			<trkpt lat="47.3333264503268" lon="19.08345416196713">
				<ele>108.15960577316582</ele>
				<time>2026-04-19T11:53:43Z</time>
			</trkpt>
			<trkpt lat="47.333333549552755" lon="19.083432325465036">
				<ele>108.4547599228099</ele>
				<time>2026-04-19T11:53:50Z</time>
			</trkpt>
			<trkpt lat="47.33334554429971" lon="19.08340507166221">
				<ele>109.27836695685983</ele>
				<time>2026-04-19T11:53:57Z</time>
			</trkpt>
			<trkpt lat="47.3333628438733" lon="19.083395796017665">
				<ele>108.89687326364219</ele>
				<time>2026-04-19T11:54:06Z</time>
			</trkpt>
			<trkpt lat="47.333377276672486" lon="19.083401665448637">
				<ele>108.9059639191255</ele>
				<time>2026-04-19T11:54:11Z</time>
			</trkpt>
			<trkpt lat="47.33338836258737" lon="19.083416195164663">
				<ele>109.24393043853343</ele>
				<time>2026-04-19T11:54:17Z</time>
			</trkpt>
			<trkpt lat="47.33340739147432" lon="19.083432182440934">
				<ele>108.05975841358304</ele>
				<time>2026-04-19T11:54:30Z</time>
			</trkpt>
			<trkpt lat="47.3334198590555" lon="19.083426433172633">
				<ele>107.51012355834246</ele>
				<time>2026-04-19T11:54:34Z</time>
			</trkpt>
			<trkpt lat="47.33342355583487" lon="19.083412849723466">
				<ele>108.06680868193507</ele>
				<time>2026-04-19T11:54:37Z</time>
			</trkpt>
			<trkpt lat="47.33343110892562" lon="19.083386380762988">
				<ele>107.7553011868149</ele>
				<time>2026-04-19T11:54:45Z</time>
			</trkpt>
			<trkpt lat="47.3334352692631" lon="19.083365740953518">
				<ele>107.64126340579242</ele>
				<time>2026-04-19T11:54:47Z</time>
			</trkpt>
			<trkpt lat="47.333447904054246" lon="19.08334684611489">
				<ele>107.97189141344279</ele>
				<time>2026-04-19T11:54:53Z</time>
			</trkpt>
			<trkpt lat="47.333461966040126" lon="19.08333036905383">
				<ele>108.36367945279926</ele>
				<time>2026-04-19T11:54:57Z</time>
			</trkpt>
			<trkpt lat="47.333469655651896" lon="19.083306211137504">
				<ele>108.81102911289781</ele>
				<time>2026-04-19T11:55:03Z</time>
			</trkpt>
			<trkpt lat="47.33348314955305" lon="19.083285135554874">
				<ele>109.21774984057993</ele>
				<time>2026-04-19T11:55:07Z</time>
			</trkpt>
			<trkpt lat="47.333497279077605" lon="19.083268506076134">
				<ele>108.4468846693635</ele>
				<time>2026-04-19T11:55:10Z</time>
			</trkpt>
			<trkpt lat="47.3335083251585" lon="19.083256903605864">
				<ele>108.6903320606798</ele>
				<time>2026-04-19T11:55:13Z</time>
			</trkpt>
			<trkpt lat="47.333519367956114" lon="19.083246190600754">
				<ele>108.38240484055132</ele>
				<time>2026-04-19T11:55:16Z</time>
			</trkpt>
			<trkpt lat="47.333535551566094" lon="19.08323355577738">
				<ele>108.39271905180067</ele>
				<time>2026-04-19T11:55:20Z</time>
			</trkpt>
			<trkpt lat="47.33355587968345" lon="19.08321159865584">
				<ele>107.7310368642211</ele>
				<time>2026-04-19T11:55:26Z</time>
			</trkpt>
			<trkpt lat="47.33357485397012" lon="19.0831874328586">
				<ele>107.73946506716311</ele>
				<time>2026-04-19T11:55:31Z</time>
			</trkpt>
			<trkpt lat="47.33359747330886" lon="19.083166492248107">
				<ele>108.53814848326147</ele>
				<time>2026-04-19T11:55:35Z</time>
			</trkpt>
			<trkpt lat="47.33362409861742" lon="19.083148183490763">
				<ele>109.26763779111207</ele>
				<time>2026-04-19T11:55:37Z</time>
			</trkpt>
			<trkpt lat="47.33366206380243" lon="19.083123555162746">
				<ele>107.1175963934511</ele>
				<time>2026-04-19T11:55:44Z</time>
			</trkpt>
			<trkpt lat="47.333673428349286" lon="19.083118090241904">
				<ele>107.72534639388323</ele>
				<time>2026-04-19T11:55:47Z</time>
			</trkpt>
			<trkpt lat="47.333685561988744" lon="19.083111928802364">
				<ele>108.02636550273746</ele>
				<time>2026-04-19T11:55:50Z</time>
			</trkpt>
			<trkpt lat="47.33371857141724" lon="19.08310274667171">
				<ele>108.21628848835826</ele>
				<time>2026-04-19T11:55:53Z</time>
			</trkpt>
			<trkpt lat="47.333717883885896" lon="19.083101123402525">
				<ele>108.27749307639897</ele>
				<time>2026-04-19T11:55:54Z</time>
			</trkpt>
			<trkpt lat="47.33372700857634" lon="19.083092643282324">
				<ele>107.29301885701716</ele>
				<time>2026-04-19T11:55:58Z</time>
			</trkpt>
			<trkpt lat="47.33373559158725" lon="19.083083731691328">
				<ele>107.3752415869385</ele>
				<time>2026-04-19T11:56:01Z</time>
			</trkpt>
			<trkpt lat="47.33374430895328" lon="19.083069171637558">
				<ele>108.22600117418915</ele>
				<time>2026-04-19T11:56:04Z</time>
			</trkpt>
			<trkpt lat="47.33375604569351" lon="19.083061291779053">
				<ele>106.90358397737145</ele>
				<time>2026-04-19T11:56:06Z</time>
			</trkpt>
			<trkpt lat="47.33377235517604" lon="19.083055664408764">
				<ele>106.71524807624519</ele>
				<time>2026-04-19T11:56:09Z</time>
			</trkpt>
			<trkpt lat="47.33379412479429" lon="19.083047285983326">
				<ele>106.56843869853765</ele>
				<time>2026-04-19T11:56:10Z</time>
			</trkpt>
			<trkpt lat="47.333813917597844" lon="19.08304243725839">
				<ele>107.16116457805037</ele>
				<time>2026-04-19T11:56:12Z</time>
			</trkpt>
			<trkpt lat="47.333827323541854" lon="19.083039660396278">
				<ele>106.58486657869071</ele>
				<time>2026-04-19T11:56:14Z</time>
			</trkpt>
			<trkpt lat="47.333839007368795" lon="19.0830348065475">
				<ele>105.89766887947917</ele>
				<time>2026-04-19T11:56:16Z</time>
			</trkpt>
			<trkpt lat="47.33385080318646" lon="19.08302888481049">
				<ele>105.93311998434365</ele>
				<time>2026-04-19T11:56:18Z</time>
			</trkpt>
			<trkpt lat="47.333868268236614" lon="19.083016873215886">
				<ele>106.02682034112513</ele>
				<time>2026-04-19T11:56:21Z</time>
			</trkpt>
			<trkpt lat="47.333884463493106" lon="19.083001435817746">
				<ele>106.43516862113029</ele>
				<time>2026-04-19T11:56:23Z</time>
			</trkpt>
			<trkpt lat="47.33389987913059" lon="19.082978367768703">
				<ele>105.9987123850733</ele>
				<time>2026-04-19T11:56:26Z</time>
			</trkpt>
			<trkpt lat="47.333917122178185" lon="19.082954662226392">
				<ele>106.66976230498403</ele>
				<time>2026-04-19T11:56:28Z</time>
			</trkpt>
			<trkpt lat="47.3339395212648" lon="19.082924267470677">
				<ele>107.86774675082415</ele>
				<time>2026-04-19T11:56:32Z</time>
			</trkpt>
			<trkpt lat="47.333953440578064" lon="19.082899707689094">
				<ele>107.58507932536304</ele>
				<time>2026-04-19T11:56:34Z</time>
			</trkpt>
			<trkpt lat="47.33396866861059" lon="19.082875949035365">
				<ele>107.41703688260168</ele>
				<time>2026-04-19T11:56:37Z</time>
			</trkpt>
			<trkpt lat="47.333981440393266" lon="19.0828462117287">
				<ele>107.06065026205033</ele>
				<time>2026-04-19T11:56:40Z</time>
			</trkpt>
			<trkpt lat="47.333993787864884" lon="19.082822458506467">
				<ele>107.35615132190287</ele>
				<time>2026-04-19T11:56:42Z</time>
			</trkpt>
			<trkpt lat="47.33400832661089" lon="19.08279867427777">
				<ele>108.51576211955398</ele>
				<time>2026-04-19T11:56:45Z</time>
			</trkpt>
			<trkpt lat="47.33401858426008" lon="19.082774826211416">
				<ele>107.67804105393589</ele>
				<time>2026-04-19T11:56:48Z</time>
			</trkpt>
			<trkpt lat="47.33403207988393" lon="19.082756247856665">
				<ele>107.3498710077256</ele>
				<time>2026-04-19T11:56:51Z</time>
			</trkpt>
			<trkpt lat="47.33404974259922" lon="19.082728964930638">
				<ele>107.60116345062852</ele>
				<time>2026-04-19T11:56:56Z</time>
			</trkpt>
			<trkpt lat="47.3340686155541" lon="19.082702721212147">
				<ele>106.91773915290833</ele>
				<time>2026-04-19T11:57:02Z</time>
			</trkpt>
			<trkpt lat="47.33408680512046" lon="19.082674764433758">
				<ele>107.22006952110678</ele>
				<time>2026-04-19T11:57:04Z</time>
			</trkpt>
			<trkpt lat="47.33412287718298" lon="19.082643826472772">
				<ele>106.41563419345766</ele>
				<time>2026-04-19T11:57:11Z</time>
			</trkpt>
			<trkpt lat="47.33413425616888" lon="19.082638808354005">
				<ele>105.68716756347567</ele>
				<time>2026-04-19T11:57:14Z</time>
			</trkpt>
			<trkpt lat="47.334267920296824" lon="19.082254544352782">
				<ele>106.62321330234408</ele>
				<time>2026-04-19T11:58:05Z</time>
			</trkpt>
			<trkpt lat="47.3342881230844" lon="19.082224838619318">
				<ele>106.65911168325692</ele>
				<time>2026-04-19T11:58:07Z</time>
			</trkpt>
			<trkpt lat="47.334303306008856" lon="19.082206768166163">
				<ele>106.93453705031425</ele>
				<time>2026-04-19T11:58:09Z</time>
			</trkpt>
			<trkpt lat="47.33431794767992" lon="19.08218906187378">
				<ele>107.51849313732237</ele>
				<time>2026-04-19T11:58:11Z</time>
			</trkpt>
			<trkpt lat="47.334334069742965" lon="19.082167533183988">
				<ele>107.45134979113936</ele>
				<time>2026-04-19T11:58:15Z</time>
			</trkpt>
			<trkpt lat="47.334344484676244" lon="19.082142862938543">
				<ele>107.3865692121908</ele>
				<time>2026-04-19T11:58:20Z</time>
			</trkpt>
			<trkpt lat="47.33435273573421" lon="19.082105925094">
				<ele>107.08549338765442</ele>
				<time>2026-04-19T11:58:26Z</time>
			</trkpt>
			<trkpt lat="47.33436403842879" lon="19.08206152229043">
				<ele>106.4113848619163</ele>
				<time>2026-04-19T11:58:36Z</time>
			</trkpt>
			<trkpt lat="47.33437787207181" lon="19.082038030917136">
				<ele>105.87818712927401</ele>
				<time>2026-04-19T11:58:40Z</time>
			</trkpt>
			<trkpt lat="47.33439108976616" lon="19.08202055749105">
				<ele>107.10495601035655</ele>
				<time>2026-04-19T11:58:44Z</time>
			</trkpt>
			<trkpt lat="47.33440978929276" lon="19.082004455806327">
				<ele>106.92009040992707</ele>
				<time>2026-04-19T11:58:48Z</time>
			</trkpt>
			<trkpt lat="47.33443642186282" lon="19.08197999186284">
				<ele>107.6885193400085</ele>
				<time>2026-04-19T11:58:54Z</time>
			</trkpt>
			<trkpt lat="47.33445803402238" lon="19.081955964774437">
				<ele>108.26467707566917</ele>
				<time>2026-04-19T11:58:59Z</time>
			</trkpt>
			<trkpt lat="47.334476723863666" lon="19.081933726238315">
				<ele>107.82485031709075</ele>
				<time>2026-04-19T11:59:05Z</time>
			</trkpt>
			<trkpt lat="47.334480892661105" lon="19.08191556135957">
				<ele>107.71804666239768</ele>
				<time>2026-04-19T11:59:09Z</time>
			</trkpt>
			<trkpt lat="47.33448848831254" lon="19.081903237010735">
				<ele>107.32480261009187</ele>
				<time>2026-04-19T11:59:12Z</time>
			</trkpt>
			<trkpt lat="47.33449441090247" lon="19.08188521556137">
				<ele>108.29984667338431</ele>
				<time>2026-04-19T11:59:17Z</time>
			</trkpt>
			<trkpt lat="47.334494298386154" lon="19.081866347904274">
				<ele>108.45019341539592</ele>
				<time>2026-04-19T11:59:19Z</time>
			</trkpt>
			<trkpt lat="47.334495442201" lon="19.081841071457262">
				<ele>107.40344302169979</ele>
				<time>2026-04-19T11:59:23Z</time>
			</trkpt>
			<trkpt lat="47.334501424203765" lon="19.081813014686876">
				<ele>107.43397008161992</ele>
				<time>2026-04-19T11:59:28Z</time>
			</trkpt>
			<trkpt lat="47.33451100272018" lon="19.081790536315662">
				<ele>108.46155461575836</ele>
				<time>2026-04-19T11:59:32Z</time>
			</trkpt>
			<trkpt lat="47.334526044416215" lon="19.081761703165668">
				<ele>108.0928808208555</ele>
				<time>2026-04-19T11:59:37Z</time>
			</trkpt>
			<trkpt lat="47.33454450838558" lon="19.08172553267839">
				<ele>108.92220882419497</ele>
				<time>2026-04-19T11:59:43Z</time>
			</trkpt>
			<trkpt lat="47.334558400868694" lon="19.08169331387369">
				<ele>108.75456168409437</ele>
				<time>2026-04-19T11:59:48Z</time>
			</trkpt>
			<trkpt lat="47.33457367297371" lon="19.081675153943856">
				<ele>108.30006444174796</ele>
				<time>2026-04-19T11:59:54Z</time>
			</trkpt>
			<trkpt lat="47.33458941956535" lon="19.08167407810053">
				<ele>107.65042896009982</ele>
				<time>2026-04-19T11:59:57Z</time>
			</trkpt>
			<trkpt lat="47.33460502442973" lon="19.08168681755179">
				<ele>107.77809341903776</ele>
				<time>2026-04-19T12:00:01Z</time>
			</trkpt>
			<trkpt lat="47.33461429026332" lon="19.081700958280624">
				<ele>107.65391118265688</ele>
				<time>2026-04-19T12:00:05Z</time>
			</trkpt>
			<trkpt lat="47.33462993066068" lon="19.08170831567191">
				<ele>108.43665837030858</ele>
				<time>2026-04-19T12:00:10Z</time>
			</trkpt>
			<trkpt lat="47.33463019656978" lon="19.08170920624016">
				<ele>107.08687238395214</ele>
				<time>2026-04-19T12:00:13Z</time>
			</trkpt>
			<trkpt lat="47.334646744538816" lon="19.08169200218354">
				<ele>107.13174475170672</ele>
				<time>2026-04-19T12:00:16Z</time>
			</trkpt>
			<trkpt lat="47.33466329978632" lon="19.08166426801436">
				<ele>108.90427522081882</ele>
				<time>2026-04-19T12:00:21Z</time>
			</trkpt>
			<trkpt lat="47.334662495832724" lon="19.081642025561266">
				<ele>108.04730926919729</ele>
				<time>2026-04-19T12:00:25Z</time>
			</trkpt>
			<trkpt lat="47.334669586649326" lon="19.08161797357086">
				<ele>107.95023525226861</ele>
				<time>2026-04-19T12:00:29Z</time>
			</trkpt>
			<trkpt lat="47.33468162622588" lon="19.081602055355024">
				<ele>107.67724826280028</ele>
				<time>2026-04-19T12:00:32Z</time>
			</trkpt>
			<trkpt lat="47.33469587591393" lon="19.081586554682694">
				<ele>108.41473842877895</ele>
				<time>2026-04-19T12:00:35Z</time>
			</trkpt>
			<trkpt lat="47.33470982437259" lon="19.081568497783103">
				<ele>108.60445134993643</ele>
				<time>2026-04-19T12:00:37Z</time>
			</trkpt>
			<trkpt lat="47.334725476748105" lon="19.081549630597905">
				<ele>108.55739147029817</ele>
				<time>2026-04-19T12:00:39Z</time>
			</trkpt>
			<trkpt lat="47.3347414543623" lon="19.081522945113967">
				<ele>108.38718062173575</ele>
				<time>2026-04-19T12:00:42Z</time>
			</trkpt>
			<trkpt lat="47.334758035428024" lon="19.08149294566439">
				<ele>109.13868086971343</ele>
				<time>2026-04-19T12:00:45Z</time>
			</trkpt>
			<trkpt lat="47.33478224784455" lon="19.081459254307983">
				<ele>110.0976758217439</ele>
				<time>2026-04-19T12:00:47Z</time>
			</trkpt>
			<trkpt lat="47.33480852912171" lon="19.081427720593137">
				<ele>110.24251160398126</ele>
				<time>2026-04-19T12:00:49Z</time>
			</trkpt>
			<trkpt lat="47.3348245170544" lon="19.081406930108567">
				<ele>109.6506501045078</ele>
				<time>2026-04-19T12:00:50Z</time>
			</trkpt>
			<trkpt lat="47.33485214244054" lon="19.081368186983738">
				<ele>109.3156833043322</ele>
				<time>2026-04-19T12:00:53Z</time>
			</trkpt>
			<trkpt lat="47.3348636978599" lon="19.081357943021857">
				<ele>109.02850813232362</ele>
				<time>2026-04-19T12:00:55Z</time>
			</trkpt>
			<trkpt lat="47.334873364590145" lon="19.081355954748837">
				<ele>110.1553565999493</ele>
				<time>2026-04-19T12:00:57Z</time>
			</trkpt>
			<trkpt lat="47.334890284524725" lon="19.081339301702958">
				<ele>110.66637338604778</ele>
				<time>2026-04-19T12:00:59Z</time>
			</trkpt>
			<trkpt lat="47.334911278451024" lon="19.08130919414327">
				<ele>109.92807859554887</ele>
				<time>2026-04-19T12:01:02Z</time>
			</trkpt>
			<trkpt lat="47.3349254448135" lon="19.08129031356491">
				<ele>110.61412082239985</ele>
				<time>2026-04-19T12:01:05Z</time>
			</trkpt>
			<trkpt lat="47.33493716189576" lon="19.081277627771886">
				<ele>110.0757306041196</ele>
				<time>2026-04-19T12:01:07Z</time>
			</trkpt>
			<trkpt lat="47.33495688917485" lon="19.081259296434">
				<ele>110.60425263363868</ele>
				<time>2026-04-19T12:01:08Z</time>
			</trkpt>
			<trkpt lat="47.33499771029308" lon="19.08121261143408">
				<ele>109.30953569896519</ele>
				<time>2026-04-19T12:01:13Z</time>
			</trkpt>
			<trkpt lat="47.335017780910114" lon="19.081187051196583">
				<ele>109.96818157099187</ele>
				<time>2026-04-19T12:01:15Z</time>
			</trkpt>
			<trkpt lat="47.33504946051464" lon="19.081162536240413">
				<ele>109.95564754400402</ele>
				<time>2026-04-19T12:01:18Z</time>
			</trkpt>
			<trkpt lat="47.335061840245466" lon="19.08115751055793">
				<ele>109.42673713155091</ele>
				<time>2026-04-19T12:01:20Z</time>
			</trkpt>
			<trkpt lat="47.33507329822273" lon="19.0811489629924">
				<ele>110.07458553928882</ele>
				<time>2026-04-19T12:01:23Z</time>
			</trkpt>
			<trkpt lat="47.335092033780846" lon="19.08112660915361">
				<ele>109.65817122906446</ele>
				<time>2026-04-19T12:01:25Z</time>
			</trkpt>
			<trkpt lat="47.33510645519081" lon="19.081108663035245">
				<ele>110.76704403664917</ele>
				<time>2026-04-19T12:01:27Z</time>
			</trkpt>
			<trkpt lat="47.335117365619794" lon="19.081089556700558">
				<ele>110.47125569172204</ele>
				<time>2026-04-19T12:01:30Z</time>
			</trkpt>
			<trkpt lat="47.335132558848684" lon="19.08106200080005">
				<ele>110.32407123874873</ele>
				<time>2026-04-19T12:01:32Z</time>
			</trkpt>
			<trkpt lat="47.33515350544033" lon="19.0810255349887">
				<ele>110.5939985755831</ele>
				<time>2026-04-19T12:01:36Z</time>
			</trkpt>
			<trkpt lat="47.33516494033691" lon="19.081008730135373">
				<ele>110.56342824548483</ele>
				<time>2026-04-19T12:01:38Z</time>
			</trkpt>
			<trkpt lat="47.33517622082254" lon="19.080994441357095">
				<ele>110.13115779869258</ele>
				<time>2026-04-19T12:01:40Z</time>
			</trkpt>
			<trkpt lat="47.33518856960623" lon="19.080979118425613">
				<ele>110.06176716927439</ele>
				<time>2026-04-19T12:01:42Z</time>
			</trkpt>
			<trkpt lat="47.33521050552593" lon="19.08095441543168">
				<ele>109.72484483849257</ele>
				<time>2026-04-19T12:01:44Z</time>
			</trkpt>
			<trkpt lat="47.33523301022871" lon="19.08092585034863">
				<ele>109.14339294470847</ele>
				<time>2026-04-19T12:01:46Z</time>
			</trkpt>
			<trkpt lat="47.33525712106023" lon="19.080900854032276">
				<ele>110.09815502073616</ele>
				<time>2026-04-19T12:01:48Z</time>
			</trkpt>
			<trkpt lat="47.33528088748406" lon="19.080877097649555">
				<ele>109.1831420706585</ele>
				<time>2026-04-19T12:01:52Z</time>
			</trkpt>
			<trkpt lat="47.33530283291018" lon="19.080864209387205">
				<ele>110.72737401816994</ele>
				<time>2026-04-19T12:01:54Z</time>
			</trkpt>
			<trkpt lat="47.335330245917184" lon="19.0808401446021">
				<ele>110.91001192759722</ele>
				<time>2026-04-19T12:01:58Z</time>
			</trkpt>
			<trkpt lat="47.33533819428926" lon="19.080822917552492">
				<ele>110.67625817656517</ele>
				<time>2026-04-19T12:02:00Z</time>
			</trkpt>
			<trkpt lat="47.33535617663571" lon="19.08078366255969">
				<ele>109.08630098495632</ele>
				<time>2026-04-19T12:02:03Z</time>
			</trkpt>
			<trkpt lat="47.33536860307311" lon="19.080757902904406">
				<ele>110.11666764970869</ele>
				<time>2026-04-19T12:02:05Z</time>
			</trkpt>
			<trkpt lat="47.33538039823626" lon="19.080741057797283">
				<ele>110.1287611760199</ele>
				<time>2026-04-19T12:02:07Z</time>
			</trkpt>
			<trkpt lat="47.33540243217232" lon="19.080708222070427">
				<ele>109.08586303982884</ele>
				<time>2026-04-19T12:02:10Z</time>
			</trkpt>
			<trkpt lat="47.335416650441566" lon="19.080689725462058">
				<ele>109.07910184189677</ele>
				<time>2026-04-19T12:02:12Z</time>
			</trkpt>
			<trkpt lat="47.33543324951171" lon="19.08067054748753">
				<ele>108.73731799423695</ele>
				<time>2026-04-19T12:02:15Z</time>
			</trkpt>
			<trkpt lat="47.335462976531545" lon="19.080646953305347">
				<ele>108.65926396474242</ele>
				<time>2026-04-19T12:02:17Z</time>
			</trkpt>
			<trkpt lat="47.335489509907845" lon="19.080623871404477">
				<ele>108.62608043011278</ele>
				<time>2026-04-19T12:02:20Z</time>
			</trkpt>
			<trkpt lat="47.335506737325126" lon="19.080609368910718">
				<ele>109.17468317132443</ele>
				<time>2026-04-19T12:02:23Z</time>
			</trkpt>
			<trkpt lat="47.33552103075987" lon="19.08059425352257">
				<ele>109.03783066850156</ele>
				<time>2026-04-19T12:02:25Z</time>
			</trkpt>
			<trkpt lat="47.335536224886184" lon="19.080579580098878">
				<ele>109.22605766542256</ele>
				<time>2026-04-19T12:02:27Z</time>
			</trkpt>
			<trkpt lat="47.335551330501275" lon="19.080566843648008">
				<ele>109.86988556198776</ele>
				<time>2026-04-19T12:02:29Z</time>
			</trkpt>
			<trkpt lat="47.33557714301907" lon="19.08053588329351">
				<ele>109.08823069743812</ele>
				<time>2026-04-19T12:02:32Z</time>
			</trkpt>
			<trkpt lat="47.33560046026771" lon="19.080509702851458">
				<ele>109.90164105314761</ele>
				<time>2026-04-19T12:02:35Z</time>
			</trkpt>
			<trkpt lat="47.33561775179345" lon="19.08049750951689">
				<ele>109.63849890045822</ele>
				<time>2026-04-19T12:02:37Z</time>
			</trkpt>
			<trkpt lat="47.335641986187426" lon="19.08046893204769">
				<ele>109.67474639415741</ele>
				<time>2026-04-19T12:02:39Z</time>
			</trkpt>
			<trkpt lat="47.335663097131416" lon="19.080449871766255">
				<ele>108.92514919303358</ele>
				<time>2026-04-19T12:02:41Z</time>
			</trkpt>
			<trkpt lat="47.33569728185952" lon="19.08042483104629">
				<ele>108.70275528915226</ele>
				<time>2026-04-19T12:02:44Z</time>
			</trkpt>
			<trkpt lat="47.335716603139076" lon="19.080409290626374">
				<ele>108.4679473824799</ele>
				<time>2026-04-19T12:02:46Z</time>
			</trkpt>
			<trkpt lat="47.335733457827125" lon="19.08039859861316">
				<ele>108.94528535753489</ele>
				<time>2026-04-19T12:02:48Z</time>
			</trkpt>
			<trkpt lat="47.335748698027686" lon="19.08038048346173">
				<ele>108.54436706844717</ele>
				<time>2026-04-19T12:02:50Z</time>
			</trkpt>
			<trkpt lat="47.33576631752222" lon="19.08036506945568">
				<ele>109.01304847560823</ele>
				<time>2026-04-19T12:02:52Z</time>
			</trkpt>
			<trkpt lat="47.335785558341804" lon="19.080352211497917">
				<ele>109.04269198328257</ele>
				<time>2026-04-19T12:02:54Z</time>
			</trkpt>
			<trkpt lat="47.33580123133109" lon="19.080343783243453">
				<ele>109.37274577189237</ele>
				<time>2026-04-19T12:02:55Z</time>
			</trkpt>
			<trkpt lat="47.3358195269724" lon="19.080332856462586">
				<ele>109.09931489545852</ele>
				<time>2026-04-19T12:02:56Z</time>
			</trkpt>
			<trkpt lat="47.335847544231" lon="19.08031780456861">
				<ele>109.59614611975849</ele>
				<time>2026-04-19T12:02:58Z</time>
			</trkpt>
			<trkpt lat="47.33587025716021" lon="19.08030712809685">
				<ele>110.40023111924529</ele>
				<time>2026-04-19T12:03:00Z</time>
			</trkpt>
			<trkpt lat="47.335885347003575" lon="19.080292244120624">
				<ele>111.31336685456336</ele>
				<time>2026-04-19T12:03:03Z</time>
			</trkpt>
			<trkpt lat="47.33589096887077" lon="19.080274874683298">
				<ele>110.45768970437348</ele>
				<time>2026-04-19T12:03:06Z</time>
			</trkpt>
			<trkpt lat="47.33589844183833" lon="19.080256187943938">
				<ele>110.4230906907469</ele>
				<time>2026-04-19T12:03:08Z</time>
			</trkpt>
			<trkpt lat="47.33591406647313" lon="19.080223970049293">
				<ele>110.87114841956645</ele>
				<time>2026-04-19T12:03:10Z</time>
			</trkpt>
			<trkpt lat="47.33593268799965" lon="19.080200560347908">
				<ele>109.84427236299962</ele>
				<time>2026-04-19T12:03:13Z</time>
			</trkpt>
			<trkpt lat="47.33594809970832" lon="19.080183819851364">
				<ele>109.39709048718214</ele>
				<time>2026-04-19T12:03:14Z</time>
			</trkpt>
			<trkpt lat="47.33597155092058" lon="19.080159996351288">
				<ele>109.44272572547197</ele>
				<time>2026-04-19T12:03:16Z</time>
			</trkpt>
			<trkpt lat="47.3359998871777" lon="19.080137385883816">
				<ele>110.03796735219657</ele>
				<time>2026-04-19T12:03:18Z</time>
			</trkpt>
			<trkpt lat="47.3360154851067" lon="19.080121574992095">
				<ele>109.92185910698026</ele>
				<time>2026-04-19T12:03:19Z</time>
			</trkpt>
			<trkpt lat="47.33604024198164" lon="19.080098548901308">
				<ele>109.83395996317267</ele>
				<time>2026-04-19T12:03:21Z</time>
			</trkpt>
			<trkpt lat="47.33606805565531" lon="19.080078623748356">
				<ele>110.32791691459715</ele>
				<time>2026-04-19T12:03:25Z</time>
			</trkpt>
			<trkpt lat="47.336080711312256" lon="19.080076640066864">
				<ele>110.25744833704084</ele>
				<time>2026-04-19T12:03:27Z</time>
			</trkpt>
			<trkpt lat="47.336100848122" lon="19.080060852777308">
				<ele>109.29775522090495</ele>
				<time>2026-04-19T12:03:28Z</time>
			</trkpt>
			<trkpt lat="47.33612754885132" lon="19.080038261724535">
				<ele>109.48883608076721</ele>
				<time>2026-04-19T12:03:32Z</time>
			</trkpt>
			<trkpt lat="47.33614461261274" lon="19.08002556208393">
				<ele>109.14426408242434</ele>
				<time>2026-04-19T12:03:35Z</time>
			</trkpt>
			<trkpt lat="47.33617021424142" lon="19.080007713435432">
				<ele>109.57893464528024</ele>
				<time>2026-04-19T12:03:37Z</time>
			</trkpt>
			<trkpt lat="47.33620704926165" lon="19.07998592223941">
				<ele>108.20377243682742</ele>
				<time>2026-04-19T12:03:40Z</time>
			</trkpt>
			<trkpt lat="47.33622071443207" lon="19.079972095975155">
				<ele>107.82649987190962</ele>
				<time>2026-04-19T12:03:42Z</time>
			</trkpt>
			<trkpt lat="47.33623556129492" lon="19.07994663828254">
				<ele>108.52626518160105</ele>
				<time>2026-04-19T12:03:44Z</time>
			</trkpt>
			<trkpt lat="47.3362633539713" lon="19.079910190608743">
				<ele>108.48576757125556</ele>
				<time>2026-04-19T12:03:47Z</time>
			</trkpt>
			<trkpt lat="47.336301825493024" lon="19.079879124031166">
				<ele>107.60757674463093</ele>
				<time>2026-04-19T12:03:51Z</time>
			</trkpt>
			<trkpt lat="47.33633492423517" lon="19.07985026371126">
				<ele>106.68288945313543</ele>
				<time>2026-04-19T12:03:55Z</time>
			</trkpt>
			<trkpt lat="47.33635379399457" lon="19.079827879721805">
				<ele>106.01765500567853</ele>
				<time>2026-04-19T12:03:58Z</time>
			</trkpt>
			<trkpt lat="47.33636969518948" lon="19.079810195691955">
				<ele>105.5940206926316</ele>
				<time>2026-04-19T12:04:00Z</time>
			</trkpt>
			<trkpt lat="47.336389073123044" lon="19.079798922347866">
				<ele>106.4570627398789</ele>
				<time>2026-04-19T12:04:02Z</time>
			</trkpt>
			<trkpt lat="47.33639923202757" lon="19.07979716122345">
				<ele>106.26904697157443</ele>
				<time>2026-04-19T12:04:04Z</time>
			</trkpt>
			<trkpt lat="47.33641788850984" lon="19.079789121115418">
				<ele>106.12798971682787</ele>
				<time>2026-04-19T12:04:06Z</time>
			</trkpt>
			<trkpt lat="47.33643310596172" lon="19.079780198539517">
				<ele>106.15409651305526</ele>
				<time>2026-04-19T12:04:08Z</time>
			</trkpt>
			<trkpt lat="47.33644851295249" lon="19.07976566373601">
				<ele>106.3305543968454</ele>
				<time>2026-04-19T12:04:09Z</time>
			</trkpt>
			<trkpt lat="47.33646866628257" lon="19.079750330093834">
				<ele>106.5787634961307</ele>
				<time>2026-04-19T12:04:12Z</time>
			</trkpt>
			<trkpt lat="47.336492069639164" lon="19.079739208133844">
				<ele>106.93954600859433</ele>
				<time>2026-04-19T12:04:14Z</time>
			</trkpt>
			<trkpt lat="47.33651693882277" lon="19.0797234642898">
				<ele>107.41545196902007</ele>
				<time>2026-04-19T12:04:16Z</time>
			</trkpt>
			<trkpt lat="47.336549481919796" lon="19.079676258029824">
				<ele>105.57888699043542</ele>
				<time>2026-04-19T12:04:20Z</time>
			</trkpt>
			<trkpt lat="47.336569013986804" lon="19.079644147472706">
				<ele>106.52107385080308</ele>
				<time>2026-04-19T12:04:23Z</time>
			</trkpt>
			<trkpt lat="47.33658489920165" lon="19.0796254864803">
				<ele>105.90148635301739</ele>
				<time>2026-04-19T12:04:25Z</time>
			</trkpt>
			<trkpt lat="47.33660255854908" lon="19.07960234449441">
				<ele>106.74769413936883</ele>
				<time>2026-04-19T12:04:27Z</time>
			</trkpt>
			<trkpt lat="47.336621047893495" lon="19.079588807513947">
				<ele>106.8707314543426</ele>
				<time>2026-04-19T12:04:30Z</time>
			</trkpt>
			<trkpt lat="47.33664915452184" lon="19.079562459319714">
				<ele>106.22392235603184</ele>
				<time>2026-04-19T12:04:33Z</time>
			</trkpt>
			<trkpt lat="47.336677749264624" lon="19.079550625265842">
				<ele>106.68105600494891</ele>
				<time>2026-04-19T12:04:35Z</time>
			</trkpt>
			<trkpt lat="47.33669379587202" lon="19.0795488773031">
				<ele>107.4403030872345</ele>
				<time>2026-04-19T12:04:37Z</time>
			</trkpt>
			<trkpt lat="47.336703632297244" lon="19.07954511245545">
				<ele>107.333262947388</ele>
				<time>2026-04-19T12:04:39Z</time>
			</trkpt>
			<trkpt lat="47.336716166972" lon="19.07953955107499">
				<ele>107.40268248692155</ele>
				<time>2026-04-19T12:04:41Z</time>
			</trkpt>
			<trkpt lat="47.33674260400125" lon="19.079520853252923">
				<ele>108.47301680687815</ele>
				<time>2026-04-19T12:04:43Z</time>
			</trkpt>
			<trkpt lat="47.33678109773837" lon="19.079502090485878">
				<ele>107.79404612630606</ele>
				<time>2026-04-19T12:04:46Z</time>
			</trkpt>
			<trkpt lat="47.33680380206683" lon="19.07949256919354">
				<ele>108.04875107109547</ele>
				<time>2026-04-19T12:04:47Z</time>
			</trkpt>
			<trkpt lat="47.336852789839966" lon="19.07945617902278">
				<ele>107.3732955660671</ele>
				<time>2026-04-19T12:04:51Z</time>
			</trkpt>
			<trkpt lat="47.336857557570475" lon="19.079458032886574">
				<ele>107.81570438109338</ele>
				<time>2026-04-19T12:04:53Z</time>
			</trkpt>
			<trkpt lat="47.33687585833279" lon="19.079439603843333">
				<ele>107.6091068116948</ele>
				<time>2026-04-19T12:04:56Z</time>
			</trkpt>
			<trkpt lat="47.33689567016933" lon="19.07942164361711">
				<ele>107.2298415498808</ele>
				<time>2026-04-19T12:04:58Z</time>
			</trkpt>
			<trkpt lat="47.33692237530533" lon="19.079411755076737">
				<ele>107.45069898292422</ele>
				<time>2026-04-19T12:05:00Z</time>
			</trkpt>
			<trkpt lat="47.336942846466265" lon="19.079402556769157">
				<ele>107.6142516490072</ele>
				<time>2026-04-19T12:05:03Z</time>
			</trkpt>
			<trkpt lat="47.336959328531854" lon="19.079391603249295">
				<ele>107.20812510419637</ele>
				<time>2026-04-19T12:05:05Z</time>
			</trkpt>
			<trkpt lat="47.33697436435568" lon="19.07939036329759">
				<ele>107.11017545964569</ele>
				<time>2026-04-19T12:05:06Z</time>
			</trkpt>
			<trkpt lat="47.337010089159534" lon="19.07936570948124">
				<ele>107.18592662923038</ele>
				<time>2026-04-19T12:05:09Z</time>
			</trkpt>
			<trkpt lat="47.337035293963076" lon="19.07934179955523">
				<ele>107.5216134255752</ele>
				<time>2026-04-19T12:05:11Z</time>
			</trkpt>
			<trkpt lat="47.33706300843225" lon="19.07932991157861">
				<ele>107.34471019916236</ele>
				<time>2026-04-19T12:05:13Z</time>
			</trkpt>
			<trkpt lat="47.337097067606464" lon="19.079305772547134">
				<ele>107.28057224769145</ele>
				<time>2026-04-19T12:05:16Z</time>
			</trkpt>
			<trkpt lat="47.33713604519011" lon="19.07927629544342">
				<ele>108.52069467678666</ele>
				<time>2026-04-19T12:05:20Z</time>
			</trkpt>
			<trkpt lat="47.33716326053016" lon="19.079264992320596">
				<ele>108.25079729501158</ele>
				<time>2026-04-19T12:05:22Z</time>
			</trkpt>
			<trkpt lat="47.337185631484445" lon="19.07925591303889">
				<ele>107.9199400851503</ele>
				<time>2026-04-19T12:05:23Z</time>
			</trkpt>
			<trkpt lat="47.337191025962696" lon="19.079263962498636">
				<ele>107.80919095594436</ele>
				<time>2026-04-19T12:05:24Z</time>
			</trkpt>
			<trkpt lat="47.337197227367795" lon="19.0792622207817">
				<ele>107.05822012387216</ele>
				<time>2026-04-19T12:05:25Z</time>
			</trkpt>
			<trkpt lat="47.33720749756449" lon="19.079254377605917">
				<ele>107.30294969677925</ele>
				<time>2026-04-19T12:05:27Z</time>
			</trkpt>
			<trkpt lat="47.33721972786669" lon="19.07924331824659">
				<ele>107.59798427391797</ele>
				<time>2026-04-19T12:05:29Z</time>
			</trkpt>
			<trkpt lat="47.337230300378366" lon="19.07922389121864">
				<ele>107.87120929919183</ele>
				<time>2026-04-19T12:05:31Z</time>
			</trkpt>
			<trkpt lat="47.33725324054647" lon="19.079207445180582">
				<ele>108.22912371531129</ele>
				<time>2026-04-19T12:05:34Z</time>
			</trkpt>
			<trkpt lat="47.33727161192342" lon="19.079185605022182">
				<ele>107.86283451877534</ele>
				<time>2026-04-19T12:05:37Z</time>
			</trkpt>
			<trkpt lat="47.337286891634335" lon="19.079176715274546">
				<ele>107.9856973811984</ele>
				<time>2026-04-19T12:05:39Z</time>
			</trkpt>
			<trkpt lat="47.33730863609503" lon="19.079156541838152">
				<ele>107.61770574562252</ele>
				<time>2026-04-19T12:05:42Z</time>
			</trkpt>
			<trkpt lat="47.33732846002244" lon="19.07914196134045">
				<ele>107.77042168192565</ele>
				<time>2026-04-19T12:05:44Z</time>
			</trkpt>
			<trkpt lat="47.337350452419265" lon="19.079134295159214">
				<ele>107.87991882488132</ele>
				<time>2026-04-19T12:05:46Z</time>
			</trkpt>
			<trkpt lat="47.337382269993014" lon="19.079117903609575">
				<ele>108.0621143085882</ele>
				<time>2026-04-19T12:05:48Z</time>
			</trkpt>
			<trkpt lat="47.337425779663384" lon="19.079100446552378">
				<ele>107.92183185368776</ele>
				<time>2026-04-19T12:05:51Z</time>
			</trkpt>
			<trkpt lat="47.33745435926187" lon="19.079093071242273">
				<ele>107.77508792560548</ele>
				<time>2026-04-19T12:05:53Z</time>
			</trkpt>
			<trkpt lat="47.33748090864555" lon="19.079082816568018">
				<ele>108.44470573961735</ele>
				<time>2026-04-19T12:05:55Z</time>
			</trkpt>
			<trkpt lat="47.33750485608992" lon="19.079067556704768">
				<ele>108.55784429609776</ele>
				<time>2026-04-19T12:05:57Z</time>
			</trkpt>
			<trkpt lat="47.33753657778663" lon="19.07905698783145">
				<ele>109.12905600201339</ele>
				<time>2026-04-19T12:05:59Z</time>
			</trkpt>
			<trkpt lat="47.337564682718615" lon="19.079033154230835">
				<ele>109.40944889839739</ele>
				<time>2026-04-19T12:06:03Z</time>
			</trkpt>
			<trkpt lat="47.33758316760387" lon="19.079020738780176">
				<ele>108.67454205080867</ele>
				<time>2026-04-19T12:06:05Z</time>
			</trkpt>
			<trkpt lat="47.33760748223042" lon="19.079007886243744">
				<ele>108.94488861225545</ele>
				<time>2026-04-19T12:06:09Z</time>
			</trkpt>
			<trkpt lat="47.33761825749876" lon="19.079005903961658">
				<ele>108.80991374049336</ele>
				<time>2026-04-19T12:06:11Z</time>
			</trkpt>
			<trkpt lat="47.33763143235505" lon="19.07899878007664">
				<ele>108.85810697078705</ele>
				<time>2026-04-19T12:06:13Z</time>
			</trkpt>
			<trkpt lat="47.337665416725144" lon="19.07898646602932">
				<ele>108.91705244127661</ele>
				<time>2026-04-19T12:06:16Z</time>
			</trkpt>
			<trkpt lat="47.3376856675025" lon="19.078970950298153">
				<ele>107.91546305827796</ele>
				<time>2026-04-19T12:06:18Z</time>
			</trkpt>
			<trkpt lat="47.337720122073684" lon="19.07894907461526">
				<ele>106.74757141433656</ele>
				<time>2026-04-19T12:06:22Z</time>
			</trkpt>
			<trkpt lat="47.33775727706468" lon="19.078922244498624">
				<ele>106.32328565884382</ele>
				<time>2026-04-19T12:06:25Z</time>
			</trkpt>
			<trkpt lat="47.33778514558344" lon="19.07889625670285">
				<ele>105.9085322059691</ele>
				<time>2026-04-19T12:06:29Z</time>
			</trkpt>
			<trkpt lat="47.337802854160444" lon="19.078875941361883">
				<ele>105.12393790204078</ele>
				<time>2026-04-19T12:06:31Z</time>
			</trkpt>
			<trkpt lat="47.33781909614633" lon="19.078866887925237">
				<ele>105.91885373275727</ele>
				<time>2026-04-19T12:06:33Z</time>
			</trkpt>
			<trkpt lat="47.337836791214066" lon="19.078868251662946">
				<ele>106.51010685320944</ele>
				<time>2026-04-19T12:06:34Z</time>
			</trkpt>
			<trkpt lat="47.33786251484695" lon="19.07886152658843">
				<ele>106.50067818257958</ele>
				<time>2026-04-19T12:06:36Z</time>
			</trkpt>
			<trkpt lat="47.33789219624511" lon="19.07884708815387">
				<ele>107.43206065148115</ele>
				<time>2026-04-19T12:06:38Z</time>
			</trkpt>
			<trkpt lat="47.33792113158153" lon="19.078829324485213">
				<ele>106.75220108684152</ele>
				<time>2026-04-19T12:06:42Z</time>
			</trkpt>
			<trkpt lat="47.33794265421148" lon="19.07881947965869">
				<ele>106.36657487228513</ele>
				<time>2026-04-19T12:06:44Z</time>
			</trkpt>
			<trkpt lat="47.337961995078096" lon="19.078794942174206">
				<ele>105.59985669516027</ele>
				<time>2026-04-19T12:06:46Z</time>
			</trkpt>
			<trkpt lat="47.33798559919094" lon="19.0787828375567">
				<ele>106.23084305226803</ele>
				<time>2026-04-19T12:06:48Z</time>
			</trkpt>
			<trkpt lat="47.337993814424664" lon="19.07877168157276">
				<ele>106.34233136475086</ele>
				<time>2026-04-19T12:06:50Z</time>
			</trkpt>
			<trkpt lat="47.33801988351376" lon="19.078753213940203">
				<ele>105.41655313968658</ele>
				<time>2026-04-19T12:06:53Z</time>
			</trkpt>
			<trkpt lat="47.338041881730454" lon="19.078728768223304">
				<ele>106.04554305970669</ele>
				<time>2026-04-19T12:06:55Z</time>
			</trkpt>
			<trkpt lat="47.33807093288863" lon="19.078705938445104">
				<ele>105.41380946803838</ele>
				<time>2026-04-19T12:06:58Z</time>
			</trkpt>
			<trkpt lat="47.33808802973162" lon="19.07869150789208">
				<ele>105.28863215260208</ele>
				<time>2026-04-19T12:07:00Z</time>
			</trkpt>
			<trkpt lat="47.33811261692584" lon="19.078662441182693">
				<ele>105.47346141654998</ele>
				<time>2026-04-19T12:07:02Z</time>
			</trkpt>
			<trkpt lat="47.33813779876391" lon="19.078641731762925">
				<ele>105.17224281467497</ele>
				<time>2026-04-19T12:07:04Z</time>
			</trkpt>
			<trkpt lat="47.33816364649546" lon="19.078629854185785">
				<ele>105.00727123487741</ele>
				<time>2026-04-19T12:07:06Z</time>
			</trkpt>
			<trkpt lat="47.338182410971854" lon="19.078609741845884">
				<ele>105.35882367752492</ele>
				<time>2026-04-19T12:07:08Z</time>
			</trkpt>
			<trkpt lat="47.338199549023834" lon="19.078590767451132">
				<ele>105.18407359346747</ele>
				<time>2026-04-19T12:07:10Z</time>
			</trkpt>
			<trkpt lat="47.338215563825564" lon="19.078578295527073">
				<ele>104.15538480784744</ele>
				<time>2026-04-19T12:07:12Z</time>
			</trkpt>
			<trkpt lat="47.33822982510094" lon="19.07857107941217">
				<ele>104.89126735553145</ele>
				<time>2026-04-19T12:07:14Z</time>
			</trkpt>
			<trkpt lat="47.3382415213198" lon="19.078566079864405">
				<ele>104.84363286662847</ele>
				<time>2026-04-19T12:07:16Z</time>
			</trkpt>
			<trkpt lat="47.33826000566042" lon="19.07855326777793">
				<ele>105.19215273391455</ele>
				<time>2026-04-19T12:07:19Z</time>
			</trkpt>
			<trkpt lat="47.33828184487823" lon="19.078538070333067">
				<ele>105.8676350787282</ele>
				<time>2026-04-19T12:07:23Z</time>
			</trkpt>
			<trkpt lat="47.33830015886402" lon="19.078531431099584">
				<ele>104.46488628629595</ele>
				<time>2026-04-19T12:07:27Z</time>
			</trkpt>
			<trkpt lat="47.338307664126894" lon="19.07852374887802">
				<ele>105.98824389974263</ele>
				<time>2026-04-19T12:07:30Z</time>
			</trkpt>
			<trkpt lat="47.338316346302335" lon="19.078522776671612">
				<ele>105.46229046024382</ele>
				<time>2026-04-19T12:07:31Z</time>
			</trkpt>
			<trkpt lat="47.33833115853232" lon="19.07851289480184">
				<ele>106.18072345158345</ele>
				<time>2026-04-19T12:07:38Z</time>
			</trkpt>
			<trkpt lat="47.3383358714256" lon="19.07851106240143">
				<ele>105.62857186235487</ele>
				<time>2026-04-19T12:07:39Z</time>
			</trkpt>
			<trkpt lat="47.33835426712165" lon="19.07850172461783">
				<ele>105.44770046323538</ele>
				<time>2026-04-19T12:07:47Z</time>
			</trkpt>
			<trkpt lat="47.33838690515023" lon="19.078517083841604">
				<ele>106.11768907681108</ele>
				<time>2026-04-19T12:07:53Z</time>
			</trkpt>
			<trkpt lat="47.338415282667995" lon="19.07850994189269">
				<ele>103.99795702565461</ele>
				<time>2026-04-19T12:07:57Z</time>
			</trkpt>
			<trkpt lat="47.3384346504084" lon="19.0785056658314">
				<ele>103.7078844672069</ele>
				<time>2026-04-19T12:07:59Z</time>
			</trkpt>
			<trkpt lat="47.3384590228901" lon="19.078501309028322">
				<ele>104.28241891786456</ele>
				<time>2026-04-19T12:08:01Z</time>
			</trkpt>
			<trkpt lat="47.338482079282315" lon="19.078495976030407">
				<ele>104.86320313531905</ele>
				<time>2026-04-19T12:08:04Z</time>
			</trkpt>
			<trkpt lat="47.33849559682775" lon="19.078479139491122">
				<ele>105.26219100411981</ele>
				<time>2026-04-19T12:08:06Z</time>
			</trkpt>
			<trkpt lat="47.33851628796054" lon="19.078462056436003">
				<ele>107.19984008558095</ele>
				<time>2026-04-19T12:08:08Z</time>
			</trkpt>
			<trkpt lat="47.338543477286684" lon="19.07843476095092">
				<ele>106.93571611773223</ele>
				<time>2026-04-19T12:08:10Z</time>
			</trkpt>
			<trkpt lat="47.33857203178088" lon="19.078398397448307">
				<ele>105.69379456434399</ele>
				<time>2026-04-19T12:08:12Z</time>
			</trkpt>
			<trkpt lat="47.33860671261996" lon="19.078365844739388">
				<ele>105.6561805261299</ele>
				<time>2026-04-19T12:08:15Z</time>
			</trkpt>
			<trkpt lat="47.33862936571919" lon="19.078350318100732">
				<ele>105.35771291237324</ele>
				<time>2026-04-19T12:08:17Z</time>
			</trkpt>
			<trkpt lat="47.338655352416104" lon="19.078333103790236">
				<ele>105.82076617330313</ele>
				<time>2026-04-19T12:08:19Z</time>
			</trkpt>
			<trkpt lat="47.33868779760293" lon="19.07831657668783">
				<ele>106.07663008011878</ele>
				<time>2026-04-19T12:08:21Z</time>
			</trkpt>
			<trkpt lat="47.33872217217804" lon="19.07829411312742">
				<ele>105.74605025537312</ele>
				<time>2026-04-19T12:08:23Z</time>
			</trkpt>
			<trkpt lat="47.33875384253395" lon="19.07827626634146">
				<ele>105.8096037004143</ele>
				<time>2026-04-19T12:08:25Z</time>
			</trkpt>
			<trkpt lat="47.3387892731152" lon="19.078256059327362">
				<ele>105.44810227584094</ele>
				<time>2026-04-19T12:08:27Z</time>
			</trkpt>
			<trkpt lat="47.33881605217217" lon="19.078241375897406">
				<ele>106.5141785023734</ele>
				<time>2026-04-19T12:08:29Z</time>
			</trkpt>
			<trkpt lat="47.33884232172074" lon="19.07823062722611">
				<ele>106.80006423033774</ele>
				<time>2026-04-19T12:08:31Z</time>
			</trkpt>
			<trkpt lat="47.3388633655096" lon="19.07822024518214">
				<ele>105.52061148453504</ele>
				<time>2026-04-19T12:08:33Z</time>
			</trkpt>
			<trkpt lat="47.33887473163783" lon="19.07821581958028">
				<ele>106.2028654254973</ele>
				<time>2026-04-19T12:08:35Z</time>
			</trkpt>
			<trkpt lat="47.33888773171875" lon="19.078213198417018">
				<ele>106.80515728518367</ele>
				<time>2026-04-19T12:08:36Z</time>
			</trkpt>
			<trkpt lat="47.33890622874939" lon="19.07820988336676">
				<ele>106.72458744142205</ele>
				<time>2026-04-19T12:08:39Z</time>
			</trkpt>
			<trkpt lat="47.338915175096325" lon="19.078206284303093">
				<ele>108.06873136851937</ele>
				<time>2026-04-19T12:08:41Z</time>
			</trkpt>
			<trkpt lat="47.33892827153267" lon="19.078188086682545">
				<ele>106.53553726430982</ele>
				<time>2026-04-19T12:08:42Z</time>
			</trkpt>
			<trkpt lat="47.33894840904594" lon="19.078165993362486">
				<ele>106.36649230215698</ele>
				<time>2026-04-19T12:08:44Z</time>
			</trkpt>
			<trkpt lat="47.338973069334386" lon="19.078143388509115">
				<ele>107.34935381822288</ele>
				<time>2026-04-19T12:08:46Z</time>
			</trkpt>
			<trkpt lat="47.33898673387283" lon="19.078126572208458">
				<ele>107.6663709236309</ele>
				<time>2026-04-19T12:08:48Z</time>
			</trkpt>
			<trkpt lat="47.33900482127169" lon="19.078102282274063">
				<ele>107.4356471048668</ele>
				<time>2026-04-19T12:08:50Z</time>
			</trkpt>
			<trkpt lat="47.33903157607733" lon="19.078069604271963">
				<ele>107.79754262417555</ele>
				<time>2026-04-19T12:08:52Z</time>
			</trkpt>
			<trkpt lat="47.33905360296672" lon="19.078043905020778">
				<ele>107.20739943999797</ele>
				<time>2026-04-19T12:08:55Z</time>
			</trkpt>
			<trkpt lat="47.339069607385575" lon="19.078037132326777">
				<ele>106.57370570767671</ele>
				<time>2026-04-19T12:08:56Z</time>
			</trkpt>
			<trkpt lat="47.33909380130135" lon="19.078026068193303">
				<ele>107.37927547935396</ele>
				<time>2026-04-19T12:08:58Z</time>
			</trkpt>
			<trkpt lat="47.33912237532725" lon="19.078018957822067">
				<ele>107.59890746511519</ele>
				<time>2026-04-19T12:09:00Z</time>
			</trkpt>
			<trkpt lat="47.33913906610786" lon="19.078011679710734">
				<ele>108.09022710472345</ele>
				<time>2026-04-19T12:09:02Z</time>
			</trkpt>
			<trkpt lat="47.33915432643054" lon="19.077995988910292">
				<ele>108.31884812749922</ele>
				<time>2026-04-19T12:09:03Z</time>
			</trkpt>
			<trkpt lat="47.33917572352168" lon="19.07797863138884">
				<ele>109.19308611936867</ele>
				<time>2026-04-19T12:09:06Z</time>
			</trkpt>
			<trkpt lat="47.33919162751717" lon="19.077965825001595">
				<ele>109.21302616596222</ele>
				<time>2026-04-19T12:09:08Z</time>
			</trkpt>
			<trkpt lat="47.339213964096494" lon="19.077953201581593">
				<ele>108.45281246118248</ele>
				<time>2026-04-19T12:09:11Z</time>
			</trkpt>
			<trkpt lat="47.33924067482585" lon="19.077929294347097">
				<ele>108.56476644426584</ele>
				<time>2026-04-19T12:09:13Z</time>
			</trkpt>
			<trkpt lat="47.33926957017172" lon="19.077906840180827">
				<ele>108.96132591273636</ele>
				<time>2026-04-19T12:09:15Z</time>
			</trkpt>
			<trkpt lat="47.339290364668045" lon="19.07789589441787">
				<ele>108.74798350129277</ele>
				<time>2026-04-19T12:09:17Z</time>
			</trkpt>
			<trkpt lat="47.339304935468135" lon="19.077888874762056">
				<ele>108.81431080028415</ele>
				<time>2026-04-19T12:09:19Z</time>
			</trkpt>
			<trkpt lat="47.339321748462325" lon="19.07787603179751">
				<ele>108.67651308327913</ele>
				<time>2026-04-19T12:09:20Z</time>
			</trkpt>
			<trkpt lat="47.339345045788455" lon="19.077854823702">
				<ele>108.57721318211406</ele>
				<time>2026-04-19T12:09:22Z</time>
			</trkpt>
			<trkpt lat="47.33936757648217" lon="19.077829936712973">
				<ele>108.22978449705988</ele>
				<time>2026-04-19T12:09:24Z</time>
			</trkpt>
			<trkpt lat="47.33940542945145" lon="19.077818400447097">
				<ele>108.53975355159491</ele>
				<time>2026-04-19T12:09:26Z</time>
			</trkpt>
			<trkpt lat="47.33944341743183" lon="19.077803194260866">
				<ele>108.33338615950197</ele>
				<time>2026-04-19T12:09:28Z</time>
			</trkpt>
			<trkpt lat="47.33947558309638" lon="19.07778070484268">
				<ele>108.36561524495482</ele>
				<time>2026-04-19T12:09:30Z</time>
			</trkpt>
			<trkpt lat="47.339498472266584" lon="19.07774913966567">
				<ele>108.63853481505066</ele>
				<time>2026-04-19T12:09:32Z</time>
			</trkpt>
			<trkpt lat="47.339523132278266" lon="19.077732125025285">
				<ele>107.90377893298864</ele>
				<time>2026-04-19T12:09:34Z</time>
			</trkpt>
			<trkpt lat="47.33954261673081" lon="19.077716435506197">
				<ele>107.0416951738298</ele>
				<time>2026-04-19T12:09:36Z</time>
			</trkpt>
			<trkpt lat="47.33956409808153" lon="19.077698654749618">
				<ele>106.97658768668771</ele>
				<time>2026-04-19T12:09:38Z</time>
			</trkpt>
			<trkpt lat="47.33957984763629" lon="19.077670409892004">
				<ele>107.1406984552741</ele>
				<time>2026-04-19T12:09:40Z</time>
			</trkpt>
			<trkpt lat="47.33959997458616" lon="19.0776425344885">
				<ele>106.52047470584512</ele>
				<time>2026-04-19T12:09:42Z</time>
			</trkpt>
			<trkpt lat="47.33963217133524" lon="19.077630381779386">
				<ele>105.52052289340645</ele>
				<time>2026-04-19T12:09:44Z</time>
			</trkpt>
			<trkpt lat="47.33964965407306" lon="19.07762680221605">
				<ele>105.88396485894918</ele>
				<time>2026-04-19T12:09:45Z</time>
			</trkpt>
			<trkpt lat="47.339674491987054" lon="19.077612552293854">
				<ele>106.00458207447082</ele>
				<time>2026-04-19T12:09:47Z</time>
			</trkpt>
			<trkpt lat="47.339686489267095" lon="19.077600000030735">
				<ele>105.98267825040966</ele>
				<time>2026-04-19T12:09:48Z</time>
			</trkpt>
			<trkpt lat="47.3397002928304" lon="19.077594352851303">
				<ele>106.11226522549987</ele>
				<time>2026-04-19T12:09:49Z</time>
			</trkpt>
			<trkpt lat="47.33971479629041" lon="19.077584391480702">
				<ele>106.32129913195968</ele>
				<time>2026-04-19T12:09:50Z</time>
			</trkpt>
			<trkpt lat="47.33973173094548" lon="19.07758068434293">
				<ele>107.09350791573524</ele>
				<time>2026-04-19T12:09:51Z</time>
			</trkpt>
			<trkpt lat="47.33974998461157" lon="19.07756961916346">
				<ele>107.19834842998534</ele>
				<time>2026-04-19T12:09:52Z</time>
			</trkpt>
			<trkpt lat="47.339770059481744" lon="19.07755639961394">
				<ele>107.99225917365402</ele>
				<time>2026-04-19T12:09:54Z</time>
			</trkpt>
			<trkpt lat="47.339783885137564" lon="19.07754965630441">
				<ele>107.35700287669897</ele>
				<time>2026-04-19T12:09:55Z</time>
			</trkpt>
			<trkpt lat="47.33981135229627" lon="19.077532197450516">
				<ele>107.46865224093199</ele>
				<time>2026-04-19T12:09:57Z</time>
			</trkpt>
			<trkpt lat="47.33983057248075" lon="19.077521930515722">
				<ele>107.56111779343337</ele>
				<time>2026-04-19T12:09:58Z</time>
			</trkpt>
			<trkpt lat="47.3398510414941" lon="19.077511846527777">
				<ele>107.06346223223954</ele>
				<time>2026-04-19T12:10:00Z</time>
			</trkpt>
			<trkpt lat="47.33987596244607" lon="19.0774814199384">
				<ele>106.52404253277928</ele>
				<time>2026-04-19T12:10:02Z</time>
			</trkpt>
			<trkpt lat="47.339899459348544" lon="19.07746674317224">
				<ele>106.67906968016177</ele>
				<time>2026-04-19T12:10:03Z</time>
			</trkpt>
			<trkpt lat="47.33992312369986" lon="19.07745982361474">
				<ele>106.98159485403448</ele>
				<time>2026-04-19T12:10:04Z</time>
			</trkpt>
			<trkpt lat="47.33994931735486" lon="19.077440798569075">
				<ele>106.55727547314018</ele>
				<time>2026-04-19T12:10:06Z</time>
			</trkpt>
			<trkpt lat="47.339960037492176" lon="19.077427458801797">
				<ele>106.61139468941838</ele>
				<time>2026-04-19T12:10:07Z</time>
			</trkpt>
			<trkpt lat="47.33997367623524" lon="19.07742629959905">
				<ele>106.98390614707023</ele>
				<time>2026-04-19T12:10:08Z</time>
			</trkpt>
			<trkpt lat="47.33998852081838" lon="19.07741950398358">
				<ele>106.8410070464015</ele>
				<time>2026-04-19T12:10:09Z</time>
			</trkpt>
			<trkpt lat="47.340012672686" lon="19.077405707006527">
				<ele>105.87632958497852</ele>
				<time>2026-04-19T12:10:11Z</time>
			</trkpt>
			<trkpt lat="47.34003600511778" lon="19.07738938142374">
				<ele>106.29272162355483</ele>
				<time>2026-04-19T12:10:13Z</time>
			</trkpt>
			<trkpt lat="47.340079089033594" lon="19.077366502064926">
				<ele>105.67546173743904</ele>
				<time>2026-04-19T12:10:17Z</time>
			</trkpt>
			<trkpt lat="47.340098271169936" lon="19.07734623737681">
				<ele>105.43456956651062</ele>
				<time>2026-04-19T12:10:20Z</time>
			</trkpt>
			<trkpt lat="47.34009739004213" lon="19.077355120480252">
				<ele>106.02847695443779</ele>
				<time>2026-04-19T12:10:21Z</time>
			</trkpt>
			<trkpt lat="47.34011869274379" lon="19.077351227841064">
				<ele>105.72928364761174</ele>
				<time>2026-04-19T12:10:23Z</time>
			</trkpt>
			<trkpt lat="47.34013814341244" lon="19.07734552041737">
				<ele>106.46201997064054</ele>
				<time>2026-04-19T12:10:24Z</time>
			</trkpt>
			<trkpt lat="47.34016661033162" lon="19.077332878695593">
				<ele>106.18989359587431</ele>
				<time>2026-04-19T12:10:26Z</time>
			</trkpt>
			<trkpt lat="47.34018921928065" lon="19.077314259012226">
				<ele>107.34263204503804</ele>
				<time>2026-04-19T12:10:30Z</time>
			</trkpt>
			<trkpt lat="47.34020278251054" lon="19.077298310097838">
				<ele>106.74049293156713</ele>
				<time>2026-04-19T12:10:31Z</time>
			</trkpt>
			<trkpt lat="47.34023142198168" lon="19.077285521674245">
				<ele>106.08845995739102</ele>
				<time>2026-04-19T12:10:33Z</time>
			</trkpt>
			<trkpt lat="47.340261593170524" lon="19.0772794164776">
				<ele>106.95049005746841</ele>
				<time>2026-04-19T12:10:35Z</time>
			</trkpt>
			<trkpt lat="47.34028817784066" lon="19.07726940240097">
				<ele>106.78574267029762</ele>
				<time>2026-04-19T12:10:37Z</time>
			</trkpt>
			<trkpt lat="47.340312430021555" lon="19.07725878870861">
				<ele>106.53417628165334</ele>
				<time>2026-04-19T12:10:40Z</time>
			</trkpt>
			<trkpt lat="47.340338848101844" lon="19.0772454661915">
				<ele>106.43615547288209</ele>
				<time>2026-04-19T12:10:42Z</time>
			</trkpt>
			<trkpt lat="47.34036410401884" lon="19.077233954980375">
				<ele>107.00631486810744</ele>
				<time>2026-04-19T12:10:44Z</time>
			</trkpt>
			<trkpt lat="47.34038384970906" lon="19.077223137045838">
				<ele>106.41366638243198</ele>
				<time>2026-04-19T12:10:46Z</time>
			</trkpt>
			<trkpt lat="47.340399421180436" lon="19.077204197283116">
				<ele>107.72345498017967</ele>
				<time>2026-04-19T12:10:48Z</time>
			</trkpt>
			<trkpt lat="47.34041927901452" lon="19.077168390015736">
				<ele>107.68111618608236</ele>
				<time>2026-04-19T12:10:50Z</time>
			</trkpt>
			<trkpt lat="47.34045957673639" lon="19.077108176739397">
				<ele>107.59387549385428</ele>
				<time>2026-04-19T12:10:54Z</time>
			</trkpt>
			<trkpt lat="47.340476776727606" lon="19.077080513792602">
				<ele>107.6600223025307</ele>
				<time>2026-04-19T12:10:56Z</time>
			</trkpt>
			<trkpt lat="47.34049463431315" lon="19.077062327746127">
				<ele>107.67170826904476</ele>
				<time>2026-04-19T12:10:58Z</time>
			</trkpt>
			<trkpt lat="47.34050590534716" lon="19.077060510717725">
				<ele>107.63695691339672</ele>
				<time>2026-04-19T12:10:59Z</time>
			</trkpt>
			<trkpt lat="47.34052891363153" lon="19.077048477729754">
				<ele>107.56353092379868</ele>
				<time>2026-04-19T12:11:01Z</time>
			</trkpt>
			<trkpt lat="47.34053795303464" lon="19.077033326418345">
				<ele>107.15519751422107</ele>
				<time>2026-04-19T12:11:02Z</time>
			</trkpt>
			<trkpt lat="47.34055753461277" lon="19.077005972942082">
				<ele>107.39117101579905</ele>
				<time>2026-04-19T12:11:04Z</time>
			</trkpt>
			<trkpt lat="47.340589099147095" lon="19.076982195001698">
				<ele>105.8404198223725</ele>
				<time>2026-04-19T12:11:06Z</time>
			</trkpt>
			<trkpt lat="47.34061302035409" lon="19.07695633992339">
				<ele>106.24667533207685</ele>
				<time>2026-04-19T12:11:08Z</time>
			</trkpt>
			<trkpt lat="47.34062974011846" lon="19.076938730997636">
				<ele>106.2639289163053</ele>
				<time>2026-04-19T12:11:11Z</time>
			</trkpt>
			<trkpt lat="47.34065170300066" lon="19.076919340008576">
				<ele>105.82848454453051</ele>
				<time>2026-04-19T12:11:14Z</time>
			</trkpt>
			<trkpt lat="47.34069727157592" lon="19.07689141155868">
				<ele>106.25971231237054</ele>
				<time>2026-04-19T12:11:18Z</time>
			</trkpt>
			<trkpt lat="47.34071166931447" lon="19.076870413971044">
				<ele>106.72919429838657</ele>
				<time>2026-04-19T12:11:20Z</time>
			</trkpt>
			<trkpt lat="47.34072162021267" lon="19.076857997415917">
				<ele>106.91910071950406</ele>
				<time>2026-04-19T12:11:23Z</time>
			</trkpt>
			<trkpt lat="47.340736538588494" lon="19.07683664375896">
				<ele>106.33506613690406</ele>
				<time>2026-04-19T12:11:25Z</time>
			</trkpt>
			<trkpt lat="47.3407585928927" lon="19.076803830089947">
				<ele>106.1571967098862</ele>
				<time>2026-04-19T12:11:27Z</time>
			</trkpt>
			<trkpt lat="47.34077214894072" lon="19.076789034728083">
				<ele>106.52761896047741</ele>
				<time>2026-04-19T12:11:29Z</time>
			</trkpt>
			<trkpt lat="47.34078288061562" lon="19.076762957554344">
				<ele>107.1244694776833</ele>
				<time>2026-04-19T12:11:31Z</time>
			</trkpt>
			<trkpt lat="47.34081105113215" lon="19.076731756974944">
				<ele>109.25335669890046</ele>
				<time>2026-04-19T12:11:34Z</time>
			</trkpt>
			<trkpt lat="47.34082635072763" lon="19.07671761826739">
				<ele>108.4074342790991</ele>
				<time>2026-04-19T12:11:35Z</time>
			</trkpt>
			<trkpt lat="47.340851003370055" lon="19.076696584154657">
				<ele>108.22129320725799</ele>
				<time>2026-04-19T12:11:37Z</time>
			</trkpt>
			<trkpt lat="47.34086937845246" lon="19.07667435803003">
				<ele>107.25755332130939</ele>
				<time>2026-04-19T12:11:39Z</time>
			</trkpt>
			<trkpt lat="47.34088320029643" lon="19.076658877795">
				<ele>108.53903684113175</ele>
				<time>2026-04-19T12:11:42Z</time>
			</trkpt>
			<trkpt lat="47.34089312545183" lon="19.076648848495978">
				<ele>107.96038302779198</ele>
				<time>2026-04-19T12:11:43Z</time>
			</trkpt>
			<trkpt lat="47.34090811061676" lon="19.076636878423916">
				<ele>106.95746854692698</ele>
				<time>2026-04-19T12:11:46Z</time>
			</trkpt>
			<trkpt lat="47.34093595592604" lon="19.076613242393677">
				<ele>106.44705382548273</ele>
				<time>2026-04-19T12:11:48Z</time>
			</trkpt>
			<trkpt lat="47.340960668712334" lon="19.07658924957162">
				<ele>107.153340799734</ele>
				<time>2026-04-19T12:11:50Z</time>
			</trkpt>
			<trkpt lat="47.34097523360929" lon="19.07658049286686">
				<ele>107.62639394961298</ele>
				<time>2026-04-19T12:11:52Z</time>
			</trkpt>
			<trkpt lat="47.340986321369456" lon="19.076569570038274">
				<ele>107.29901653155684</ele>
				<time>2026-04-19T12:11:53Z</time>
			</trkpt>
			<trkpt lat="47.340999473376385" lon="19.076552822732843">
				<ele>107.26254251971841</ele>
				<time>2026-04-19T12:11:54Z</time>
			</trkpt>
			<trkpt lat="47.34102297374534" lon="19.076537689793348">
				<ele>107.14397816825658</ele>
				<time>2026-04-19T12:11:56Z</time>
			</trkpt>
			<trkpt lat="47.34103873144134" lon="19.076533555681365">
				<ele>106.79509538784623</ele>
				<time>2026-04-19T12:11:58Z</time>
			</trkpt>
			<trkpt lat="47.34106627609657" lon="19.076516303201235">
				<ele>107.3495180644095</ele>
				<time>2026-04-19T12:12:01Z</time>
			</trkpt>
			<trkpt lat="47.34109030346842" lon="19.076490713203533">
				<ele>107.17158490326256</ele>
				<time>2026-04-19T12:12:03Z</time>
			</trkpt>
			<trkpt lat="47.34112301314926" lon="19.076458365617874">
				<ele>107.10591049585491</ele>
				<time>2026-04-19T12:12:06Z</time>
			</trkpt>
			<trkpt lat="47.3411404328052" lon="19.07644928079606">
				<ele>108.66698876023293</ele>
				<time>2026-04-19T12:12:08Z</time>
			</trkpt>
			<trkpt lat="47.34115407326075" lon="19.07643280383304">
				<ele>107.7395933829248</ele>
				<time>2026-04-19T12:12:09Z</time>
			</trkpt>
			<trkpt lat="47.34117618659743" lon="19.076409387160652">
				<ele>108.1663289051503</ele>
				<time>2026-04-19T12:12:11Z</time>
			</trkpt>
			<trkpt lat="47.341201421908174" lon="19.076369441044058">
				<ele>107.35645692702383</ele>
				<time>2026-04-19T12:12:14Z</time>
			</trkpt>
			<trkpt lat="47.34121889457448" lon="19.076341620839862">
				<ele>107.89630332123488</ele>
				<time>2026-04-19T12:12:16Z</time>
			</trkpt>
			<trkpt lat="47.34123685829217" lon="19.076320981809474">
				<ele>106.85903485957533</ele>
				<time>2026-04-19T12:12:18Z</time>
			</trkpt>
			<trkpt lat="47.341254385377866" lon="19.07629503055177">
				<ele>106.41001632250845</ele>
				<time>2026-04-19T12:12:20Z</time>
			</trkpt>
			<trkpt lat="47.34127409947592" lon="19.07626976076659">
				<ele>107.32316141948104</ele>
				<time>2026-04-19T12:12:22Z</time>
			</trkpt>
			<trkpt lat="47.34128978951969" lon="19.07624915591416">
				<ele>108.1381905451417</ele>
				<time>2026-04-19T12:12:25Z</time>
			</trkpt>
			<trkpt lat="47.34130203007409" lon="19.076237440719957">
				<ele>108.29880682751536</ele>
				<time>2026-04-19T12:12:26Z</time>
			</trkpt>
			<trkpt lat="47.34132650081845" lon="19.076213569525216">
				<ele>106.70025440305471</ele>
				<time>2026-04-19T12:12:28Z</time>
			</trkpt>
			<trkpt lat="47.341343157962854" lon="19.076207263055547">
				<ele>107.61917707696557</ele>
				<time>2026-04-19T12:12:29Z</time>
			</trkpt>
			<trkpt lat="47.34136226693916" lon="19.07620206929465">
				<ele>107.67762878444046</ele>
				<time>2026-04-19T12:12:31Z</time>
			</trkpt>
			<trkpt lat="47.34137925176592" lon="19.07618869152726">
				<ele>107.65574256237596</ele>
				<time>2026-04-19T12:12:34Z</time>
			</trkpt>
			<trkpt lat="47.34140285276504" lon="19.076168069262753">
				<ele>107.7495009182021</ele>
				<time>2026-04-19T12:12:36Z</time>
			</trkpt>
			<trkpt lat="47.3414352818233" lon="19.07614034637266">
				<ele>107.04386865068227</ele>
				<time>2026-04-19T12:12:38Z</time>
			</trkpt>
			<trkpt lat="47.34146714596135" lon="19.076117964558183">
				<ele>106.94928382057697</ele>
				<time>2026-04-19T12:12:40Z</time>
			</trkpt>
			<trkpt lat="47.34149688682775" lon="19.076099543436328">
				<ele>107.24998891353607</ele>
				<time>2026-04-19T12:12:42Z</time>
			</trkpt>
			<trkpt lat="47.34153048766102" lon="19.076079207766707">
				<ele>106.53036050219089</ele>
				<time>2026-04-19T12:12:44Z</time>
			</trkpt>
			<trkpt lat="47.34155678097017" lon="19.076062849940083">
				<ele>106.82818419672549</ele>
				<time>2026-04-19T12:12:46Z</time>
			</trkpt>
			<trkpt lat="47.34158427191428" lon="19.07605100924292">
				<ele>106.49804458487779</ele>
				<time>2026-04-19T12:12:48Z</time>
			</trkpt>
			<trkpt lat="47.34160674093907" lon="19.076037382739088">
				<ele>106.06655949354172</ele>
				<time>2026-04-19T12:12:50Z</time>
			</trkpt>
			<trkpt lat="47.34161770581649" lon="19.076027781809216">
				<ele>106.24579767044634</ele>
				<time>2026-04-19T12:12:52Z</time>
			</trkpt>
			<trkpt lat="47.34163098896091" lon="19.076017107110086">
				<ele>106.14194556884468</ele>
				<time>2026-04-19T12:12:54Z</time>
			</trkpt>
			<trkpt lat="47.34164321075344" lon="19.076008930573096">
				<ele>107.56967251561582</ele>
				<time>2026-04-19T12:12:56Z</time>
			</trkpt>
			<trkpt lat="47.3416486942166" lon="19.075997438582732">
				<ele>107.12292145285755</ele>
				<time>2026-04-19T12:12:58Z</time>
			</trkpt>
			<trkpt lat="47.34166379405209" lon="19.075972543346104">
				<ele>106.62901116814464</ele>
				<time>2026-04-19T12:13:02Z</time>
			</trkpt>
			<trkpt lat="47.34169087132368" lon="19.07593401581928">
				<ele>105.62702717352659</ele>
				<time>2026-04-19T12:13:05Z</time>
			</trkpt>
			<trkpt lat="47.34173490399696" lon="19.075890638366356">
				<ele>105.74006191082299</ele>
				<time>2026-04-19T12:13:09Z</time>
			</trkpt>
			<trkpt lat="47.34175690497735" lon="19.075875308393222">
				<ele>105.68765706010163</ele>
				<time>2026-04-19T12:13:11Z</time>
			</trkpt>
			<trkpt lat="47.341777353819175" lon="19.075863605463507">
				<ele>105.38055651355535</ele>
				<time>2026-04-19T12:13:13Z</time>
			</trkpt>
			<trkpt lat="47.34179528849156" lon="19.075848295405216">
				<ele>106.44305649213493</ele>
				<time>2026-04-19T12:13:15Z</time>
			</trkpt>
			<trkpt lat="47.34180643634519" lon="19.07583131396483">
				<ele>106.42346049752086</ele>
				<time>2026-04-19T12:13:16Z</time>
			</trkpt>
			<trkpt lat="47.341825505647655" lon="19.075805552841537">
				<ele>106.32552467100322</ele>
				<time>2026-04-19T12:13:18Z</time>
			</trkpt>
			<trkpt lat="47.34184716114764" lon="19.07578657203884">
				<ele>106.35127756465226</ele>
				<time>2026-04-19T12:13:20Z</time>
			</trkpt>
			<trkpt lat="47.341864609904135" lon="19.07576857423583">
				<ele>106.51044526603073</ele>
				<time>2026-04-19T12:13:22Z</time>
			</trkpt>
			<trkpt lat="47.34188766125508" lon="19.07574971751852">
				<ele>106.47157578449696</ele>
				<time>2026-04-19T12:13:24Z</time>
			</trkpt>
			<trkpt lat="47.34190632525718" lon="19.075727237762035">
				<ele>107.05884656962007</ele>
				<time>2026-04-19T12:13:26Z</time>
			</trkpt>
			<trkpt lat="47.341928544814" lon="19.075713405284475">
				<ele>106.76367901917547</ele>
				<time>2026-04-19T12:13:28Z</time>
			</trkpt>
			<trkpt lat="47.34195095970824" lon="19.075696255282544">
				<ele>107.11728733591735</ele>
				<time>2026-04-19T12:13:32Z</time>
			</trkpt>
			<trkpt lat="47.34195989733958" lon="19.075679687344497">
				<ele>106.95657997578382</ele>
				<time>2026-04-19T12:13:33Z</time>
			</trkpt>
			<trkpt lat="47.34197253810089" lon="19.07567149509154">
				<ele>106.50379223376513</ele>
				<time>2026-04-19T12:13:34Z</time>
			</trkpt>
			<trkpt lat="47.34198596882756" lon="19.07565817998968">
				<ele>106.68482543993741</ele>
				<time>2026-04-19T12:13:36Z</time>
			</trkpt>
			<trkpt lat="47.341995751418324" lon="19.075643978747813">
				<ele>106.78923804312944</ele>
				<time>2026-04-19T12:13:38Z</time>
			</trkpt>
			<trkpt lat="47.34200848512318" lon="19.075633043276753">
				<ele>106.57451327517629</ele>
				<time>2026-04-19T12:13:40Z</time>
			</trkpt>
			<trkpt lat="47.34202023707486" lon="19.075615575092726">
				<ele>105.60175522975624</ele>
				<time>2026-04-19T12:13:42Z</time>
			</trkpt>
			<trkpt lat="47.342034008906374" lon="19.07559065060072">
				<ele>105.18569958209991</ele>
				<time>2026-04-19T12:13:43Z</time>
			</trkpt>
			<trkpt lat="47.342061867349656" lon="19.075561095436097">
				<ele>105.46253563836217</ele>
				<time>2026-04-19T12:13:45Z</time>
			</trkpt>
			<trkpt lat="47.34208942800141" lon="19.075548109490903">
				<ele>106.12005079258233</ele>
				<time>2026-04-19T12:13:47Z</time>
			</trkpt>
			<trkpt lat="47.342117652314826" lon="19.07553047147759">
				<ele>106.34451884683222</ele>
				<time>2026-04-19T12:13:49Z</time>
			</trkpt>
			<trkpt lat="47.34214438694627" lon="19.075489174828213">
				<ele>105.79446054715663</ele>
				<time>2026-04-19T12:13:52Z</time>
			</trkpt>
			<trkpt lat="47.34216480308494" lon="19.075463226565475">
				<ele>106.1099374871701</ele>
				<time>2026-04-19T12:13:54Z</time>
			</trkpt>
			<trkpt lat="47.3421839313769" lon="19.07543753684868">
				<ele>105.77348793391138</ele>
				<time>2026-04-19T12:13:56Z</time>
			</trkpt>
			<trkpt lat="47.34220488773819" lon="19.075414883703218">
				<ele>106.84824623726308</ele>
				<time>2026-04-19T12:13:58Z</time>
			</trkpt>
			<trkpt lat="47.34222561663131" lon="19.075399620999455">
				<ele>106.2605020320043</ele>
				<time>2026-04-19T12:14:00Z</time>
			</trkpt>
			<trkpt lat="47.34225028498076" lon="19.07538419950156">
				<ele>106.76296759210527</ele>
				<time>2026-04-19T12:14:02Z</time>
			</trkpt>
			<trkpt lat="47.34227944256893" lon="19.075364660780203">
				<ele>105.64868783950806</ele>
				<time>2026-04-19T12:14:05Z</time>
			</trkpt>
			<trkpt lat="47.34229602889454" lon="19.075350827300053">
				<ele>106.0224166661501</ele>
				<time>2026-04-19T12:14:07Z</time>
			</trkpt>
			<trkpt lat="47.34230648935939" lon="19.075338903696434">
				<ele>105.8222293164581</ele>
				<time>2026-04-19T12:14:08Z</time>
			</trkpt>
			<trkpt lat="47.3423203507384" lon="19.075317695012227">
				<ele>106.48569471947849</ele>
				<time>2026-04-19T12:14:11Z</time>
			</trkpt>
			<trkpt lat="47.34232574015698" lon="19.07531196507982">
				<ele>106.63761098496616</ele>
				<time>2026-04-19T12:14:12Z</time>
			</trkpt>
			<trkpt lat="47.342338786277836" lon="19.075303878696538">
				<ele>106.89731480740011</ele>
				<time>2026-04-19T12:14:13Z</time>
			</trkpt>
			<trkpt lat="47.34235891563164" lon="19.075286455024887">
				<ele>107.0133537966758</ele>
				<time>2026-04-19T12:14:14Z</time>
			</trkpt>
			<trkpt lat="47.34239894627858" lon="19.075234980171775">
				<ele>105.80147708300501</ele>
				<time>2026-04-19T12:14:18Z</time>
			</trkpt>
			<trkpt lat="47.3424134489286" lon="19.075219301005227">
				<ele>107.58649754617363</ele>
				<time>2026-04-19T12:14:20Z</time>
			</trkpt>
			<trkpt lat="47.34242535976613" lon="19.075190314028422">
				<ele>107.61630877386779</ele>
				<time>2026-04-19T12:14:22Z</time>
			</trkpt>
			<trkpt lat="47.3424417856806" lon="19.07515647242848">
				<ele>107.29302781727165</ele>
				<time>2026-04-19T12:14:24Z</time>
			</trkpt>
			<trkpt lat="47.342469995369306" lon="19.07513409212969">
				<ele>107.18420633487403</ele>
				<time>2026-04-19T12:14:26Z</time>
			</trkpt>
			<trkpt lat="47.342500477564165" lon="19.07511048715614">
				<ele>107.1840173220262</ele>
				<time>2026-04-19T12:14:28Z</time>
			</trkpt>
			<trkpt lat="47.34254026971721" lon="19.075066756795493">
				<ele>107.61696206498891</ele>
				<time>2026-04-19T12:14:32Z</time>
			</trkpt>
			<trkpt lat="47.34255188451106" lon="19.07504025802982">
				<ele>107.09709138330072</ele>
				<time>2026-04-19T12:14:34Z</time>
			</trkpt>
			<trkpt lat="47.34256668587247" lon="19.075018231856134">
				<ele>107.42679252102971</ele>
				<time>2026-04-19T12:14:36Z</time>
			</trkpt>
			<trkpt lat="47.34258320857731" lon="19.07500731993181">
				<ele>107.4673833400011</ele>
				<time>2026-04-19T12:14:38Z</time>
			</trkpt>
			<trkpt lat="47.3425930306278" lon="19.07500409030641">
				<ele>107.16608306299895</ele>
				<time>2026-04-19T12:14:40Z</time>
			</trkpt>
			<trkpt lat="47.34261643697539" lon="19.074970011319134">
				<ele>107.15146220754832</ele>
				<time>2026-04-19T12:14:43Z</time>
			</trkpt>
			<trkpt lat="47.34265538893463" lon="19.074913403425153">
				<ele>105.82627899665385</ele>
				<time>2026-04-19T12:14:47Z</time>
			</trkpt>
			<trkpt lat="47.342675787502415" lon="19.074893614460013">
				<ele>105.95325671508908</ele>
				<time>2026-04-19T12:14:49Z</time>
			</trkpt>
			<trkpt lat="47.34269596741021" lon="19.074881776460664">
				<ele>105.48002686351538</ele>
				<time>2026-04-19T12:14:51Z</time>
			</trkpt>
			<trkpt lat="47.342721133320964" lon="19.074870689456183">
				<ele>106.23043343797326</ele>
				<time>2026-04-19T12:14:53Z</time>
			</trkpt>
			<trkpt lat="47.34274355026336" lon="19.0748529909323">
				<ele>105.99600570742041</ele>
				<time>2026-04-19T12:14:55Z</time>
			</trkpt>
			<trkpt lat="47.342755231089875" lon="19.074845730024506">
				<ele>106.40400888677686</ele>
				<time>2026-04-19T12:14:57Z</time>
			</trkpt>
			<trkpt lat="47.342769488476584" lon="19.074836811814283">
				<ele>105.48027758393437</ele>
				<time>2026-04-19T12:14:59Z</time>
			</trkpt>
			<trkpt lat="47.34278239376444" lon="19.074825292270784">
				<ele>105.76075872220099</ele>
				<time>2026-04-19T12:15:01Z</time>
			</trkpt>
			<trkpt lat="47.34281402642665" lon="19.074790246717843">
				<ele>105.552220325917</ele>
				<time>2026-04-19T12:15:04Z</time>
			</trkpt>
			<trkpt lat="47.34283917233054" lon="19.07477130345971">
				<ele>106.97095145191997</ele>
				<time>2026-04-19T12:15:07Z</time>
			</trkpt>
			<trkpt lat="47.34285414000632" lon="19.074754788251543">
				<ele>106.34488121885806</ele>
				<time>2026-04-19T12:15:08Z</time>
			</trkpt>
			<trkpt lat="47.342870084844456" lon="19.074729735041053">
				<ele>107.30232648085803</ele>
				<time>2026-04-19T12:15:09Z</time>
			</trkpt>
			<trkpt lat="47.34289733047609" lon="19.074691602358556">
				<ele>105.93817520141602</ele>
				<time>2026-04-19T12:15:13Z</time>
			</trkpt>
			<trkpt lat="47.34290893134318" lon="19.07468032871231">
				<ele>106.29951334930956</ele>
				<time>2026-04-19T12:15:14Z</time>
			</trkpt>
			<trkpt lat="47.34291714769371" lon="19.07466947575788">
				<ele>105.19030196964741</ele>
				<time>2026-04-19T12:15:15Z</time>
			</trkpt>
			<trkpt lat="47.34291950241785" lon="19.074664752741235">
				<ele>105.54397156834602</ele>
				<time>2026-04-19T12:15:16Z</time>
			</trkpt>
			<trkpt lat="47.34292716768786" lon="19.074653287911552">
				<ele>104.44626335334033</ele>
				<time>2026-04-19T12:15:17Z</time>
			</trkpt>
			<trkpt lat="47.342943216979826" lon="19.074626683474857">
				<ele>104.45909858494997</ele>
				<time>2026-04-19T12:15:19Z</time>
			</trkpt>
			<trkpt lat="47.342965564133834" lon="19.074595307513697">
				<ele>103.66960850730538</ele>
				<time>2026-04-19T12:15:21Z</time>
			</trkpt>
			<trkpt lat="47.3429767107201" lon="19.074576698369594">
				<ele>104.66327415406704</ele>
				<time>2026-04-19T12:15:23Z</time>
			</trkpt>
			<trkpt lat="47.34298824959331" lon="19.074558791467762">
				<ele>104.5219009006396</ele>
				<time>2026-04-19T12:15:24Z</time>
			</trkpt>
			<trkpt lat="47.34300304790788" lon="19.0745450266054">
				<ele>104.05321233067662</ele>
				<time>2026-04-19T12:15:25Z</time>
			</trkpt>
			<trkpt lat="47.343018709392204" lon="19.074532808761536">
				<ele>105.06672597769648</ele>
				<time>2026-04-19T12:15:27Z</time>
			</trkpt>
			<trkpt lat="47.343039788550705" lon="19.074502844451764">
				<ele>104.29639118630439</ele>
				<time>2026-04-19T12:15:30Z</time>
			</trkpt>
			<trkpt lat="47.34307025745635" lon="19.074480676079556">
				<ele>104.58580512087792</ele>
				<time>2026-04-19T12:15:32Z</time>
			</trkpt>
			<trkpt lat="47.34309091904197" lon="19.07447185303853">
				<ele>104.78302024304867</ele>
				<time>2026-04-19T12:15:33Z</time>
			</trkpt>
			<trkpt lat="47.34311086563234" lon="19.074462864233656">
				<ele>104.69436039403081</ele>
				<time>2026-04-19T12:15:35Z</time>
			</trkpt>
			<trkpt lat="47.343129663351974" lon="19.074453140698623">
				<ele>103.84337232913822</ele>
				<time>2026-04-19T12:15:36Z</time>
			</trkpt>
			<trkpt lat="47.343157685535076" lon="19.07443652906944">
				<ele>103.97986080870032</ele>
				<time>2026-04-19T12:15:38Z</time>
			</trkpt>
			<trkpt lat="47.34318555294322" lon="19.074419504836506">
				<ele>103.92720891907811</ele>
				<time>2026-04-19T12:15:40Z</time>
			</trkpt>
			<trkpt lat="47.3432007756339" lon="19.074413562327166">
				<ele>103.69191602431238</ele>
				<time>2026-04-19T12:15:42Z</time>
			</trkpt>
			<trkpt lat="47.34321223774482" lon="19.074405544434228">
				<ele>103.28507641423494</ele>
				<time>2026-04-19T12:15:43Z</time>
			</trkpt>
			<trkpt lat="47.343222644103584" lon="19.07439279085594">
				<ele>103.38419523555785</ele>
				<time>2026-04-19T12:15:45Z</time>
			</trkpt>
			<trkpt lat="47.34323705512833" lon="19.074371311873865">
				<ele>103.64174260571599</ele>
				<time>2026-04-19T12:15:47Z</time>
			</trkpt>
			<trkpt lat="47.34325729787407" lon="19.074340742593407">
				<ele>105.79816407803446</ele>
				<time>2026-04-19T12:15:49Z</time>
			</trkpt>
			<trkpt lat="47.34328554362046" lon="19.074283683570563">
				<ele>105.21879526320845</ele>
				<time>2026-04-19T12:15:55Z</time>
			</trkpt>
			<trkpt lat="47.34326686249173" lon="19.074258350698358">
				<ele>106.06159987580031</ele>
				<time>2026-04-19T12:15:56Z</time>
			</trkpt>
			<trkpt lat="47.34326750275875" lon="19.074242476641647">
				<ele>105.72393283806741</ele>
				<time>2026-04-19T12:15:58Z</time>
			</trkpt>
			<trkpt lat="47.34328521015767" lon="19.074232249130798">
				<ele>104.59307573642582</ele>
				<time>2026-04-19T12:16:04Z</time>
			</trkpt>
			<trkpt lat="47.34331025380698" lon="19.07421077654529">
				<ele>104.50290679652244</ele>
				<time>2026-04-19T12:16:11Z</time>
			</trkpt>
			<trkpt lat="47.34333201550215" lon="19.07419403665131">
				<ele>104.53913039248437</ele>
				<time>2026-04-19T12:16:20Z</time>
			</trkpt>
			<trkpt lat="47.34333104298127" lon="19.074203260016624">
				<ele>105.19473741576076</ele>
				<time>2026-04-19T12:16:24Z</time>
			</trkpt>
			<trkpt lat="47.343321395964644" lon="19.07421886172798">
				<ele>105.38444186933339</ele>
				<time>2026-04-19T12:16:31Z</time>
			</trkpt>
			<trkpt lat="47.3433178877247" lon="19.074240744190597">
				<ele>105.41783510986716</ele>
				<time>2026-04-19T12:16:35Z</time>
			</trkpt>
			<trkpt lat="47.34332381938729" lon="19.074270437145827">
				<ele>105.97431627102196</ele>
				<time>2026-04-19T12:16:39Z</time>
			</trkpt>
			<trkpt lat="47.34334506782021" lon="19.07427591432434">
				<ele>105.21417074557394</ele>
				<time>2026-04-19T12:16:42Z</time>
			</trkpt>
			<trkpt lat="47.34336386718764" lon="19.07427163882546">
				<ele>103.72148637846112</ele>
				<time>2026-04-19T12:16:44Z</time>
			</trkpt>
			<trkpt lat="47.343376913966715" lon="19.074268688356756">
				<ele>104.2616567844525</ele>
				<time>2026-04-19T12:16:46Z</time>
			</trkpt>
			<trkpt lat="47.343387252070805" lon="19.07426604217774">
				<ele>104.38858306966722</ele>
				<time>2026-04-19T12:16:48Z</time>
			</trkpt>
			<trkpt lat="47.34340600784279" lon="19.07424650431617">
				<ele>103.87349506560713</ele>
				<time>2026-04-19T12:16:50Z</time>
			</trkpt>
			<trkpt lat="47.34342153434565" lon="19.074231897974208">
				<ele>102.76940220035613</ele>
				<time>2026-04-19T12:16:51Z</time>
			</trkpt>
			<trkpt lat="47.34344020638295" lon="19.074215842964772">
				<ele>102.01555897295475</ele>
				<time>2026-04-19T12:16:52Z</time>
			</trkpt>
			<trkpt lat="47.343463566814755" lon="19.074190720484932">
				<ele>102.1630884706974</ele>
				<time>2026-04-19T12:16:54Z</time>
			</trkpt>
			<trkpt lat="47.343489618293006" lon="19.074158560096997">
				<ele>103.40036495495588</ele>
				<time>2026-04-19T12:16:57Z</time>
			</trkpt>
			<trkpt lat="47.3435007502372" lon="19.074145768856575">
				<ele>104.1188928661868</ele>
				<time>2026-04-19T12:16:59Z</time>
			</trkpt>
			<trkpt lat="47.343510047063035" lon="19.07412852770315">
				<ele>102.89959711022675</ele>
				<time>2026-04-19T12:17:02Z</time>
			</trkpt>
			<trkpt lat="47.34352882338232" lon="19.07410088249577">
				<ele>102.74906886927783</ele>
				<time>2026-04-19T12:17:04Z</time>
			</trkpt>
			<trkpt lat="47.34355085834095" lon="19.074066170746637">
				<ele>102.64423000626266</ele>
				<time>2026-04-19T12:17:08Z</time>
			</trkpt>
			<trkpt lat="47.34356480475043" lon="19.074047703615772">
				<ele>103.01737507805228</ele>
				<time>2026-04-19T12:17:11Z</time>
			</trkpt>
			<trkpt lat="47.343580041357036" lon="19.074025638906836">
				<ele>102.7702023871243</ele>
				<time>2026-04-19T12:17:12Z</time>
			</trkpt>
			<trkpt lat="47.343606380054474" lon="19.07399111738034">
				<ele>103.97582527250051</ele>
				<time>2026-04-19T12:17:15Z</time>
			</trkpt>
			<trkpt lat="47.34361906126734" lon="19.07397504973371">
				<ele>103.05965961329639</ele>
				<time>2026-04-19T12:17:17Z</time>
			</trkpt>
			<trkpt lat="47.34363400100626" lon="19.07395032700499">
				<ele>103.69878443609923</ele>
				<time>2026-04-19T12:17:19Z</time>
			</trkpt>
			<trkpt lat="47.34365555617392" lon="19.07392271797484">
				<ele>103.55345807317644</ele>
				<time>2026-04-19T12:17:21Z</time>
			</trkpt>
			<trkpt lat="47.34367019411526" lon="19.073907668115247">
				<ele>103.40466416068375</ele>
				<time>2026-04-19T12:17:23Z</time>
			</trkpt>
			<trkpt lat="47.343682626394894" lon="19.07389766201151">
				<ele>103.47083653137088</ele>
				<time>2026-04-19T12:17:25Z</time>
			</trkpt>
			<trkpt lat="47.343712187714125" lon="19.073868626174203">
				<ele>103.39299478661269</ele>
				<time>2026-04-19T12:17:28Z</time>
			</trkpt>
			<trkpt lat="47.343735605490686" lon="19.07384765764801">
				<ele>102.83393210079521</ele>
				<time>2026-04-19T12:17:31Z</time>
			</trkpt>
			<trkpt lat="47.343760738040764" lon="19.073813110746563">
				<ele>102.24793228320777</ele>
				<time>2026-04-19T12:17:34Z</time>
			</trkpt>
			<trkpt lat="47.343785208716724" lon="19.073783755727355">
				<ele>102.00411970261484</ele>
				<time>2026-04-19T12:17:36Z</time>
			</trkpt>
			<trkpt lat="47.34381014088884" lon="19.073767455031934">
				<ele>101.81368800345808</ele>
				<time>2026-04-19T12:17:38Z</time>
			</trkpt>
			<trkpt lat="47.34383746413691" lon="19.07375405059912">
				<ele>103.40461825672537</ele>
				<time>2026-04-19T12:17:41Z</time>
			</trkpt>
			<trkpt lat="47.3438577321622" lon="19.073743729375344">
				<ele>102.43568891566247</ele>
				<time>2026-04-19T12:17:43Z</time>
			</trkpt>
			<trkpt lat="47.34387756739891" lon="19.0737198087914">
				<ele>103.06743178144097</ele>
				<time>2026-04-19T12:17:45Z</time>
			</trkpt>
			<trkpt lat="47.34389931777829" lon="19.073706076402086">
				<ele>103.49490773957223</ele>
				<time>2026-04-19T12:17:47Z</time>
			</trkpt>
			<trkpt lat="47.343920527024665" lon="19.07369253485377">
				<ele>102.66860271245241</ele>
				<time>2026-04-19T12:17:49Z</time>
			</trkpt>
			<trkpt lat="47.34394115731224" lon="19.073680086555118">
				<ele>102.81223552674055</ele>
				<time>2026-04-19T12:17:51Z</time>
			</trkpt>
			<trkpt lat="47.34396736600624" lon="19.07367092954287">
				<ele>102.83523876778781</ele>
				<time>2026-04-19T12:17:53Z</time>
			</trkpt>
			<trkpt lat="47.34399745826843" lon="19.073649881998644">
				<ele>103.01359798293561</ele>
				<time>2026-04-19T12:17:56Z</time>
			</trkpt>
			<trkpt lat="47.3440210787481" lon="19.073635602063494">
				<ele>103.02190538682044</ele>
				<time>2026-04-19T12:17:58Z</time>
			</trkpt>
			<trkpt lat="47.34403762767754" lon="19.07362330826978">
				<ele>103.23447679821402</ele>
				<time>2026-04-19T12:18:01Z</time>
			</trkpt>
			<trkpt lat="47.344046268242515" lon="19.073609171036342">
				<ele>102.71986036468297</ele>
				<time>2026-04-19T12:18:02Z</time>
			</trkpt>
			<trkpt lat="47.34406190083564" lon="19.073588815413245">
				<ele>102.2807724699378</ele>
				<time>2026-04-19T12:18:04Z</time>
			</trkpt>
			<trkpt lat="47.34407910384076" lon="19.073564023364124">
				<ele>102.22733318433166</ele>
				<time>2026-04-19T12:18:06Z</time>
			</trkpt>
			<trkpt lat="47.34410531565538" lon="19.073542827141537">
				<ele>102.41905818413943</ele>
				<time>2026-04-19T12:18:09Z</time>
			</trkpt>
			<trkpt lat="47.3441281605492" lon="19.07352233606731">
				<ele>102.28764615487307</ele>
				<time>2026-04-19T12:18:11Z</time>
			</trkpt>
			<trkpt lat="47.34415650413036" lon="19.073490247604482">
				<ele>101.4753177948296</ele>
				<time>2026-04-19T12:18:14Z</time>
			</trkpt>
			<trkpt lat="47.34417512153852" lon="19.073465465403338">
				<ele>101.47043837234378</ele>
				<time>2026-04-19T12:18:16Z</time>
			</trkpt>
			<trkpt lat="47.344195027824206" lon="19.073443495493084">
				<ele>102.4028257029131</ele>
				<time>2026-04-19T12:18:18Z</time>
			</trkpt>
			<trkpt lat="47.34421367093746" lon="19.0734197703496">
				<ele>101.93813381157815</ele>
				<time>2026-04-19T12:18:20Z</time>
			</trkpt>
			<trkpt lat="47.34422559099259" lon="19.073395587007795">
				<ele>102.77972660306841</ele>
				<time>2026-04-19T12:18:22Z</time>
			</trkpt>
			<trkpt lat="47.34423827031003" lon="19.073361254923036">
				<ele>101.23815611656755</ele>
				<time>2026-04-19T12:18:24Z</time>
			</trkpt>
			<trkpt lat="47.34425293557786" lon="19.07335173897991">
				<ele>102.94485498405993</ele>
				<time>2026-04-19T12:18:25Z</time>
			</trkpt>
			<trkpt lat="47.3442656681266" lon="19.073326558892106">
				<ele>101.57906450517476</ele>
				<time>2026-04-19T12:18:27Z</time>
			</trkpt>
			<trkpt lat="47.34427772108869" lon="19.073304659993735">
				<ele>100.85355917550623</ele>
				<time>2026-04-19T12:18:29Z</time>
			</trkpt>
			<trkpt lat="47.34429788709904" lon="19.07328307325014">
				<ele>100.95593566540629</ele>
				<time>2026-04-19T12:18:31Z</time>
			</trkpt>
			<trkpt lat="47.34432549852865" lon="19.073270358530536">
				<ele>101.52740263193846</ele>
				<time>2026-04-19T12:18:33Z</time>
			</trkpt>
			<trkpt lat="47.34432230500646" lon="19.07327538174376">
				<ele>103.07268196437508</ele>
				<time>2026-04-19T12:18:34Z</time>
			</trkpt>
			<trkpt lat="47.344332631373035" lon="19.073264848203607">
				<ele>103.4260417195037</ele>
				<time>2026-04-19T12:18:36Z</time>
			</trkpt>
			<trkpt lat="47.34434919899382" lon="19.073259559422418">
				<ele>103.42085177451372</ele>
				<time>2026-04-19T12:18:37Z</time>
			</trkpt>
			<trkpt lat="47.344383501207346" lon="19.07322752526269">
				<ele>101.59648239705712</ele>
				<time>2026-04-19T12:18:40Z</time>
			</trkpt>
			<trkpt lat="47.34440797520492" lon="19.073203643664115">
				<ele>101.22587402444333</ele>
				<time>2026-04-19T12:18:42Z</time>
			</trkpt>
			<trkpt lat="47.344427864238334" lon="19.073181912028804">
				<ele>100.97069142386317</ele>
				<time>2026-04-19T12:18:44Z</time>
			</trkpt>
			<trkpt lat="47.34444855980921" lon="19.073162262600697">
				<ele>100.7192249679938</ele>
				<time>2026-04-19T12:18:46Z</time>
			</trkpt>
			<trkpt lat="47.34446548222936" lon="19.073144369159763">
				<ele>100.94998567178845</ele>
				<time>2026-04-19T12:18:48Z</time>
			</trkpt>
			<trkpt lat="47.34449113726354" lon="19.073131540846596">
				<ele>100.71887927688658</ele>
				<time>2026-04-19T12:18:50Z</time>
			</trkpt>
			<trkpt lat="47.34451310271024" lon="19.073117977126447">
				<ele>100.41632111836225</ele>
				<time>2026-04-19T12:18:52Z</time>
			</trkpt>
			<trkpt lat="47.34453747257919" lon="19.07310360051367">
				<ele>100.51938357856125</ele>
				<time>2026-04-19T12:18:54Z</time>
			</trkpt>
			<trkpt lat="47.34455774238107" lon="19.073087431143186">
				<ele>100.51877100300044</ele>
				<time>2026-04-19T12:18:56Z</time>
			</trkpt>
			<trkpt lat="47.344583153852504" lon="19.073077657306087">
				<ele>100.51436074543744</ele>
				<time>2026-04-19T12:18:58Z</time>
			</trkpt>
			<trkpt lat="47.34460539574696" lon="19.07305489803548">
				<ele>101.29245894961059</ele>
				<time>2026-04-19T12:19:01Z</time>
			</trkpt>
			<trkpt lat="47.34461160229329" lon="19.073039866649367">
				<ele>100.77664610743523</ele>
				<time>2026-04-19T12:19:03Z</time>
			</trkpt>
			<trkpt lat="47.34462402981568" lon="19.073030335543585">
				<ele>100.73617216479033</ele>
				<time>2026-04-19T12:19:04Z</time>
			</trkpt>
			<trkpt lat="47.34464362358576" lon="19.073005793960803">
				<ele>100.40657784696668</ele>
				<time>2026-04-19T12:19:06Z</time>
			</trkpt>
			<trkpt lat="47.34465785729659" lon="19.072986933895525">
				<ele>100.12864427734166</ele>
				<time>2026-04-19T12:19:07Z</time>
			</trkpt>
			<trkpt lat="47.34468124140073" lon="19.072958219514568">
				<ele>100.12971572950482</ele>
				<time>2026-04-19T12:19:09Z</time>
			</trkpt>
			<trkpt lat="47.34470176899553" lon="19.07293967031325">
				<ele>101.40354793239385</ele>
				<time>2026-04-19T12:19:11Z</time>
			</trkpt>
			<trkpt lat="47.34471560481046" lon="19.07291076225978">
				<ele>100.31383514590561</ele>
				<time>2026-04-19T12:19:13Z</time>
			</trkpt>
			<trkpt lat="47.34473366651657" lon="19.072886554288477">
				<ele>101.26913341786712</ele>
				<time>2026-04-19T12:19:15Z</time>
			</trkpt>
			<trkpt lat="47.34476807066631" lon="19.072867100738712">
				<ele>101.38284929189831</ele>
				<time>2026-04-19T12:19:18Z</time>
			</trkpt>
			<trkpt lat="47.3447936577598" lon="19.072849447300825">
				<ele>101.02086248993874</ele>
				<time>2026-04-19T12:19:20Z</time>
			</trkpt>
			<trkpt lat="47.34482763720727" lon="19.07282845670283">
				<ele>101.10395127069205</ele>
				<time>2026-04-19T12:19:23Z</time>
			</trkpt>
			<trkpt lat="47.34484397527644" lon="19.07281981943161">
				<ele>101.17760236375034</ele>
				<time>2026-04-19T12:19:25Z</time>
			</trkpt>
			<trkpt lat="47.34486267288952" lon="19.072804943735783">
				<ele>100.86583276093006</ele>
				<time>2026-04-19T12:19:27Z</time>
			</trkpt>
			<trkpt lat="47.344874759102915" lon="19.072796803422555">
				<ele>100.97288325428963</ele>
				<time>2026-04-19T12:19:28Z</time>
			</trkpt>
			<trkpt lat="47.34491795136907" lon="19.072773737139492">
				<ele>99.83108330797404</ele>
				<time>2026-04-19T12:19:32Z</time>
			</trkpt>
			<trkpt lat="47.34493519483197" lon="19.072765340775565">
				<ele>100.39424900338054</ele>
				<time>2026-04-19T12:19:34Z</time>
			</trkpt>
			<trkpt lat="47.34494470305576" lon="19.07275871407141">
				<ele>100.5673208842054</ele>
				<time>2026-04-19T12:19:35Z</time>
			</trkpt>
			<trkpt lat="47.34495554906644" lon="19.072751552701956">
				<ele>100.33102560508996</ele>
				<time>2026-04-19T12:19:37Z</time>
			</trkpt>
			<trkpt lat="47.34496270495481" lon="19.072746623412154">
				<ele>100.73052505031228</ele>
				<time>2026-04-19T12:19:39Z</time>
			</trkpt>
			<trkpt lat="47.344971923444334" lon="19.072724012341475">
				<ele>99.85360097140074</ele>
				<time>2026-04-19T12:19:40Z</time>
			</trkpt>
			<trkpt lat="47.3449869998197" lon="19.072690389040833">
				<ele>100.5780094768852</ele>
				<time>2026-04-19T12:19:42Z</time>
			</trkpt>
			<trkpt lat="47.34501038072306" lon="19.07264593289693">
				<ele>101.24088204372674</ele>
				<time>2026-04-19T12:19:45Z</time>
			</trkpt>
			<trkpt lat="47.3450340196355" lon="19.072605626727253">
				<ele>100.8941051159054</ele>
				<time>2026-04-19T12:19:48Z</time>
			</trkpt>
			<trkpt lat="47.34504326277361" lon="19.07259095240337">
				<ele>99.72757551819086</ele>
				<time>2026-04-19T12:19:50Z</time>
			</trkpt>
			<trkpt lat="47.34505768296293" lon="19.07258278038509">
				<ele>99.82587699126452</ele>
				<time>2026-04-19T12:19:54Z</time>
			</trkpt>
			<trkpt lat="47.345072329972204" lon="19.072565483412134">
				<ele>100.41602505836636</ele>
				<time>2026-04-19T12:19:55Z</time>
			</trkpt>
			<trkpt lat="47.345087537891" lon="19.072553931767747">
				<ele>100.51344661600888</ele>
				<time>2026-04-19T12:19:57Z</time>
			</trkpt>
			<trkpt lat="47.34510018353836" lon="19.072551275568294">
				<ele>100.46495607681572</ele>
				<time>2026-04-19T12:19:59Z</time>
			</trkpt>
			<trkpt lat="47.34511520661555" lon="19.072537855208704">
				<ele>100.3713854374364</ele>
				<time>2026-04-19T12:20:00Z</time>
			</trkpt>
			<trkpt lat="47.345140768127024" lon="19.072515013191133">
				<ele>100.02591693587601</ele>
				<time>2026-04-19T12:20:02Z</time>
			</trkpt>
			<trkpt lat="47.34515842864181" lon="19.072499312493758">
				<ele>99.94704254157841</ele>
				<time>2026-04-19T12:20:04Z</time>
			</trkpt>
			<trkpt lat="47.34518825804406" lon="19.072462516028384">
				<ele>100.50998076144606</ele>
				<time>2026-04-19T12:20:07Z</time>
			</trkpt>
			<trkpt lat="47.345215342712194" lon="19.072443376754084">
				<ele>100.99987234920263</ele>
				<time>2026-04-19T12:20:09Z</time>
			</trkpt>
			<trkpt lat="47.345248663233896" lon="19.07241100292996">
				<ele>101.98154906276613</ele>
				<time>2026-04-19T12:20:12Z</time>
			</trkpt>
			<trkpt lat="47.3452692656158" lon="19.072393158698382">
				<ele>100.59464906342328</ele>
				<time>2026-04-19T12:20:14Z</time>
			</trkpt>
			<trkpt lat="47.34530186563539" lon="19.072360414989237">
				<ele>100.3280371837318</ele>
				<time>2026-04-19T12:20:17Z</time>
			</trkpt>
			<trkpt lat="47.345320871055925" lon="19.07234253793722">
				<ele>100.35816146340221</ele>
				<time>2026-04-19T12:20:20Z</time>
			</trkpt>
			<trkpt lat="47.345328042735105" lon="19.07233558947813">
				<ele>99.66800635308027</ele>
				<time>2026-04-19T12:20:22Z</time>
			</trkpt>
			<trkpt lat="47.34534906783739" lon="19.072311849091726">
				<ele>100.04530972242355</ele>
				<time>2026-04-19T12:20:24Z</time>
			</trkpt>
			<trkpt lat="47.34537914706668" lon="19.072287657309865">
				<ele>99.81898980867118</ele>
				<time>2026-04-19T12:20:26Z</time>
			</trkpt>
			<trkpt lat="47.3454034772659" lon="19.072271721303753">
				<ele>99.92496281675994</ele>
				<time>2026-04-19T12:20:29Z</time>
			</trkpt>
			<trkpt lat="47.345433732072415" lon="19.072257609160722">
				<ele>100.31345312576741</ele>
				<time>2026-04-19T12:20:32Z</time>
			</trkpt>
			<trkpt lat="47.34546333721383" lon="19.072237583563822">
				<ele>99.79985364712775</ele>
				<time>2026-04-19T12:20:34Z</time>
			</trkpt>
			<trkpt lat="47.34549696549085" lon="19.07222626770153">
				<ele>99.73201204929501</ele>
				<time>2026-04-19T12:20:36Z</time>
			</trkpt>
			<trkpt lat="47.34553112487892" lon="19.072208993121347">
				<ele>101.66592281777412</ele>
				<time>2026-04-19T12:20:38Z</time>
			</trkpt>
			<trkpt lat="47.34556344695547" lon="19.072198357609533">
				<ele>101.39238035865128</ele>
				<time>2026-04-19T12:20:40Z</time>
			</trkpt>
			<trkpt lat="47.34559880209263" lon="19.072186218293403">
				<ele>100.04082957934588</ele>
				<time>2026-04-19T12:20:43Z</time>
			</trkpt>
			<trkpt lat="47.34560730433532" lon="19.07216981001622">
				<ele>99.79496872331947</ele>
				<time>2026-04-19T12:20:44Z</time>
			</trkpt>
			<trkpt lat="47.34563491266984" lon="19.072156439307793">
				<ele>99.3131547709927</ele>
				<time>2026-04-19T12:20:47Z</time>
			</trkpt>
			<trkpt lat="47.3456548043743" lon="19.07215082928639">
				<ele>99.83595136646181</ele>
				<time>2026-04-19T12:20:49Z</time>
			</trkpt>
			<trkpt lat="47.34567394691775" lon="19.072141887981573">
				<ele>100.09817780274898</ele>
				<time>2026-04-19T12:20:52Z</time>
			</trkpt>
			<trkpt lat="47.34569790300691" lon="19.072122341258993">
				<ele>99.64509799983352</ele>
				<time>2026-04-19T12:20:54Z</time>
			</trkpt>
			<trkpt lat="47.345724017159796" lon="19.072101078626932">
				<ele>99.92399368621409</ele>
				<time>2026-04-19T12:20:56Z</time>
			</trkpt>
			<trkpt lat="47.34575312492241" lon="19.072082436076997">
				<ele>100.55939728859812</ele>
				<time>2026-04-19T12:20:59Z</time>
			</trkpt>
			<trkpt lat="47.345776973520664" lon="19.072059321662334">
				<ele>99.8235005568713</ele>
				<time>2026-04-19T12:21:01Z</time>
			</trkpt>
			<trkpt lat="47.34580437765843" lon="19.072024338231866">
				<ele>100.39872707705945</ele>
				<time>2026-04-19T12:21:04Z</time>
			</trkpt>
			<trkpt lat="47.34581445341721" lon="19.072007289571758">
				<ele>99.41135871782899</ele>
				<time>2026-04-19T12:21:05Z</time>
			</trkpt>
			<trkpt lat="47.34582813172561" lon="19.072000104621733">
				<ele>100.0621738974005</ele>
				<time>2026-04-19T12:21:06Z</time>
			</trkpt>
			<trkpt lat="47.3458505854163" lon="19.07198010687136">
				<ele>99.99548274464905</ele>
				<time>2026-04-19T12:21:08Z</time>
			</trkpt>
			<trkpt lat="47.34586346073577" lon="19.071971582134715">
				<ele>100.18150386959314</ele>
				<time>2026-04-19T12:21:10Z</time>
			</trkpt>
			<trkpt lat="47.34587685308309" lon="19.07196555218313">
				<ele>100.58757542725652</ele>
				<time>2026-04-19T12:21:11Z</time>
			</trkpt>
			<trkpt lat="47.34589100581292" lon="19.071958570286757">
				<ele>100.46227672044188</ele>
				<time>2026-04-19T12:21:13Z</time>
			</trkpt>
			<trkpt lat="47.3459086516505" lon="19.071949077838823">
				<ele>100.55677156057209</ele>
				<time>2026-04-19T12:21:16Z</time>
			</trkpt>
			<trkpt lat="47.34592429524432" lon="19.071940736600954">
				<ele>100.57296362333</ele>
				<time>2026-04-19T12:21:18Z</time>
			</trkpt>
			<trkpt lat="47.34594523293194" lon="19.071922895736822">
				<ele>100.57010883186013</ele>
				<time>2026-04-19T12:21:21Z</time>
			</trkpt>
			<trkpt lat="47.345970082870735" lon="19.071907641966238">
				<ele>101.02316893078387</ele>
				<time>2026-04-19T12:21:24Z</time>
			</trkpt>
			<trkpt lat="47.34599651211556" lon="19.071894107469568">
				<ele>100.64891112782061</ele>
				<time>2026-04-19T12:21:26Z</time>
			</trkpt>
			<trkpt lat="47.34602159737273" lon="19.07187458076575">
				<ele>100.62829350866377</ele>
				<time>2026-04-19T12:21:28Z</time>
			</trkpt>
			<trkpt lat="47.346045585756336" lon="19.07185081688231">
				<ele>100.62756148073822</ele>
				<time>2026-04-19T12:21:30Z</time>
			</trkpt>
			<trkpt lat="47.34608163260255" lon="19.07183497586665">
				<ele>101.1026320438832</ele>
				<time>2026-04-19T12:21:33Z</time>
			</trkpt>
			<trkpt lat="47.34610842917115" lon="19.071836061063276">
				<ele>101.10079183522612</ele>
				<time>2026-04-19T12:21:38Z</time>
			</trkpt>
			<trkpt lat="47.34612761841658" lon="19.071813782449716">
				<ele>101.96368808392435</ele>
				<time>2026-04-19T12:21:42Z</time>
			</trkpt>
			<trkpt lat="47.3461406176946" lon="19.071796579985687">
				<ele>101.83139912504703</ele>
				<time>2026-04-19T12:21:43Z</time>
			</trkpt>
			<trkpt lat="47.3461575308178" lon="19.071781217493882">
				<ele>101.28232474811375</ele>
				<time>2026-04-19T12:21:46Z</time>
			</trkpt>
			<trkpt lat="47.34616955882052" lon="19.071779871516334">
				<ele>101.63574767112732</ele>
				<time>2026-04-19T12:21:47Z</time>
			</trkpt>
			<trkpt lat="47.34619580637174" lon="19.07176639910076">
				<ele>101.24006459955126</ele>
				<time>2026-04-19T12:21:49Z</time>
			</trkpt>
			<trkpt lat="47.34622276377508" lon="19.071749264901793">
				<ele>101.19754308648407</ele>
				<time>2026-04-19T12:21:53Z</time>
			</trkpt>
			<trkpt lat="47.34623678968513" lon="19.071743603867723">
				<ele>101.24269372876734</ele>
				<time>2026-04-19T12:21:54Z</time>
			</trkpt>
			<trkpt lat="47.346266139669886" lon="19.071722326668084">
				<ele>100.63763770833611</ele>
				<time>2026-04-19T12:21:56Z</time>
			</trkpt>
			<trkpt lat="47.346306236362686" lon="19.07169287538837">
				<ele>99.76748035475612</ele>
				<time>2026-04-19T12:21:59Z</time>
			</trkpt>
			<trkpt lat="47.34632160508219" lon="19.071687271290433">
				<ele>99.96977555099875</ele>
				<time>2026-04-19T12:22:00Z</time>
			</trkpt>
			<trkpt lat="47.34635037619887" lon="19.071682363425662">
				<ele>100.24808397516608</ele>
				<time>2026-04-19T12:22:02Z</time>
			</trkpt>
			<trkpt lat="47.34636480183129" lon="19.071676340751754">
				<ele>100.53161727078259</ele>
				<time>2026-04-19T12:22:04Z</time>
			</trkpt>
			<trkpt lat="47.34637512728134" lon="19.07165966704728">
				<ele>99.89252885431051</ele>
				<time>2026-04-19T12:22:05Z</time>
			</trkpt>
			<trkpt lat="47.346398798670194" lon="19.071643059411127">
				<ele>99.66415244154632</ele>
				<time>2026-04-19T12:22:07Z</time>
			</trkpt>
			<trkpt lat="47.346432679251905" lon="19.071626289617697">
				<ele>100.16719863191247</ele>
				<time>2026-04-19T12:22:10Z</time>
			</trkpt>
			<trkpt lat="47.34645727360851" lon="19.071618465202913">
				<ele>100.8421258367598</ele>
				<time>2026-04-19T12:22:12Z</time>
			</trkpt>
			<trkpt lat="47.34647609273223" lon="19.07161653200642">
				<ele>102.27830654475838</ele>
				<time>2026-04-19T12:22:15Z</time>
			</trkpt>
			<trkpt lat="47.34649568263836" lon="19.07160396862955">
				<ele>100.89310098066926</ele>
				<time>2026-04-19T12:22:17Z</time>
			</trkpt>
			<trkpt lat="47.34652003428481" lon="19.07160192198156">
				<ele>101.22411571536213</ele>
				<time>2026-04-19T12:22:19Z</time>
			</trkpt>
			<trkpt lat="47.346532911354565" lon="19.07159274963387">
				<ele>100.69030237104744</ele>
				<time>2026-04-19T12:22:20Z</time>
			</trkpt>
			<trkpt lat="47.34655513611292" lon="19.071584375252172">
				<ele>99.86664499063045</ele>
				<time>2026-04-19T12:22:22Z</time>
			</trkpt>
			<trkpt lat="47.34658012004929" lon="19.071579174859025">
				<ele>100.25127434264868</ele>
				<time>2026-04-19T12:22:27Z</time>
			</trkpt>
			<trkpt lat="47.34659384831391" lon="19.07156529643584">
				<ele>100.21720192208886</ele>
				<time>2026-04-19T12:22:30Z</time>
			</trkpt>
			<trkpt lat="47.346606786103806" lon="19.071565732193037">
				<ele>100.48078789561987</ele>
				<time>2026-04-19T12:22:31Z</time>
			</trkpt>
			<trkpt lat="47.34662208921088" lon="19.07155643795129">
				<ele>100.08537731040269</ele>
				<time>2026-04-19T12:22:32Z</time>
			</trkpt>
			<trkpt lat="47.346648658551366" lon="19.071533515115544">
				<ele>99.94449759740382</ele>
				<time>2026-04-19T12:22:34Z</time>
			</trkpt>
			<trkpt lat="47.34666248411664" lon="19.07153396935052">
				<ele>100.41429951228201</ele>
				<time>2026-04-19T12:22:35Z</time>
			</trkpt>
			<trkpt lat="47.346675846245724" lon="19.071525883942545">
				<ele>100.69171675108373</ele>
				<time>2026-04-19T12:22:36Z</time>
			</trkpt>
			<trkpt lat="47.34669959999288" lon="19.071506215169197">
				<ele>100.50421313103288</ele>
				<time>2026-04-19T12:22:38Z</time>
			</trkpt>
			<trkpt lat="47.346723513567085" lon="19.07149323856009">
				<ele>100.1002056133002</ele>
				<time>2026-04-19T12:22:40Z</time>
			</trkpt>
			<trkpt lat="47.34674037462321" lon="19.071482942223156">
				<ele>100.7148795388639</ele>
				<time>2026-04-19T12:22:43Z</time>
			</trkpt>
			<trkpt lat="47.346756046241055" lon="19.07147601511359">
				<ele>100.9203639831394</ele>
				<time>2026-04-19T12:22:44Z</time>
			</trkpt>
			<trkpt lat="47.34678234884965" lon="19.071472539717323">
				<ele>100.73856455087662</ele>
				<time>2026-04-19T12:22:46Z</time>
			</trkpt>
			<trkpt lat="47.34680981942003" lon="19.07147226553027">
				<ele>101.12959948088974</ele>
				<time>2026-04-19T12:22:48Z</time>
			</trkpt>
			<trkpt lat="47.34684469270846" lon="19.071450494736826">
				<ele>99.74172247946262</ele>
				<time>2026-04-19T12:22:51Z</time>
			</trkpt>
			<trkpt lat="47.346856449194725" lon="19.071446998315757">
				<ele>101.04837486241013</ele>
				<time>2026-04-19T12:22:54Z</time>
			</trkpt>
			<trkpt lat="47.346857699032135" lon="19.071436413154466">
				<ele>99.70877880323678</ele>
				<time>2026-04-19T12:22:55Z</time>
			</trkpt>
			<trkpt lat="47.3468722480279" lon="19.071424956052923">
				<ele>99.56507846619934</ele>
				<time>2026-04-19T12:22:57Z</time>
			</trkpt>
			<trkpt lat="47.346884293066765" lon="19.071416576483408">
				<ele>100.4023514855653</ele>
				<time>2026-04-19T12:22:59Z</time>
			</trkpt>
			<trkpt lat="47.34690051644264" lon="19.071407603609835">
				<ele>99.89145258720964</ele>
				<time>2026-04-19T12:23:00Z</time>
			</trkpt>
			<trkpt lat="47.3469271892189" lon="19.071403299529646">
				<ele>101.36926874704659</ele>
				<time>2026-04-19T12:23:03Z</time>
			</trkpt>
			<trkpt lat="47.34693981582954" lon="19.0714024806176">
				<ele>101.39411836396903</ele>
				<time>2026-04-19T12:23:04Z</time>
			</trkpt>
			<trkpt lat="47.346971173028" lon="19.071401984836694">
				<ele>101.15422205533832</ele>
				<time>2026-04-19T12:23:10Z</time>
			</trkpt>
			<trkpt lat="47.346981725053624" lon="19.071400449274943">
				<ele>101.67268643155694</ele>
				<time>2026-04-19T12:23:14Z</time>
			</trkpt>
			<trkpt lat="47.34699336083397" lon="19.07138343566965">
				<ele>100.49236321542412</ele>
				<time>2026-04-19T12:23:15Z</time>
			</trkpt>
			<trkpt lat="47.34701043888835" lon="19.071361125525517">
				<ele>99.96720733400434</ele>
				<time>2026-04-19T12:23:17Z</time>
			</trkpt>
			<trkpt lat="47.34703279832387" lon="19.071346365033882">
				<ele>100.12804771680385</ele>
				<time>2026-04-19T12:23:19Z</time>
			</trkpt>
			<trkpt lat="47.34706021531958" lon="19.071334920107642">
				<ele>99.71825372613966</ele>
				<time>2026-04-19T12:23:21Z</time>
			</trkpt>
			<trkpt lat="47.3470917877853" lon="19.07131566270566">
				<ele>100.10381756350398</ele>
				<time>2026-04-19T12:23:24Z</time>
			</trkpt>
			<trkpt lat="47.347114575867664" lon="19.071295536452947">
				<ele>100.29095321986824</ele>
				<time>2026-04-19T12:23:26Z</time>
			</trkpt>
			<trkpt lat="47.3471362246789" lon="19.07127399728011">
				<ele>100.49675747565925</ele>
				<time>2026-04-19T12:23:28Z</time>
			</trkpt>
			<trkpt lat="47.34716407272864" lon="19.071268787194644">
				<ele>101.06066591013223</ele>
				<time>2026-04-19T12:23:30Z</time>
			</trkpt>
			<trkpt lat="47.3471937537767" lon="19.071262914133815">
				<ele>100.78406117856503</ele>
				<time>2026-04-19T12:23:32Z</time>
			</trkpt>
			<trkpt lat="47.347220170154" lon="19.071262991747357">
				<ele>102.07254432700574</ele>
				<time>2026-04-19T12:23:34Z</time>
			</trkpt>
			<trkpt lat="47.34724473393385" lon="19.071259886239247">
				<ele>101.02946238592267</ele>
				<time>2026-04-19T12:23:36Z</time>
			</trkpt>
			<trkpt lat="47.34726639584526" lon="19.071255156019973">
				<ele>100.79924013651907</ele>
				<time>2026-04-19T12:23:38Z</time>
			</trkpt>
			<trkpt lat="47.34728992375386" lon="19.071253890073095">
				<ele>101.30878536961973</ele>
				<time>2026-04-19T12:23:40Z</time>
			</trkpt>
			<trkpt lat="47.347315575387626" lon="19.071245353020164">
				<ele>100.51162399537861</ele>
				<time>2026-04-19T12:23:42Z</time>
			</trkpt>
			<trkpt lat="47.34734355038127" lon="19.07123224539781">
				<ele>102.025082311593</ele>
				<time>2026-04-19T12:23:45Z</time>
			</trkpt>
			<trkpt lat="47.34735464574592" lon="19.07121697019588">
				<ele>101.43439392372966</ele>
				<time>2026-04-19T12:23:46Z</time>
			</trkpt>
			<trkpt lat="47.34738311168826" lon="19.07120514989764">
				<ele>101.13010802399367</ele>
				<time>2026-04-19T12:23:48Z</time>
			</trkpt>
			<trkpt lat="47.347390737338614" lon="19.071211812942707">
				<ele>101.10191519465297</ele>
				<time>2026-04-19T12:23:50Z</time>
			</trkpt>
			<trkpt lat="47.3474101079404" lon="19.07121220992631">
				<ele>101.6965995170176</ele>
				<time>2026-04-19T12:23:52Z</time>
			</trkpt>
			<trkpt lat="47.347431703497904" lon="19.07120169211838">
				<ele>101.47373882960528</ele>
				<time>2026-04-19T12:23:53Z</time>
			</trkpt>
			<trkpt lat="47.347480387809824" lon="19.071190132531292">
				<ele>101.55632780119777</ele>
				<time>2026-04-19T12:23:57Z</time>
			</trkpt>
			<trkpt lat="47.34749516460072" lon="19.071176250571025">
				<ele>101.2690542768687</ele>
				<time>2026-04-19T12:23:59Z</time>
			</trkpt>
			<trkpt lat="47.34751787307596" lon="19.071187348545326">
				<ele>100.7613629233092</ele>
				<time>2026-04-19T12:24:01Z</time>
			</trkpt>
			<trkpt lat="47.347541558873665" lon="19.071199444146192">
				<ele>101.71484515350312</ele>
				<time>2026-04-19T12:24:03Z</time>
			</trkpt>
			<trkpt lat="47.34757077786596" lon="19.071213500592137">
				<ele>99.81071852240711</ele>
				<time>2026-04-19T12:24:07Z</time>
			</trkpt>
			<trkpt lat="47.347591422392625" lon="19.07121616776976">
				<ele>99.4386985655874</ele>
				<time>2026-04-19T12:24:09Z</time>
			</trkpt>
			<trkpt lat="47.34763373326914" lon="19.071221127696074">
				<ele>100.2960958154872</ele>
				<time>2026-04-19T12:24:13Z</time>
			</trkpt>
			<trkpt lat="47.34766355329261" lon="19.071214568942906">
				<ele>100.9872553665191</ele>
				<time>2026-04-19T12:24:16Z</time>
			</trkpt>
			<trkpt lat="47.347683178125784" lon="19.071203972479804">
				<ele>100.14501669351012</ele>
				<time>2026-04-19T12:24:18Z</time>
			</trkpt>
			<trkpt lat="47.34770172475169" lon="19.071191448143885">
				<ele>100.00210013892502</ele>
				<time>2026-04-19T12:24:20Z</time>
			</trkpt>
			<trkpt lat="47.34771932132809" lon="19.07117404112203">
				<ele>100.68780930060893</ele>
				<time>2026-04-19T12:24:22Z</time>
			</trkpt>
			<trkpt lat="47.34773421979459" lon="19.07115882137993">
				<ele>102.08277898747474</ele>
				<time>2026-04-19T12:24:25Z</time>
			</trkpt>
			<trkpt lat="47.34774719947749" lon="19.07114296632438">
				<ele>101.24667752627283</ele>
				<time>2026-04-19T12:24:26Z</time>
			</trkpt>
			<trkpt lat="47.34776133412214" lon="19.071129439917737">
				<ele>102.12866995763034</ele>
				<time>2026-04-19T12:24:27Z</time>
			</trkpt>
			<trkpt lat="47.34778786328579" lon="19.07110669012894">
				<ele>101.77848821878433</ele>
				<time>2026-04-19T12:24:29Z</time>
			</trkpt>
			<trkpt lat="47.347814685900595" lon="19.071090664403624">
				<ele>102.80212939437479</ele>
				<time>2026-04-19T12:24:31Z</time>
			</trkpt>
			<trkpt lat="47.34784147151912" lon="19.071085915880566">
				<ele>102.72346587572247</ele>
				<time>2026-04-19T12:24:33Z</time>
			</trkpt>
			<trkpt lat="47.34786857523894" lon="19.071085223343808">
				<ele>102.52121763117611</ele>
				<time>2026-04-19T12:24:35Z</time>
			</trkpt>
			<trkpt lat="47.34788854278073" lon="19.071077841033198">
				<ele>102.3772093905136</ele>
				<time>2026-04-19T12:24:38Z</time>
			</trkpt>
			<trkpt lat="47.34790174273277" lon="19.071079401929822">
				<ele>102.58825106918812</ele>
				<time>2026-04-19T12:24:39Z</time>
			</trkpt>
			<trkpt lat="47.34792287954558" lon="19.071075945588028">
				<ele>102.41733241267502</ele>
				<time>2026-04-19T12:24:41Z</time>
			</trkpt>
			<trkpt lat="47.34795757940997" lon="19.071054167196007">
				<ele>101.2243787907064</ele>
				<time>2026-04-19T12:24:44Z</time>
			</trkpt>
			<trkpt lat="47.347982480237825" lon="19.071038365539756">
				<ele>100.32358588185161</ele>
				<time>2026-04-19T12:24:46Z</time>
			</trkpt>
			<trkpt lat="47.34801458698546" lon="19.071025548811317">
				<ele>101.151217777282</ele>
				<time>2026-04-19T12:24:52Z</time>
			</trkpt>
			<trkpt lat="47.34803195084633" lon="19.07102725341571">
				<ele>101.10698093473911</ele>
				<time>2026-04-19T12:24:53Z</time>
			</trkpt>
			<trkpt lat="47.348059188966324" lon="19.07102488627342">
				<ele>101.09240166191012</ele>
				<time>2026-04-19T12:24:55Z</time>
			</trkpt>
			<trkpt lat="47.34808449617754" lon="19.071022673447413">
				<ele>100.16759737208486</ele>
				<time>2026-04-19T12:24:57Z</time>
			</trkpt>
			<trkpt lat="47.34809859125513" lon="19.07102012985696">
				<ele>100.49693250376731</ele>
				<time>2026-04-19T12:24:59Z</time>
			</trkpt>
			<trkpt lat="47.348111747195595" lon="19.071011531730083">
				<ele>100.50596547313035</ele>
				<time>2026-04-19T12:25:00Z</time>
			</trkpt>
			<trkpt lat="47.34813547792275" lon="19.07099993855067">
				<ele>100.67996314354241</ele>
				<time>2026-04-19T12:25:02Z</time>
			</trkpt>
			<trkpt lat="47.34815974026895" lon="19.07098856888731">
				<ele>100.02652429975569</ele>
				<time>2026-04-19T12:25:04Z</time>
			</trkpt>
			<trkpt lat="47.3481865007982" lon="19.070989811576563">
				<ele>99.56304765865207</ele>
				<time>2026-04-19T12:25:07Z</time>
			</trkpt>
			<trkpt lat="47.34821156288467" lon="19.070987320818457">
				<ele>100.07333382312208</ele>
				<time>2026-04-19T12:25:09Z</time>
			</trkpt>
			<trkpt lat="47.34822754132807" lon="19.07098218697752">
				<ele>100.47023190837353</ele>
				<time>2026-04-19T12:25:10Z</time>
			</trkpt>
			<trkpt lat="47.34827991798592" lon="19.07095995262892">
				<ele>100.23185054026544</ele>
				<time>2026-04-19T12:25:14Z</time>
			</trkpt>
			<trkpt lat="47.34830846746776" lon="19.070942734522813">
				<ele>99.90499450359493</ele>
				<time>2026-04-19T12:25:17Z</time>
			</trkpt>
			<trkpt lat="47.34831956253521" lon="19.07093750883584">
				<ele>100.79195410199463</ele>
				<time>2026-04-19T12:25:20Z</time>
			</trkpt>
			<trkpt lat="47.34833159469357" lon="19.070928477643324">
				<ele>100.06232032459229</ele>
				<time>2026-04-19T12:25:21Z</time>
			</trkpt>
			<trkpt lat="47.34836433985668" lon="19.070906401640077">
				<ele>101.76354972552508</ele>
				<time>2026-04-19T12:25:24Z</time>
			</trkpt>
			<trkpt lat="47.34838023377062" lon="19.0709039788518">
				<ele>101.22084562201053</ele>
				<time>2026-04-19T12:25:27Z</time>
			</trkpt>
			<trkpt lat="47.34838532186877" lon="19.070914384955838">
				<ele>102.14594758767635</ele>
				<time>2026-04-19T12:25:30Z</time>
			</trkpt>
			<trkpt lat="47.348391293379294" lon="19.070915762685715">
				<ele>101.6852113539353</ele>
				<time>2026-04-19T12:25:31Z</time>
			</trkpt>
			<trkpt lat="47.348400919168924" lon="19.070915276528332">
				<ele>101.37762523349375</ele>
				<time>2026-04-19T12:25:33Z</time>
			</trkpt>
			<trkpt lat="47.348416249585384" lon="19.070916199586605">
				<ele>100.50346067361534</ele>
				<time>2026-04-19T12:25:36Z</time>
			</trkpt>
			<trkpt lat="47.34845150388384" lon="19.070911012000508">
				<ele>99.59377835597843</ele>
				<time>2026-04-19T12:25:40Z</time>
			</trkpt>
			<trkpt lat="47.34847166882982" lon="19.070904213909095">
				<ele>100.31865507364273</ele>
				<time>2026-04-19T12:25:42Z</time>
			</trkpt>
			<trkpt lat="47.34849606284644" lon="19.070906127619384">
				<ele>99.94024505279958</ele>
				<time>2026-04-19T12:25:44Z</time>
			</trkpt>
			<trkpt lat="47.34852449124533" lon="19.070907652450707">
				<ele>99.67809859383851</ele>
				<time>2026-04-19T12:25:46Z</time>
			</trkpt>
			<trkpt lat="47.348551129951154" lon="19.070916514254694">
				<ele>100.06325888261199</ele>
				<time>2026-04-19T12:25:48Z</time>
			</trkpt>
			<trkpt lat="47.348570969930975" lon="19.070916008760356">
				<ele>100.63731980510056</ele>
				<time>2026-04-19T12:25:51Z</time>
			</trkpt>
			<trkpt lat="47.34859024853224" lon="19.070915320185474">
				<ele>101.23367945477366</ele>
				<time>2026-04-19T12:25:53Z</time>
			</trkpt>
			<trkpt lat="47.34861107719778" lon="19.07091265356791">
				<ele>101.48385359812528</ele>
				<time>2026-04-19T12:25:56Z</time>
			</trkpt>
			<trkpt lat="47.348646145089205" lon="19.07092229761081">
				<ele>100.52750726602972</ele>
				<time>2026-04-19T12:26:00Z</time>
			</trkpt>
			<trkpt lat="47.34867068314292" lon="19.070932137270898">
				<ele>100.88447186723351</ele>
				<time>2026-04-19T12:26:04Z</time>
			</trkpt>
			<trkpt lat="47.348693231329484" lon="19.070934033182798">
				<ele>100.99113466683775</ele>
				<time>2026-04-19T12:26:07Z</time>
			</trkpt>
			<trkpt lat="47.34871311880548" lon="19.070933505091443">
				<ele>101.03827307000756</ele>
				<time>2026-04-19T12:26:08Z</time>
			</trkpt>
			<trkpt lat="47.34874259444119" lon="19.070923764129326">
				<ele>101.38319132570177</ele>
				<time>2026-04-19T12:26:12Z</time>
			</trkpt>
			<trkpt lat="47.34876560269687" lon="19.070908534268497">
				<ele>100.26116278581321</ele>
				<time>2026-04-19T12:26:15Z</time>
			</trkpt>
			<trkpt lat="47.348790958588175" lon="19.07089757322792">
				<ele>100.06892680749297</ele>
				<time>2026-04-19T12:26:17Z</time>
			</trkpt>
			<trkpt lat="47.34882262972391" lon="19.070881820990454">
				<ele>99.92285267263651</ele>
				<time>2026-04-19T12:26:20Z</time>
			</trkpt>
			<trkpt lat="47.34885705563223" lon="19.070853320706316">
				<ele>100.60372670274228</ele>
				<time>2026-04-19T12:26:23Z</time>
			</trkpt>
			<trkpt lat="47.34888220601644" lon="19.070843711302192">
				<ele>101.27296081744134</ele>
				<time>2026-04-19T12:26:25Z</time>
			</trkpt>
			<trkpt lat="47.348905330799916" lon="19.070843410741794">
				<ele>101.074508077465</ele>
				<time>2026-04-19T12:26:27Z</time>
			</trkpt>
			<trkpt lat="47.348916941456125" lon="19.070834277181124">
				<ele>100.68837888445705</ele>
				<time>2026-04-19T12:26:28Z</time>
			</trkpt>
			<trkpt lat="47.34893528257456" lon="19.070829830697914">
				<ele>100.53728665038943</ele>
				<time>2026-04-19T12:26:31Z</time>
			</trkpt>
			<trkpt lat="47.34894917537309" lon="19.07082798219062">
				<ele>100.53525273222476</ele>
				<time>2026-04-19T12:26:32Z</time>
			</trkpt>
			<trkpt lat="47.34897734352851" lon="19.070824979988753">
				<ele>100.26534065417945</ele>
				<time>2026-04-19T12:26:34Z</time>
			</trkpt>
			<trkpt lat="47.349008495552425" lon="19.07082899502203">
				<ele>100.83515287097543</ele>
				<time>2026-04-19T12:26:36Z</time>
			</trkpt>
			<trkpt lat="47.34905011296155" lon="19.070842465668864">
				<ele>100.09365132357925</ele>
				<time>2026-04-19T12:26:40Z</time>
			</trkpt>
			<trkpt lat="47.349081599398936" lon="19.070825783715925">
				<ele>99.16658083628863</ele>
				<time>2026-04-19T12:26:43Z</time>
			</trkpt>
			<trkpt lat="47.349103598484184" lon="19.070817676911307">
				<ele>99.04666274227202</ele>
				<time>2026-04-19T12:26:45Z</time>
			</trkpt>
			<trkpt lat="47.34911423952942" lon="19.070821812861098">
				<ele>98.9589833477512</ele>
				<time>2026-04-19T12:26:47Z</time>
			</trkpt>
			<trkpt lat="47.349137499429354" lon="19.070827233698918">
				<ele>98.87407157663256</ele>
				<time>2026-04-19T12:26:50Z</time>
			</trkpt>
			<trkpt lat="47.34915292324033" lon="19.07083349781204">
				<ele>98.17136051692069</ele>
				<time>2026-04-19T12:26:51Z</time>
			</trkpt>
			<trkpt lat="47.349198525257044" lon="19.070835825725627">
				<ele>97.47035589348525</ele>
				<time>2026-04-19T12:26:55Z</time>
			</trkpt>
			<trkpt lat="47.349223842145165" lon="19.070832262811738">
				<ele>98.4431874025613</ele>
				<time>2026-04-19T12:26:57Z</time>
			</trkpt>
			<trkpt lat="47.34924616554533" lon="19.070830111342755">
				<ele>99.91250140406191</ele>
				<time>2026-04-19T12:27:01Z</time>
			</trkpt>
			<trkpt lat="47.34926137464471" lon="19.070827154903427">
				<ele>99.49321429152042</ele>
				<time>2026-04-19T12:27:02Z</time>
			</trkpt>
			<trkpt lat="47.34928480087122" lon="19.07082647039705">
				<ele>101.0661308914423</ele>
				<time>2026-04-19T12:27:04Z</time>
			</trkpt>
			<trkpt lat="47.3493102870723" lon="19.07081337055471">
				<ele>99.82363951019943</ele>
				<time>2026-04-19T12:27:06Z</time>
			</trkpt>
			<trkpt lat="47.34934182012943" lon="19.07081028955797">
				<ele>101.80422251019627</ele>
				<time>2026-04-19T12:27:09Z</time>
			</trkpt>
			<trkpt lat="47.349354934380486" lon="19.07081710673346">
				<ele>101.81235637050122</ele>
				<time>2026-04-19T12:27:10Z</time>
			</trkpt>
			<trkpt lat="47.34938329368804" lon="19.070815067693818">
				<ele>101.88628205470741</ele>
				<time>2026-04-19T12:27:12Z</time>
			</trkpt>
			<trkpt lat="47.34941576899042" lon="19.07081814778585">
				<ele>101.16647934634238</ele>
				<time>2026-04-19T12:27:14Z</time>
			</trkpt>
			<trkpt lat="47.349441666404395" lon="19.070822181224973">
				<ele>101.2949556671083</ele>
				<time>2026-04-19T12:27:16Z</time>
			</trkpt>
			<trkpt lat="47.34946689697404" lon="19.070818459492127">
				<ele>100.38855171389878</ele>
				<time>2026-04-19T12:27:18Z</time>
			</trkpt>
			<trkpt lat="47.34948045616126" lon="19.070816036246136">
				<ele>100.49782387539744</ele>
				<time>2026-04-19T12:27:20Z</time>
			</trkpt>
			<trkpt lat="47.349506714280324" lon="19.070810336605486">
				<ele>99.91198457870632</ele>
				<time>2026-04-19T12:27:22Z</time>
			</trkpt>
			<trkpt lat="47.3495385952922" lon="19.07080066650953">
				<ele>100.43563885521144</ele>
				<time>2026-04-19T12:27:24Z</time>
			</trkpt>
			<trkpt lat="47.34957303957057" lon="19.07079699516446">
				<ele>100.71993464045227</ele>
				<time>2026-04-19T12:27:27Z</time>
			</trkpt>
			<trkpt lat="47.349586475860434" lon="19.070789970114596">
				<ele>100.2390741687268</ele>
				<time>2026-04-19T12:27:28Z</time>
			</trkpt>
			<trkpt lat="47.349608449990534" lon="19.070775696201466">
				<ele>99.87647703848779</ele>
				<time>2026-04-19T12:27:30Z</time>
			</trkpt>
			<trkpt lat="47.349627999193245" lon="19.07076378491308">
				<ele>99.31171583384275</ele>
				<time>2026-04-19T12:27:32Z</time>
			</trkpt>
			<trkpt lat="47.34965450492922" lon="19.070755028166875">
				<ele>99.98002004623413</ele>
				<time>2026-04-19T12:27:34Z</time>
			</trkpt>
			<trkpt lat="47.34965307106841" lon="19.070763556093958">
				<ele>99.44827051181346</ele>
				<time>2026-04-19T12:27:35Z</time>
			</trkpt>
			<trkpt lat="47.3496636078775" lon="19.07076394828776">
				<ele>100.0274380305782</ele>
				<time>2026-04-19T12:27:36Z</time>
			</trkpt>
			<trkpt lat="47.34968897837678" lon="19.070762928658326">
				<ele>99.80315579287708</ele>
				<time>2026-04-19T12:27:38Z</time>
			</trkpt>
			<trkpt lat="47.349720998129236" lon="19.07076423683507">
				<ele>100.25472339428961</ele>
				<time>2026-04-19T12:27:40Z</time>
			</trkpt>
			<trkpt lat="47.34974762758304" lon="19.070775489684134">
				<ele>101.10765025299042</ele>
				<time>2026-04-19T12:27:42Z</time>
			</trkpt>
			<trkpt lat="47.3497696969133" lon="19.070788683405915">
				<ele>100.91004053875804</ele>
				<time>2026-04-19T12:27:44Z</time>
			</trkpt>
			<trkpt lat="47.34979651411507" lon="19.07078265355724">
				<ele>100.92502020392567</ele>
				<time>2026-04-19T12:27:47Z</time>
			</trkpt>
			<trkpt lat="47.34982381192998" lon="19.07078112965662">
				<ele>100.67103669699281</ele>
				<time>2026-04-19T12:27:50Z</time>
			</trkpt>
			<trkpt lat="47.34984764521515" lon="19.07078361580976">
				<ele>100.83893581945449</ele>
				<time>2026-04-19T12:27:52Z</time>
			</trkpt>
			<trkpt lat="47.3498719034971" lon="19.07078656570994">
				<ele>100.47896344121546</ele>
				<time>2026-04-19T12:27:54Z</time>
			</trkpt>
			<trkpt lat="47.34990951293066" lon="19.070789075883127">
				<ele>100.74059156887233</ele>
				<time>2026-04-19T12:27:57Z</time>
			</trkpt>
			<trkpt lat="47.349943020736305" lon="19.070774054345225">
				<ele>101.05771836359054</ele>
				<time>2026-04-19T12:28:00Z</time>
			</trkpt>
			<trkpt lat="47.34995852900288" lon="19.070765634924985">
				<ele>101.17263029050082</ele>
				<time>2026-04-19T12:28:03Z</time>
			</trkpt>
			<trkpt lat="47.34997101262415" lon="19.07076259791782">
				<ele>101.11771075148135</ele>
				<time>2026-04-19T12:28:04Z</time>
			</trkpt>
			<trkpt lat="47.349983043835664" lon="19.07075626730349">
				<ele>101.1291610058397</ele>
				<time>2026-04-19T12:28:06Z</time>
			</trkpt>
			<trkpt lat="47.35001285453609" lon="19.070738336653044">
				<ele>100.79940456524491</ele>
				<time>2026-04-19T12:28:09Z</time>
			</trkpt>
			<trkpt lat="47.35004522347967" lon="19.070725982390844">
				<ele>100.79791648313403</ele>
				<time>2026-04-19T12:28:11Z</time>
			</trkpt>
			<trkpt lat="47.35007701459562" lon="19.070717313108492">
				<ele>101.51916884630919</ele>
				<time>2026-04-19T12:28:13Z</time>
			</trkpt>
			<trkpt lat="47.35010432829999" lon="19.070712785811278">
				<ele>101.3799410276115</ele>
				<time>2026-04-19T12:28:15Z</time>
			</trkpt>
			<trkpt lat="47.35014795355338" lon="19.07070000460494">
				<ele>101.54455816466361</ele>
				<time>2026-04-19T12:28:18Z</time>
			</trkpt>
			<trkpt lat="47.350178633631344" lon="19.07070460162423">
				<ele>103.08473490737379</ele>
				<time>2026-04-19T12:28:21Z</time>
			</trkpt>
			<trkpt lat="47.35019648529109" lon="19.070704383821074">
				<ele>103.73880946822464</ele>
				<time>2026-04-19T12:28:23Z</time>
			</trkpt>
			<trkpt lat="47.35021517056663" lon="19.070699226076986">
				<ele>103.69132984150201</ele>
				<time>2026-04-19T12:28:25Z</time>
			</trkpt>
			<trkpt lat="47.35022747581693" lon="19.07070615637866">
				<ele>102.44696725998074</ele>
				<time>2026-04-19T12:28:28Z</time>
			</trkpt>
			<trkpt lat="47.35023376122932" lon="19.070708600311608">
				<ele>102.17550013307482</ele>
				<time>2026-04-19T12:28:30Z</time>
			</trkpt>
			<trkpt lat="47.350250652280174" lon="19.07071541592795">
				<ele>103.20299646351486</ele>
				<time>2026-04-19T12:28:31Z</time>
			</trkpt>
			<trkpt lat="47.35029123513574" lon="19.07071957315422">
				<ele>102.58526017609984</ele>
				<time>2026-04-19T12:28:34Z</time>
			</trkpt>
			<trkpt lat="47.35033014574245" lon="19.07072382816412">
				<ele>102.40308432094753</ele>
				<time>2026-04-19T12:28:37Z</time>
			</trkpt>
			<trkpt lat="47.350350970270085" lon="19.070731539142788">
				<ele>102.52850079350173</ele>
				<time>2026-04-19T12:28:39Z</time>
			</trkpt>
			<trkpt lat="47.35037198308743" lon="19.070737950691115">
				<ele>103.12184991501272</ele>
				<time>2026-04-19T12:28:41Z</time>
			</trkpt>
			<trkpt lat="47.350394891258624" lon="19.070736809987224">
				<ele>102.17019123677164</ele>
				<time>2026-04-19T12:28:43Z</time>
			</trkpt>
			<trkpt lat="47.35042474975636" lon="19.070754325096104">
				<ele>104.43109350465238</ele>
				<time>2026-04-19T12:28:46Z</time>
			</trkpt>
			<trkpt lat="47.35044148126545" lon="19.07076855976367">
				<ele>103.31736319884658</ele>
				<time>2026-04-19T12:28:48Z</time>
			</trkpt>
			<trkpt lat="47.35045089071104" lon="19.070766871137224">
				<ele>103.14535069279373</ele>
				<time>2026-04-19T12:28:50Z</time>
			</trkpt>
			<trkpt lat="47.350468138815884" lon="19.070774904698315">
				<ele>102.0666466569528</ele>
				<time>2026-04-19T12:28:53Z</time>
			</trkpt>
			<trkpt lat="47.3504896622083" lon="19.07078697909659">
				<ele>102.16956474166363</ele>
				<time>2026-04-19T12:28:55Z</time>
			</trkpt>
			<trkpt lat="47.350519788295394" lon="19.07079386885156">
				<ele>100.61735651269555</ele>
				<time>2026-04-19T12:28:57Z</time>
			</trkpt>
			<trkpt lat="47.35056075890925" lon="19.070800597467137">
				<ele>100.9156274329871</ele>
				<time>2026-04-19T12:29:00Z</time>
			</trkpt>
			<trkpt lat="47.350576102576355" lon="19.070804048523804">
				<ele>100.93550189491361</ele>
				<time>2026-04-19T12:29:01Z</time>
			</trkpt>
			<trkpt lat="47.35061244504982" lon="19.070796319816598">
				<ele>101.30573529563844</ele>
				<time>2026-04-19T12:29:04Z</time>
			</trkpt>
			<trkpt lat="47.3506409642253" lon="19.07078935332741">
				<ele>102.97350653074682</ele>
				<time>2026-04-19T12:29:07Z</time>
			</trkpt>
			<trkpt lat="47.350661088044504" lon="19.070785710651">
				<ele>102.7213781857863</ele>
				<time>2026-04-19T12:29:09Z</time>
			</trkpt>
			<trkpt lat="47.35069303291557" lon="19.070782967784112">
				<ele>102.25647508632392</ele>
				<time>2026-04-19T12:29:12Z</time>
			</trkpt>
			<trkpt lat="47.350702576019714" lon="19.070780911811596">
				<ele>102.91744544357061</ele>
				<time>2026-04-19T12:29:14Z</time>
			</trkpt>
			<trkpt lat="47.3507185639557" lon="19.070785719038508">
				<ele>102.20242780819535</ele>
				<time>2026-04-19T12:29:15Z</time>
			</trkpt>
			<trkpt lat="47.35074598605517" lon="19.070785204520618">
				<ele>102.29033345542848</ele>
				<time>2026-04-19T12:29:17Z</time>
			</trkpt>
			<trkpt lat="47.35077352365668" lon="19.07078613779258">
				<ele>101.6581772249192</ele>
				<time>2026-04-19T12:29:19Z</time>
			</trkpt>
			<trkpt lat="47.35079644864668" lon="19.070787970994846">
				<ele>101.5048053516075</ele>
				<time>2026-04-19T12:29:21Z</time>
			</trkpt>
			<trkpt lat="47.350819162999436" lon="19.0707885841137">
				<ele>101.36017103679478</ele>
				<time>2026-04-19T12:29:23Z</time>
			</trkpt>
			<trkpt lat="47.35083479663931" lon="19.07078005967354">
				<ele>101.38886629138142</ele>
				<time>2026-04-19T12:29:24Z</time>
			</trkpt>
			<trkpt lat="47.350866424269256" lon="19.070791495798883">
				<ele>100.80947900097817</ele>
				<time>2026-04-19T12:29:27Z</time>
			</trkpt>
			<trkpt lat="47.35090006515096" lon="19.070798518807194">
				<ele>101.28333252575248</ele>
				<time>2026-04-19T12:29:30Z</time>
			</trkpt>
			<trkpt lat="47.35093440855579" lon="19.070810954366156">
				<ele>100.51094408240169</ele>
				<time>2026-04-19T12:29:33Z</time>
			</trkpt>
			<trkpt lat="47.350957698497" lon="19.070826781059026">
				<ele>99.79468254558742</ele>
				<time>2026-04-19T12:29:35Z</time>
			</trkpt>
			<trkpt lat="47.35099329997615" lon="19.070836681952862">
				<ele>99.55881626997143</ele>
				<time>2026-04-19T12:29:39Z</time>
			</trkpt>
			<trkpt lat="47.35100328991753" lon="19.070834824713923">
				<ele>99.9733913987875</ele>
				<time>2026-04-19T12:29:41Z</time>
			</trkpt>
			<trkpt lat="47.35101999207072" lon="19.070834491519932">
				<ele>100.01004741713405</ele>
				<time>2026-04-19T12:29:42Z</time>
			</trkpt>
			<trkpt lat="47.351058712805674" lon="19.070824208274274">
				<ele>101.06357496604323</ele>
				<time>2026-04-19T12:29:45Z</time>
			</trkpt>
			<trkpt lat="47.351089216387145" lon="19.070819707235152">
				<ele>102.17734177969396</ele>
				<time>2026-04-19T12:29:47Z</time>
			</trkpt>
			<trkpt lat="47.35110779441991" lon="19.070813547257337">
				<ele>101.63429800886661</ele>
				<time>2026-04-19T12:29:48Z</time>
			</trkpt>
			<trkpt lat="47.35113553901472" lon="19.07080822824231">
				<ele>100.80844814516604</ele>
				<time>2026-04-19T12:29:50Z</time>
			</trkpt>
			<trkpt lat="47.351158100117814" lon="19.070801590272723">
				<ele>100.468062129803</ele>
				<time>2026-04-19T12:29:52Z</time>
			</trkpt>
			<trkpt lat="47.35117942837131" lon="19.07079899136098">
				<ele>100.6632818877697</ele>
				<time>2026-04-19T12:29:54Z</time>
			</trkpt>
			<trkpt lat="47.351189922858644" lon="19.070809487339876">
				<ele>100.1428587231785</ele>
				<time>2026-04-19T12:29:55Z</time>
			</trkpt>
			<trkpt lat="47.35122276897668" lon="19.07082855756329">
				<ele>99.59845156874508</ele>
				<time>2026-04-19T12:29:58Z</time>
			</trkpt>
			<trkpt lat="47.35123595994638" lon="19.070847048973615">
				<ele>98.75075926445425</ele>
				<time>2026-04-19T12:30:00Z</time>
			</trkpt>
			<trkpt lat="47.35124508982279" lon="19.07085670096324">
				<ele>99.28016237542033</ele>
				<time>2026-04-19T12:30:02Z</time>
			</trkpt>
			<trkpt lat="47.351256731492825" lon="19.070863733623366">
				<ele>99.10375171434134</ele>
				<time>2026-04-19T12:30:05Z</time>
			</trkpt>
			<trkpt lat="47.351289706190734" lon="19.070854096098067">
				<ele>99.51321117766201</ele>
				<time>2026-04-19T12:30:09Z</time>
			</trkpt>
			<trkpt lat="47.35131669993043" lon="19.070847053422423">
				<ele>99.30564247258008</ele>
				<time>2026-04-19T12:30:11Z</time>
			</trkpt>
			<trkpt lat="47.35134252928012" lon="19.07084497092515">
				<ele>99.69811451248825</ele>
				<time>2026-04-19T12:30:13Z</time>
			</trkpt>
			<trkpt lat="47.351355764388074" lon="19.070872513186337">
				<ele>101.52927277423441</ele>
				<time>2026-04-19T12:30:16Z</time>
			</trkpt>
			<trkpt lat="47.35136202252237" lon="19.070893545846648">
				<ele>100.56036677863449</ele>
				<time>2026-04-19T12:30:19Z</time>
			</trkpt>
			<trkpt lat="47.35137575731245" lon="19.070895126280025">
				<ele>100.45475961919874</ele>
				<time>2026-04-19T12:30:20Z</time>
			</trkpt>
			<trkpt lat="47.351403995631564" lon="19.070893425757564">
				<ele>100.35970294568688</ele>
				<time>2026-04-19T12:30:22Z</time>
			</trkpt>
			<trkpt lat="47.35143692524457" lon="19.070887037990598">
				<ele>99.67947706300765</ele>
				<time>2026-04-19T12:30:24Z</time>
			</trkpt>
			<trkpt lat="47.35146769056075" lon="19.07088871484043">
				<ele>100.29440809879452</ele>
				<time>2026-04-19T12:30:26Z</time>
			</trkpt>
			<trkpt lat="47.35150640900669" lon="19.07090457213385">
				<ele>99.35216080956161</ele>
				<time>2026-04-19T12:30:29Z</time>
			</trkpt>
			<trkpt lat="47.3515290543114" lon="19.070911764249736">
				<ele>99.29048276133835</ele>
				<time>2026-04-19T12:30:31Z</time>
			</trkpt>
			<trkpt lat="47.351566282529376" lon="19.070920623432112">
				<ele>98.75721400231123</ele>
				<time>2026-04-19T12:30:34Z</time>
			</trkpt>
			<trkpt lat="47.35159720678509" lon="19.070923388392128">
				<ele>98.31333020702004</ele>
				<time>2026-04-19T12:30:37Z</time>
			</trkpt>
			<trkpt lat="47.35162780669797" lon="19.07090925644295">
				<ele>98.60906597040594</ele>
				<time>2026-04-19T12:30:40Z</time>
			</trkpt>
			<trkpt lat="47.35164373360051" lon="19.070917241755588">
				<ele>99.91132761817425</ele>
				<time>2026-04-19T12:30:42Z</time>
			</trkpt>
			<trkpt lat="47.35167765166793" lon="19.07091449618846">
				<ele>100.1989046735689</ele>
				<time>2026-04-19T12:30:45Z</time>
			</trkpt>
			<trkpt lat="47.35168847037283" lon="19.07091426862748">
				<ele>100.01280352286994</ele>
				<time>2026-04-19T12:30:47Z</time>
			</trkpt>
			<trkpt lat="47.351704458177764" lon="19.07091973225727">
				<ele>100.68319829460233</ele>
				<time>2026-04-19T12:30:49Z</time>
			</trkpt>
			<trkpt lat="47.35171916997144" lon="19.070916764418868">
				<ele>100.43966325931251</ele>
				<time>2026-04-19T12:30:50Z</time>
			</trkpt>
			<trkpt lat="47.35174266923323" lon="19.070920592159073">
				<ele>101.17920972686261</ele>
				<time>2026-04-19T12:30:52Z</time>
			</trkpt>
			<trkpt lat="47.35176677260646" lon="19.07093334253752">
				<ele>102.6698904139921</ele>
				<time>2026-04-19T12:30:55Z</time>
			</trkpt>
			<trkpt lat="47.35178739034332" lon="19.070947411855283">
				<ele>101.48100420832634</ele>
				<time>2026-04-19T12:30:57Z</time>
			</trkpt>
			<trkpt lat="47.351815412501246" lon="19.070953556937333">
				<ele>100.7972287517041</ele>
				<time>2026-04-19T12:30:59Z</time>
			</trkpt>
			<trkpt lat="47.35184197266509" lon="19.070952314219138">
				<ele>100.12215245794505</ele>
				<time>2026-04-19T12:31:01Z</time>
			</trkpt>
			<trkpt lat="47.351854039251236" lon="19.070960047818996">
				<ele>100.01726583857089</ele>
				<time>2026-04-19T12:31:02Z</time>
			</trkpt>
			<trkpt lat="47.35188886316125" lon="19.070960532331615">
				<ele>99.55542532540858</ele>
				<time>2026-04-19T12:31:05Z</time>
			</trkpt>
			<trkpt lat="47.35191369635365" lon="19.07096166368864">
				<ele>99.60392197873443</ele>
				<time>2026-04-19T12:31:07Z</time>
			</trkpt>
			<trkpt lat="47.351941154326816" lon="19.07096372037363">
				<ele>98.78889807779342</ele>
				<time>2026-04-19T12:31:09Z</time>
			</trkpt>
			<trkpt lat="47.35196847159468" lon="19.070969947980494">
				<ele>98.77145179640502</ele>
				<time>2026-04-19T12:31:11Z</time>
			</trkpt>
			<trkpt lat="47.35201520598961" lon="19.07097573963959">
				<ele>99.37965079210699</ele>
				<time>2026-04-19T12:31:15Z</time>
			</trkpt>
			<trkpt lat="47.352033054264915" lon="19.070993376222454">
				<ele>99.365628647618</ele>
				<time>2026-04-19T12:31:17Z</time>
			</trkpt>
			<trkpt lat="47.35205787330898" lon="19.07100491969002">
				<ele>99.29040213208646</ele>
				<time>2026-04-19T12:31:20Z</time>
			</trkpt>
			<trkpt lat="47.35206802285426" lon="19.07101494440942">
				<ele>99.34667362459004</ele>
				<time>2026-04-19T12:31:21Z</time>
			</trkpt>
			<trkpt lat="47.35209457482007" lon="19.071033232489853">
				<ele>99.46286522038281</ele>
				<time>2026-04-19T12:31:24Z</time>
			</trkpt>
			<trkpt lat="47.35211002871941" lon="19.071053917397997">
				<ele>99.48662100173533</ele>
				<time>2026-04-19T12:31:26Z</time>
			</trkpt>
			<trkpt lat="47.35212219812651" lon="19.071054825408044">
				<ele>99.39200212433934</ele>
				<time>2026-04-19T12:31:27Z</time>
			</trkpt>
			<trkpt lat="47.35214679219629" lon="19.071054927346815">
				<ele>99.80901662819088</ele>
				<time>2026-04-19T12:31:29Z</time>
			</trkpt>
			<trkpt lat="47.352176996186756" lon="19.07106376957684">
				<ele>99.19910335261375</ele>
				<time>2026-04-19T12:31:32Z</time>
			</trkpt>
			<trkpt lat="47.352200305941096" lon="19.07108393180576">
				<ele>99.03159543313086</ele>
				<time>2026-04-19T12:31:35Z</time>
			</trkpt>
			<trkpt lat="47.35222743591011" lon="19.071095168809062">
				<ele>98.73776452057064</ele>
				<time>2026-04-19T12:31:38Z</time>
			</trkpt>
			<trkpt lat="47.35222647053271" lon="19.071105745294993">
				<ele>100.06302397791296</ele>
				<time>2026-04-19T12:31:40Z</time>
			</trkpt>
			<trkpt lat="47.352238052533366" lon="19.07111585831602">
				<ele>99.58780027739704</ele>
				<time>2026-04-19T12:31:42Z</time>
			</trkpt>
			<trkpt lat="47.35225055047796" lon="19.07112202452062">
				<ele>99.7313185967505</ele>
				<time>2026-04-19T12:31:44Z</time>
			</trkpt>
			<trkpt lat="47.35226114072854" lon="19.071124416683734">
				<ele>99.62151443772018</ele>
				<time>2026-04-19T12:31:46Z</time>
			</trkpt>
			<trkpt lat="47.35228803663674" lon="19.071126741295732">
				<ele>98.21677230391651</ele>
				<time>2026-04-19T12:31:49Z</time>
			</trkpt>
			<trkpt lat="47.35230853054621" lon="19.071136756510644">
				<ele>97.40775889344513</ele>
				<time>2026-04-19T12:31:50Z</time>
			</trkpt>
			<trkpt lat="47.35234762530737" lon="19.07114866712666">
				<ele>97.33519136719406</ele>
				<time>2026-04-19T12:31:53Z</time>
			</trkpt>
			<trkpt lat="47.35237008592988" lon="19.07116150928859">
				<ele>98.53242587577552</ele>
				<time>2026-04-19T12:31:57Z</time>
			</trkpt>
			<trkpt lat="47.35237516971398" lon="19.071164317509037">
				<ele>98.0788355320692</ele>
				<time>2026-04-19T12:31:59Z</time>
			</trkpt>
			<trkpt lat="47.35238428577243" lon="19.071165181184718">
				<ele>98.23853973764926</ele>
				<time>2026-04-19T12:32:01Z</time>
			</trkpt>
			<trkpt lat="47.352397132255234" lon="19.07116469982282">
				<ele>98.40649282746017</ele>
				<time>2026-04-19T12:32:03Z</time>
			</trkpt>
			<trkpt lat="47.35242706855603" lon="19.071162344252635">
				<ele>98.46412510424852</ele>
				<time>2026-04-19T12:32:06Z</time>
			</trkpt>
			<trkpt lat="47.352458278364686" lon="19.071158825416607">
				<ele>97.31861464027315</ele>
				<time>2026-04-19T12:32:09Z</time>
			</trkpt>
			<trkpt lat="47.35247603123415" lon="19.071163159013196">
				<ele>97.63311157096177</ele>
				<time>2026-04-19T12:32:12Z</time>
			</trkpt>
			<trkpt lat="47.352488907189496" lon="19.07117118197133">
				<ele>97.91403258405626</ele>
				<time>2026-04-19T12:32:15Z</time>
			</trkpt>
			<trkpt lat="47.35250521508451" lon="19.071180414534204">
				<ele>98.3090220503509</ele>
				<time>2026-04-19T12:32:19Z</time>
			</trkpt>
			<trkpt lat="47.35252259423063" lon="19.071190686739513">
				<ele>99.5508768511936</ele>
				<time>2026-04-19T12:32:23Z</time>
			</trkpt>
			<trkpt lat="47.35254485737751" lon="19.07119267049997">
				<ele>99.11863348260522</ele>
				<time>2026-04-19T12:32:28Z</time>
			</trkpt>
			<trkpt lat="47.35256906178996" lon="19.071191474356404">
				<ele>98.48216494265944</ele>
				<time>2026-04-19T12:32:32Z</time>
			</trkpt>
			<trkpt lat="47.35259015234522" lon="19.0711873898265">
				<ele>98.90226022712886</ele>
				<time>2026-04-19T12:32:36Z</time>
			</trkpt>
			<trkpt lat="47.35261582025317" lon="19.071182521954928">
				<ele>99.49623327702284</ele>
				<time>2026-04-19T12:32:42Z</time>
			</trkpt>
			<trkpt lat="47.352638757795965" lon="19.07118329396428">
				<ele>100.00609020609409</ele>
				<time>2026-04-19T12:32:48Z</time>
			</trkpt>
			<trkpt lat="47.35266909398541" lon="19.0711852583066">
				<ele>99.9096121089533</ele>
				<time>2026-04-19T12:33:03Z</time>
			</trkpt>
			<trkpt lat="47.35268349424382" lon="19.071187084965807">
				<ele>100.19010050594807</ele>
				<time>2026-04-19T12:33:09Z</time>
			</trkpt>
			<trkpt lat="47.352701381181895" lon="19.071197347304338">
				<ele>99.79248462524265</ele>
				<time>2026-04-19T12:33:19Z</time>
			</trkpt>
			<trkpt lat="47.35271395894812" lon="19.071205971741996">
				<ele>99.895722867921</ele>
				<time>2026-04-19T12:33:26Z</time>
			</trkpt>
			<trkpt lat="47.352728233645564" lon="19.07121022885125">
				<ele>100.09305498935282</ele>
				<time>2026-04-19T12:33:34Z</time>
			</trkpt>
			<trkpt lat="47.35274422405763" lon="19.07120475140532">
				<ele>99.56889311596751</ele>
				<time>2026-04-19T12:33:40Z</time>
			</trkpt>
			<trkpt lat="47.352736253556905" lon="19.071222294313852">
				<ele>100.85958390682936</ele>
				<time>2026-04-19T12:34:01Z</time>
			</trkpt>
			<trkpt lat="47.35274847689899" lon="19.07123360925162">
				<ele>100.01547913532704</ele>
				<time>2026-04-19T12:34:09Z</time>
			</trkpt>
			<trkpt lat="47.35275881911449" lon="19.071246004879498">
				<ele>100.4314293526113</ele>
				<time>2026-04-19T12:34:12Z</time>
			</trkpt>
			<trkpt lat="47.352772330273034" lon="19.071257400361507">
				<ele>99.87975835427642</ele>
				<time>2026-04-19T12:34:15Z</time>
			</trkpt>
			<trkpt lat="47.35278651638623" lon="19.07127063984279">
				<ele>99.28243867028505</ele>
				<time>2026-04-19T12:34:18Z</time>
			</trkpt>
			<trkpt lat="47.35279588011717" lon="19.071281972113905">
				<ele>99.46752442978323</ele>
				<time>2026-04-19T12:34:19Z</time>
			</trkpt>
			<trkpt lat="47.352815516087134" lon="19.071304314939873">
				<ele>100.2291433410719</ele>
				<time>2026-04-19T12:34:21Z</time>
			</trkpt>
			<trkpt lat="47.352850003521624" lon="19.071335832549323">
				<ele>99.53997191693634</ele>
				<time>2026-04-19T12:34:24Z</time>
			</trkpt>
			<trkpt lat="47.35287318590115" lon="19.071355511605027">
				<ele>99.44038689136505</ele>
				<time>2026-04-19T12:34:26Z</time>
			</trkpt>
			<trkpt lat="47.352892448874414" lon="19.07137353007933">
				<ele>99.13244920782745</ele>
				<time>2026-04-19T12:34:29Z</time>
			</trkpt>
			<trkpt lat="47.35291391700491" lon="19.071386826245117">
				<ele>99.07865037210286</ele>
				<time>2026-04-19T12:34:31Z</time>
			</trkpt>
			<trkpt lat="47.352948326684064" lon="19.071410650537818">
				<ele>98.76379252318293</ele>
				<time>2026-04-19T12:34:34Z</time>
			</trkpt>
			<trkpt lat="47.35297666339295" lon="19.071415016399236">
				<ele>97.85355624370277</ele>
				<time>2026-04-19T12:34:37Z</time>
			</trkpt>
			<trkpt lat="47.35299906440532" lon="19.071419620928303">
				<ele>98.78125961590558</ele>
				<time>2026-04-19T12:34:39Z</time>
			</trkpt>
			<trkpt lat="47.35303029274844" lon="19.07142155111845">
				<ele>97.74588676448911</ele>
				<time>2026-04-19T12:34:42Z</time>
			</trkpt>
			<trkpt lat="47.35304362398171" lon="19.071420933943337">
				<ele>98.35382827557623</ele>
				<time>2026-04-19T12:34:44Z</time>
			</trkpt>
			<trkpt lat="47.35306632995083" lon="19.071428235630485">
				<ele>98.14645323995501</ele>
				<time>2026-04-19T12:34:46Z</time>
			</trkpt>
			<trkpt lat="47.35310354006954" lon="19.07144236341322">
				<ele>98.6569662541151</ele>
				<time>2026-04-19T12:34:49Z</time>
			</trkpt>
			<trkpt lat="47.353128849121816" lon="19.071449899050616">
				<ele>99.0098404539749</ele>
				<time>2026-04-19T12:34:51Z</time>
			</trkpt>
			<trkpt lat="47.35315338778029" lon="19.07145812828374">
				<ele>99.05866295658052</ele>
				<time>2026-04-19T12:34:53Z</time>
			</trkpt>
			<trkpt lat="47.35317667264741" lon="19.07147348524483">
				<ele>98.99976796936244</ele>
				<time>2026-04-19T12:34:55Z</time>
			</trkpt>
			<trkpt lat="47.35319317167536" lon="19.071477284838082">
				<ele>98.86809689737856</ele>
				<time>2026-04-19T12:34:57Z</time>
			</trkpt>
			<trkpt lat="47.353214834774754" lon="19.071482506429987">
				<ele>98.83674406073987</ele>
				<time>2026-04-19T12:34:59Z</time>
			</trkpt>
			<trkpt lat="47.353227947668024" lon="19.071496504149888">
				<ele>99.64865251351148</ele>
				<time>2026-04-19T12:35:01Z</time>
			</trkpt>
			<trkpt lat="47.353238910278534" lon="19.07150335200758">
				<ele>100.2022949680686</ele>
				<time>2026-04-19T12:35:03Z</time>
			</trkpt>
			<trkpt lat="47.35325699404189" lon="19.07151867800526">
				<ele>99.72685573063791</ele>
				<time>2026-04-19T12:35:05Z</time>
			</trkpt>
			<trkpt lat="47.35328448205091" lon="19.071537726089844">
				<ele>100.24276580289006</ele>
				<time>2026-04-19T12:35:07Z</time>
			</trkpt>
			<trkpt lat="47.35330785627787" lon="19.071549371331894">
				<ele>100.28266708459705</ele>
				<time>2026-04-19T12:35:10Z</time>
			</trkpt>
			<trkpt lat="47.353319863124334" lon="19.071564909454054">
				<ele>100.51402295939624</ele>
				<time>2026-04-19T12:35:13Z</time>
			</trkpt>
			<trkpt lat="47.35333275662373" lon="19.071577207130954">
				<ele>100.259955518879</ele>
				<time>2026-04-19T12:35:15Z</time>
			</trkpt>
			<trkpt lat="47.35337285462698" lon="19.071601490660328">
				<ele>99.46494758315384</ele>
				<time>2026-04-19T12:35:19Z</time>
			</trkpt>
			<trkpt lat="47.35339774279997" lon="19.0716154273424">
				<ele>99.60338448174298</ele>
				<time>2026-04-19T12:35:22Z</time>
			</trkpt>
			<trkpt lat="47.353412181278856" lon="19.071615445809705">
				<ele>99.9119915748015</ele>
				<time>2026-04-19T12:35:24Z</time>
			</trkpt>
			<trkpt lat="47.353428847512085" lon="19.071619139218022">
				<ele>99.48360467050225</ele>
				<time>2026-04-19T12:35:25Z</time>
			</trkpt>
			<trkpt lat="47.35345272023124" lon="19.07163376228822">
				<ele>100.1712267966941</ele>
				<time>2026-04-19T12:35:27Z</time>
			</trkpt>
			<trkpt lat="47.353470847952394" lon="19.07164570581757">
				<ele>99.89465132821351</ele>
				<time>2026-04-19T12:35:29Z</time>
			</trkpt>
			<trkpt lat="47.35349310960406" lon="19.071662514217177">
				<ele>100.27139699924737</ele>
				<time>2026-04-19T12:35:32Z</time>
			</trkpt>
			<trkpt lat="47.35351252147446" lon="19.071680592873705">
				<ele>99.17754201497883</ele>
				<time>2026-04-19T12:35:35Z</time>
			</trkpt>
			<trkpt lat="47.35353213019156" lon="19.07169906964928">
				<ele>98.7750536184758</ele>
				<time>2026-04-19T12:35:38Z</time>
			</trkpt>
			<trkpt lat="47.35354534691251" lon="19.071714122986624">
				<ele>98.39919613767415</ele>
				<time>2026-04-19T12:35:40Z</time>
			</trkpt>
			<trkpt lat="47.353560271687684" lon="19.071729677753225">
				<ele>98.62493254244328</ele>
				<time>2026-04-19T12:35:42Z</time>
			</trkpt>
			<trkpt lat="47.35357777955168" lon="19.071744451085628">
				<ele>99.14290969166905</ele>
				<time>2026-04-19T12:35:44Z</time>
			</trkpt>
			<trkpt lat="47.35359455224902" lon="19.07175715690654">
				<ele>98.31358417868614</ele>
				<time>2026-04-19T12:35:46Z</time>
			</trkpt>
			<trkpt lat="47.35362498651517" lon="19.071776772399183">
				<ele>100.18298299144953</ele>
				<time>2026-04-19T12:35:48Z</time>
			</trkpt>
			<trkpt lat="47.35366379825455" lon="19.071797830929132">
				<ele>99.80428687110543</ele>
				<time>2026-04-19T12:35:50Z</time>
			</trkpt>
			<trkpt lat="47.3537026440258" lon="19.071808972364227">
				<ele>100.21464916318655</ele>
				<time>2026-04-19T12:35:52Z</time>
			</trkpt>
			<trkpt lat="47.35373329042163" lon="19.071815321954293">
				<ele>99.87848366517574</ele>
				<time>2026-04-19T12:35:54Z</time>
			</trkpt>
			<trkpt lat="47.353759367758805" lon="19.071824823459647">
				<ele>100.05240319203585</ele>
				<time>2026-04-19T12:35:56Z</time>
			</trkpt>
			<trkpt lat="47.353776034574736" lon="19.071842716153693">
				<ele>99.18600853346288</ele>
				<time>2026-04-19T12:35:59Z</time>
			</trkpt>
			<trkpt lat="47.3537900919421" lon="19.071854191938847">
				<ele>97.5840665558353</ele>
				<time>2026-04-19T12:36:01Z</time>
			</trkpt>
			<trkpt lat="47.35381156411803" lon="19.071870912489892">
				<ele>98.05555851943791</ele>
				<time>2026-04-19T12:36:03Z</time>
			</trkpt>
			<trkpt lat="47.35382614481927" lon="19.0718716113368">
				<ele>97.7851292276755</ele>
				<time>2026-04-19T12:36:04Z</time>
			</trkpt>
			<trkpt lat="47.35384571691888" lon="19.07188300850539">
				<ele>98.13674139231443</ele>
				<time>2026-04-19T12:36:05Z</time>
			</trkpt>
			<trkpt lat="47.35388566129283" lon="19.071920624746923">
				<ele>97.89744399115443</ele>
				<time>2026-04-19T12:36:09Z</time>
			</trkpt>
			<trkpt lat="47.3539084307495" lon="19.07193541076217">
				<ele>99.00001566112041</ele>
				<time>2026-04-19T12:36:11Z</time>
			</trkpt>
			<trkpt lat="47.353933190203996" lon="19.071948060497576">
				<ele>99.81886430829763</ele>
				<time>2026-04-19T12:36:13Z</time>
			</trkpt>
			<trkpt lat="47.353942006557325" lon="19.07196221984694">
				<ele>99.70382203161716</ele>
				<time>2026-04-19T12:36:14Z</time>
			</trkpt>
			<trkpt lat="47.3539609829563" lon="19.071978604818945">
				<ele>98.90957915689796</ele>
				<time>2026-04-19T12:36:16Z</time>
			</trkpt>
			<trkpt lat="47.35397985741033" lon="19.07200079823679">
				<ele>99.66102225985378</ele>
				<time>2026-04-19T12:36:18Z</time>
			</trkpt>
			<trkpt lat="47.3540124664658" lon="19.072013467351336">
				<ele>98.94957102742046</ele>
				<time>2026-04-19T12:36:21Z</time>
			</trkpt>
			<trkpt lat="47.35402343671555" lon="19.072020348443882">
				<ele>99.44136352092028</ele>
				<time>2026-04-19T12:36:22Z</time>
			</trkpt>
			<trkpt lat="47.35403654660582" lon="19.072028695951452">
				<ele>99.42092779930681</ele>
				<time>2026-04-19T12:36:24Z</time>
			</trkpt>
			<trkpt lat="47.35405383575341" lon="19.072039390507413">
				<ele>99.28762837313116</ele>
				<time>2026-04-19T12:36:26Z</time>
			</trkpt>
			<trkpt lat="47.35407563247202" lon="19.07205265494934">
				<ele>99.01100589521229</ele>
				<time>2026-04-19T12:36:28Z</time>
			</trkpt>
			<trkpt lat="47.35409419477409" lon="19.072075964720117">
				<ele>98.84628266654909</ele>
				<time>2026-04-19T12:36:30Z</time>
			</trkpt>
			<trkpt lat="47.35411390030692" lon="19.072097700654155">
				<ele>99.06590515282005</ele>
				<time>2026-04-19T12:36:32Z</time>
			</trkpt>
			<trkpt lat="47.354142228836274" lon="19.072121290080045">
				<ele>98.47751450445503</ele>
				<time>2026-04-19T12:36:35Z</time>
			</trkpt>
			<trkpt lat="47.3541678488655" lon="19.07213475316145">
				<ele>98.16481771785766</ele>
				<time>2026-04-19T12:36:38Z</time>
			</trkpt>
			<trkpt lat="47.354177942927265" lon="19.072138462413463">
				<ele>97.73642253037542</ele>
				<time>2026-04-19T12:36:40Z</time>
			</trkpt>
			<trkpt lat="47.354186746951534" lon="19.072140525851417">
				<ele>98.29338626284152</ele>
				<time>2026-04-19T12:36:42Z</time>
			</trkpt>
			<trkpt lat="47.354202230958315" lon="19.0721406182575">
				<ele>98.3034286070615</ele>
				<time>2026-04-19T12:36:43Z</time>
			</trkpt>
			<trkpt lat="47.35422808263092" lon="19.072156473919353">
				<ele>99.593241433613</ele>
				<time>2026-04-19T12:36:45Z</time>
			</trkpt>
			<trkpt lat="47.354252831062674" lon="19.072172787331553">
				<ele>99.26802831608802</ele>
				<time>2026-04-19T12:36:47Z</time>
			</trkpt>
			<trkpt lat="47.3542690785711" lon="19.072177489501506">
				<ele>99.46646690927446</ele>
				<time>2026-04-19T12:36:49Z</time>
			</trkpt>
			<trkpt lat="47.354282604210454" lon="19.072180395849973">
				<ele>98.52656354010105</ele>
				<time>2026-04-19T12:36:51Z</time>
			</trkpt>
			<trkpt lat="47.3542982895949" lon="19.072181971106257">
				<ele>99.12824306637049</ele>
				<time>2026-04-19T12:36:53Z</time>
			</trkpt>
			<trkpt lat="47.35431375030247" lon="19.072187312148394">
				<ele>100.05470470432192</ele>
				<time>2026-04-19T12:36:55Z</time>
			</trkpt>
			<trkpt lat="47.35433121626546" lon="19.07219359430942">
				<ele>99.1232067104429</ele>
				<time>2026-04-19T12:36:57Z</time>
			</trkpt>
			<trkpt lat="47.35436036322532" lon="19.072208090880643">
				<ele>98.41865795198828</ele>
				<time>2026-04-19T12:36:59Z</time>
			</trkpt>
			<trkpt lat="47.354402200078745" lon="19.072242143054687">
				<ele>98.83972411323339</ele>
				<time>2026-04-19T12:37:02Z</time>
			</trkpt>
			<trkpt lat="47.35442982630893" lon="19.072267329134228">
				<ele>97.9192253081128</ele>
				<time>2026-04-19T12:37:04Z</time>
			</trkpt>
			<trkpt lat="47.354463136436664" lon="19.072282541966576">
				<ele>98.99965565185994</ele>
				<time>2026-04-19T12:37:06Z</time>
			</trkpt>
			<trkpt lat="47.354489167682935" lon="19.07229594751559">
				<ele>99.08671450708061</ele>
				<time>2026-04-19T12:37:08Z</time>
			</trkpt>
			<trkpt lat="47.3545164062087" lon="19.07230846714509">
				<ele>99.24661470856518</ele>
				<time>2026-04-19T12:37:10Z</time>
			</trkpt>
			<trkpt lat="47.35454709110952" lon="19.07232473005498">
				<ele>99.92248481884599</ele>
				<time>2026-04-19T12:37:12Z</time>
			</trkpt>
			<trkpt lat="47.35456472002424" lon="19.072348934721855">
				<ele>99.62164839077741</ele>
				<time>2026-04-19T12:37:15Z</time>
			</trkpt>
			<trkpt lat="47.35457916159831" lon="19.072373226277744">
				<ele>99.3176752505824</ele>
				<time>2026-04-19T12:37:17Z</time>
			</trkpt>
			<trkpt lat="47.35459569293432" lon="19.07238064615415">
				<ele>98.87738424167037</ele>
				<time>2026-04-19T12:37:18Z</time>
			</trkpt>
			<trkpt lat="47.35462068747597" lon="19.072395574073226">
				<ele>98.47110227681696</ele>
				<time>2026-04-19T12:37:20Z</time>
			</trkpt>
			<trkpt lat="47.354641768643766" lon="19.072417290755325">
				<ele>98.24250331986696</ele>
				<time>2026-04-19T12:37:22Z</time>
			</trkpt>
			<trkpt lat="47.354666791433466" lon="19.07243777557093">
				<ele>98.35952848754823</ele>
				<time>2026-04-19T12:37:25Z</time>
			</trkpt>
			<trkpt lat="47.354684970402054" lon="19.072444174243255">
				<ele>97.91845688130707</ele>
				<time>2026-04-19T12:37:27Z</time>
			</trkpt>
			<trkpt lat="47.35470670216822" lon="19.072451192359296">
				<ele>97.93666471913457</ele>
				<time>2026-04-19T12:37:29Z</time>
			</trkpt>
			<trkpt lat="47.35472535810827" lon="19.07245970571643">
				<ele>99.23576827440411</ele>
				<time>2026-04-19T12:37:31Z</time>
			</trkpt>
			<trkpt lat="47.35473816292798" lon="19.072463668797464">
				<ele>99.03095180448145</ele>
				<time>2026-04-19T12:37:32Z</time>
			</trkpt>
			<trkpt lat="47.35476484666114" lon="19.072487894032285">
				<ele>99.28490649163723</ele>
				<time>2026-04-19T12:37:34Z</time>
			</trkpt>
			<trkpt lat="47.3547963488059" lon="19.07251014244037">
				<ele>97.94547482021153</ele>
				<time>2026-04-19T12:37:36Z</time>
			</trkpt>
			<trkpt lat="47.35483962286661" lon="19.07253060109547">
				<ele>98.23074229806662</ele>
				<time>2026-04-19T12:37:40Z</time>
			</trkpt>
			<trkpt lat="47.35484600174032" lon="19.07254272799948">
				<ele>98.08527459949255</ele>
				<time>2026-04-19T12:37:41Z</time>
			</trkpt>
			<trkpt lat="47.35485902386708" lon="19.072561017201995">
				<ele>97.3661692859605</ele>
				<time>2026-04-19T12:37:44Z</time>
			</trkpt>
			<trkpt lat="47.354872700569665" lon="19.072575651134205">
				<ele>97.10656073689461</ele>
				<time>2026-04-19T12:37:46Z</time>
			</trkpt>
			<trkpt lat="47.35490631208289" lon="19.07259667306909">
				<ele>97.87485239841044</ele>
				<time>2026-04-19T12:37:49Z</time>
			</trkpt>
			<trkpt lat="47.35492680520749" lon="19.072613766229125">
				<ele>98.91572634503245</ele>
				<time>2026-04-19T12:37:51Z</time>
			</trkpt>
			<trkpt lat="47.35493752501111" lon="19.072627142745663">
				<ele>98.90653195232153</ele>
				<time>2026-04-19T12:37:53Z</time>
			</trkpt>
			<trkpt lat="47.35494553575491" lon="19.072639375141268">
				<ele>99.69918100722134</ele>
				<time>2026-04-19T12:37:55Z</time>
			</trkpt>
			<trkpt lat="47.35497120727212" lon="19.07265713650749">
				<ele>99.73265279456973</ele>
				<time>2026-04-19T12:37:57Z</time>
			</trkpt>
			<trkpt lat="47.35500032493779" lon="19.072680635639724">
				<ele>98.43803552072495</ele>
				<time>2026-04-19T12:37:59Z</time>
			</trkpt>
			<trkpt lat="47.35502103026895" lon="19.072700730426636">
				<ele>98.46324757672846</ele>
				<time>2026-04-19T12:38:02Z</time>
			</trkpt>
			<trkpt lat="47.35503093932557" lon="19.072710358327267">
				<ele>98.41417949460447</ele>
				<time>2026-04-19T12:38:04Z</time>
			</trkpt>
			<trkpt lat="47.35504239164655" lon="19.07271975532851">
				<ele>98.0873996661976</ele>
				<time>2026-04-19T12:38:06Z</time>
			</trkpt>
			<trkpt lat="47.35506505953267" lon="19.072730838045718">
				<ele>98.16590347141027</ele>
				<time>2026-04-19T12:38:08Z</time>
			</trkpt>
			<trkpt lat="47.35509189661183" lon="19.07274339539662">
				<ele>97.85140602197498</ele>
				<time>2026-04-19T12:38:10Z</time>
			</trkpt>
			<trkpt lat="47.355120771295205" lon="19.072757301759538">
				<ele>97.85088255722076</ele>
				<time>2026-04-19T12:38:12Z</time>
			</trkpt>
			<trkpt lat="47.35514534249158" lon="19.07276875957357">
				<ele>98.00404750090092</ele>
				<time>2026-04-19T12:38:14Z</time>
			</trkpt>
			<trkpt lat="47.355168540775196" lon="19.072774449899896">
				<ele>97.54545415192842</ele>
				<time>2026-04-19T12:38:16Z</time>
			</trkpt>
			<trkpt lat="47.35519551535796" lon="19.072779617304107">
				<ele>97.94938351213932</ele>
				<time>2026-04-19T12:38:18Z</time>
			</trkpt>
			<trkpt lat="47.35522049599561" lon="19.072781188700898">
				<ele>97.61741006374359</ele>
				<time>2026-04-19T12:38:19Z</time>
			</trkpt>
			<trkpt lat="47.3552452307793" lon="19.072774041168678">
				<ele>97.18749175406992</ele>
				<time>2026-04-19T12:38:21Z</time>
			</trkpt>
			<trkpt lat="47.355260072794295" lon="19.072773097007385">
				<ele>97.4760844828561</ele>
				<time>2026-04-19T12:38:23Z</time>
			</trkpt>
			<trkpt lat="47.355283334488945" lon="19.07277575162139">
				<ele>97.56291903741658</ele>
				<time>2026-04-19T12:38:25Z</time>
			</trkpt>
			<trkpt lat="47.35531398752155" lon="19.072771362101278">
				<ele>97.21095590945333</ele>
				<time>2026-04-19T12:38:27Z</time>
			</trkpt>
			<trkpt lat="47.35536123519184" lon="19.072761179585125">
				<ele>98.87560647446662</ele>
				<time>2026-04-19T12:38:30Z</time>
			</trkpt>
			<trkpt lat="47.355388403615066" lon="19.072757132356788">
				<ele>99.00170208793133</ele>
				<time>2026-04-19T12:38:32Z</time>
			</trkpt>
			<trkpt lat="47.35541009855492" lon="19.072755623041605">
				<ele>98.28381191752851</ele>
				<time>2026-04-19T12:38:35Z</time>
			</trkpt>
			<trkpt lat="47.35541894846145" lon="19.072752989798285">
				<ele>98.41844482999295</ele>
				<time>2026-04-19T12:38:37Z</time>
			</trkpt>
			<trkpt lat="47.35543287429821" lon="19.072752509249824">
				<ele>98.18418926466256</ele>
				<time>2026-04-19T12:38:40Z</time>
			</trkpt>
			<trkpt lat="47.35545023530565" lon="19.07275089475083">
				<ele>98.06902358680964</ele>
				<time>2026-04-19T12:38:43Z</time>
			</trkpt>
			<trkpt lat="47.35546845932572" lon="19.072748187095797">
				<ele>97.88230182882398</ele>
				<time>2026-04-19T12:38:46Z</time>
			</trkpt>
			<trkpt lat="47.3554876634514" lon="19.072742191112447">
				<ele>98.2974789654836</ele>
				<time>2026-04-19T12:38:49Z</time>
			</trkpt>
			<trkpt lat="47.355517633077426" lon="19.07273785291319">
				<ele>98.56760122533888</ele>
				<time>2026-04-19T12:38:51Z</time>
			</trkpt>
			<trkpt lat="47.3555521025956" lon="19.072729104664024">
				<ele>98.54419784806669</ele>
				<time>2026-04-19T12:38:55Z</time>
			</trkpt>
			<trkpt lat="47.35556591170341" lon="19.07272179703507">
				<ele>98.97632904630154</ele>
				<time>2026-04-19T12:38:57Z</time>
			</trkpt>
			<trkpt lat="47.35558815104046" lon="19.072724414067338">
				<ele>99.16274067386985</ele>
				<time>2026-04-19T12:38:59Z</time>
			</trkpt>
			<trkpt lat="47.355615349044484" lon="19.07272247971661">
				<ele>100.123212242499</ele>
				<time>2026-04-19T12:39:01Z</time>
			</trkpt>
			<trkpt lat="47.35563392600616" lon="19.07271789814922">
				<ele>99.30743184220046</ele>
				<time>2026-04-19T12:39:03Z</time>
			</trkpt>
			<trkpt lat="47.35564611576173" lon="19.072715637742355">
				<ele>99.01582846511155</ele>
				<time>2026-04-19T12:39:05Z</time>
			</trkpt>
			<trkpt lat="47.35567260583762" lon="19.07271953857936">
				<ele>98.30840953346342</ele>
				<time>2026-04-19T12:39:08Z</time>
			</trkpt>
			<trkpt lat="47.35569158824059" lon="19.07272142318747">
				<ele>98.40528040193021</ele>
				<time>2026-04-19T12:39:10Z</time>
			</trkpt>
			<trkpt lat="47.35572457706071" lon="19.072728683073393">
				<ele>98.00065105315298</ele>
				<time>2026-04-19T12:39:13Z</time>
			</trkpt>
			<trkpt lat="47.3557538976587" lon="19.072741711672506">
				<ele>99.30724052060395</ele>
				<time>2026-04-19T12:39:15Z</time>
			</trkpt>
			<trkpt lat="47.35577995288025" lon="19.07274979782237">
				<ele>98.58013070840389</ele>
				<time>2026-04-19T12:39:17Z</time>
			</trkpt>
			<trkpt lat="47.35580577782515" lon="19.07276575928247">
				<ele>98.440947111696</ele>
				<time>2026-04-19T12:39:19Z</time>
			</trkpt>
			<trkpt lat="47.35583908892429" lon="19.072791977419225">
				<ele>98.8066029259935</ele>
				<time>2026-04-19T12:39:22Z</time>
			</trkpt>
			<trkpt lat="47.35585735823859" lon="19.0728130365221">
				<ele>99.187629644759</ele>
				<time>2026-04-19T12:39:24Z</time>
			</trkpt>
			<trkpt lat="47.355875686789076" lon="19.07284888872996">
				<ele>99.34333321545273</ele>
				<time>2026-04-19T12:39:27Z</time>
			</trkpt>
			<trkpt lat="47.3558947882851" lon="19.07286432613466">
				<ele>98.94191102311015</ele>
				<time>2026-04-19T12:39:29Z</time>
			</trkpt>
			<trkpt lat="47.355918919095885" lon="19.072881625914878">
				<ele>99.8849111488089</ele>
				<time>2026-04-19T12:39:31Z</time>
			</trkpt>
			<trkpt lat="47.3559421114638" lon="19.072897386144124">
				<ele>98.74311368446797</ele>
				<time>2026-04-19T12:39:33Z</time>
			</trkpt>
			<trkpt lat="47.35596400819615" lon="19.07291532997263">
				<ele>99.30254428740591</ele>
				<time>2026-04-19T12:39:35Z</time>
			</trkpt>
			<trkpt lat="47.35597330127431" lon="19.07292953094461">
				<ele>99.1460292302072</ele>
				<time>2026-04-19T12:39:37Z</time>
			</trkpt>
			<trkpt lat="47.35598864288801" lon="19.07294222523562">
				<ele>98.50989613495767</ele>
				<time>2026-04-19T12:39:39Z</time>
			</trkpt>
			<trkpt lat="47.356004328534404" lon="19.072963710039833">
				<ele>98.26397382002324</ele>
				<time>2026-04-19T12:39:42Z</time>
			</trkpt>
			<trkpt lat="47.35601072392966" lon="19.07298051251825">
				<ele>98.30710237193853</ele>
				<time>2026-04-19T12:39:44Z</time>
			</trkpt>
			<trkpt lat="47.356028664011106" lon="19.073003046787907">
				<ele>98.87745241820812</ele>
				<time>2026-04-19T12:39:46Z</time>
			</trkpt>
			<trkpt lat="47.35605023313273" lon="19.07302564423736">
				<ele>98.68389477953315</ele>
				<time>2026-04-19T12:39:49Z</time>
			</trkpt>
			<trkpt lat="47.35607066619767" lon="19.07303945555911">
				<ele>98.8141113659367</ele>
				<time>2026-04-19T12:39:50Z</time>
			</trkpt>
			<trkpt lat="47.35609172360652" lon="19.07306298433707">
				<ele>98.9922114321962</ele>
				<time>2026-04-19T12:39:53Z</time>
			</trkpt>
			<trkpt lat="47.35610745634123" lon="19.073072367562535">
				<ele>98.57944499794394</ele>
				<time>2026-04-19T12:39:54Z</time>
			</trkpt>
			<trkpt lat="47.3561285399988" lon="19.073092404416737">
				<ele>98.09534323215485</ele>
				<time>2026-04-19T12:39:57Z</time>
			</trkpt>
			<trkpt lat="47.356152052302065" lon="19.073119604216636">
				<ele>98.30081614479423</ele>
				<time>2026-04-19T12:39:59Z</time>
			</trkpt>
			<trkpt lat="47.356170522794606" lon="19.0731502261007">
				<ele>98.359774293378</ele>
				<time>2026-04-19T12:40:00Z</time>
			</trkpt>
			<trkpt lat="47.35618014814811" lon="19.07316798750152">
				<ele>97.7263382608071</ele>
				<time>2026-04-19T12:40:03Z</time>
			</trkpt>
			<trkpt lat="47.356195799573754" lon="19.073188463159045">
				<ele>97.26812115404755</ele>
				<time>2026-04-19T12:40:05Z</time>
			</trkpt>
			<trkpt lat="47.35621641083851" lon="19.073217783109886">
				<ele>97.86074375081807</ele>
				<time>2026-04-19T12:40:07Z</time>
			</trkpt>
			<trkpt lat="47.35624042212841" lon="19.073249281341358">
				<ele>98.69955845735967</ele>
				<time>2026-04-19T12:40:09Z</time>
			</trkpt>
			<trkpt lat="47.35625838610156" lon="19.073278163117866">
				<ele>99.53112020809203</ele>
				<time>2026-04-19T12:40:11Z</time>
			</trkpt>
			<trkpt lat="47.35627565864185" lon="19.073304670805026">
				<ele>98.67345330026001</ele>
				<time>2026-04-19T12:40:13Z</time>
			</trkpt>
			<trkpt lat="47.35629464766815" lon="19.07333041840963">
				<ele>98.20295629184693</ele>
				<time>2026-04-19T12:40:15Z</time>
			</trkpt>
			<trkpt lat="47.35630747197193" lon="19.073360110099607">
				<ele>98.21889454126358</ele>
				<time>2026-04-19T12:40:17Z</time>
			</trkpt>
			<trkpt lat="47.356316777291106" lon="19.073384845299064">
				<ele>98.0277660926804</ele>
				<time>2026-04-19T12:40:20Z</time>
			</trkpt>
			<trkpt lat="47.356333282312164" lon="19.073412205110067">
				<ele>97.79877311643213</ele>
				<time>2026-04-19T12:40:23Z</time>
			</trkpt>
			<trkpt lat="47.35634920091303" lon="19.073434295144672">
				<ele>97.99070627056062</ele>
				<time>2026-04-19T12:40:26Z</time>
			</trkpt>
			<trkpt lat="47.35636582544639" lon="19.073456676541554">
				<ele>98.25488694477826</ele>
				<time>2026-04-19T12:40:28Z</time>
			</trkpt>
			<trkpt lat="47.35638364601821" lon="19.07348499788374">
				<ele>98.5904232794419</ele>
				<time>2026-04-19T12:40:30Z</time>
			</trkpt>
			<trkpt lat="47.35640376389306" lon="19.073515641798995">
				<ele>98.82183058746159</ele>
				<time>2026-04-19T12:40:32Z</time>
			</trkpt>
			<trkpt lat="47.3564189578214" lon="19.07354944047235">
				<ele>100.50437721796334</ele>
				<time>2026-04-19T12:40:34Z</time>
			</trkpt>
			<trkpt lat="47.35643031129376" lon="19.073569837363024">
				<ele>100.17919965460896</ele>
				<time>2026-04-19T12:40:35Z</time>
			</trkpt>
			<trkpt lat="47.35644992259995" lon="19.073620767799547">
				<ele>101.4790912810713</ele>
				<time>2026-04-19T12:40:38Z</time>
			</trkpt>
			<trkpt lat="47.356458159771975" lon="19.073639183734496">
				<ele>101.36862086970359</ele>
				<time>2026-04-19T12:40:39Z</time>
			</trkpt>
			<trkpt lat="47.35647098221147" lon="19.073670406954417">
				<ele>100.50320367515087</ele>
				<time>2026-04-19T12:40:41Z</time>
			</trkpt>
			<trkpt lat="47.35648434719779" lon="19.07369459279101">
				<ele>100.11237532552332</ele>
				<time>2026-04-19T12:40:43Z</time>
			</trkpt>
			<trkpt lat="47.35649856659995" lon="19.073717808079333">
				<ele>99.67034936882555</ele>
				<time>2026-04-19T12:40:45Z</time>
			</trkpt>
			<trkpt lat="47.35650796088472" lon="19.073735871027296">
				<ele>99.94513645768166</ele>
				<time>2026-04-19T12:40:46Z</time>
			</trkpt>
			<trkpt lat="47.35652332872372" lon="19.073768109976008">
				<ele>100.34827836137265</ele>
				<time>2026-04-19T12:40:48Z</time>
			</trkpt>
			<trkpt lat="47.35653884433698" lon="19.073810547069982">
				<ele>99.2724477481097</ele>
				<time>2026-04-19T12:40:51Z</time>
			</trkpt>
			<trkpt lat="47.35654824514535" lon="19.073836335144406">
				<ele>99.78987069893628</ele>
				<time>2026-04-19T12:40:53Z</time>
			</trkpt>
			<trkpt lat="47.356557019917986" lon="19.073852980394957">
				<ele>99.74546854477376</ele>
				<time>2026-04-19T12:40:54Z</time>
			</trkpt>
			<trkpt lat="47.35656872349417" lon="19.073870947729805">
				<ele>99.37335425335914</ele>
				<time>2026-04-19T12:40:55Z</time>
			</trkpt>
			<trkpt lat="47.35658144827689" lon="19.07390027883249">
				<ele>99.37416834477335</ele>
				<time>2026-04-19T12:40:58Z</time>
			</trkpt>
			<trkpt lat="47.35659019613134" lon="19.07392204979105">
				<ele>98.1885389238596</ele>
				<time>2026-04-19T12:41:00Z</time>
			</trkpt>
			<trkpt lat="47.35660515445743" lon="19.07394901094048">
				<ele>97.93060764018446</ele>
				<time>2026-04-19T12:41:02Z</time>
			</trkpt>
			<trkpt lat="47.35661736348785" lon="19.073966610902243">
				<ele>98.04032374825329</ele>
				<time>2026-04-19T12:41:03Z</time>
			</trkpt>
			<trkpt lat="47.35664600745598" lon="19.074009301861185">
				<ele>98.68820086307824</ele>
				<time>2026-04-19T12:41:06Z</time>
			</trkpt>
			<trkpt lat="47.356653541297284" lon="19.074031965462517">
				<ele>98.27471341844648</ele>
				<time>2026-04-19T12:41:09Z</time>
			</trkpt>
			<trkpt lat="47.35666137964435" lon="19.07404417342748">
				<ele>98.57583032920957</ele>
				<time>2026-04-19T12:41:10Z</time>
			</trkpt>
			<trkpt lat="47.35667343085101" lon="19.074062432601398">
				<ele>97.91423637326807</ele>
				<time>2026-04-19T12:41:12Z</time>
			</trkpt>
			<trkpt lat="47.35669332164756" lon="19.074094244747297">
				<ele>97.92755833361298</ele>
				<time>2026-04-19T12:41:14Z</time>
			</trkpt>
			<trkpt lat="47.35671171606009" lon="19.074125135821316">
				<ele>98.74143627099693</ele>
				<time>2026-04-19T12:41:16Z</time>
			</trkpt>
			<trkpt lat="47.35671760430115" lon="19.07415442635902">
				<ele>98.95772019494325</ele>
				<time>2026-04-19T12:41:18Z</time>
			</trkpt>
			<trkpt lat="47.3567200739804" lon="19.074185188371533">
				<ele>98.5855835294351</ele>
				<time>2026-04-19T12:41:20Z</time>
			</trkpt>
			<trkpt lat="47.35673392644411" lon="19.074213039323798">
				<ele>99.51679354719818</ele>
				<time>2026-04-19T12:41:22Z</time>
			</trkpt>
			<trkpt lat="47.35673462655181" lon="19.074236712584366">
				<ele>98.35691697336733</ele>
				<time>2026-04-19T12:41:24Z</time>
			</trkpt>
			<trkpt lat="47.35673831744176" lon="19.074262898409106">
				<ele>98.68541836272925</ele>
				<time>2026-04-19T12:41:26Z</time>
			</trkpt>
			<trkpt lat="47.35674149331177" lon="19.07428840060224">
				<ele>99.00630433484912</ele>
				<time>2026-04-19T12:41:28Z</time>
			</trkpt>
			<trkpt lat="47.35675084483446" lon="19.0742945117393">
				<ele>98.44933704845607</ele>
				<time>2026-04-19T12:41:29Z</time>
			</trkpt>
			<trkpt lat="47.35675892413577" lon="19.07431002100453">
				<ele>99.07487072329968</ele>
				<time>2026-04-19T12:41:31Z</time>
			</trkpt>
			<trkpt lat="47.35676789125413" lon="19.074322216102278">
				<ele>99.05934694968164</ele>
				<time>2026-04-19T12:41:32Z</time>
			</trkpt>
			<trkpt lat="47.3567911583139" lon="19.074345251359357">
				<ele>99.22050026524812</ele>
				<time>2026-04-19T12:41:35Z</time>
			</trkpt>
			<trkpt lat="47.35679404115334" lon="19.074362713079815">
				<ele>99.36946910526603</ele>
				<time>2026-04-19T12:41:36Z</time>
			</trkpt>
			<trkpt lat="47.356801823609594" lon="19.07437255086524">
				<ele>99.13032476324588</ele>
				<time>2026-04-19T12:41:37Z</time>
			</trkpt>
			<trkpt lat="47.35680920396276" lon="19.074390821881554">
				<ele>98.72842325083911</ele>
				<time>2026-04-19T12:41:39Z</time>
			</trkpt>
			<trkpt lat="47.356814564149516" lon="19.074412834925873">
				<ele>98.95255717728287</ele>
				<time>2026-04-19T12:41:41Z</time>
			</trkpt>
			<trkpt lat="47.35682758205299" lon="19.07443362518268">
				<ele>99.0594306960702</ele>
				<time>2026-04-19T12:41:42Z</time>
			</trkpt>
			<trkpt lat="47.35684411389481" lon="19.07446713822662">
				<ele>98.69826989900321</ele>
				<time>2026-04-19T12:41:44Z</time>
			</trkpt>
			<trkpt lat="47.356857651151" lon="19.074504384304632">
				<ele>98.42105334158987</ele>
				<time>2026-04-19T12:41:46Z</time>
			</trkpt>
			<trkpt lat="47.35686994083053" lon="19.074539458026674">
				<ele>98.29246778413653</ele>
				<time>2026-04-19T12:41:48Z</time>
			</trkpt>
			<trkpt lat="47.35686845796067" lon="19.07457797202021">
				<ele>98.17084228806198</ele>
				<time>2026-04-19T12:41:50Z</time>
			</trkpt>
			<trkpt lat="47.35687611464303" lon="19.074625187457812">
				<ele>98.62462414801121</ele>
				<time>2026-04-19T12:41:53Z</time>
			</trkpt>
			<trkpt lat="47.356876455293865" lon="19.074646979591748">
				<ele>98.14245379436761</ele>
				<time>2026-04-19T12:41:55Z</time>
			</trkpt>
			<trkpt lat="47.35688027725875" lon="19.074663295015228">
				<ele>97.59758226480335</ele>
				<time>2026-04-19T12:41:57Z</time>
			</trkpt>
			<trkpt lat="47.35689440429557" lon="19.074692584253548">
				<ele>96.64718493819237</ele>
				<time>2026-04-19T12:41:59Z</time>
			</trkpt>
			<trkpt lat="47.356903882194665" lon="19.074718540573976">
				<ele>96.7815524507314</ele>
				<time>2026-04-19T12:42:01Z</time>
			</trkpt>
			<trkpt lat="47.35690977913497" lon="19.074741111231553">
				<ele>97.00290061440319</ele>
				<time>2026-04-19T12:42:03Z</time>
			</trkpt>
			<trkpt lat="47.356922153285375" lon="19.074776489366258">
				<ele>97.51923819445074</ele>
				<time>2026-04-19T12:42:05Z</time>
			</trkpt>
			<trkpt lat="47.3569387206372" lon="19.07481490656031">
				<ele>97.4125612610951</ele>
				<time>2026-04-19T12:42:07Z</time>
			</trkpt>
			<trkpt lat="47.35695033425458" lon="19.074839303692393">
				<ele>97.99725727271289</ele>
				<time>2026-04-19T12:42:09Z</time>
			</trkpt>
			<trkpt lat="47.356960802753484" lon="19.0748569486452">
				<ele>97.7683087028563</ele>
				<time>2026-04-19T12:42:11Z</time>
			</trkpt>
			<trkpt lat="47.356980581051374" lon="19.074881489119164">
				<ele>97.72351565863937</ele>
				<time>2026-04-19T12:42:13Z</time>
			</trkpt>
			<trkpt lat="47.35700396706073" lon="19.074909699011915">
				<ele>99.13986840378493</ele>
				<time>2026-04-19T12:42:15Z</time>
			</trkpt>
			<trkpt lat="47.357020877220776" lon="19.07492062947412">
				<ele>98.7079555625096</ele>
				<time>2026-04-19T12:42:16Z</time>
			</trkpt>
			<trkpt lat="47.35704645137242" lon="19.07495291453027">
				<ele>99.7666299501434</ele>
				<time>2026-04-19T12:42:18Z</time>
			</trkpt>
			<trkpt lat="47.35706395563957" lon="19.074966394954004">
				<ele>99.03545422386378</ele>
				<time>2026-04-19T12:42:19Z</time>
			</trkpt>
			<trkpt lat="47.35708952872858" lon="19.0749928312104">
				<ele>98.574297407642</ele>
				<time>2026-04-19T12:42:21Z</time>
			</trkpt>
			<trkpt lat="47.35709883401163" lon="19.075014066509937">
				<ele>99.3767329249531</ele>
				<time>2026-04-19T12:42:22Z</time>
			</trkpt>
			<trkpt lat="47.3571214751157" lon="19.07503948013102">
				<ele>98.46832485869527</ele>
				<time>2026-04-19T12:42:24Z</time>
			</trkpt>
			<trkpt lat="47.35714330405003" lon="19.07506235031624">
				<ele>98.13852766342461</ele>
				<time>2026-04-19T12:42:26Z</time>
			</trkpt>
			<trkpt lat="47.357160652179566" lon="19.07509377995264">
				<ele>97.5618557035923</ele>
				<time>2026-04-19T12:42:28Z</time>
			</trkpt>
			<trkpt lat="47.35717327854348" lon="19.075124817697027">
				<ele>97.90908382553607</ele>
				<time>2026-04-19T12:42:30Z</time>
			</trkpt>
			<trkpt lat="47.35717894327543" lon="19.07513947922936">
				<ele>98.5726266913116</ele>
				<time>2026-04-19T12:42:32Z</time>
			</trkpt>
			<trkpt lat="47.357180266878466" lon="19.075150589483172">
				<ele>98.32913196459413</ele>
				<time>2026-04-19T12:42:34Z</time>
			</trkpt>
			<trkpt lat="47.357189134875505" lon="19.075179470764294">
				<ele>98.3672029003501</ele>
				<time>2026-04-19T12:42:37Z</time>
			</trkpt>
			<trkpt lat="47.35720631085923" lon="19.075202183922055">
				<ele>98.11527564469725</ele>
				<time>2026-04-19T12:42:39Z</time>
			</trkpt>
			<trkpt lat="47.357215284845935" lon="19.075230138426008">
				<ele>97.84635025355965</ele>
				<time>2026-04-19T12:42:42Z</time>
			</trkpt>
			<trkpt lat="47.35722487952828" lon="19.075247606559696">
				<ele>97.94618982076645</ele>
				<time>2026-04-19T12:42:43Z</time>
			</trkpt>
			<trkpt lat="47.35723969667314" lon="19.07527998016169">
				<ele>97.7310982150957</ele>
				<time>2026-04-19T12:42:45Z</time>
			</trkpt>
			<trkpt lat="47.357255359116884" lon="19.075319020402546">
				<ele>97.27372713200748</ele>
				<time>2026-04-19T12:42:47Z</time>
			</trkpt>
			<trkpt lat="47.35726458349205" lon="19.075360089028557">
				<ele>97.34054115973413</ele>
				<time>2026-04-19T12:42:49Z</time>
			</trkpt>
			<trkpt lat="47.35726958464817" lon="19.07540245123729">
				<ele>98.03041402157396</ele>
				<time>2026-04-19T12:42:51Z</time>
			</trkpt>
			<trkpt lat="47.35727816334659" lon="19.075453512935617">
				<ele>98.1128505198285</ele>
				<time>2026-04-19T12:42:54Z</time>
			</trkpt>
			<trkpt lat="47.35728762059106" lon="19.075483132915352">
				<ele>97.91535837482661</ele>
				<time>2026-04-19T12:42:56Z</time>
			</trkpt>
			<trkpt lat="47.3572985579585" lon="19.075513242271633">
				<ele>98.19191169273108</ele>
				<time>2026-04-19T12:42:58Z</time>
			</trkpt>
			<trkpt lat="47.35731344517195" lon="19.075541555750338">
				<ele>98.19594719912857</ele>
				<time>2026-04-19T12:43:00Z</time>
			</trkpt>
			<trkpt lat="47.35733247345173" lon="19.075568117988073">
				<ele>97.9693849934265</ele>
				<time>2026-04-19T12:43:02Z</time>
			</trkpt>
			<trkpt lat="47.35736143896524" lon="19.075601292008272">
				<ele>99.6330751189962</ele>
				<time>2026-04-19T12:43:05Z</time>
			</trkpt>
			<trkpt lat="47.357379747814385" lon="19.075636397458776">
				<ele>98.69317998364568</ele>
				<time>2026-04-19T12:43:07Z</time>
			</trkpt>
			<trkpt lat="47.35740382628035" lon="19.075676861196968">
				<ele>98.55383968446404</ele>
				<time>2026-04-19T12:43:10Z</time>
			</trkpt>
			<trkpt lat="47.35741309809421" lon="19.07569406079097">
				<ele>98.53912028018385</ele>
				<time>2026-04-19T12:43:11Z</time>
			</trkpt>
			<trkpt lat="47.357435171883324" lon="19.075721449802938">
				<ele>97.96311319433153</ele>
				<time>2026-04-19T12:43:13Z</time>
			</trkpt>
			<trkpt lat="47.35745101506973" lon="19.075755033968548">
				<ele>98.42895558197051</ele>
				<time>2026-04-19T12:43:15Z</time>
			</trkpt>
			<trkpt lat="47.3574624823821" lon="19.075771202030026">
				<ele>98.6392666073516</ele>
				<time>2026-04-19T12:43:16Z</time>
			</trkpt>
			<trkpt lat="47.35748038934844" lon="19.075804961151068">
				<ele>98.99875538051128</ele>
				<time>2026-04-19T12:43:18Z</time>
			</trkpt>
			<trkpt lat="47.35748768876463" lon="19.0758279166361">
				<ele>98.50471064448357</ele>
				<time>2026-04-19T12:43:19Z</time>
			</trkpt>
			<trkpt lat="47.357498560540705" lon="19.075848869602517">
				<ele>98.15451673977077</ele>
				<time>2026-04-19T12:43:20Z</time>
			</trkpt>
			<trkpt lat="47.357499539782005" lon="19.075873939391652">
				<ele>97.81263869069517</ele>
				<time>2026-04-19T12:43:21Z</time>
			</trkpt>
			<trkpt lat="47.3575055856439" lon="19.075912572243606">
				<ele>98.06635606102645</ele>
				<time>2026-04-19T12:43:23Z</time>
			</trkpt>
			<trkpt lat="47.35750853846451" lon="19.075940300031462">
				<ele>98.3789733145386</ele>
				<time>2026-04-19T12:43:26Z</time>
			</trkpt>
			<trkpt lat="47.35751265639513" lon="19.07594925480828">
				<ele>98.83858024515212</ele>
				<time>2026-04-19T12:43:28Z</time>
			</trkpt>
			<trkpt lat="47.35752146187571" lon="19.075979538203015">
				<ele>98.2572701042518</ele>
				<time>2026-04-19T12:43:30Z</time>
			</trkpt>
			<trkpt lat="47.35752825799517" lon="19.07601589791505">
				<ele>98.24232553411275</ele>
				<time>2026-04-19T12:43:32Z</time>
			</trkpt>
			<trkpt lat="47.35754111957173" lon="19.07604535349757">
				<ele>98.1138505935669</ele>
				<time>2026-04-19T12:43:34Z</time>
			</trkpt>
			<trkpt lat="47.35755490085191" lon="19.076076425972246">
				<ele>97.61952290125191</ele>
				<time>2026-04-19T12:43:36Z</time>
			</trkpt>
			<trkpt lat="47.35756468226459" lon="19.076093034087357">
				<ele>97.61160752549767</ele>
				<time>2026-04-19T12:43:37Z</time>
			</trkpt>
			<trkpt lat="47.357580272505686" lon="19.076124407423162">
				<ele>97.71480720024556</ele>
				<time>2026-04-19T12:43:39Z</time>
			</trkpt>
			<trkpt lat="47.35759793453873" lon="19.076153110405098">
				<ele>98.0723304701969</ele>
				<time>2026-04-19T12:43:41Z</time>
			</trkpt>
			<trkpt lat="47.35761484461798" lon="19.0761762447294">
				<ele>97.95983823481947</ele>
				<time>2026-04-19T12:43:43Z</time>
			</trkpt>
			<trkpt lat="47.3576312476751" lon="19.07620572911633">
				<ele>98.87681368272752</ele>
				<time>2026-04-19T12:43:45Z</time>
			</trkpt>
			<trkpt lat="47.35764832505903" lon="19.076229691741222">
				<ele>98.5504647353664</ele>
				<time>2026-04-19T12:43:47Z</time>
			</trkpt>
			<trkpt lat="47.35766843525876" lon="19.07625507790803">
				<ele>98.27773043792695</ele>
				<time>2026-04-19T12:43:49Z</time>
			</trkpt>
			<trkpt lat="47.35769479683959" lon="19.07627580100785">
				<ele>97.55301579553634</ele>
				<time>2026-04-19T12:43:51Z</time>
			</trkpt>
			<trkpt lat="47.357718505979186" lon="19.07629477092514">
				<ele>97.16682164836675</ele>
				<time>2026-04-19T12:43:53Z</time>
			</trkpt>
			<trkpt lat="47.3577372562921" lon="19.076310268811106">
				<ele>98.61550885159522</ele>
				<time>2026-04-19T12:43:55Z</time>
			</trkpt>
			<trkpt lat="47.35775930885983" lon="19.07632124056071">
				<ele>99.15035654697567</ele>
				<time>2026-04-19T12:43:57Z</time>
			</trkpt>
			<trkpt lat="47.35778267332297" lon="19.076338441997645">
				<ele>99.78449019789696</ele>
				<time>2026-04-19T12:43:59Z</time>
			</trkpt>
			<trkpt lat="47.35780002543807" lon="19.07636115878668">
				<ele>99.78641799092293</ele>
				<time>2026-04-19T12:44:01Z</time>
			</trkpt>
			<trkpt lat="47.357814839157164" lon="19.07638448640149">
				<ele>98.68329172115773</ele>
				<time>2026-04-19T12:44:03Z</time>
			</trkpt>
			<trkpt lat="47.35783559430547" lon="19.076413800629314">
				<ele>99.05824194848537</ele>
				<time>2026-04-19T12:44:05Z</time>
			</trkpt>
			<trkpt lat="47.357858660629404" lon="19.076443258166947">
				<ele>98.48346612136811</ele>
				<time>2026-04-19T12:44:07Z</time>
			</trkpt>
			<trkpt lat="47.3578763201621" lon="19.07647246739695">
				<ele>98.39327058568597</ele>
				<time>2026-04-19T12:44:09Z</time>
			</trkpt>
			<trkpt lat="47.35789009425469" lon="19.076505035741025">
				<ele>98.32750861346722</ele>
				<time>2026-04-19T12:44:11Z</time>
			</trkpt>
			<trkpt lat="47.357908631897644" lon="19.076540286434664">
				<ele>98.76246355380863</ele>
				<time>2026-04-19T12:44:13Z</time>
			</trkpt>
			<trkpt lat="47.35792029682617" lon="19.076573585479768">
				<ele>98.56402489170432</ele>
				<time>2026-04-19T12:44:15Z</time>
			</trkpt>
			<trkpt lat="47.357930036492895" lon="19.076606365802316">
				<ele>99.27954183518887</ele>
				<time>2026-04-19T12:44:17Z</time>
			</trkpt>
			<trkpt lat="47.35793890639261" lon="19.076630120913656">
				<ele>99.56305854488164</ele>
				<time>2026-04-19T12:44:18Z</time>
			</trkpt>
			<trkpt lat="47.35795137761262" lon="19.076669231534456">
				<ele>99.17124437447637</ele>
				<time>2026-04-19T12:44:20Z</time>
			</trkpt>
			<trkpt lat="47.35795761415691" lon="19.076701231721376">
				<ele>98.73214547801763</ele>
				<time>2026-04-19T12:44:22Z</time>
			</trkpt>
			<trkpt lat="47.357962707499425" lon="19.076730509933334">
				<ele>98.40867805760354</ele>
				<time>2026-04-19T12:44:24Z</time>
			</trkpt>
			<trkpt lat="47.35796538549738" lon="19.076753768532342">
				<ele>98.31264655664563</ele>
				<time>2026-04-19T12:44:26Z</time>
			</trkpt>
			<trkpt lat="47.35797296282692" lon="19.07678474791387">
				<ele>98.9874156434089</ele>
				<time>2026-04-19T12:44:28Z</time>
			</trkpt>
			<trkpt lat="47.357982132912" lon="19.076827312565808">
				<ele>98.07888570986688</ele>
				<time>2026-04-19T12:44:30Z</time>
			</trkpt>
			<trkpt lat="47.35798813427694" lon="19.07686361027181">
				<ele>97.55799564905465</ele>
				<time>2026-04-19T12:44:33Z</time>
			</trkpt>
			<trkpt lat="47.3579876744972" lon="19.07688088557125">
				<ele>97.19106516242027</ele>
				<time>2026-04-19T12:44:35Z</time>
			</trkpt>
			<trkpt lat="47.357991893635564" lon="19.07690171291001">
				<ele>97.56399598624557</ele>
				<time>2026-04-19T12:44:37Z</time>
			</trkpt>
			<trkpt lat="47.35800263556121" lon="19.076940725122626">
				<ele>96.51387838833034</ele>
				<time>2026-04-19T12:44:39Z</time>
			</trkpt>
			<trkpt lat="47.35802045758594" lon="19.07698648177749">
				<ele>96.50761212874204</ele>
				<time>2026-04-19T12:44:41Z</time>
			</trkpt>
			<trkpt lat="47.358036966159524" lon="19.07702534317854">
				<ele>97.2441567350179</ele>
				<time>2026-04-19T12:44:43Z</time>
			</trkpt>
			<trkpt lat="47.358054432666265" lon="19.07706822434077">
				<ele>96.77646151743829</ele>
				<time>2026-04-19T12:44:45Z</time>
			</trkpt>
			<trkpt lat="47.35807860174258" lon="19.077119444525735">
				<ele>96.57602336071432</ele>
				<time>2026-04-19T12:44:48Z</time>
			</trkpt>
			<trkpt lat="47.35809767084948" lon="19.077146624554615">
				<ele>96.90892374515533</ele>
				<time>2026-04-19T12:44:50Z</time>
			</trkpt>
			<trkpt lat="47.35812329199417" lon="19.07717917235295">
				<ele>97.12879046238959</ele>
				<time>2026-04-19T12:44:53Z</time>
			</trkpt>
			<trkpt lat="47.35814953050015" lon="19.07719985449064">
				<ele>98.69889274798334</ele>
				<time>2026-04-19T12:44:55Z</time>
			</trkpt>
			<trkpt lat="47.35816558830608" lon="19.077235381566943">
				<ele>98.64153642579913</ele>
				<time>2026-04-19T12:44:57Z</time>
			</trkpt>
			<trkpt lat="47.35818522053657" lon="19.077257958848442">
				<ele>99.08546100649983</ele>
				<time>2026-04-19T12:44:59Z</time>
			</trkpt>
			<trkpt lat="47.35820532461859" lon="19.077280665267214">
				<ele>98.37611393816769</ele>
				<time>2026-04-19T12:45:01Z</time>
			</trkpt>
			<trkpt lat="47.35822371586189" lon="19.07729958707981">
				<ele>97.38756802491844</ele>
				<time>2026-04-19T12:45:03Z</time>
			</trkpt>
			<trkpt lat="47.35823986125998" lon="19.077317614725825">
				<ele>97.21782417781651</ele>
				<time>2026-04-19T12:45:05Z</time>
			</trkpt>
			<trkpt lat="47.35825277706028" lon="19.077335368560743">
				<ele>97.32897436711937</ele>
				<time>2026-04-19T12:45:08Z</time>
			</trkpt>
			<trkpt lat="47.35826144093179" lon="19.077352075465278">
				<ele>98.06502714380622</ele>
				<time>2026-04-19T12:45:11Z</time>
			</trkpt>
			<trkpt lat="47.35827014563506" lon="19.07737368962967">
				<ele>97.9896079748869</ele>
				<time>2026-04-19T12:45:14Z</time>
			</trkpt>
			<trkpt lat="47.358284424451426" lon="19.07741806639364">
				<ele>98.54779739677906</ele>
				<time>2026-04-19T12:45:18Z</time>
			</trkpt>
			<trkpt lat="47.35830182775446" lon="19.077446182296743">
				<ele>98.07893968746066</ele>
				<time>2026-04-19T12:45:22Z</time>
			</trkpt>
			<trkpt lat="47.35830556688265" lon="19.077457737265767">
				<ele>97.52526853326708</ele>
				<time>2026-04-19T12:45:24Z</time>
			</trkpt>
			<trkpt lat="47.35831667268315" lon="19.077474690485268">
				<ele>96.96783881820738</ele>
				<time>2026-04-19T12:45:28Z</time>
			</trkpt>
			<trkpt lat="47.35832999659474" lon="19.077494407617067">
				<ele>96.91524679213762</ele>
				<time>2026-04-19T12:45:31Z</time>
			</trkpt>
			<trkpt lat="47.35834350214132" lon="19.077510318688017">
				<ele>97.26677456777543</ele>
				<time>2026-04-19T12:45:33Z</time>
			</trkpt>
			<trkpt lat="47.358364169004" lon="19.07752859946768">
				<ele>98.35072478186339</ele>
				<time>2026-04-19T12:45:35Z</time>
			</trkpt>
			<trkpt lat="47.35837981128367" lon="19.077544513310002">
				<ele>97.06903787143528</ele>
				<time>2026-04-19T12:45:37Z</time>
			</trkpt>
			<trkpt lat="47.35839178995416" lon="19.077565278000485">
				<ele>97.43404301069677</ele>
				<time>2026-04-19T12:45:40Z</time>
			</trkpt>
			<trkpt lat="47.358410372206265" lon="19.077594940353666">
				<ele>96.41996871121228</ele>
				<time>2026-04-19T12:45:42Z</time>
			</trkpt>
			<trkpt lat="47.358428213955996" lon="19.07763105108967">
				<ele>98.41522844601423</ele>
				<time>2026-04-19T12:45:44Z</time>
			</trkpt>
			<trkpt lat="47.35844520898889" lon="19.07766332447557">
				<ele>97.66307733021677</ele>
				<time>2026-04-19T12:45:47Z</time>
			</trkpt>
			<trkpt lat="47.35845850929848" lon="19.077698743773762">
				<ele>98.05960008129478</ele>
				<time>2026-04-19T12:45:50Z</time>
			</trkpt>
			<trkpt lat="47.358473646326665" lon="19.077737265292928">
				<ele>97.74151582084596</ele>
				<time>2026-04-19T12:45:52Z</time>
			</trkpt>
			<trkpt lat="47.35849197766931" lon="19.077766853306606">
				<ele>97.14033529162407</ele>
				<time>2026-04-19T12:45:54Z</time>
			</trkpt>
			<trkpt lat="47.358507671298106" lon="19.07779359757591">
				<ele>96.72301251161844</ele>
				<time>2026-04-19T12:45:56Z</time>
			</trkpt>
			<trkpt lat="47.358519460219" lon="19.077807523146717">
				<ele>96.54173301532865</ele>
				<time>2026-04-19T12:45:57Z</time>
			</trkpt>
			<trkpt lat="47.358539677596276" lon="19.077829582382115">
				<ele>97.09649664815515</ele>
				<time>2026-04-19T12:45:59Z</time>
			</trkpt>
			<trkpt lat="47.35855836838327" lon="19.077851808967154">
				<ele>97.82949015218765</ele>
				<time>2026-04-19T12:46:01Z</time>
			</trkpt>
			<trkpt lat="47.35857632363251" lon="19.077865887481785">
				<ele>97.60463115107268</ele>
				<time>2026-04-19T12:46:04Z</time>
			</trkpt>
			<trkpt lat="47.35859204528352" lon="19.0778843497247">
				<ele>98.10428507253528</ele>
				<time>2026-04-19T12:46:06Z</time>
			</trkpt>
			<trkpt lat="47.35861128506866" lon="19.07790981338486">
				<ele>97.33995367307216</ele>
				<time>2026-04-19T12:46:08Z</time>
			</trkpt>
			<trkpt lat="47.35862242435617" lon="19.077926240074905">
				<ele>97.47168506216258</ele>
				<time>2026-04-19T12:46:10Z</time>
			</trkpt>
			<trkpt lat="47.358632732545196" lon="19.077939835654764">
				<ele>98.4084602240473</ele>
				<time>2026-04-19T12:46:13Z</time>
			</trkpt>
			<trkpt lat="47.358647538801286" lon="19.077951650680795">
				<ele>98.02452856115997</ele>
				<time>2026-04-19T12:46:14Z</time>
			</trkpt>
			<trkpt lat="47.35866083141988" lon="19.077965863428073">
				<ele>97.83502625115216</ele>
				<time>2026-04-19T12:46:16Z</time>
			</trkpt>
			<trkpt lat="47.358671680844395" lon="19.077985084057982">
				<ele>97.78769382368773</ele>
				<time>2026-04-19T12:46:19Z</time>
			</trkpt>
			<trkpt lat="47.35868620274418" lon="19.078004412612383">
				<ele>97.46092301048338</ele>
				<time>2026-04-19T12:46:20Z</time>
			</trkpt>
			<trkpt lat="47.358695420722135" lon="19.078025042445987">
				<ele>97.47565224487334</ele>
				<time>2026-04-19T12:46:22Z</time>
			</trkpt>
			<trkpt lat="47.35870491686025" lon="19.078047713061768">
				<ele>97.166111163795</ele>
				<time>2026-04-19T12:46:25Z</time>
			</trkpt>
			<trkpt lat="47.35871372968956" lon="19.07807172758578">
				<ele>97.40435568708926</ele>
				<time>2026-04-19T12:46:28Z</time>
			</trkpt>
			<trkpt lat="47.358728305277914" lon="19.07810290500927">
				<ele>98.105607714504</ele>
				<time>2026-04-19T12:46:30Z</time>
			</trkpt>
			<trkpt lat="47.358748896421176" lon="19.078132409478016">
				<ele>97.53676598053426</ele>
				<time>2026-04-19T12:46:32Z</time>
			</trkpt>
			<trkpt lat="47.35877157110334" lon="19.078155102725056">
				<ele>97.75175201147795</ele>
				<time>2026-04-19T12:46:34Z</time>
			</trkpt>
			<trkpt lat="47.3588068171674" lon="19.07818759084661">
				<ele>99.08900541439652</ele>
				<time>2026-04-19T12:46:37Z</time>
			</trkpt>
			<trkpt lat="47.358829452126294" lon="19.078203650225728">
				<ele>98.0988415312022</ele>
				<time>2026-04-19T12:46:39Z</time>
			</trkpt>
			<trkpt lat="47.35884503650615" lon="19.078222732910362">
				<ele>98.98489560838789</ele>
				<time>2026-04-19T12:46:42Z</time>
			</trkpt>
			<trkpt lat="47.358855424982764" lon="19.07824134360262">
				<ele>98.3751609120518</ele>
				<time>2026-04-19T12:46:43Z</time>
			</trkpt>
			<trkpt lat="47.35887829216809" lon="19.07827567382381">
				<ele>97.25526284333318</ele>
				<time>2026-04-19T12:46:46Z</time>
			</trkpt>
			<trkpt lat="47.35888761399607" lon="19.07829053514285">
				<ele>97.72357554268092</ele>
				<time>2026-04-19T12:46:48Z</time>
			</trkpt>
			<trkpt lat="47.35889506164997" lon="19.07830599787513">
				<ele>97.91297592036426</ele>
				<time>2026-04-19T12:46:51Z</time>
			</trkpt>
			<trkpt lat="47.35890150631617" lon="19.07832470359657">
				<ele>98.240354209207</ele>
				<time>2026-04-19T12:46:54Z</time>
			</trkpt>
			<trkpt lat="47.358910908382754" lon="19.078346355226447">
				<ele>98.15231654327363</ele>
				<time>2026-04-19T12:46:58Z</time>
			</trkpt>
			<trkpt lat="47.358920646842" lon="19.078367333346616">
				<ele>98.26715134922415</ele>
				<time>2026-04-19T12:47:02Z</time>
			</trkpt>
			<trkpt lat="47.35893251303469" lon="19.0783900134278">
				<ele>98.86619757674634</ele>
				<time>2026-04-19T12:47:06Z</time>
			</trkpt>
			<trkpt lat="47.35894277316271" lon="19.078412121187224">
				<ele>99.18171873502433</ele>
				<time>2026-04-19T12:47:09Z</time>
			</trkpt>
			<trkpt lat="47.35896020926462" lon="19.078435284221648">
				<ele>98.98543110024184</ele>
				<time>2026-04-19T12:47:13Z</time>
			</trkpt>
			<trkpt lat="47.358974714506466" lon="19.07845872420374">
				<ele>97.9430270884186</ele>
				<time>2026-04-19T12:47:16Z</time>
			</trkpt>
			<trkpt lat="47.35899747862263" lon="19.078483050057415">
				<ele>97.82042684685439</ele>
				<time>2026-04-19T12:47:18Z</time>
			</trkpt>
			<trkpt lat="47.359021901022885" lon="19.07850529629253">
				<ele>97.94483215361834</ele>
				<time>2026-04-19T12:47:20Z</time>
			</trkpt>
			<trkpt lat="47.359042530614595" lon="19.07853224479078">
				<ele>97.12499985098839</ele>
				<time>2026-04-19T12:47:22Z</time>
			</trkpt>
			<trkpt lat="47.359053849493115" lon="19.078553454608716">
				<ele>97.72450175881386</ele>
				<time>2026-04-19T12:47:23Z</time>
			</trkpt>
			<trkpt lat="47.359072513154736" lon="19.078582709882483">
				<ele>97.78376979194582</ele>
				<time>2026-04-19T12:47:25Z</time>
			</trkpt>
			<trkpt lat="47.35909906227872" lon="19.078612308571525">
				<ele>97.17835838440806</ele>
				<time>2026-04-19T12:47:27Z</time>
			</trkpt>
			<trkpt lat="47.359123469607766" lon="19.078638315998926">
				<ele>97.96750496327877</ele>
				<time>2026-04-19T12:47:29Z</time>
			</trkpt>
			<trkpt lat="47.35914226090778" lon="19.07866891257478">
				<ele>98.5860191816464</ele>
				<time>2026-04-19T12:47:31Z</time>
			</trkpt>
			<trkpt lat="47.359163248815875" lon="19.078708048700477">
				<ele>98.70391036849469</ele>
				<time>2026-04-19T12:47:34Z</time>
			</trkpt>
			<trkpt lat="47.359170474773165" lon="19.078721734150047">
				<ele>98.93970492109656</ele>
				<time>2026-04-19T12:47:36Z</time>
			</trkpt>
			<trkpt lat="47.35917873029463" lon="19.07873544490726">
				<ele>99.49090493097901</ele>
				<time>2026-04-19T12:47:38Z</time>
			</trkpt>
			<trkpt lat="47.359183158596224" lon="19.078753765046514">
				<ele>100.2978778835386</ele>
				<time>2026-04-19T12:47:40Z</time>
			</trkpt>
			<trkpt lat="47.35919109806855" lon="19.07876076963037">
				<ele>100.16928008105606</ele>
				<time>2026-04-19T12:47:41Z</time>
			</trkpt>
			<trkpt lat="47.359201316155406" lon="19.07877267124764">
				<ele>99.54200718645006</ele>
				<time>2026-04-19T12:47:43Z</time>
			</trkpt>
			<trkpt lat="47.359212337518095" lon="19.078790967778012">
				<ele>99.41461527347565</ele>
				<time>2026-04-19T12:47:45Z</time>
			</trkpt>
			<trkpt lat="47.359223136707286" lon="19.078813490532635">
				<ele>99.17888097744435</ele>
				<time>2026-04-19T12:47:47Z</time>
			</trkpt>
			<trkpt lat="47.359245595266366" lon="19.07884726367812">
				<ele>98.4413221264258</ele>
				<time>2026-04-19T12:47:49Z</time>
			</trkpt>
			<trkpt lat="47.35926523180661" lon="19.078885759526106">
				<ele>98.89331949595362</ele>
				<time>2026-04-19T12:47:51Z</time>
			</trkpt>
			<trkpt lat="47.359281047783305" lon="19.07891955437476">
				<ele>98.88551882561296</ele>
				<time>2026-04-19T12:47:53Z</time>
			</trkpt>
			<trkpt lat="47.35929346674177" lon="19.078952315836656">
				<ele>98.57381747942418</ele>
				<time>2026-04-19T12:47:55Z</time>
			</trkpt>
			<trkpt lat="47.359304878002995" lon="19.07897902421247">
				<ele>98.22105982434005</ele>
				<time>2026-04-19T12:47:58Z</time>
			</trkpt>
			<trkpt lat="47.359318789678355" lon="19.07900313577819">
				<ele>99.09915889240801</ele>
				<time>2026-04-19T12:48:00Z</time>
			</trkpt>
			<trkpt lat="47.35932310003046" lon="19.079026296965168">
				<ele>99.06360985804349</ele>
				<time>2026-04-19T12:48:01Z</time>
			</trkpt>
			<trkpt lat="47.35933317140134" lon="19.07906155940371">
				<ele>99.24765149503946</ele>
				<time>2026-04-19T12:48:03Z</time>
			</trkpt>
			<trkpt lat="47.35934369697043" lon="19.07907913052742">
				<ele>98.946982213296</ele>
				<time>2026-04-19T12:48:04Z</time>
			</trkpt>
			<trkpt lat="47.35935532284929" lon="19.079098429847626">
				<ele>99.04110818915069</ele>
				<time>2026-04-19T12:48:05Z</time>
			</trkpt>
			<trkpt lat="47.35937843495228" lon="19.07913265203266">
				<ele>98.85346475150436</ele>
				<time>2026-04-19T12:48:07Z</time>
			</trkpt>
			<trkpt lat="47.35939787790359" lon="19.079163680832025">
				<ele>99.17257091123611</ele>
				<time>2026-04-19T12:48:09Z</time>
			</trkpt>
			<trkpt lat="47.359411608792925" lon="19.07919842223148">
				<ele>99.4574690181762</ele>
				<time>2026-04-19T12:48:11Z</time>
			</trkpt>
			<trkpt lat="47.35942420651486" lon="19.079230839543026">
				<ele>99.05771225877106</ele>
				<time>2026-04-19T12:48:13Z</time>
			</trkpt>
			<trkpt lat="47.35943590634109" lon="19.07926727497627">
				<ele>98.81763166654855</ele>
				<time>2026-04-19T12:48:15Z</time>
			</trkpt>
			<trkpt lat="47.35943643991928" lon="19.079307738363784">
				<ele>99.41414597071707</ele>
				<time>2026-04-19T12:48:17Z</time>
			</trkpt>
			<trkpt lat="47.35944252892222" lon="19.079328982288494">
				<ele>99.55461450759321</ele>
				<time>2026-04-19T12:48:18Z</time>
			</trkpt>
			<trkpt lat="47.35945363196754" lon="19.07936136640678">
				<ele>98.9622456645593</ele>
				<time>2026-04-19T12:48:20Z</time>
			</trkpt>
			<trkpt lat="47.359465967373524" lon="19.07939289292278">
				<ele>99.19922303780913</ele>
				<time>2026-04-19T12:48:22Z</time>
			</trkpt>
			<trkpt lat="47.3594768223698" lon="19.07942714258591">
				<ele>99.60533330682665</ele>
				<time>2026-04-19T12:48:24Z</time>
			</trkpt>
			<trkpt lat="47.35948176389985" lon="19.079462717014707">
				<ele>100.21938613895327</ele>
				<time>2026-04-19T12:48:26Z</time>
			</trkpt>
			<trkpt lat="47.35948389333903" lon="19.07948245065717">
				<ele>99.65618260484189</ele>
				<time>2026-04-19T12:48:28Z</time>
			</trkpt>
			<trkpt lat="47.35948356488324" lon="19.07950174710041">
				<ele>99.72373516764492</ele>
				<time>2026-04-19T12:48:31Z</time>
			</trkpt>
			<trkpt lat="47.35948253670602" lon="19.07953846134545">
				<ele>100.45597412902862</ele>
				<time>2026-04-19T12:48:34Z</time>
			</trkpt>
			<trkpt lat="47.35948433323165" lon="19.079561993574202">
				<ele>100.11996935866773</ele>
				<time>2026-04-19T12:48:36Z</time>
			</trkpt>
			<trkpt lat="47.35948599456687" lon="19.07957928467699">
				<ele>100.02479240763932</ele>
				<time>2026-04-19T12:48:38Z</time>
			</trkpt>
			<trkpt lat="47.35949270786525" lon="19.079614629624018">
				<ele>98.62174896430224</ele>
				<time>2026-04-19T12:48:41Z</time>
			</trkpt>
			<trkpt lat="47.35949813392194" lon="19.079647754151733">
				<ele>99.1478734780103</ele>
				<time>2026-04-19T12:48:44Z</time>
			</trkpt>
			<trkpt lat="47.359503192012575" lon="19.079698402138995">
				<ele>101.39982029795647</ele>
				<time>2026-04-19T12:48:48Z</time>
			</trkpt>
			<trkpt lat="47.3595046431548" lon="19.079732275323515">
				<ele>100.186798251234</ele>
				<time>2026-04-19T12:48:51Z</time>
			</trkpt>
			<trkpt lat="47.359504534220584" lon="19.079753284937485">
				<ele>100.35207461193204</ele>
				<time>2026-04-19T12:48:54Z</time>
			</trkpt>
			<trkpt lat="47.359504554239166" lon="19.079777201125392">
				<ele>100.86059260275215</ele>
				<time>2026-04-19T12:48:57Z</time>
			</trkpt>
			<trkpt lat="47.35951093651028" lon="19.07980312030969">
				<ele>100.74894584622234</ele>
				<time>2026-04-19T12:49:02Z</time>
			</trkpt>
			<trkpt lat="47.35953210259621" lon="19.079823125841056">
				<ele>101.98029667511582</ele>
				<time>2026-04-19T12:49:12Z</time>
			</trkpt>
			<trkpt lat="47.359551728605126" lon="19.079814134445346">
				<ele>101.25958379451185</ele>
				<time>2026-04-19T12:49:23Z</time>
			</trkpt>
			<trkpt lat="47.35955545090904" lon="19.079791507170142">
				<ele>100.8725036913529</ele>
				<time>2026-04-19T12:49:33Z</time>
			</trkpt>
			<trkpt lat="47.359535466788515" lon="19.079826500521232">
				<ele>99.5915099484846</ele>
				<time>2026-04-19T12:50:37Z</time>
			</trkpt>
			<trkpt lat="47.3595309959974" lon="19.079841612787998">
				<ele>100.472605378367</ele>
				<time>2026-04-19T12:52:33Z</time>
			</trkpt>
			<trkpt lat="47.35952872954913" lon="19.079814852396982">
				<ele>101.50835318211466</ele>
				<time>2026-04-19T12:53:11Z</time>
			</trkpt>
			<trkpt lat="47.35953319356639" lon="19.079797893215726">
				<ele>100.4389315713197</ele>
				<time>2026-04-19T12:53:21Z</time>
			</trkpt>
			<trkpt lat="47.359566366215866" lon="19.079760023257347">
				<ele>100.60494463890791</ele>
				<time>2026-04-19T12:53:51Z</time>
			</trkpt>
			<trkpt lat="47.359566366503834" lon="19.079760951727746">
				<ele>100.35237804055214</ele>
				<time>2026-04-19T12:54:10Z</time>
			</trkpt>
			<trkpt lat="47.35955482352079" lon="19.079776579824326">
				<ele>100.13577832188457</ele>
				<time>2026-04-19T12:54:21Z</time>
			</trkpt>
			<trkpt lat="47.35952847670632" lon="19.07981706958836">
				<ele>102.60941966809332</ele>
				<time>2026-04-19T12:55:57Z</time>
			</trkpt>
			<trkpt lat="47.35953332667341" lon="19.079804990624318">
				<ele>102.31212357711047</ele>
				<time>2026-04-19T12:56:04Z</time>
			</trkpt>
		</trkseg>
	</trk>
</gpx>
