<?xml version="1.0" encoding="UTF-8"?>
<gpx xmlns:xsi="http://www.w3.org/2001/XMLSchema-instance" xmlns="http://www.topografix.com/GPX/1/1" xsi:schemaLocation="http://www.topografix.com/GPX/1/1 http://www.topografix.com/GPX/1/1/gpx.xsd" version="1.1" creator="GPX Export">
	<trk>
		<trkseg>
			<trkpt lat="47.27215132733296" lon="18.978115458946327">
				<ele>98.06272294581834</ele>
				<time>2026-05-23T10:17:13Z</time>
			</trkpt>
			<trkpt lat="47.27214186053442" lon="18.978111179926582">
				<ele>98.22365373788708</ele>
				<time>2026-05-23T10:17:18Z</time>
			</trkpt>
			<trkpt lat="47.27214324882988" lon="18.978088573204413">
				<ele>98.09821888059378</ele>
				<time>2026-05-23T10:17:26Z</time>
			</trkpt>
			<trkpt lat="47.27214761886071" lon="18.978106418076184">
				<ele>98.2400292577222</ele>
				<time>2026-05-23T10:17:31Z</time>
			</trkpt>
			<trkpt lat="47.27214550801345" lon="18.97812871138531">
				<ele>98.19187660701573</ele>
				<time>2026-05-23T10:17:33Z</time>
			</trkpt>
			<trkpt lat="47.272150164853855" lon="18.978166890294403">
				<ele>98.31666383892298</ele>
				<time>2026-05-23T10:17:37Z</time>
			</trkpt>
			<trkpt lat="47.2721594563794" lon="18.978192331443985">
				<ele>98.2133481092751</ele>
				<time>2026-05-23T10:17:39Z</time>
			</trkpt>
			<trkpt lat="47.272171797554606" lon="18.978233476399215">
				<ele>98.0996796619147</ele>
				<time>2026-05-23T10:17:43Z</time>
			</trkpt>
			<trkpt lat="47.27217199824677" lon="18.978255056855772">
				<ele>97.3041594484821</ele>
				<time>2026-05-23T10:17:46Z</time>
			</trkpt>
			<trkpt lat="47.272155189661135" lon="18.978287421646602">
				<ele>98.10298578441143</ele>
				<time>2026-05-23T10:17:53Z</time>
			</trkpt>
			<trkpt lat="47.27213009770968" lon="18.978298168379816">
				<ele>97.09326016437262</ele>
				<time>2026-05-23T10:18:07Z</time>
			</trkpt>
			<trkpt lat="47.27211365322686" lon="18.97829670617888">
				<ele>97.15841144323349</ele>
				<time>2026-05-23T10:18:11Z</time>
			</trkpt>
			<trkpt lat="47.27209793021484" lon="18.978305886768307">
				<ele>96.79032355174422</ele>
				<time>2026-05-23T10:18:16Z</time>
			</trkpt>
			<trkpt lat="47.27208756958211" lon="18.978320535321796">
				<ele>96.93379269726574</ele>
				<time>2026-05-23T10:18:18Z</time>
			</trkpt>
			<trkpt lat="47.27208129737171" lon="18.978343758791773">
				<ele>97.13520195893943</ele>
				<time>2026-05-23T10:18:21Z</time>
			</trkpt>
			<trkpt lat="47.27207848495841" lon="18.978378998177767">
				<ele>96.69354911707342</ele>
				<time>2026-05-23T10:18:23Z</time>
			</trkpt>
			<trkpt lat="47.27207960452394" lon="18.978435048471454">
				<ele>97.94980690348893</ele>
				<time>2026-05-23T10:18:26Z</time>
			</trkpt>
			<trkpt lat="47.272082473473844" lon="18.978458486644872">
				<ele>97.6973392535001</ele>
				<time>2026-05-23T10:18:28Z</time>
			</trkpt>
			<trkpt lat="47.27208681039368" lon="18.97847807441804">
				<ele>97.94183026440442</ele>
				<time>2026-05-23T10:18:30Z</time>
			</trkpt>
			<trkpt lat="47.27209222483178" lon="18.97849838645418">
				<ele>97.91377945058048</ele>
				<time>2026-05-23T10:18:32Z</time>
			</trkpt>
			<trkpt lat="47.27210374690051" lon="18.978536422369704">
				<ele>97.98269057180732</ele>
				<time>2026-05-23T10:18:34Z</time>
			</trkpt>
			<trkpt lat="47.27211872103136" lon="18.97858173733799">
				<ele>97.43926555570215</ele>
				<time>2026-05-23T10:18:36Z</time>
			</trkpt>
			<trkpt lat="47.272130467586486" lon="18.978625913561377">
				<ele>98.21775456983596</ele>
				<time>2026-05-23T10:18:38Z</time>
			</trkpt>
			<trkpt lat="47.272145265297304" lon="18.97866312451348">
				<ele>98.10224619414657</ele>
				<time>2026-05-23T10:18:40Z</time>
			</trkpt>
			<trkpt lat="47.27216045308591" lon="18.978706982456696">
				<ele>99.31972469110042</ele>
				<time>2026-05-23T10:18:43Z</time>
			</trkpt>
			<trkpt lat="47.27217501121481" lon="18.97873166669548">
				<ele>97.54898858815432</ele>
				<time>2026-05-23T10:18:45Z</time>
			</trkpt>
			<trkpt lat="47.272184227265775" lon="18.978766180035013">
				<ele>98.02464883774519</ele>
				<time>2026-05-23T10:18:47Z</time>
			</trkpt>
			<trkpt lat="47.272190619371386" lon="18.978798739159544">
				<ele>98.13954085484147</ele>
				<time>2026-05-23T10:18:49Z</time>
			</trkpt>
			<trkpt lat="47.27219395812756" lon="18.97882981007677">
				<ele>97.66733531374484</ele>
				<time>2026-05-23T10:18:51Z</time>
			</trkpt>
			<trkpt lat="47.2721971909711" lon="18.978877111925335">
				<ele>98.60933140013367</ele>
				<time>2026-05-23T10:18:54Z</time>
			</trkpt>
			<trkpt lat="47.27219898538038" lon="18.97890913306298">
				<ele>98.7080226559192</ele>
				<time>2026-05-23T10:18:56Z</time>
			</trkpt>
			<trkpt lat="47.272203499384155" lon="18.978937470816366">
				<ele>99.6961042676121</ele>
				<time>2026-05-23T10:18:58Z</time>
			</trkpt>
			<trkpt lat="47.27220859383595" lon="18.978966629269397">
				<ele>100.20946040656418</ele>
				<time>2026-05-23T10:19:00Z</time>
			</trkpt>
			<trkpt lat="47.27221308159613" lon="18.97899952880388">
				<ele>99.59303913079202</ele>
				<time>2026-05-23T10:19:02Z</time>
			</trkpt>
			<trkpt lat="47.27221485578945" lon="18.97903416565387">
				<ele>99.1228855010122</ele>
				<time>2026-05-23T10:19:04Z</time>
			</trkpt>
			<trkpt lat="47.272214798259405" lon="18.979061273560603">
				<ele>98.59841705765575</ele>
				<time>2026-05-23T10:19:07Z</time>
			</trkpt>
			<trkpt lat="47.272215273470835" lon="18.97908535244609">
				<ele>98.83535701967776</ele>
				<time>2026-05-23T10:19:08Z</time>
			</trkpt>
			<trkpt lat="47.27222276400963" lon="18.979120238630518">
				<ele>99.09921841789037</ele>
				<time>2026-05-23T10:19:10Z</time>
			</trkpt>
			<trkpt lat="47.272232126206454" lon="18.979140260191613">
				<ele>98.67334667872638</ele>
				<time>2026-05-23T10:19:11Z</time>
			</trkpt>
			<trkpt lat="47.27224489841011" lon="18.979178640907488">
				<ele>98.28842492587864</ele>
				<time>2026-05-23T10:19:13Z</time>
			</trkpt>
			<trkpt lat="47.272257478427214" lon="18.97921542672097">
				<ele>97.81874169688672</ele>
				<time>2026-05-23T10:19:15Z</time>
			</trkpt>
			<trkpt lat="47.27226880218917" lon="18.9792497005523">
				<ele>97.97606553509831</ele>
				<time>2026-05-23T10:19:17Z</time>
			</trkpt>
			<trkpt lat="47.27228065757168" lon="18.979285600734404">
				<ele>99.35109694022685</ele>
				<time>2026-05-23T10:19:19Z</time>
			</trkpt>
			<trkpt lat="47.272297477302175" lon="18.979324536380904">
				<ele>98.66214837692678</ele>
				<time>2026-05-23T10:19:21Z</time>
			</trkpt>
			<trkpt lat="47.272309384149786" lon="18.979366487526622">
				<ele>99.45124949794263</ele>
				<time>2026-05-23T10:19:23Z</time>
			</trkpt>
			<trkpt lat="47.272314527931236" lon="18.979409291912848">
				<ele>99.60773732885718</ele>
				<time>2026-05-23T10:19:25Z</time>
			</trkpt>
			<trkpt lat="47.27231749241374" lon="18.979445755176176">
				<ele>99.83936165645719</ele>
				<time>2026-05-23T10:19:27Z</time>
			</trkpt>
			<trkpt lat="47.27231840649772" lon="18.979470453466703">
				<ele>101.05128419306129</ele>
				<time>2026-05-23T10:19:28Z</time>
			</trkpt>
			<trkpt lat="47.27232274749451" lon="18.97951179352719">
				<ele>100.02528038807213</ele>
				<time>2026-05-23T10:19:30Z</time>
			</trkpt>
			<trkpt lat="47.27233143626812" lon="18.97955085719938">
				<ele>99.44174065254629</ele>
				<time>2026-05-23T10:19:32Z</time>
			</trkpt>
			<trkpt lat="47.272333617174816" lon="18.979590352843484">
				<ele>100.45556594152004</ele>
				<time>2026-05-23T10:19:34Z</time>
			</trkpt>
			<trkpt lat="47.27233378301488" lon="18.979626397008523">
				<ele>99.3266627965495</ele>
				<time>2026-05-23T10:19:36Z</time>
			</trkpt>
			<trkpt lat="47.272332348491155" lon="18.97964945441802">
				<ele>99.39648588653654</ele>
				<time>2026-05-23T10:19:37Z</time>
			</trkpt>
			<trkpt lat="47.272335781107046" lon="18.979685891559765">
				<ele>99.24296276085079</ele>
				<time>2026-05-23T10:19:39Z</time>
			</trkpt>
			<trkpt lat="47.27234125316944" lon="18.979721986297253">
				<ele>98.58661951497197</ele>
				<time>2026-05-23T10:19:41Z</time>
			</trkpt>
			<trkpt lat="47.272343247349134" lon="18.97975814189846">
				<ele>98.28528360277414</ele>
				<time>2026-05-23T10:19:43Z</time>
			</trkpt>
			<trkpt lat="47.272342747306055" lon="18.97978396285803">
				<ele>98.31361318659037</ele>
				<time>2026-05-23T10:19:44Z</time>
			</trkpt>
			<trkpt lat="47.27234600680367" lon="18.97982154510016">
				<ele>97.93116929288954</ele>
				<time>2026-05-23T10:19:46Z</time>
			</trkpt>
			<trkpt lat="47.27234853800129" lon="18.9798429524875">
				<ele>98.13995504006743</ele>
				<time>2026-05-23T10:19:47Z</time>
			</trkpt>
			<trkpt lat="47.2723507568434" lon="18.979889575349613">
				<ele>98.36003199685365</ele>
				<time>2026-05-23T10:19:49Z</time>
			</trkpt>
			<trkpt lat="47.272351074443336" lon="18.979932901014983">
				<ele>98.94967430830002</ele>
				<time>2026-05-23T10:19:51Z</time>
			</trkpt>
			<trkpt lat="47.27235391342977" lon="18.9799551646184">
				<ele>99.09074215311557</ele>
				<time>2026-05-23T10:19:52Z</time>
			</trkpt>
			<trkpt lat="47.272363979904505" lon="18.979986628418025">
				<ele>98.86408522259444</ele>
				<time>2026-05-23T10:19:54Z</time>
			</trkpt>
			<trkpt lat="47.27237541435501" lon="18.98001768906495">
				<ele>99.81393124070019</ele>
				<time>2026-05-23T10:19:56Z</time>
			</trkpt>
			<trkpt lat="47.272388394477495" lon="18.980067788362184">
				<ele>99.42740304023027</ele>
				<time>2026-05-23T10:19:59Z</time>
			</trkpt>
			<trkpt lat="47.2723996367864" lon="18.98010214327171">
				<ele>99.41844873130322</ele>
				<time>2026-05-23T10:20:01Z</time>
			</trkpt>
			<trkpt lat="47.27240963610674" lon="18.98013578629608">
				<ele>99.05617712903768</ele>
				<time>2026-05-23T10:20:03Z</time>
			</trkpt>
			<trkpt lat="47.27241238599392" lon="18.98016554419889">
				<ele>98.61439426988363</ele>
				<time>2026-05-23T10:20:05Z</time>
			</trkpt>
			<trkpt lat="47.27240780192766" lon="18.980193315683668">
				<ele>96.43906524125487</ele>
				<time>2026-05-23T10:20:07Z</time>
			</trkpt>
			<trkpt lat="47.272406834992296" lon="18.980230126110467">
				<ele>98.94839371927083</ele>
				<time>2026-05-23T10:20:09Z</time>
			</trkpt>
			<trkpt lat="47.27241235512169" lon="18.980265529100784">
				<ele>98.56414113007486</ele>
				<time>2026-05-23T10:20:11Z</time>
			</trkpt>
			<trkpt lat="47.272417814930925" lon="18.980301303414254">
				<ele>98.43122050352395</ele>
				<time>2026-05-23T10:20:13Z</time>
			</trkpt>
			<trkpt lat="47.272417673240334" lon="18.980324690522313">
				<ele>98.49007118493319</ele>
				<time>2026-05-23T10:20:14Z</time>
			</trkpt>
			<trkpt lat="47.27242120556509" lon="18.98036162520035">
				<ele>98.73739344906062</ele>
				<time>2026-05-23T10:20:16Z</time>
			</trkpt>
			<trkpt lat="47.27242731047342" lon="18.980386887712378">
				<ele>99.47618480306119</ele>
				<time>2026-05-23T10:20:17Z</time>
			</trkpt>
			<trkpt lat="47.272439286112444" lon="18.980426034740812">
				<ele>99.26409529708326</ele>
				<time>2026-05-23T10:20:19Z</time>
			</trkpt>
			<trkpt lat="47.27245040350077" lon="18.98044282542312">
				<ele>98.4130779048428</ele>
				<time>2026-05-23T10:20:20Z</time>
			</trkpt>
			<trkpt lat="47.272470463234676" lon="18.98047789556018">
				<ele>97.72918436676264</ele>
				<time>2026-05-23T10:20:22Z</time>
			</trkpt>
			<trkpt lat="47.27249030713567" lon="18.98050945948052">
				<ele>98.42399591766298</ele>
				<time>2026-05-23T10:20:24Z</time>
			</trkpt>
			<trkpt lat="47.27250155719514" lon="18.98052580446142">
				<ele>98.11801896896213</ele>
				<time>2026-05-23T10:20:26Z</time>
			</trkpt>
			<trkpt lat="47.27250757486376" lon="18.98053939516672">
				<ele>97.99686420615762</ele>
				<time>2026-05-23T10:20:28Z</time>
			</trkpt>
			<trkpt lat="47.272513921421144" lon="18.980557909724943">
				<ele>98.74652311298996</ele>
				<time>2026-05-23T10:20:30Z</time>
			</trkpt>
			<trkpt lat="47.27252869583722" lon="18.980592549898994">
				<ele>98.39229976758361</ele>
				<time>2026-05-23T10:20:32Z</time>
			</trkpt>
			<trkpt lat="47.272553274982435" lon="18.98064834538923">
				<ele>98.7457769131288</ele>
				<time>2026-05-23T10:20:35Z</time>
			</trkpt>
			<trkpt lat="47.27256110104815" lon="18.980688268740522">
				<ele>100.20483511593193</ele>
				<time>2026-05-23T10:20:37Z</time>
			</trkpt>
			<trkpt lat="47.27256579846457" lon="18.980730412035776">
				<ele>99.22580038476735</ele>
				<time>2026-05-23T10:20:39Z</time>
			</trkpt>
			<trkpt lat="47.272571660512156" lon="18.980788736612432">
				<ele>100.48144470434636</ele>
				<time>2026-05-23T10:20:42Z</time>
			</trkpt>
			<trkpt lat="47.27257572455382" lon="18.98081163685185">
				<ele>100.25049799401313</ele>
				<time>2026-05-23T10:20:43Z</time>
			</trkpt>
			<trkpt lat="47.27258171440318" lon="18.980857697257854">
				<ele>99.71536756493151</ele>
				<time>2026-05-23T10:20:45Z</time>
			</trkpt>
			<trkpt lat="47.27258257084659" lon="18.98089932063413">
				<ele>99.45457319077104</ele>
				<time>2026-05-23T10:20:47Z</time>
			</trkpt>
			<trkpt lat="47.27258424645524" lon="18.98093949779439">
				<ele>99.33129859901965</ele>
				<time>2026-05-23T10:20:49Z</time>
			</trkpt>
			<trkpt lat="47.27258402813319" lon="18.980971705387354">
				<ele>99.1011992348358</ele>
				<time>2026-05-23T10:20:51Z</time>
			</trkpt>
			<trkpt lat="47.272580743634116" lon="18.981003954379624">
				<ele>100.01402521878481</ele>
				<time>2026-05-23T10:20:53Z</time>
			</trkpt>
			<trkpt lat="47.27257804018174" lon="18.98104276871763">
				<ele>99.66335722617805</ele>
				<time>2026-05-23T10:20:55Z</time>
			</trkpt>
			<trkpt lat="47.27257885971284" lon="18.981078616099747">
				<ele>98.20322551392019</ele>
				<time>2026-05-23T10:20:57Z</time>
			</trkpt>
			<trkpt lat="47.27258410553035" lon="18.9811164031424">
				<ele>97.93781937099993</ele>
				<time>2026-05-23T10:20:59Z</time>
			</trkpt>
			<trkpt lat="47.27258877230154" lon="18.981156529843815">
				<ele>97.8423256855458</ele>
				<time>2026-05-23T10:21:01Z</time>
			</trkpt>
			<trkpt lat="47.272591304734405" lon="18.98119952128692">
				<ele>97.84495582897216</ele>
				<time>2026-05-23T10:21:03Z</time>
			</trkpt>
			<trkpt lat="47.27259731688358" lon="18.981238534063568">
				<ele>98.10875775571913</ele>
				<time>2026-05-23T10:21:05Z</time>
			</trkpt>
			<trkpt lat="47.272606132351875" lon="18.981271246420384">
				<ele>97.99471493810415</ele>
				<time>2026-05-23T10:21:07Z</time>
			</trkpt>
			<trkpt lat="47.272610842082834" lon="18.981292137654894">
				<ele>98.38153505604714</ele>
				<time>2026-05-23T10:21:08Z</time>
			</trkpt>
			<trkpt lat="47.27262231488122" lon="18.98133443950332">
				<ele>98.82697898428887</ele>
				<time>2026-05-23T10:21:10Z</time>
			</trkpt>
			<trkpt lat="47.272628959702615" lon="18.981358363125533">
				<ele>98.34056627936661</ele>
				<time>2026-05-23T10:21:11Z</time>
			</trkpt>
			<trkpt lat="47.27264442106742" lon="18.981399319971974">
				<ele>98.68648139294237</ele>
				<time>2026-05-23T10:21:13Z</time>
			</trkpt>
			<trkpt lat="47.27265866333953" lon="18.98143959780696">
				<ele>100.33113300427794</ele>
				<time>2026-05-23T10:21:15Z</time>
			</trkpt>
			<trkpt lat="47.27267779185153" lon="18.981480495048224">
				<ele>98.83765902929008</ele>
				<time>2026-05-23T10:21:17Z</time>
			</trkpt>
			<trkpt lat="47.272690453189654" lon="18.981520664502295">
				<ele>98.54072196315974</ele>
				<time>2026-05-23T10:21:19Z</time>
			</trkpt>
			<trkpt lat="47.27269192011601" lon="18.981558683709036">
				<ele>98.65222876146436</ele>
				<time>2026-05-23T10:21:21Z</time>
			</trkpt>
			<trkpt lat="47.27269151129147" lon="18.98159951982614">
				<ele>98.31335339974612</ele>
				<time>2026-05-23T10:21:23Z</time>
			</trkpt>
			<trkpt lat="47.27269128687765" lon="18.981637210464235">
				<ele>98.73521555867046</ele>
				<time>2026-05-23T10:21:25Z</time>
			</trkpt>
			<trkpt lat="47.272691017987206" lon="18.981676861947548">
				<ele>98.27464952599257</ele>
				<time>2026-05-23T10:21:27Z</time>
			</trkpt>
			<trkpt lat="47.27269246792003" lon="18.981714763680724">
				<ele>98.7284264266491</ele>
				<time>2026-05-23T10:21:29Z</time>
			</trkpt>
			<trkpt lat="47.27268964273286" lon="18.981737652812544">
				<ele>97.81329798605293</ele>
				<time>2026-05-23T10:21:30Z</time>
			</trkpt>
			<trkpt lat="47.27268348127597" lon="18.98177867419813">
				<ele>98.61564856953919</ele>
				<time>2026-05-23T10:21:32Z</time>
			</trkpt>
			<trkpt lat="47.27267924214479" lon="18.98182274687011">
				<ele>98.47714044433087</ele>
				<time>2026-05-23T10:21:34Z</time>
			</trkpt>
			<trkpt lat="47.272670611297706" lon="18.981851992998774">
				<ele>99.02754135336727</ele>
				<time>2026-05-23T10:21:35Z</time>
			</trkpt>
			<trkpt lat="47.272660061753356" lon="18.98190505851987">
				<ele>99.26941048819572</ele>
				<time>2026-05-23T10:21:37Z</time>
			</trkpt>
			<trkpt lat="47.27264843199063" lon="18.981928331317537">
				<ele>98.91887876391411</ele>
				<time>2026-05-23T10:21:38Z</time>
			</trkpt>
			<trkpt lat="47.27264129777936" lon="18.981953484774877">
				<ele>98.85129780508578</ele>
				<time>2026-05-23T10:21:39Z</time>
			</trkpt>
			<trkpt lat="47.27262807114017" lon="18.981994494920787">
				<ele>98.57075102254748</ele>
				<time>2026-05-23T10:21:41Z</time>
			</trkpt>
			<trkpt lat="47.27263289302003" lon="18.982019543317765">
				<ele>98.32013552635908</ele>
				<time>2026-05-23T10:21:42Z</time>
			</trkpt>
			<trkpt lat="47.27263832413034" lon="18.982063243849158">
				<ele>96.678966101259</ele>
				<time>2026-05-23T10:21:44Z</time>
			</trkpt>
			<trkpt lat="47.27263980757965" lon="18.98208587997846">
				<ele>96.15000070165843</ele>
				<time>2026-05-23T10:21:45Z</time>
			</trkpt>
			<trkpt lat="47.27264107832616" lon="18.98211259938908">
				<ele>95.8720646193251</ele>
				<time>2026-05-23T10:21:46Z</time>
			</trkpt>
			<trkpt lat="47.27264159971791" lon="18.982142401292634">
				<ele>95.70209426432848</ele>
				<time>2026-05-23T10:21:47Z</time>
			</trkpt>
			<trkpt lat="47.272644037463465" lon="18.982172505935306">
				<ele>95.32787982188165</ele>
				<time>2026-05-23T10:21:48Z</time>
			</trkpt>
			<trkpt lat="47.27264632673952" lon="18.982230927522117">
				<ele>95.2518955161795</ele>
				<time>2026-05-23T10:21:50Z</time>
			</trkpt>
			<trkpt lat="47.27265015555502" lon="18.98226127618511">
				<ele>97.34966381266713</ele>
				<time>2026-05-23T10:21:51Z</time>
			</trkpt>
			<trkpt lat="47.2726500822359" lon="18.98229281741586">
				<ele>97.40514117944986</ele>
				<time>2026-05-23T10:21:52Z</time>
			</trkpt>
			<trkpt lat="47.27265066008874" lon="18.982331862180253">
				<ele>97.88723911065608</ele>
				<time>2026-05-23T10:21:53Z</time>
			</trkpt>
			<trkpt lat="47.27265228736694" lon="18.982368300125025">
				<ele>98.20230059605092</ele>
				<time>2026-05-23T10:21:54Z</time>
			</trkpt>
			<trkpt lat="47.27265384967357" lon="18.982428708077382">
				<ele>99.24192021973431</ele>
				<time>2026-05-23T10:21:56Z</time>
			</trkpt>
			<trkpt lat="47.27265773519641" lon="18.98245493579079">
				<ele>99.64391844626516</ele>
				<time>2026-05-23T10:21:57Z</time>
			</trkpt>
			<trkpt lat="47.27265525729756" lon="18.982486352070936">
				<ele>99.62450327910483</ele>
				<time>2026-05-23T10:21:58Z</time>
			</trkpt>
			<trkpt lat="47.27265213049649" lon="18.982529468748655">
				<ele>99.02162053715438</ele>
				<time>2026-05-23T10:22:00Z</time>
			</trkpt>
			<trkpt lat="47.27265380070211" lon="18.982548433297435">
				<ele>98.7248374465853</ele>
				<time>2026-05-23T10:22:01Z</time>
			</trkpt>
			<trkpt lat="47.272651949405635" lon="18.982584470677793">
				<ele>98.44180310983211</ele>
				<time>2026-05-23T10:22:03Z</time>
			</trkpt>
			<trkpt lat="47.272650456600886" lon="18.982618698806448">
				<ele>98.67664297483861</ele>
				<time>2026-05-23T10:22:05Z</time>
			</trkpt>
			<trkpt lat="47.27265145399652" lon="18.98265649779911">
				<ele>99.17548500932753</ele>
				<time>2026-05-23T10:22:07Z</time>
			</trkpt>
			<trkpt lat="47.27264886307822" lon="18.982689394396523">
				<ele>99.1284477962181</ele>
				<time>2026-05-23T10:22:09Z</time>
			</trkpt>
			<trkpt lat="47.27264516882449" lon="18.98272182924704">
				<ele>98.85455815307796</ele>
				<time>2026-05-23T10:22:11Z</time>
			</trkpt>
			<trkpt lat="47.2726470015379" lon="18.982760717486762">
				<ele>98.44249985739589</ele>
				<time>2026-05-23T10:22:13Z</time>
			</trkpt>
			<trkpt lat="47.27264632017644" lon="18.982802176477374">
				<ele>97.88252712413669</ele>
				<time>2026-05-23T10:22:15Z</time>
			</trkpt>
			<trkpt lat="47.27264784767377" lon="18.982846875093987">
				<ele>97.71292083431035</ele>
				<time>2026-05-23T10:22:17Z</time>
			</trkpt>
			<trkpt lat="47.27264656841842" lon="18.982889926036663">
				<ele>98.02637997549027</ele>
				<time>2026-05-23T10:22:19Z</time>
			</trkpt>
			<trkpt lat="47.27264053773391" lon="18.98292264473758">
				<ele>96.75038736592978</ele>
				<time>2026-05-23T10:22:21Z</time>
			</trkpt>
			<trkpt lat="47.27263698875748" lon="18.982950259449566">
				<ele>98.85043647233397</ele>
				<time>2026-05-23T10:22:23Z</time>
			</trkpt>
			<trkpt lat="47.2726392044747" lon="18.98298472785186">
				<ele>97.905751504004</ele>
				<time>2026-05-23T10:22:25Z</time>
			</trkpt>
			<trkpt lat="47.272639519059304" lon="18.983016099220933">
				<ele>97.96688946988434</ele>
				<time>2026-05-23T10:22:27Z</time>
			</trkpt>
			<trkpt lat="47.27264517483011" lon="18.983035338771653">
				<ele>97.93185186665505</ele>
				<time>2026-05-23T10:22:29Z</time>
			</trkpt>
			<trkpt lat="47.27264755086852" lon="18.98306632523679">
				<ele>97.42253820504993</ele>
				<time>2026-05-23T10:22:31Z</time>
			</trkpt>
			<trkpt lat="47.27265190335389" lon="18.98309027384092">
				<ele>97.641620432958</ele>
				<time>2026-05-23T10:22:33Z</time>
			</trkpt>
			<trkpt lat="47.2726501048016" lon="18.983121119133525">
				<ele>97.13684114720672</ele>
				<time>2026-05-23T10:22:35Z</time>
			</trkpt>
			<trkpt lat="47.272647356704894" lon="18.98315787880089">
				<ele>98.53280485328287</ele>
				<time>2026-05-23T10:22:37Z</time>
			</trkpt>
			<trkpt lat="47.27264472019789" lon="18.983198770356637">
				<ele>97.38864321447909</ele>
				<time>2026-05-23T10:22:39Z</time>
			</trkpt>
			<trkpt lat="47.27264969287953" lon="18.983227995606832">
				<ele>97.93586872983724</ele>
				<time>2026-05-23T10:22:41Z</time>
			</trkpt>
			<trkpt lat="47.27265456473759" lon="18.98325477882676">
				<ele>97.73543901462108</ele>
				<time>2026-05-23T10:22:42Z</time>
			</trkpt>
			<trkpt lat="47.27266070094902" lon="18.98329283563982">
				<ele>97.36753507237881</ele>
				<time>2026-05-23T10:22:44Z</time>
			</trkpt>
			<trkpt lat="47.2726662183994" lon="18.983320054260595">
				<ele>97.35328706819564</ele>
				<time>2026-05-23T10:22:45Z</time>
			</trkpt>
			<trkpt lat="47.272677190874006" lon="18.983359155512737">
				<ele>98.01099790818989</ele>
				<time>2026-05-23T10:22:47Z</time>
			</trkpt>
			<trkpt lat="47.272686275052834" lon="18.98337817568617">
				<ele>97.55000478215516</ele>
				<time>2026-05-23T10:22:48Z</time>
			</trkpt>
			<trkpt lat="47.27270331672792" lon="18.983418234318563">
				<ele>97.90466336999089</ele>
				<time>2026-05-23T10:22:50Z</time>
			</trkpt>
			<trkpt lat="47.272722502643326" lon="18.98345106802238">
				<ele>97.46980948466808</ele>
				<time>2026-05-23T10:22:52Z</time>
			</trkpt>
			<trkpt lat="47.27273513723907" lon="18.98346607426258">
				<ele>97.51134729664773</ele>
				<time>2026-05-23T10:22:53Z</time>
			</trkpt>
			<trkpt lat="47.27275730729818" lon="18.983492682627784">
				<ele>97.57248638756573</ele>
				<time>2026-05-23T10:22:55Z</time>
			</trkpt>
			<trkpt lat="47.27278165345246" lon="18.983516483548243">
				<ele>97.97993314824998</ele>
				<time>2026-05-23T10:22:57Z</time>
			</trkpt>
			<trkpt lat="47.27280609975818" lon="18.983535380958866">
				<ele>98.13341749180108</ele>
				<time>2026-05-23T10:22:59Z</time>
			</trkpt>
			<trkpt lat="47.27282066643415" lon="18.98354351868547">
				<ele>97.84355696197599</ele>
				<time>2026-05-23T10:23:00Z</time>
			</trkpt>
			<trkpt lat="47.27284896173432" lon="18.98355702439058">
				<ele>98.06440636888146</ele>
				<time>2026-05-23T10:23:02Z</time>
			</trkpt>
			<trkpt lat="47.272865451359124" lon="18.98356506024628">
				<ele>98.3613063255325</ele>
				<time>2026-05-23T10:23:03Z</time>
			</trkpt>
			<trkpt lat="47.27289459747992" lon="18.98357873874151">
				<ele>98.0505433678627</ele>
				<time>2026-05-23T10:23:05Z</time>
			</trkpt>
			<trkpt lat="47.27292120524786" lon="18.983592332126857">
				<ele>98.41859351284802</ele>
				<time>2026-05-23T10:23:07Z</time>
			</trkpt>
			<trkpt lat="47.27295381945071" lon="18.98360067080664">
				<ele>98.48500271514058</ele>
				<time>2026-05-23T10:23:09Z</time>
			</trkpt>
			<trkpt lat="47.27297862597195" lon="18.983608813110276">
				<ele>99.27834749035537</ele>
				<time>2026-05-23T10:23:12Z</time>
			</trkpt>
			<trkpt lat="47.27299014326632" lon="18.983615804143597">
				<ele>99.66410526260734</ele>
				<time>2026-05-23T10:23:13Z</time>
			</trkpt>
			<trkpt lat="47.273011731648644" lon="18.983620972198665">
				<ele>100.58225683681667</ele>
				<time>2026-05-23T10:23:15Z</time>
			</trkpt>
			<trkpt lat="47.27303325501685" lon="18.983615330871835">
				<ele>100.05989627633244</ele>
				<time>2026-05-23T10:23:16Z</time>
			</trkpt>
			<trkpt lat="47.27305444086827" lon="18.983607223670596">
				<ele>99.41471545025706</ele>
				<time>2026-05-23T10:23:17Z</time>
			</trkpt>
			<trkpt lat="47.27309837953382" lon="18.983600076562322">
				<ele>100.04820299241692</ele>
				<time>2026-05-23T10:23:20Z</time>
			</trkpt>
			<trkpt lat="47.27311415905208" lon="18.983599984169274">
				<ele>99.28225843701512</ele>
				<time>2026-05-23T10:23:21Z</time>
			</trkpt>
			<trkpt lat="47.273137875234404" lon="18.98361319049128">
				<ele>100.1853186096996</ele>
				<time>2026-05-23T10:23:23Z</time>
			</trkpt>
			<trkpt lat="47.27315617188666" lon="18.9836348720998">
				<ele>101.08403584267944</ele>
				<time>2026-05-23T10:23:25Z</time>
			</trkpt>
			<trkpt lat="47.273167753985554" lon="18.983646805194038">
				<ele>100.79603653214872</ele>
				<time>2026-05-23T10:23:26Z</time>
			</trkpt>
			<trkpt lat="47.27317743799243" lon="18.983663382760618">
				<ele>101.40911074914038</ele>
				<time>2026-05-23T10:23:28Z</time>
			</trkpt>
			<trkpt lat="47.273188999038894" lon="18.983689101946204">
				<ele>101.25838269200176</ele>
				<time>2026-05-23T10:23:30Z</time>
			</trkpt>
			<trkpt lat="47.2731976691667" lon="18.983708119444643">
				<ele>102.12589250132442</ele>
				<time>2026-05-23T10:23:32Z</time>
			</trkpt>
			<trkpt lat="47.27321097259512" lon="18.983736496105376">
				<ele>100.97240882739425</ele>
				<time>2026-05-23T10:23:38Z</time>
			</trkpt>
			<trkpt lat="47.27321397263391" lon="18.983766005231104">
				<ele>101.21643481403589</ele>
				<time>2026-05-23T10:23:45Z</time>
			</trkpt>
			<trkpt lat="47.27320891744968" lon="18.983787495232264">
				<ele>102.63816313259304</ele>
				<time>2026-05-23T10:23:48Z</time>
			</trkpt>
			<trkpt lat="47.2732104850834" lon="18.98380601001351">
				<ele>102.46709019318223</ele>
				<time>2026-05-23T10:23:51Z</time>
			</trkpt>
			<trkpt lat="47.273210649335354" lon="18.983826558914306">
				<ele>102.69404083117843</ele>
				<time>2026-05-23T10:23:54Z</time>
			</trkpt>
			<trkpt lat="47.27321588438644" lon="18.983843695427595">
				<ele>102.38651699014008</ele>
				<time>2026-05-23T10:23:56Z</time>
			</trkpt>
			<trkpt lat="47.27322544507577" lon="18.983862829428613">
				<ele>102.40505192242563</ele>
				<time>2026-05-23T10:23:59Z</time>
			</trkpt>
			<trkpt lat="47.27323361391756" lon="18.983892851168093">
				<ele>104.12372845597565</ele>
				<time>2026-05-23T10:24:01Z</time>
			</trkpt>
			<trkpt lat="47.273237807063595" lon="18.98392421971086">
				<ele>103.35550401732326</ele>
				<time>2026-05-23T10:24:04Z</time>
			</trkpt>
			<trkpt lat="47.273241196086126" lon="18.983960738110817">
				<ele>103.54578259587288</ele>
				<time>2026-05-23T10:24:07Z</time>
			</trkpt>
			<trkpt lat="47.27324162198284" lon="18.98399828414828">
				<ele>103.09407970122993</ele>
				<time>2026-05-23T10:24:11Z</time>
			</trkpt>
			<trkpt lat="47.27323672205684" lon="18.984017421019598">
				<ele>101.55999253410846</ele>
				<time>2026-05-23T10:24:14Z</time>
			</trkpt>
			<trkpt lat="47.2732313345696" lon="18.984036814278223">
				<ele>102.48229075875133</ele>
				<time>2026-05-23T10:24:16Z</time>
			</trkpt>
			<trkpt lat="47.27322373138023" lon="18.984061896504752">
				<ele>102.23409903235734</ele>
				<time>2026-05-23T10:24:19Z</time>
			</trkpt>
			<trkpt lat="47.27321574133591" lon="18.984087804364645">
				<ele>102.17290493194014</ele>
				<time>2026-05-23T10:24:22Z</time>
			</trkpt>
			<trkpt lat="47.27320817278994" lon="18.98411365647208">
				<ele>102.3558853669092</ele>
				<time>2026-05-23T10:24:25Z</time>
			</trkpt>
			<trkpt lat="47.273202385296955" lon="18.98413674185722">
				<ele>102.76525199320167</ele>
				<time>2026-05-23T10:24:27Z</time>
			</trkpt>
			<trkpt lat="47.27320295550722" lon="18.9841629272094">
				<ele>102.9617092832923</ele>
				<time>2026-05-23T10:24:33Z</time>
			</trkpt>
			<trkpt lat="47.27319994339617" lon="18.984194880619">
				<ele>104.23735201451927</ele>
				<time>2026-05-23T10:24:36Z</time>
			</trkpt>
			<trkpt lat="47.273184560405205" lon="18.98424404726259">
				<ele>103.06670211814344</ele>
				<time>2026-05-23T10:24:50Z</time>
			</trkpt>
			<trkpt lat="47.27318505756704" lon="18.984227368668826">
				<ele>103.37394752632827</ele>
				<time>2026-05-23T10:24:52Z</time>
			</trkpt>
			<trkpt lat="47.27318393978498" lon="18.98420525004719">
				<ele>103.21459133550525</ele>
				<time>2026-05-23T10:24:55Z</time>
			</trkpt>
			<trkpt lat="47.27318792132164" lon="18.984166407401858">
				<ele>103.15876401308924</ele>
				<time>2026-05-23T10:24:57Z</time>
			</trkpt>
			<trkpt lat="47.27319185340006" lon="18.984123912129164">
				<ele>103.6719038374722</ele>
				<time>2026-05-23T10:24:59Z</time>
			</trkpt>
			<trkpt lat="47.27319358843867" lon="18.98408183114935">
				<ele>103.4123665401712</ele>
				<time>2026-05-23T10:25:01Z</time>
			</trkpt>
			<trkpt lat="47.273192746589565" lon="18.984037765259327">
				<ele>102.74869220145047</ele>
				<time>2026-05-23T10:25:03Z</time>
			</trkpt>
			<trkpt lat="47.27319170876281" lon="18.983993410969344">
				<ele>103.11209119856358</ele>
				<time>2026-05-23T10:25:05Z</time>
			</trkpt>
			<trkpt lat="47.273193165835856" lon="18.983954427497217">
				<ele>103.08876539207995</ele>
				<time>2026-05-23T10:25:07Z</time>
			</trkpt>
			<trkpt lat="47.27319743190498" lon="18.98391534597128">
				<ele>103.75726670119911</ele>
				<time>2026-05-23T10:25:09Z</time>
			</trkpt>
			<trkpt lat="47.273193474819365" lon="18.983879739234784">
				<ele>103.82977285329252</ele>
				<time>2026-05-23T10:25:11Z</time>
			</trkpt>
			<trkpt lat="47.27318750937099" lon="18.983852332692628">
				<ele>103.58063825499266</ele>
				<time>2026-05-23T10:25:14Z</time>
			</trkpt>
			<trkpt lat="47.273181663645076" lon="18.983835135635083">
				<ele>101.38925400096923</ele>
				<time>2026-05-23T10:25:18Z</time>
			</trkpt>
			<trkpt lat="47.27317923716227" lon="18.98381655978197">
				<ele>102.11926063802093</ele>
				<time>2026-05-23T10:25:21Z</time>
			</trkpt>
			<trkpt lat="47.273176921369746" lon="18.983795384346653">
				<ele>101.05055902712047</ele>
				<time>2026-05-23T10:25:24Z</time>
			</trkpt>
			<trkpt lat="47.27317319246321" lon="18.983773001700506">
				<ele>101.11544911470264</ele>
				<time>2026-05-23T10:25:27Z</time>
			</trkpt>
			<trkpt lat="47.27316403334988" lon="18.98374720280459">
				<ele>102.1055185412988</ele>
				<time>2026-05-23T10:25:31Z</time>
			</trkpt>
			<trkpt lat="47.273150460371895" lon="18.983728360495444">
				<ele>102.18336208630353</ele>
				<time>2026-05-23T10:25:34Z</time>
			</trkpt>
			<trkpt lat="47.27312472327307" lon="18.983706906719352">
				<ele>100.67328588757664</ele>
				<time>2026-05-23T10:25:39Z</time>
			</trkpt>
			<trkpt lat="47.27310645731808" lon="18.983690863597758">
				<ele>101.2899628477171</ele>
				<time>2026-05-23T10:25:41Z</time>
			</trkpt>
			<trkpt lat="47.27308433189832" lon="18.983675821963175">
				<ele>101.46975337900221</ele>
				<time>2026-05-23T10:25:44Z</time>
			</trkpt>
			<trkpt lat="47.27306412372801" lon="18.98366241277052">
				<ele>101.27161295618862</ele>
				<time>2026-05-23T10:25:46Z</time>
			</trkpt>
			<trkpt lat="47.273038305698236" lon="18.983642429784396">
				<ele>101.6934044547379</ele>
				<time>2026-05-23T10:25:49Z</time>
			</trkpt>
			<trkpt lat="47.273014353943275" lon="18.98362913206391">
				<ele>101.27407916076481</ele>
				<time>2026-05-23T10:25:52Z</time>
			</trkpt>
			<trkpt lat="47.27298495809439" lon="18.983620355480998">
				<ele>100.83890353143215</ele>
				<time>2026-05-23T10:25:56Z</time>
			</trkpt>
			<trkpt lat="47.27296392125925" lon="18.983607342603495">
				<ele>100.92162542138249</ele>
				<time>2026-05-23T10:25:59Z</time>
			</trkpt>
			<trkpt lat="47.272951180690505" lon="18.983605888367933">
				<ele>100.4392670514062</ele>
				<time>2026-05-23T10:26:00Z</time>
			</trkpt>
			<trkpt lat="47.272935679600955" lon="18.98359981717119">
				<ele>100.37902020476758</ele>
				<time>2026-05-23T10:26:02Z</time>
			</trkpt>
			<trkpt lat="47.272911400304906" lon="18.983595282645098">
				<ele>99.14473161194474</ele>
				<time>2026-05-23T10:26:06Z</time>
			</trkpt>
			<trkpt lat="47.272887427873776" lon="18.983588940115006">
				<ele>99.7022906569764</ele>
				<time>2026-05-23T10:26:08Z</time>
			</trkpt>
			<trkpt lat="47.272869010594725" lon="18.983593179087183">
				<ele>99.02666266914457</ele>
				<time>2026-05-23T10:26:10Z</time>
			</trkpt>
			<trkpt lat="47.27282661721136" lon="18.983594594897557">
				<ele>100.63427089620382</ele>
				<time>2026-05-23T10:26:14Z</time>
			</trkpt>
			<trkpt lat="47.272799762465276" lon="18.983598146795583">
				<ele>100.20322454348207</ele>
				<time>2026-05-23T10:26:17Z</time>
			</trkpt>
			<trkpt lat="47.27278322700525" lon="18.983604393588642">
				<ele>98.91826922260225</ele>
				<time>2026-05-23T10:26:21Z</time>
			</trkpt>
			<trkpt lat="47.2727618048838" lon="18.983614080416555">
				<ele>99.1580710541457</ele>
				<time>2026-05-23T10:26:25Z</time>
			</trkpt>
			<trkpt lat="47.272742432462856" lon="18.98362814111152">
				<ele>98.16925338748842</ele>
				<time>2026-05-23T10:26:27Z</time>
			</trkpt>
			<trkpt lat="47.272718427752714" lon="18.98364096850336">
				<ele>97.48791239410639</ele>
				<time>2026-05-23T10:26:31Z</time>
			</trkpt>
			<trkpt lat="47.27270419388996" lon="18.983642337175677">
				<ele>97.32470044028014</ele>
				<time>2026-05-23T10:26:34Z</time>
			</trkpt>
			<trkpt lat="47.272688543773064" lon="18.983652401606495">
				<ele>97.90554760675877</ele>
				<time>2026-05-23T10:26:35Z</time>
			</trkpt>
			<trkpt lat="47.272664196143026" lon="18.983661909116545">
				<ele>97.85585814807564</ele>
				<time>2026-05-23T10:26:37Z</time>
			</trkpt>
			<trkpt lat="47.27263947842796" lon="18.98366746511221">
				<ele>97.17805396392941</ele>
				<time>2026-05-23T10:26:39Z</time>
			</trkpt>
			<trkpt lat="47.27260076752224" lon="18.98368174190406">
				<ele>96.7534914240241</ele>
				<time>2026-05-23T10:26:42Z</time>
			</trkpt>
			<trkpt lat="47.272569033797076" lon="18.983710779827376">
				<ele>96.69382563140243</ele>
				<time>2026-05-23T10:26:45Z</time>
			</trkpt>
			<trkpt lat="47.27254670605996" lon="18.983744725384945">
				<ele>96.31973904650658</ele>
				<time>2026-05-23T10:26:48Z</time>
			</trkpt>
			<trkpt lat="47.27252550926879" lon="18.98377830770535">
				<ele>96.09510012622923</ele>
				<time>2026-05-23T10:26:51Z</time>
			</trkpt>
			<trkpt lat="47.27250486922131" lon="18.98381017869216">
				<ele>96.39024249836802</ele>
				<time>2026-05-23T10:26:54Z</time>
			</trkpt>
			<trkpt lat="47.272494163530055" lon="18.983832926304366">
				<ele>96.17973677720875</ele>
				<time>2026-05-23T10:26:56Z</time>
			</trkpt>
			<trkpt lat="47.27248753314165" lon="18.98384654312069">
				<ele>96.85849227011204</ele>
				<time>2026-05-23T10:26:58Z</time>
			</trkpt>
			<trkpt lat="47.27247302794256" lon="18.983877856201367">
				<ele>97.24448813963681</ele>
				<time>2026-05-23T10:27:00Z</time>
			</trkpt>
			<trkpt lat="47.272457786041926" lon="18.98391488611002">
				<ele>98.48103654198349</ele>
				<time>2026-05-23T10:27:02Z</time>
			</trkpt>
			<trkpt lat="47.27244226952285" lon="18.983944569985166">
				<ele>98.39842243772</ele>
				<time>2026-05-23T10:27:04Z</time>
			</trkpt>
			<trkpt lat="47.27242498973023" lon="18.983967336676415">
				<ele>98.95962250977755</ele>
				<time>2026-05-23T10:27:06Z</time>
			</trkpt>
			<trkpt lat="47.27241127100268" lon="18.9839936779225">
				<ele>98.70592432189733</ele>
				<time>2026-05-23T10:27:08Z</time>
			</trkpt>
			<trkpt lat="47.27240117606814" lon="18.984007696993203">
				<ele>99.32845538388938</ele>
				<time>2026-05-23T10:27:10Z</time>
			</trkpt>
			<trkpt lat="47.272397954538356" lon="18.984025230719098">
				<ele>98.93991284165531</ele>
				<time>2026-05-23T10:27:11Z</time>
			</trkpt>
			<trkpt lat="47.27238554961266" lon="18.984056084849165">
				<ele>98.9893921436742</ele>
				<time>2026-05-23T10:27:13Z</time>
			</trkpt>
			<trkpt lat="47.272371099535796" lon="18.984065566954435">
				<ele>98.81017592642456</ele>
				<time>2026-05-23T10:27:14Z</time>
			</trkpt>
			<trkpt lat="47.272346052021405" lon="18.984094774654224">
				<ele>98.54228547587991</ele>
				<time>2026-05-23T10:27:16Z</time>
			</trkpt>
			<trkpt lat="47.272321665903654" lon="18.984143741347044">
				<ele>98.40238787140697</ele>
				<time>2026-05-23T10:27:19Z</time>
			</trkpt>
			<trkpt lat="47.272307594765415" lon="18.984171972456554">
				<ele>98.41343363001943</ele>
				<time>2026-05-23T10:27:21Z</time>
			</trkpt>
			<trkpt lat="47.272292786959994" lon="18.984195125815884">
				<ele>98.5817360104993</ele>
				<time>2026-05-23T10:27:24Z</time>
			</trkpt>
			<trkpt lat="47.27227877581007" lon="18.984221792073356">
				<ele>98.43219575937837</ele>
				<time>2026-05-23T10:27:26Z</time>
			</trkpt>
			<trkpt lat="47.27226268840002" lon="18.98425624914352">
				<ele>98.20234412420541</ele>
				<time>2026-05-23T10:27:28Z</time>
			</trkpt>
			<trkpt lat="47.27224501424654" lon="18.98428497640677">
				<ele>98.51064857281744</ele>
				<time>2026-05-23T10:27:30Z</time>
			</trkpt>
			<trkpt lat="47.272224678830646" lon="18.984303610924638">
				<ele>98.9550925148651</ele>
				<time>2026-05-23T10:27:32Z</time>
			</trkpt>
			<trkpt lat="47.272209896202206" lon="18.98432302819908">
				<ele>97.31532616913319</ele>
				<time>2026-05-23T10:27:34Z</time>
			</trkpt>
			<trkpt lat="47.27220066028421" lon="18.984342452073623">
				<ele>97.86345034930855</ele>
				<time>2026-05-23T10:27:35Z</time>
			</trkpt>
			<trkpt lat="47.272183809643614" lon="18.984367529262517">
				<ele>98.17409275751561</ele>
				<time>2026-05-23T10:27:37Z</time>
			</trkpt>
			<trkpt lat="47.272161101631305" lon="18.984392289392563">
				<ele>98.50951859541237</ele>
				<time>2026-05-23T10:27:40Z</time>
			</trkpt>
			<trkpt lat="47.272151643391936" lon="18.984414377357627">
				<ele>98.71737718675286</ele>
				<time>2026-05-23T10:27:43Z</time>
			</trkpt>
			<trkpt lat="47.27214697300617" lon="18.984457512346044">
				<ele>98.1257473025471</ele>
				<time>2026-05-23T10:27:46Z</time>
			</trkpt>
			<trkpt lat="47.27213147930316" lon="18.984485607540037">
				<ele>98.6681540729478</ele>
				<time>2026-05-23T10:27:48Z</time>
			</trkpt>
			<trkpt lat="47.27210918253152" lon="18.98450711864348">
				<ele>99.23441082052886</ele>
				<time>2026-05-23T10:27:50Z</time>
			</trkpt>
			<trkpt lat="47.272093473171296" lon="18.984524338073616">
				<ele>99.76933777797967</ele>
				<time>2026-05-23T10:27:53Z</time>
			</trkpt>
			<trkpt lat="47.272079165820415" lon="18.98454036010154">
				<ele>98.86597325094044</ele>
				<time>2026-05-23T10:27:55Z</time>
			</trkpt>
			<trkpt lat="47.27206147107454" lon="18.98456850477286">
				<ele>99.78819913137704</ele>
				<time>2026-05-23T10:27:58Z</time>
			</trkpt>
			<trkpt lat="47.27205764227316" lon="18.984591033204143">
				<ele>99.32497726101428</ele>
				<time>2026-05-23T10:27:59Z</time>
			</trkpt>
			<trkpt lat="47.272054019368" lon="18.98461676767589">
				<ele>99.23896866198629</ele>
				<time>2026-05-23T10:28:01Z</time>
			</trkpt>
			<trkpt lat="47.27204736567537" lon="18.984628609689896">
				<ele>99.06869186274707</ele>
				<time>2026-05-23T10:28:03Z</time>
			</trkpt>
			<trkpt lat="47.27203953120738" lon="18.984663290615956">
				<ele>98.22132301796228</ele>
				<time>2026-05-23T10:28:05Z</time>
			</trkpt>
			<trkpt lat="47.27203062918672" lon="18.984690598477385">
				<ele>98.55583592224866</ele>
				<time>2026-05-23T10:28:07Z</time>
			</trkpt>
			<trkpt lat="47.27201850618658" lon="18.984716324074">
				<ele>98.77591588813812</ele>
				<time>2026-05-23T10:28:10Z</time>
			</trkpt>
			<trkpt lat="47.27199613184599" lon="18.98474744485067">
				<ele>99.19671902153641</ele>
				<time>2026-05-23T10:28:12Z</time>
			</trkpt>
			<trkpt lat="47.271974740236175" lon="18.98478083149673">
				<ele>98.99054984562099</ele>
				<time>2026-05-23T10:28:14Z</time>
			</trkpt>
			<trkpt lat="47.271947448431206" lon="18.984815287583615">
				<ele>99.35029740352184</ele>
				<time>2026-05-23T10:28:17Z</time>
			</trkpt>
			<trkpt lat="47.2719374368971" lon="18.9848347304418">
				<ele>98.96166330296546</ele>
				<time>2026-05-23T10:28:19Z</time>
			</trkpt>
			<trkpt lat="47.271929981891496" lon="18.98485683722706">
				<ele>98.53234024066478</ele>
				<time>2026-05-23T10:28:20Z</time>
			</trkpt>
			<trkpt lat="47.27191359239539" lon="18.984884152917996">
				<ele>98.8598269065842</ele>
				<time>2026-05-23T10:28:22Z</time>
			</trkpt>
			<trkpt lat="47.27189607134856" lon="18.984916602081327">
				<ele>98.70124061591923</ele>
				<time>2026-05-23T10:28:24Z</time>
			</trkpt>
			<trkpt lat="47.271877255600316" lon="18.984940000112246">
				<ele>98.88548077829182</ele>
				<time>2026-05-23T10:28:26Z</time>
			</trkpt>
			<trkpt lat="47.271861529238755" lon="18.984973234369214">
				<ele>98.16433934960514</ele>
				<time>2026-05-23T10:28:28Z</time>
			</trkpt>
			<trkpt lat="47.27184207082823" lon="18.984997834447324">
				<ele>99.55648512672633</ele>
				<time>2026-05-23T10:28:30Z</time>
			</trkpt>
			<trkpt lat="47.27183534269777" lon="18.985019357888593">
				<ele>98.86986588127911</ele>
				<time>2026-05-23T10:28:31Z</time>
			</trkpt>
			<trkpt lat="47.27182293065017" lon="18.985047880472568">
				<ele>98.37798098940402</ele>
				<time>2026-05-23T10:28:34Z</time>
			</trkpt>
			<trkpt lat="47.271811533937374" lon="18.985068317485364">
				<ele>97.77353498060256</ele>
				<time>2026-05-23T10:28:36Z</time>
			</trkpt>
			<trkpt lat="47.271797432316134" lon="18.985102334753638">
				<ele>98.03121760487556</ele>
				<time>2026-05-23T10:28:38Z</time>
			</trkpt>
			<trkpt lat="47.27178227444887" lon="18.985142281731086">
				<ele>97.25776813924313</ele>
				<time>2026-05-23T10:28:40Z</time>
			</trkpt>
			<trkpt lat="47.271758606242656" lon="18.985168662773564">
				<ele>99.06034200359136</ele>
				<time>2026-05-23T10:28:42Z</time>
			</trkpt>
			<trkpt lat="47.27173508933632" lon="18.98518639510488">
				<ele>98.78140994533896</ele>
				<time>2026-05-23T10:28:44Z</time>
			</trkpt>
			<trkpt lat="47.27171697858054" lon="18.98521445873274">
				<ele>98.2586944308132</ele>
				<time>2026-05-23T10:28:46Z</time>
			</trkpt>
			<trkpt lat="47.27169463999101" lon="18.985256302167034">
				<ele>98.1072486396879</ele>
				<time>2026-05-23T10:28:49Z</time>
			</trkpt>
			<trkpt lat="47.27168406213538" lon="18.985271643242086">
				<ele>98.00209127459675</ele>
				<time>2026-05-23T10:28:50Z</time>
			</trkpt>
			<trkpt lat="47.27167120202745" lon="18.985309026519186">
				<ele>98.90315825957805</ele>
				<time>2026-05-23T10:28:52Z</time>
			</trkpt>
			<trkpt lat="47.27166427609916" lon="18.985342393486075">
				<ele>98.52212524972856</ele>
				<time>2026-05-23T10:28:54Z</time>
			</trkpt>
			<trkpt lat="47.27165283265091" lon="18.9853689537999">
				<ele>99.0395407807082</ele>
				<time>2026-05-23T10:28:56Z</time>
			</trkpt>
			<trkpt lat="47.27164032314032" lon="18.985385392967256">
				<ele>98.54539031907916</ele>
				<time>2026-05-23T10:28:59Z</time>
			</trkpt>
			<trkpt lat="47.271630872329546" lon="18.9853991347157">
				<ele>98.7559266956523</ele>
				<time>2026-05-23T10:29:00Z</time>
			</trkpt>
			<trkpt lat="47.27160822076537" lon="18.985436566631023">
				<ele>98.13598496839404</ele>
				<time>2026-05-23T10:29:03Z</time>
			</trkpt>
			<trkpt lat="47.27159329531534" lon="18.98546177959779">
				<ele>97.95948151871562</ele>
				<time>2026-05-23T10:29:06Z</time>
			</trkpt>
			<trkpt lat="47.27158353208569" lon="18.98547336316149">
				<ele>98.79778044205159</ele>
				<time>2026-05-23T10:29:08Z</time>
			</trkpt>
			<trkpt lat="47.271571979904074" lon="18.98549136672351">
				<ele>98.81873619090766</ele>
				<time>2026-05-23T10:29:11Z</time>
			</trkpt>
			<trkpt lat="47.27156919924957" lon="18.985511889145823">
				<ele>98.6884387023747</ele>
				<time>2026-05-23T10:29:13Z</time>
			</trkpt>
			<trkpt lat="47.271562764728344" lon="18.985534003780444">
				<ele>98.8549632281065</ele>
				<time>2026-05-23T10:29:15Z</time>
			</trkpt>
			<trkpt lat="47.2715470139769" lon="18.985566528772765">
				<ele>98.5787366554141</ele>
				<time>2026-05-23T10:29:17Z</time>
			</trkpt>
			<trkpt lat="47.271534755613345" lon="18.985606750183678">
				<ele>98.60226003732532</ele>
				<time>2026-05-23T10:29:19Z</time>
			</trkpt>
			<trkpt lat="47.271525896185786" lon="18.985645746745075">
				<ele>99.2833889387548</ele>
				<time>2026-05-23T10:29:21Z</time>
			</trkpt>
			<trkpt lat="47.271507518419796" lon="18.985695337398514">
				<ele>98.69497672468424</ele>
				<time>2026-05-23T10:29:24Z</time>
			</trkpt>
			<trkpt lat="47.27150015592979" lon="18.98573031319072">
				<ele>98.82250001188368</ele>
				<time>2026-05-23T10:29:26Z</time>
			</trkpt>
			<trkpt lat="47.27148827902117" lon="18.98576196457049">
				<ele>99.608628324233</ele>
				<time>2026-05-23T10:29:28Z</time>
			</trkpt>
			<trkpt lat="47.27147800215663" lon="18.985786367158745">
				<ele>98.67624506074935</ele>
				<time>2026-05-23T10:29:31Z</time>
			</trkpt>
			<trkpt lat="47.27145853403597" lon="18.98582959915429">
				<ele>98.910779341124</ele>
				<time>2026-05-23T10:29:35Z</time>
			</trkpt>
			<trkpt lat="47.271442229812074" lon="18.985850226198103">
				<ele>98.76116850133985</ele>
				<time>2026-05-23T10:29:38Z</time>
			</trkpt>
			<trkpt lat="47.27143749854974" lon="18.985867198506238">
				<ele>98.44647659454495</ele>
				<time>2026-05-23T10:29:39Z</time>
			</trkpt>
			<trkpt lat="47.27142702275695" lon="18.98588400509179">
				<ele>99.0670526670292</ele>
				<time>2026-05-23T10:29:40Z</time>
			</trkpt>
			<trkpt lat="47.27141157348742" lon="18.98592615817596">
				<ele>97.74970585014671</ele>
				<time>2026-05-23T10:29:43Z</time>
			</trkpt>
			<trkpt lat="47.2714012706425" lon="18.985939143851805">
				<ele>97.74706466775388</ele>
				<time>2026-05-23T10:29:44Z</time>
			</trkpt>
			<trkpt lat="47.271384912166795" lon="18.985962636370253">
				<ele>97.6710368571803</ele>
				<time>2026-05-23T10:29:46Z</time>
			</trkpt>
			<trkpt lat="47.27136926579139" lon="18.985988237594025">
				<ele>97.34906254988164</ele>
				<time>2026-05-23T10:29:48Z</time>
			</trkpt>
			<trkpt lat="47.27135258181468" lon="18.986012954737177">
				<ele>97.98886559344828</ele>
				<time>2026-05-23T10:29:50Z</time>
			</trkpt>
			<trkpt lat="47.2713353230598" lon="18.98603777052998">
				<ele>98.43580057565123</ele>
				<time>2026-05-23T10:29:52Z</time>
			</trkpt>
			<trkpt lat="47.27131972684968" lon="18.986058770429615">
				<ele>99.08285509608686</ele>
				<time>2026-05-23T10:29:54Z</time>
			</trkpt>
			<trkpt lat="47.27130212808572" lon="18.98608352393129">
				<ele>98.57910810224712</ele>
				<time>2026-05-23T10:29:56Z</time>
			</trkpt>
			<trkpt lat="47.271283966910694" lon="18.986112634136983">
				<ele>97.97675083205104</ele>
				<time>2026-05-23T10:29:58Z</time>
			</trkpt>
			<trkpt lat="47.27126764502259" lon="18.986140375669976">
				<ele>97.59118440095335</ele>
				<time>2026-05-23T10:30:00Z</time>
			</trkpt>
			<trkpt lat="47.271252633514074" lon="18.986168449199962">
				<ele>97.12725665979087</ele>
				<time>2026-05-23T10:30:02Z</time>
			</trkpt>
			<trkpt lat="47.27123812348315" lon="18.986197904672196">
				<ele>96.62512189336121</ele>
				<time>2026-05-23T10:30:04Z</time>
			</trkpt>
			<trkpt lat="47.271230142994256" lon="18.986214145766766">
				<ele>97.50935604516417</ele>
				<time>2026-05-23T10:30:06Z</time>
			</trkpt>
			<trkpt lat="47.27122263368743" lon="18.98623106483953">
				<ele>97.32552147656679</ele>
				<time>2026-05-23T10:30:07Z</time>
			</trkpt>
			<trkpt lat="47.271211105631366" lon="18.986263202979917">
				<ele>97.70555244293064</ele>
				<time>2026-05-23T10:30:09Z</time>
			</trkpt>
			<trkpt lat="47.271194559329324" lon="18.98629799495985">
				<ele>98.02920387499034</ele>
				<time>2026-05-23T10:30:11Z</time>
			</trkpt>
			<trkpt lat="47.27118394722763" lon="18.98633069056444">
				<ele>97.82310086581856</ele>
				<time>2026-05-23T10:30:13Z</time>
			</trkpt>
			<trkpt lat="47.27117931617853" lon="18.98636011475184">
				<ele>98.58534840587527</ele>
				<time>2026-05-23T10:30:15Z</time>
			</trkpt>
			<trkpt lat="47.27117745522138" lon="18.986380659098295">
				<ele>98.50573548488319</ele>
				<time>2026-05-23T10:30:16Z</time>
			</trkpt>
			<trkpt lat="47.271166309109624" lon="18.986416282304734">
				<ele>98.20136996544898</ele>
				<time>2026-05-23T10:30:18Z</time>
			</trkpt>
			<trkpt lat="47.271154673425144" lon="18.986447320860194">
				<ele>99.05440025031567</ele>
				<time>2026-05-23T10:30:20Z</time>
			</trkpt>
			<trkpt lat="47.27113999240364" lon="18.986478532790006">
				<ele>97.90638152975589</ele>
				<time>2026-05-23T10:30:22Z</time>
			</trkpt>
			<trkpt lat="47.2711266426665" lon="18.986506855848994">
				<ele>98.19760407228023</ele>
				<time>2026-05-23T10:30:24Z</time>
			</trkpt>
			<trkpt lat="47.2711087904844" lon="18.986536306453598">
				<ele>98.45434859208763</ele>
				<time>2026-05-23T10:30:26Z</time>
			</trkpt>
			<trkpt lat="47.27108235316191" lon="18.986573920100398">
				<ele>97.24340663384646</ele>
				<time>2026-05-23T10:30:29Z</time>
			</trkpt>
			<trkpt lat="47.27107684885548" lon="18.98659295908808">
				<ele>97.93571133818477</ele>
				<time>2026-05-23T10:30:30Z</time>
			</trkpt>
			<trkpt lat="47.27106732994539" lon="18.98661227774709">
				<ele>98.68483662605286</ele>
				<time>2026-05-23T10:30:31Z</time>
			</trkpt>
			<trkpt lat="47.27104683848778" lon="18.98664693332176">
				<ele>98.40501909703016</ele>
				<time>2026-05-23T10:30:33Z</time>
			</trkpt>
			<trkpt lat="47.27102752971823" lon="18.98668043788431">
				<ele>99.15816889237612</ele>
				<time>2026-05-23T10:30:35Z</time>
			</trkpt>
			<trkpt lat="47.271014734933026" lon="18.986707908586258">
				<ele>98.25778718478978</ele>
				<time>2026-05-23T10:30:37Z</time>
			</trkpt>
			<trkpt lat="47.27100558428419" lon="18.986737303544192">
				<ele>97.70514921471477</ele>
				<time>2026-05-23T10:30:39Z</time>
			</trkpt>
			<trkpt lat="47.27099040505834" lon="18.986763927509532">
				<ele>98.14430335443467</ele>
				<time>2026-05-23T10:30:41Z</time>
			</trkpt>
			<trkpt lat="47.27097540474557" lon="18.986796222676645">
				<ele>99.1963525544852</ele>
				<time>2026-05-23T10:30:43Z</time>
			</trkpt>
			<trkpt lat="47.27096353855792" lon="18.986828074282883">
				<ele>98.82741129491478</ele>
				<time>2026-05-23T10:30:45Z</time>
			</trkpt>
			<trkpt lat="47.270959979614034" lon="18.986849433375156">
				<ele>98.76867518294603</ele>
				<time>2026-05-23T10:30:46Z</time>
			</trkpt>
			<trkpt lat="47.270950473787394" lon="18.986886265412615">
				<ele>98.63222626969218</ele>
				<time>2026-05-23T10:30:48Z</time>
			</trkpt>
			<trkpt lat="47.27094470129548" lon="18.98691752432448">
				<ele>98.56176863331348</ele>
				<time>2026-05-23T10:30:51Z</time>
			</trkpt>
			<trkpt lat="47.27094121793626" lon="18.986936335155498">
				<ele>98.49645011499524</ele>
				<time>2026-05-23T10:30:54Z</time>
			</trkpt>
			<trkpt lat="47.270933427706524" lon="18.986962344487498">
				<ele>98.15523970779032</ele>
				<time>2026-05-23T10:30:58Z</time>
			</trkpt>
			<trkpt lat="47.270924948086986" lon="18.986981269523852">
				<ele>97.94058761000633</ele>
				<time>2026-05-23T10:31:00Z</time>
			</trkpt>
			<trkpt lat="47.270913153969495" lon="18.98700482263416">
				<ele>98.30403214972466</ele>
				<time>2026-05-23T10:31:01Z</time>
			</trkpt>
			<trkpt lat="47.270903372998205" lon="18.98704044135558">
				<ele>97.92441734019667</ele>
				<time>2026-05-23T10:31:03Z</time>
			</trkpt>
			<trkpt lat="47.27089882759233" lon="18.98706552931878">
				<ele>97.9897812884301</ele>
				<time>2026-05-23T10:31:05Z</time>
			</trkpt>
			<trkpt lat="47.27089604205059" lon="18.987084271143512">
				<ele>97.65006981045008</ele>
				<time>2026-05-23T10:31:07Z</time>
			</trkpt>
			<trkpt lat="47.27089079351923" lon="18.987111098630375">
				<ele>97.1505471887067</ele>
				<time>2026-05-23T10:31:08Z</time>
			</trkpt>
			<trkpt lat="47.27088567553312" lon="18.987152666664347">
				<ele>97.00622239615768</ele>
				<time>2026-05-23T10:31:10Z</time>
			</trkpt>
			<trkpt lat="47.270882272169914" lon="18.987194712709403">
				<ele>97.15910627320409</ele>
				<time>2026-05-23T10:31:12Z</time>
			</trkpt>
			<trkpt lat="47.27088081175623" lon="18.987232385283086">
				<ele>96.80487814173102</ele>
				<time>2026-05-23T10:31:14Z</time>
			</trkpt>
			<trkpt lat="47.2708802370293" lon="18.987271125557832">
				<ele>97.50938622374088</ele>
				<time>2026-05-23T10:31:16Z</time>
			</trkpt>
			<trkpt lat="47.270880140888025" lon="18.987308929567043">
				<ele>97.74135408736765</ele>
				<time>2026-05-23T10:31:18Z</time>
			</trkpt>
			<trkpt lat="47.27088150866238" lon="18.987352709208754">
				<ele>97.6211578976363</ele>
				<time>2026-05-23T10:31:20Z</time>
			</trkpt>
			<trkpt lat="47.270878443982504" lon="18.98738971477584">
				<ele>97.7716408437118</ele>
				<time>2026-05-23T10:31:22Z</time>
			</trkpt>
			<trkpt lat="47.27086903328703" lon="18.987422735045396">
				<ele>98.98199460748583</ele>
				<time>2026-05-23T10:31:24Z</time>
			</trkpt>
			<trkpt lat="47.27086802052491" lon="18.987438694821314">
				<ele>97.63251623976976</ele>
				<time>2026-05-23T10:31:26Z</time>
			</trkpt>
			<trkpt lat="47.27087063513042" lon="18.987449348539716">
				<ele>97.20865919534117</ele>
				<time>2026-05-23T10:31:28Z</time>
			</trkpt>
			<trkpt lat="47.27087495211943" lon="18.987464090664023">
				<ele>97.31418968550861</ele>
				<time>2026-05-23T10:31:30Z</time>
			</trkpt>
			<trkpt lat="47.27088338660756" lon="18.987496230724645">
				<ele>97.27157364692539</ele>
				<time>2026-05-23T10:31:32Z</time>
			</trkpt>
			<trkpt lat="47.27089176004918" lon="18.98753723638689">
				<ele>96.97441564593464</ele>
				<time>2026-05-23T10:31:34Z</time>
			</trkpt>
			<trkpt lat="47.270898083574416" lon="18.987580683676107">
				<ele>97.65854215156287</ele>
				<time>2026-05-23T10:31:36Z</time>
			</trkpt>
			<trkpt lat="47.27090468379694" lon="18.98761585758594">
				<ele>98.31121676135808</ele>
				<time>2026-05-23T10:31:38Z</time>
			</trkpt>
			<trkpt lat="47.270914182585386" lon="18.987653107764565">
				<ele>98.25423590000719</ele>
				<time>2026-05-23T10:31:40Z</time>
			</trkpt>
			<trkpt lat="47.27091845675136" lon="18.98768920390705">
				<ele>99.21996205672622</ele>
				<time>2026-05-23T10:31:42Z</time>
			</trkpt>
			<trkpt lat="47.270920024200535" lon="18.987720108628167">
				<ele>98.26347451098263</ele>
				<time>2026-05-23T10:31:45Z</time>
			</trkpt>
			<trkpt lat="47.27091466991361" lon="18.987750258471504">
				<ele>99.89071830548346</ele>
				<time>2026-05-23T10:31:47Z</time>
			</trkpt>
			<trkpt lat="47.270916393485166" lon="18.987775085048042">
				<ele>98.9030775083229</ele>
				<time>2026-05-23T10:31:48Z</time>
			</trkpt>
			<trkpt lat="47.270920178499956" lon="18.987812758152355">
				<ele>97.99270405620337</ele>
				<time>2026-05-23T10:31:50Z</time>
			</trkpt>
			<trkpt lat="47.27092000768528" lon="18.987850480286866">
				<ele>97.14507069904357</ele>
				<time>2026-05-23T10:31:52Z</time>
			</trkpt>
			<trkpt lat="47.27091893643006" lon="18.987873427609056">
				<ele>97.2224879739806</ele>
				<time>2026-05-23T10:31:54Z</time>
			</trkpt>
			<trkpt lat="47.27092352686552" lon="18.987912180941777">
				<ele>97.06849674880505</ele>
				<time>2026-05-23T10:31:57Z</time>
			</trkpt>
			<trkpt lat="47.27092850060231" lon="18.98794489534616">
				<ele>97.6348365182057</ele>
				<time>2026-05-23T10:32:00Z</time>
			</trkpt>
			<trkpt lat="47.27092867554188" lon="18.987965054694715">
				<ele>97.34763376880437</ele>
				<time>2026-05-23T10:32:02Z</time>
			</trkpt>
			<trkpt lat="47.27092409947829" lon="18.987990411096003">
				<ele>98.75486337020993</ele>
				<time>2026-05-23T10:32:03Z</time>
			</trkpt>
			<trkpt lat="47.270924408776224" lon="18.988025825383847">
				<ele>98.41058338340372</ele>
				<time>2026-05-23T10:32:05Z</time>
			</trkpt>
			<trkpt lat="47.27092601005103" lon="18.988056923534156">
				<ele>99.053954471834</ele>
				<time>2026-05-23T10:32:08Z</time>
			</trkpt>
			<trkpt lat="47.27092226769923" lon="18.988084912718012">
				<ele>98.13542266003788</ele>
				<time>2026-05-23T10:32:10Z</time>
			</trkpt>
			<trkpt lat="47.27091819583316" lon="18.988119880178527">
				<ele>97.0491178650409</ele>
				<time>2026-05-23T10:32:12Z</time>
			</trkpt>
			<trkpt lat="47.27091628617174" lon="18.988157448972686">
				<ele>97.5914568239823</ele>
				<time>2026-05-23T10:32:14Z</time>
			</trkpt>
			<trkpt lat="47.27091939891772" lon="18.988192735707205">
				<ele>97.54365827795118</ele>
				<time>2026-05-23T10:32:17Z</time>
			</trkpt>
			<trkpt lat="47.27092063076181" lon="18.988213028946692">
				<ele>97.58753091935068</ele>
				<time>2026-05-23T10:32:19Z</time>
			</trkpt>
			<trkpt lat="47.2709266061882" lon="18.988248811464633">
				<ele>98.42055356316268</ele>
				<time>2026-05-23T10:32:21Z</time>
			</trkpt>
			<trkpt lat="47.27092424455465" lon="18.988284680169226">
				<ele>98.86213321704417</ele>
				<time>2026-05-23T10:32:23Z</time>
			</trkpt>
			<trkpt lat="47.27092385432495" lon="18.988307392623767">
				<ele>97.87231336440891</ele>
				<time>2026-05-23T10:32:25Z</time>
			</trkpt>
			<trkpt lat="47.27092228082885" lon="18.9883367173904">
				<ele>98.21735720615834</ele>
				<time>2026-05-23T10:32:27Z</time>
			</trkpt>
			<trkpt lat="47.270919375629134" lon="18.988372115645575">
				<ele>97.53251732047647</ele>
				<time>2026-05-23T10:32:30Z</time>
			</trkpt>
			<trkpt lat="47.27091604367493" lon="18.988393656383696">
				<ele>97.73965973220766</ele>
				<time>2026-05-23T10:32:32Z</time>
			</trkpt>
			<trkpt lat="47.270914273330206" lon="18.988417398347515">
				<ele>97.94539734441787</ele>
				<time>2026-05-23T10:32:34Z</time>
			</trkpt>
			<trkpt lat="47.270904880693045" lon="18.988453570288197">
				<ele>98.63764423225075</ele>
				<time>2026-05-23T10:32:36Z</time>
			</trkpt>
			<trkpt lat="47.27089597034175" lon="18.98848102942572">
				<ele>98.31388162169605</ele>
				<time>2026-05-23T10:32:38Z</time>
			</trkpt>
			<trkpt lat="47.27088189929001" lon="18.98851419164233">
				<ele>98.05711521301419</ele>
				<time>2026-05-23T10:32:40Z</time>
			</trkpt>
			<trkpt lat="47.27086609208118" lon="18.988550692962672">
				<ele>97.64257200062275</ele>
				<time>2026-05-23T10:32:42Z</time>
			</trkpt>
			<trkpt lat="47.27084630213457" lon="18.988578321991053">
				<ele>98.09132546558976</ele>
				<time>2026-05-23T10:32:44Z</time>
			</trkpt>
			<trkpt lat="47.27083790678228" lon="18.988611040329683">
				<ele>98.14216972049326</ele>
				<time>2026-05-23T10:32:46Z</time>
			</trkpt>
			<trkpt lat="47.27082292536527" lon="18.988642249679117">
				<ele>98.6717154784128</ele>
				<time>2026-05-23T10:32:48Z</time>
			</trkpt>
			<trkpt lat="47.27080460542388" lon="18.988669745108723">
				<ele>98.97144910972565</ele>
				<time>2026-05-23T10:32:50Z</time>
			</trkpt>
			<trkpt lat="47.27078822408245" lon="18.988701042206387">
				<ele>98.9879910685122</ele>
				<time>2026-05-23T10:32:52Z</time>
			</trkpt>
			<trkpt lat="47.27077428730338" lon="18.98873339980728">
				<ele>99.1619169889018</ele>
				<time>2026-05-23T10:32:54Z</time>
			</trkpt>
			<trkpt lat="47.270761419337795" lon="18.988761553497785">
				<ele>98.84352329093963</ele>
				<time>2026-05-23T10:32:56Z</time>
			</trkpt>
			<trkpt lat="47.270741684096066" lon="18.988789865799205">
				<ele>97.9536288427189</ele>
				<time>2026-05-23T10:32:59Z</time>
			</trkpt>
			<trkpt lat="47.270732414812464" lon="18.988803707897453">
				<ele>97.93809591885656</ele>
				<time>2026-05-23T10:33:00Z</time>
			</trkpt>
			<trkpt lat="47.27072180994708" lon="18.988820195001665">
				<ele>97.66934558749199</ele>
				<time>2026-05-23T10:33:02Z</time>
			</trkpt>
			<trkpt lat="47.27070944187249" lon="18.988842194389164">
				<ele>97.24135781172663</ele>
				<time>2026-05-23T10:33:04Z</time>
			</trkpt>
			<trkpt lat="47.270700738107976" lon="18.988863594458213">
				<ele>97.82961032353342</ele>
				<time>2026-05-23T10:33:06Z</time>
			</trkpt>
			<trkpt lat="47.27068706699086" lon="18.98888397700029">
				<ele>98.96762249525636</ele>
				<time>2026-05-23T10:33:08Z</time>
			</trkpt>
			<trkpt lat="47.270675707862864" lon="18.988915795752042">
				<ele>98.45400988776237</ele>
				<time>2026-05-23T10:33:10Z</time>
			</trkpt>
			<trkpt lat="47.27065086606224" lon="18.988953906128103">
				<ele>99.01336868014187</ele>
				<time>2026-05-23T10:33:13Z</time>
			</trkpt>
			<trkpt lat="47.27064761041109" lon="18.988973022656328">
				<ele>98.27852546516806</ele>
				<time>2026-05-23T10:33:14Z</time>
			</trkpt>
			<trkpt lat="47.27063410823869" lon="18.98899600098463">
				<ele>98.69906672928482</ele>
				<time>2026-05-23T10:33:16Z</time>
			</trkpt>
			<trkpt lat="47.27062526651515" lon="18.989025160210907">
				<ele>97.84595003724098</ele>
				<time>2026-05-23T10:33:18Z</time>
			</trkpt>
			<trkpt lat="47.2706152749744" lon="18.989053262481494">
				<ele>98.04901786893606</ele>
				<time>2026-05-23T10:33:20Z</time>
			</trkpt>
			<trkpt lat="47.27060003100963" lon="18.989078339007488">
				<ele>97.47906354442239</ele>
				<time>2026-05-23T10:33:22Z</time>
			</trkpt>
			<trkpt lat="47.27058778703974" lon="18.989106629718346">
				<ele>97.97329138591886</ele>
				<time>2026-05-23T10:33:24Z</time>
			</trkpt>
			<trkpt lat="47.27057086576431" lon="18.989132897166755">
				<ele>97.7758535509929</ele>
				<time>2026-05-23T10:33:26Z</time>
			</trkpt>
			<trkpt lat="47.27055602045701" lon="18.989160307457645">
				<ele>97.7456970885396</ele>
				<time>2026-05-23T10:33:28Z</time>
			</trkpt>
			<trkpt lat="47.27053934858558" lon="18.98918769867013">
				<ele>97.41875426098704</ele>
				<time>2026-05-23T10:33:30Z</time>
			</trkpt>
			<trkpt lat="47.27052541601779" lon="18.989212745495365">
				<ele>97.62511288188398</ele>
				<time>2026-05-23T10:33:32Z</time>
			</trkpt>
			<trkpt lat="47.270523114979156" lon="18.98923164685233">
				<ele>97.66327164787799</ele>
				<time>2026-05-23T10:33:34Z</time>
			</trkpt>
			<trkpt lat="47.27052166657214" lon="18.98925671655323">
				<ele>97.03754174150527</ele>
				<time>2026-05-23T10:33:35Z</time>
			</trkpt>
			<trkpt lat="47.270507847553674" lon="18.98929211171251">
				<ele>97.13818542100489</ele>
				<time>2026-05-23T10:33:37Z</time>
			</trkpt>
			<trkpt lat="47.27049038877797" lon="18.989321259067022">
				<ele>98.01899609342217</ele>
				<time>2026-05-23T10:33:39Z</time>
			</trkpt>
			<trkpt lat="47.27048076199991" lon="18.98933798157502">
				<ele>97.4987307023257</ele>
				<time>2026-05-23T10:33:41Z</time>
			</trkpt>
			<trkpt lat="47.27046519806175" lon="18.98936294659391">
				<ele>97.8538924548775</ele>
				<time>2026-05-23T10:33:43Z</time>
			</trkpt>
			<trkpt lat="47.27045352372344" lon="18.989399949512222">
				<ele>97.78284445405006</ele>
				<time>2026-05-23T10:33:45Z</time>
			</trkpt>
			<trkpt lat="47.27044259406752" lon="18.989441636233437">
				<ele>97.96405628789216</ele>
				<time>2026-05-23T10:33:47Z</time>
			</trkpt>
			<trkpt lat="47.27042934862528" lon="18.989459515163635">
				<ele>98.22871475480497</ele>
				<time>2026-05-23T10:33:48Z</time>
			</trkpt>
			<trkpt lat="47.270415615990586" lon="18.989493756807146">
				<ele>98.38662827014923</ele>
				<time>2026-05-23T10:33:50Z</time>
			</trkpt>
			<trkpt lat="47.2704108020447" lon="18.989517499777456">
				<ele>98.06573557760566</ele>
				<time>2026-05-23T10:33:52Z</time>
			</trkpt>
			<trkpt lat="47.270402915924194" lon="18.989549331289318">
				<ele>98.34458017908037</ele>
				<time>2026-05-23T10:33:54Z</time>
			</trkpt>
			<trkpt lat="47.27039041462902" lon="18.989589399828684">
				<ele>97.63619449548423</ele>
				<time>2026-05-23T10:33:56Z</time>
			</trkpt>
			<trkpt lat="47.27037828953887" lon="18.989612046777633">
				<ele>99.24106996133924</ele>
				<time>2026-05-23T10:33:57Z</time>
			</trkpt>
			<trkpt lat="47.27036368764021" lon="18.98964504646877">
				<ele>98.16058454476297</ele>
				<time>2026-05-23T10:33:59Z</time>
			</trkpt>
			<trkpt lat="47.27035384880247" lon="18.98967710398611">
				<ele>97.8576131425798</ele>
				<time>2026-05-23T10:34:01Z</time>
			</trkpt>
			<trkpt lat="47.2703437381669" lon="18.989706709794458">
				<ele>97.46912299934775</ele>
				<time>2026-05-23T10:34:03Z</time>
			</trkpt>
			<trkpt lat="47.270330444374785" lon="18.9897283603046">
				<ele>97.95552487950772</ele>
				<time>2026-05-23T10:34:05Z</time>
			</trkpt>
			<trkpt lat="47.270325384958554" lon="18.989744493956792">
				<ele>97.68642397131771</ele>
				<time>2026-05-23T10:34:07Z</time>
			</trkpt>
			<trkpt lat="47.27031629079637" lon="18.98975751172911">
				<ele>97.71829452458769</ele>
				<time>2026-05-23T10:34:08Z</time>
			</trkpt>
			<trkpt lat="47.27030761274402" lon="18.98977538938238">
				<ele>97.82798847556114</ele>
				<time>2026-05-23T10:34:10Z</time>
			</trkpt>
			<trkpt lat="47.27029468344631" lon="18.98980682483775">
				<ele>98.74752245098352</ele>
				<time>2026-05-23T10:34:12Z</time>
			</trkpt>
			<trkpt lat="47.270279368547996" lon="18.98984612191628">
				<ele>98.82789426855743</ele>
				<time>2026-05-23T10:34:14Z</time>
			</trkpt>
			<trkpt lat="47.27026880451151" lon="18.98988326253203">
				<ele>98.15696135442704</ele>
				<time>2026-05-23T10:34:16Z</time>
			</trkpt>
			<trkpt lat="47.27026226712544" lon="18.989923128132435">
				<ele>98.33618733473122</ele>
				<time>2026-05-23T10:34:18Z</time>
			</trkpt>
			<trkpt lat="47.27025054511866" lon="18.98995891691672">
				<ele>98.38285284209996</ele>
				<time>2026-05-23T10:34:20Z</time>
			</trkpt>
			<trkpt lat="47.270238918907125" lon="18.989990802169885">
				<ele>98.14511587936431</ele>
				<time>2026-05-23T10:34:22Z</time>
			</trkpt>
			<trkpt lat="47.27023215217592" lon="18.99000871266001">
				<ele>97.76113446708769</ele>
				<time>2026-05-23T10:34:24Z</time>
			</trkpt>
			<trkpt lat="47.270219164928754" lon="18.990041262400734">
				<ele>97.69631649088115</ele>
				<time>2026-05-23T10:34:27Z</time>
			</trkpt>
			<trkpt lat="47.27021116893875" lon="18.990061746067642">
				<ele>97.92895493097603</ele>
				<time>2026-05-23T10:34:29Z</time>
			</trkpt>
			<trkpt lat="47.27020062268299" lon="18.99008694223155">
				<ele>98.13319570664316</ele>
				<time>2026-05-23T10:34:31Z</time>
			</trkpt>
			<trkpt lat="47.27019339554703" lon="18.99010877722535">
				<ele>97.6626368900761</ele>
				<time>2026-05-23T10:34:33Z</time>
			</trkpt>
			<trkpt lat="47.27018727664635" lon="18.990127305376994">
				<ele>97.78326394595206</ele>
				<time>2026-05-23T10:34:35Z</time>
			</trkpt>
			<trkpt lat="47.270172769263795" lon="18.99015902240776">
				<ele>98.65217360574752</ele>
				<time>2026-05-23T10:34:37Z</time>
			</trkpt>
			<trkpt lat="47.27014841496142" lon="18.99020140350343">
				<ele>97.448945466429</ele>
				<time>2026-05-23T10:34:40Z</time>
			</trkpt>
			<trkpt lat="47.270131515511935" lon="18.99023608744026">
				<ele>98.28769864700735</ele>
				<time>2026-05-23T10:34:42Z</time>
			</trkpt>
			<trkpt lat="47.270115310330674" lon="18.99026805281307">
				<ele>97.11759907286614</ele>
				<time>2026-05-23T10:34:44Z</time>
			</trkpt>
			<trkpt lat="47.27010516030814" lon="18.990284801667052">
				<ele>97.57021480798721</ele>
				<time>2026-05-23T10:34:46Z</time>
			</trkpt>
			<trkpt lat="47.270091295910944" lon="18.990308774921488">
				<ele>98.34286550153047</ele>
				<time>2026-05-23T10:34:48Z</time>
			</trkpt>
			<trkpt lat="47.27007318651309" lon="18.990332080475245">
				<ele>97.73490742500871</ele>
				<time>2026-05-23T10:34:51Z</time>
			</trkpt>
			<trkpt lat="47.270052187402456" lon="18.99036496703133">
				<ele>97.50408769305795</ele>
				<time>2026-05-23T10:34:53Z</time>
			</trkpt>
			<trkpt lat="47.270026988382604" lon="18.99038290331314">
				<ele>99.13424552418292</ele>
				<time>2026-05-23T10:34:55Z</time>
			</trkpt>
			<trkpt lat="47.270000699077585" lon="18.99039619671937">
				<ele>99.9214868992567</ele>
				<time>2026-05-23T10:34:57Z</time>
			</trkpt>
			<trkpt lat="47.269985942414614" lon="18.99040760981139">
				<ele>98.49890768434852</ele>
				<time>2026-05-23T10:34:59Z</time>
			</trkpt>
			<trkpt lat="47.26996911065537" lon="18.99043227598148">
				<ele>97.9432579614222</ele>
				<time>2026-05-23T10:35:01Z</time>
			</trkpt>
			<trkpt lat="47.26994618414101" lon="18.99045104873859">
				<ele>98.0068942764774</ele>
				<time>2026-05-23T10:35:03Z</time>
			</trkpt>
			<trkpt lat="47.269925432977644" lon="18.990473330761674">
				<ele>98.51193865016103</ele>
				<time>2026-05-23T10:35:05Z</time>
			</trkpt>
			<trkpt lat="47.269900303867324" lon="18.990479446561213">
				<ele>99.10600321739912</ele>
				<time>2026-05-23T10:35:07Z</time>
			</trkpt>
			<trkpt lat="47.269886623975246" lon="18.99048427176712">
				<ele>98.72706958837807</ele>
				<time>2026-05-23T10:35:09Z</time>
			</trkpt>
			<trkpt lat="47.26986522809417" lon="18.99049942704433">
				<ele>98.42906585056335</ele>
				<time>2026-05-23T10:35:11Z</time>
			</trkpt>
			<trkpt lat="47.26983347769142" lon="18.9905219023492">
				<ele>98.31619454361498</ele>
				<time>2026-05-23T10:35:14Z</time>
			</trkpt>
			<trkpt lat="47.26980931705121" lon="18.990529726729573">
				<ele>98.4471964277327</ele>
				<time>2026-05-23T10:35:16Z</time>
			</trkpt>
			<trkpt lat="47.26978618843857" lon="18.990536858804475">
				<ele>98.16359386127442</ele>
				<time>2026-05-23T10:35:19Z</time>
			</trkpt>
			<trkpt lat="47.26976915154242" lon="18.990545670262787">
				<ele>98.19791552238166</ele>
				<time>2026-05-23T10:35:20Z</time>
			</trkpt>
			<trkpt lat="47.269745410047506" lon="18.99055267915266">
				<ele>98.22460148949176</ele>
				<time>2026-05-23T10:35:22Z</time>
			</trkpt>
			<trkpt lat="47.26971942296527" lon="18.990552116902467">
				<ele>99.25658466573805</ele>
				<time>2026-05-23T10:35:24Z</time>
			</trkpt>
			<trkpt lat="47.269688523084035" lon="18.990552424191637">
				<ele>98.20762584730983</ele>
				<time>2026-05-23T10:35:26Z</time>
			</trkpt>
			<trkpt lat="47.269662690630945" lon="18.990551525117496">
				<ele>98.55100818444043</ele>
				<time>2026-05-23T10:35:29Z</time>
			</trkpt>
			<trkpt lat="47.26963467041704" lon="18.990550880738866">
				<ele>99.8446505498141</ele>
				<time>2026-05-23T10:35:31Z</time>
			</trkpt>
			<trkpt lat="47.26961560155449" lon="18.990544242652273">
				<ele>100.68390266411006</ele>
				<time>2026-05-23T10:35:32Z</time>
			</trkpt>
			<trkpt lat="47.26958401297712" lon="18.990532542212822">
				<ele>99.20194445177913</ele>
				<time>2026-05-23T10:35:34Z</time>
			</trkpt>
			<trkpt lat="47.2695589579825" lon="18.99053090242879">
				<ele>98.97874826937914</ele>
				<time>2026-05-23T10:35:36Z</time>
			</trkpt>
			<trkpt lat="47.26953886801207" lon="18.99052612175594">
				<ele>97.44705854542553</ele>
				<time>2026-05-23T10:35:38Z</time>
			</trkpt>
			<trkpt lat="47.26951847112237" lon="18.990521856789844">
				<ele>99.12509670853615</ele>
				<time>2026-05-23T10:35:40Z</time>
			</trkpt>
			<trkpt lat="47.26949187278798" lon="18.990523131193616">
				<ele>98.23399233072996</ele>
				<time>2026-05-23T10:35:42Z</time>
			</trkpt>
			<trkpt lat="47.269457216716305" lon="18.99051909594816">
				<ele>98.79306325130165</ele>
				<time>2026-05-23T10:35:45Z</time>
			</trkpt>
			<trkpt lat="47.26944335833791" lon="18.990514860716534">
				<ele>98.63375554047525</ele>
				<time>2026-05-23T10:35:47Z</time>
			</trkpt>
			<trkpt lat="47.269422746589036" lon="18.990504546910095">
				<ele>98.58695576712489</ele>
				<time>2026-05-23T10:35:49Z</time>
			</trkpt>
			<trkpt lat="47.269393124326086" lon="18.990492388381323">
				<ele>98.35940942075104</ele>
				<time>2026-05-23T10:35:51Z</time>
			</trkpt>
			<trkpt lat="47.26936154151381" lon="18.99048188398069">
				<ele>98.62298791110516</ele>
				<time>2026-05-23T10:35:53Z</time>
			</trkpt>
			<trkpt lat="47.269335914615496" lon="18.990473561596453">
				<ele>97.997174189426</ele>
				<time>2026-05-23T10:35:55Z</time>
			</trkpt>
			<trkpt lat="47.26931002163681" lon="18.99045652510662">
				<ele>98.57463033031672</ele>
				<time>2026-05-23T10:35:57Z</time>
			</trkpt>
			<trkpt lat="47.26928842693027" lon="18.99043605773827">
				<ele>99.26311965566128</ele>
				<time>2026-05-23T10:35:59Z</time>
			</trkpt>
			<trkpt lat="47.26927476981841" lon="18.990436859724124">
				<ele>98.03033490013331</ele>
				<time>2026-05-23T10:36:00Z</time>
			</trkpt>
			<trkpt lat="47.26924795966379" lon="18.99041769462175">
				<ele>97.32196094002575</ele>
				<time>2026-05-23T10:36:02Z</time>
			</trkpt>
			<trkpt lat="47.26922521042555" lon="18.99040515704959">
				<ele>99.00873236265033</ele>
				<time>2026-05-23T10:36:04Z</time>
			</trkpt>
			<trkpt lat="47.269200923076546" lon="18.990401041487143">
				<ele>99.01047969982028</ele>
				<time>2026-05-23T10:36:06Z</time>
			</trkpt>
			<trkpt lat="47.269178850098996" lon="18.990389384091607">
				<ele>99.50149534549564</ele>
				<time>2026-05-23T10:36:08Z</time>
			</trkpt>
			<trkpt lat="47.26916364891436" lon="18.990386367622445">
				<ele>98.73033620417118</ele>
				<time>2026-05-23T10:36:09Z</time>
			</trkpt>
			<trkpt lat="47.26913540566503" lon="18.990385320023844">
				<ele>98.34553730394691</ele>
				<time>2026-05-23T10:36:11Z</time>
			</trkpt>
			<trkpt lat="47.269109177092" lon="18.99037314002456">
				<ele>98.35823387093842</ele>
				<time>2026-05-23T10:36:13Z</time>
			</trkpt>
			<trkpt lat="47.26908353448611" lon="18.99035333455043">
				<ele>99.55163909588009</ele>
				<time>2026-05-23T10:36:15Z</time>
			</trkpt>
			<trkpt lat="47.26904168340258" lon="18.990344898684064">
				<ele>98.21973065007478</ele>
				<time>2026-05-23T10:36:18Z</time>
			</trkpt>
			<trkpt lat="47.269015754761774" lon="18.990343526530616">
				<ele>98.52649472560734</ele>
				<time>2026-05-23T10:36:20Z</time>
			</trkpt>
			<trkpt lat="47.26899046956414" lon="18.99032394109724">
				<ele>98.99067349173129</ele>
				<time>2026-05-23T10:36:22Z</time>
			</trkpt>
			<trkpt lat="47.268973655006384" lon="18.99030064822306">
				<ele>99.0514407530427</ele>
				<time>2026-05-23T10:36:24Z</time>
			</trkpt>
			<trkpt lat="47.26895496355651" lon="18.99028221166893">
				<ele>99.52071641385555</ele>
				<time>2026-05-23T10:36:26Z</time>
			</trkpt>
			<trkpt lat="47.26893782866605" lon="18.990283981072633">
				<ele>98.7954407883808</ele>
				<time>2026-05-23T10:36:27Z</time>
			</trkpt>
			<trkpt lat="47.26891132709672" lon="18.990280679501485">
				<ele>98.17355724424124</ele>
				<time>2026-05-23T10:36:29Z</time>
			</trkpt>
			<trkpt lat="47.26888652360913" lon="18.99025612611737">
				<ele>96.75368454493582</ele>
				<time>2026-05-23T10:36:31Z</time>
			</trkpt>
			<trkpt lat="47.2688622903751" lon="18.99023960640723">
				<ele>96.4463539198041</ele>
				<time>2026-05-23T10:36:33Z</time>
			</trkpt>
			<trkpt lat="47.268825645098794" lon="18.990237121219153">
				<ele>97.25292789749801</ele>
				<time>2026-05-23T10:36:35Z</time>
			</trkpt>
			<trkpt lat="47.268804085144176" lon="18.99021887218924">
				<ele>98.69757591467351</ele>
				<time>2026-05-23T10:36:37Z</time>
			</trkpt>
			<trkpt lat="47.26879216406381" lon="18.99021382502353">
				<ele>98.8032848900184</ele>
				<time>2026-05-23T10:36:38Z</time>
			</trkpt>
			<trkpt lat="47.26876598060385" lon="18.990202368468537">
				<ele>97.5636769272387</ele>
				<time>2026-05-23T10:36:40Z</time>
			</trkpt>
			<trkpt lat="47.26877037352088" lon="18.990190636472487">
				<ele>99.32516595814377</ele>
				<time>2026-05-23T10:36:41Z</time>
			</trkpt>
			<trkpt lat="47.26875841403712" lon="18.990166527190418">
				<ele>98.78262128867209</ele>
				<time>2026-05-23T10:36:43Z</time>
			</trkpt>
			<trkpt lat="47.268745285254575" lon="18.990154915784622">
				<ele>98.72768518794328</ele>
				<time>2026-05-23T10:36:44Z</time>
			</trkpt>
			<trkpt lat="47.26872879533444" lon="18.99014602600713">
				<ele>98.271493896842</ele>
				<time>2026-05-23T10:36:45Z</time>
			</trkpt>
			<trkpt lat="47.26869460836507" lon="18.990129292737205">
				<ele>99.04977579880506</ele>
				<time>2026-05-23T10:36:48Z</time>
			</trkpt>
			<trkpt lat="47.26867505700076" lon="18.9901240972407">
				<ele>99.49202826060355</ele>
				<time>2026-05-23T10:36:49Z</time>
			</trkpt>
			<trkpt lat="47.268652700274444" lon="18.990113357371634">
				<ele>99.58498927205801</ele>
				<time>2026-05-23T10:36:51Z</time>
			</trkpt>
			<trkpt lat="47.268626678953424" lon="18.99010453514908">
				<ele>99.68962082546204</ele>
				<time>2026-05-23T10:36:53Z</time>
			</trkpt>
			<trkpt lat="47.26861502712554" lon="18.9900835062073">
				<ele>99.93785487767309</ele>
				<time>2026-05-23T10:36:54Z</time>
			</trkpt>
			<trkpt lat="47.2685933283437" lon="18.990055121637997">
				<ele>99.48083695396781</ele>
				<time>2026-05-23T10:36:56Z</time>
			</trkpt>
			<trkpt lat="47.26856588282735" lon="18.990041077409675">
				<ele>98.87283831089735</ele>
				<time>2026-05-23T10:36:58Z</time>
			</trkpt>
			<trkpt lat="47.26854749279064" lon="18.990033029509373">
				<ele>98.81738153658807</ele>
				<time>2026-05-23T10:37:00Z</time>
			</trkpt>
			<trkpt lat="47.26853437092753" lon="18.990022420061948">
				<ele>98.86261982470751</ele>
				<time>2026-05-23T10:37:02Z</time>
			</trkpt>
			<trkpt lat="47.26851441305757" lon="18.990011019009398">
				<ele>98.48306407500058</ele>
				<time>2026-05-23T10:37:04Z</time>
			</trkpt>
			<trkpt lat="47.26848422934974" lon="18.990003757820315">
				<ele>98.46848477236927</ele>
				<time>2026-05-23T10:37:06Z</time>
			</trkpt>
			<trkpt lat="47.268466845471565" lon="18.989990392044316">
				<ele>99.36089748516679</ele>
				<time>2026-05-23T10:37:08Z</time>
			</trkpt>
			<trkpt lat="47.26845521534294" lon="18.989971658998297">
				<ele>99.13034609612077</ele>
				<time>2026-05-23T10:37:09Z</time>
			</trkpt>
			<trkpt lat="47.26843372482667" lon="18.989948628567937">
				<ele>98.80262295715511</ele>
				<time>2026-05-23T10:37:11Z</time>
			</trkpt>
			<trkpt lat="47.268417404426806" lon="18.989916859094304">
				<ele>99.06202965881675</ele>
				<time>2026-05-23T10:37:13Z</time>
			</trkpt>
			<trkpt lat="47.26840530623931" lon="18.989900513003466">
				<ele>98.77675555925816</ele>
				<time>2026-05-23T10:37:15Z</time>
			</trkpt>
			<trkpt lat="47.268385112145786" lon="18.9898874445145">
				<ele>98.39932579547167</ele>
				<time>2026-05-23T10:37:17Z</time>
			</trkpt>
			<trkpt lat="47.268350719523504" lon="18.989869970807884">
				<ele>97.74406218063086</ele>
				<time>2026-05-23T10:37:20Z</time>
			</trkpt>
			<trkpt lat="47.26833589929154" lon="18.98986361701936">
				<ele>97.62241711746901</ele>
				<time>2026-05-23T10:37:22Z</time>
			</trkpt>
			<trkpt lat="47.26832031496165" lon="18.989855836235517">
				<ele>97.40610778518021</ele>
				<time>2026-05-23T10:37:25Z</time>
			</trkpt>
			<trkpt lat="47.268302730882006" lon="18.98984517634018">
				<ele>97.33898874931037</ele>
				<time>2026-05-23T10:37:28Z</time>
			</trkpt>
			<trkpt lat="47.268268276977494" lon="18.989820082795664">
				<ele>97.05337630957365</ele>
				<time>2026-05-23T10:37:31Z</time>
			</trkpt>
			<trkpt lat="47.268241875612155" lon="18.989802508298187">
				<ele>97.39757980313152</ele>
				<time>2026-05-23T10:37:34Z</time>
			</trkpt>
			<trkpt lat="47.268220955071484" lon="18.989793423106363">
				<ele>97.70714186970145</ele>
				<time>2026-05-23T10:37:36Z</time>
			</trkpt>
			<trkpt lat="47.26819532762554" lon="18.989789510490134">
				<ele>97.34720702562481</ele>
				<time>2026-05-23T10:37:38Z</time>
			</trkpt>
			<trkpt lat="47.26817713449302" lon="18.98978712955079">
				<ele>97.5178830428049</ele>
				<time>2026-05-23T10:37:39Z</time>
			</trkpt>
			<trkpt lat="47.26813358148866" lon="18.98978127989447">
				<ele>97.22832969855517</ele>
				<time>2026-05-23T10:37:42Z</time>
			</trkpt>
			<trkpt lat="47.26811921354534" lon="18.989778835621337">
				<ele>97.40522386599332</ele>
				<time>2026-05-23T10:37:44Z</time>
			</trkpt>
			<trkpt lat="47.268092617111925" lon="18.989775221728532">
				<ele>97.47833713982254</ele>
				<time>2026-05-23T10:37:46Z</time>
			</trkpt>
			<trkpt lat="47.268061096472756" lon="18.98977103568907">
				<ele>97.77791236806661</ele>
				<time>2026-05-23T10:37:48Z</time>
			</trkpt>
			<trkpt lat="47.26804302719491" lon="18.989770075023266">
				<ele>97.85367556940764</ele>
				<time>2026-05-23T10:37:49Z</time>
			</trkpt>
			<trkpt lat="47.268011278066034" lon="18.98977042723133">
				<ele>97.65977266523987</ele>
				<time>2026-05-23T10:37:51Z</time>
			</trkpt>
			<trkpt lat="47.26798481148403" lon="18.989769415070043">
				<ele>97.74659502878785</ele>
				<time>2026-05-23T10:37:53Z</time>
			</trkpt>
			<trkpt lat="47.267967931045014" lon="18.989767359261048">
				<ele>98.11273092590272</ele>
				<time>2026-05-23T10:37:54Z</time>
			</trkpt>
			<trkpt lat="47.26793851883472" lon="18.98976997351237">
				<ele>97.99506582319736</ele>
				<time>2026-05-23T10:37:56Z</time>
			</trkpt>
			<trkpt lat="47.267913239791696" lon="18.989773716888717">
				<ele>97.84770358260721</ele>
				<time>2026-05-23T10:37:58Z</time>
			</trkpt>
			<trkpt lat="47.26789835481458" lon="18.989775691246003">
				<ele>97.46712951734662</ele>
				<time>2026-05-23T10:37:59Z</time>
			</trkpt>
			<trkpt lat="47.267870742587675" lon="18.98977373904446">
				<ele>98.26025916542858</ele>
				<time>2026-05-23T10:38:01Z</time>
			</trkpt>
			<trkpt lat="47.26784521380034" lon="18.989772847521152">
				<ele>97.87620794121176</ele>
				<time>2026-05-23T10:38:03Z</time>
			</trkpt>
			<trkpt lat="47.26782343619911" lon="18.98976673215928">
				<ele>98.31831218581647</ele>
				<time>2026-05-23T10:38:05Z</time>
			</trkpt>
			<trkpt lat="47.26780000448898" lon="18.98975056934929">
				<ele>98.46822601184249</ele>
				<time>2026-05-23T10:38:07Z</time>
			</trkpt>
			<trkpt lat="47.267779141516556" lon="18.98972538123513">
				<ele>98.00916871987283</ele>
				<time>2026-05-23T10:38:09Z</time>
			</trkpt>
			<trkpt lat="47.26775778790353" lon="18.989712054511823">
				<ele>97.29454384930432</ele>
				<time>2026-05-23T10:38:11Z</time>
			</trkpt>
			<trkpt lat="47.267732273543004" lon="18.98969937778374">
				<ele>97.57987946458161</ele>
				<time>2026-05-23T10:38:13Z</time>
			</trkpt>
			<trkpt lat="47.26771508486281" lon="18.98969362875453">
				<ele>97.97802987415344</ele>
				<time>2026-05-23T10:38:14Z</time>
			</trkpt>
			<trkpt lat="47.26768536544416" lon="18.989681070068002">
				<ele>98.30607199575752</ele>
				<time>2026-05-23T10:38:16Z</time>
			</trkpt>
			<trkpt lat="47.26766432607501" lon="18.98965957387143">
				<ele>97.94952605571598</ele>
				<time>2026-05-23T10:38:18Z</time>
			</trkpt>
			<trkpt lat="47.26765527322385" lon="18.98963811617835">
				<ele>98.50755896698684</ele>
				<time>2026-05-23T10:38:19Z</time>
			</trkpt>
			<trkpt lat="47.26764041147129" lon="18.98962913632968">
				<ele>98.45428679697216</ele>
				<time>2026-05-23T10:38:20Z</time>
			</trkpt>
			<trkpt lat="47.267610515783346" lon="18.98961298812384">
				<ele>98.49903302453458</ele>
				<time>2026-05-23T10:38:22Z</time>
			</trkpt>
			<trkpt lat="47.26758343545641" lon="18.989599276248427">
				<ele>98.68978340085596</ele>
				<time>2026-05-23T10:38:24Z</time>
			</trkpt>
			<trkpt lat="47.267560306742396" lon="18.989584092358932">
				<ele>99.01677093002945</ele>
				<time>2026-05-23T10:38:26Z</time>
			</trkpt>
			<trkpt lat="47.26753676988497" lon="18.989554282117354">
				<ele>98.76336823962629</ele>
				<time>2026-05-23T10:38:28Z</time>
			</trkpt>
			<trkpt lat="47.26751193403015" lon="18.989533440482635">
				<ele>98.34901340678334</ele>
				<time>2026-05-23T10:38:30Z</time>
			</trkpt>
			<trkpt lat="47.267496459332996" lon="18.989520643342715">
				<ele>98.20997490175068</ele>
				<time>2026-05-23T10:38:31Z</time>
			</trkpt>
			<trkpt lat="47.26747038023453" lon="18.9894998283791">
				<ele>98.74425256904215</ele>
				<time>2026-05-23T10:38:33Z</time>
			</trkpt>
			<trkpt lat="47.26745170342684" lon="18.989493709603927">
				<ele>98.26890356559306</ele>
				<time>2026-05-23T10:38:34Z</time>
			</trkpt>
			<trkpt lat="47.267406715843094" lon="18.989487049678196">
				<ele>97.18798863422126</ele>
				<time>2026-05-23T10:38:37Z</time>
			</trkpt>
			<trkpt lat="47.26737297970055" lon="18.98949716558108">
				<ele>97.1848804904148</ele>
				<time>2026-05-23T10:38:39Z</time>
			</trkpt>
			<trkpt lat="47.2673362212091" lon="18.989511459410885">
				<ele>97.2663208656013</ele>
				<time>2026-05-23T10:38:41Z</time>
			</trkpt>
			<trkpt lat="47.267301747808645" lon="18.98951771793663">
				<ele>97.75755281746387</ele>
				<time>2026-05-23T10:38:43Z</time>
			</trkpt>
			<trkpt lat="47.267270357188764" lon="18.989526769980017">
				<ele>97.4809459131211</ele>
				<time>2026-05-23T10:38:45Z</time>
			</trkpt>
			<trkpt lat="47.26724369443687" lon="18.989532710086472">
				<ele>98.02651987783611</ele>
				<time>2026-05-23T10:38:47Z</time>
			</trkpt>
			<trkpt lat="47.267218720481964" lon="18.98954615463221">
				<ele>97.02548351604491</ele>
				<time>2026-05-23T10:38:49Z</time>
			</trkpt>
			<trkpt lat="47.267198065516936" lon="18.989546090350682">
				<ele>96.895871498622</ele>
				<time>2026-05-23T10:38:51Z</time>
			</trkpt>
			<trkpt lat="47.26718218028196" lon="18.989545437069907">
				<ele>97.45330398343503</ele>
				<time>2026-05-23T10:38:52Z</time>
			</trkpt>
			<trkpt lat="47.26716301264064" lon="18.98955375217003">
				<ele>97.2129109641537</ele>
				<time>2026-05-23T10:38:53Z</time>
			</trkpt>
			<trkpt lat="47.26713622284378" lon="18.98955563325928">
				<ele>97.97375882510096</ele>
				<time>2026-05-23T10:38:56Z</time>
			</trkpt>
			<trkpt lat="47.26712251449693" lon="18.989548821062282">
				<ele>98.19865227676928</ele>
				<time>2026-05-23T10:38:57Z</time>
			</trkpt>
			<trkpt lat="47.26709826203488" lon="18.9895287015574">
				<ele>98.86652529332787</ele>
				<time>2026-05-23T10:38:59Z</time>
			</trkpt>
			<trkpt lat="47.26707123811846" lon="18.98950781554878">
				<ele>98.28479402326047</ele>
				<time>2026-05-23T10:39:01Z</time>
			</trkpt>
			<trkpt lat="47.26705346555133" lon="18.989506470898657">
				<ele>98.22322569787502</ele>
				<time>2026-05-23T10:39:02Z</time>
			</trkpt>
			<trkpt lat="47.267021887857375" lon="18.989502327234575">
				<ele>97.53625159803778</ele>
				<time>2026-05-23T10:39:04Z</time>
			</trkpt>
			<trkpt lat="47.26698471459713" lon="18.98949677111407">
				<ele>98.11736067570746</ele>
				<time>2026-05-23T10:39:06Z</time>
			</trkpt>
			<trkpt lat="47.266948696622656" lon="18.989489663683898">
				<ele>97.82824057713151</ele>
				<time>2026-05-23T10:39:08Z</time>
			</trkpt>
			<trkpt lat="47.26691665283764" lon="18.989476654234966">
				<ele>97.810930442065</ele>
				<time>2026-05-23T10:39:10Z</time>
			</trkpt>
			<trkpt lat="47.26688247060554" lon="18.989455418059368">
				<ele>98.1505583152175</ele>
				<time>2026-05-23T10:39:12Z</time>
			</trkpt>
			<trkpt lat="47.266857195418034" lon="18.989432632547842">
				<ele>97.96700941026211</ele>
				<time>2026-05-23T10:39:14Z</time>
			</trkpt>
			<trkpt lat="47.26682531915534" lon="18.98942113199172">
				<ele>98.36559213977307</ele>
				<time>2026-05-23T10:39:16Z</time>
			</trkpt>
			<trkpt lat="47.26680664278623" lon="18.9894260778292">
				<ele>98.69031861051917</ele>
				<time>2026-05-23T10:39:17Z</time>
			</trkpt>
			<trkpt lat="47.26679236246174" lon="18.989419054561107">
				<ele>98.23258400242776</ele>
				<time>2026-05-23T10:39:18Z</time>
			</trkpt>
			<trkpt lat="47.26676753590078" lon="18.98940690121279">
				<ele>97.90432046726346</ele>
				<time>2026-05-23T10:39:20Z</time>
			</trkpt>
			<trkpt lat="47.2667429410376" lon="18.989387244918372">
				<ele>98.76469149440527</ele>
				<time>2026-05-23T10:39:22Z</time>
			</trkpt>
			<trkpt lat="47.266726279755254" lon="18.989381842404466">
				<ele>99.20733114145696</ele>
				<time>2026-05-23T10:39:23Z</time>
			</trkpt>
			<trkpt lat="47.26669639846837" lon="18.989376035448014">
				<ele>98.64409663993865</ele>
				<time>2026-05-23T10:39:25Z</time>
			</trkpt>
			<trkpt lat="47.2666815638223" lon="18.989369703700827">
				<ele>97.8234458565712</ele>
				<time>2026-05-23T10:39:26Z</time>
			</trkpt>
			<trkpt lat="47.26665347861969" lon="18.989350755379885">
				<ele>97.73493008315563</ele>
				<time>2026-05-23T10:39:28Z</time>
			</trkpt>
			<trkpt lat="47.26663642134948" lon="18.98934637643171">
				<ele>98.19941865466535</ele>
				<time>2026-05-23T10:39:29Z</time>
			</trkpt>
			<trkpt lat="47.26662051265456" lon="18.989335101794666">
				<ele>98.14633528515697</ele>
				<time>2026-05-23T10:39:30Z</time>
			</trkpt>
			<trkpt lat="47.26660149178169" lon="18.989331260173643">
				<ele>98.14265473280102</ele>
				<time>2026-05-23T10:39:31Z</time>
			</trkpt>
			<trkpt lat="47.26657003330593" lon="18.989312275626318">
				<ele>97.9269903069362</ele>
				<time>2026-05-23T10:39:33Z</time>
			</trkpt>
			<trkpt lat="47.266556413454055" lon="18.98929050302956">
				<ele>97.82062367349863</ele>
				<time>2026-05-23T10:39:34Z</time>
			</trkpt>
			<trkpt lat="47.26653917522288" lon="18.9892815906978">
				<ele>98.00726269558072</ele>
				<time>2026-05-23T10:39:35Z</time>
			</trkpt>
			<trkpt lat="47.266514136289835" lon="18.98926208425588">
				<ele>98.26460877805948</ele>
				<time>2026-05-23T10:39:37Z</time>
			</trkpt>
			<trkpt lat="47.26648196796392" lon="18.989247710586586">
				<ele>98.34442098159343</ele>
				<time>2026-05-23T10:39:39Z</time>
			</trkpt>
			<trkpt lat="47.266456915125" lon="18.98923791485091">
				<ele>97.42144661676139</ele>
				<time>2026-05-23T10:39:40Z</time>
			</trkpt>
			<trkpt lat="47.26641356374653" lon="18.989224198561313">
				<ele>96.92374843731523</ele>
				<time>2026-05-23T10:39:42Z</time>
			</trkpt>
			<trkpt lat="47.26638194953743" lon="18.989213746110057">
				<ele>97.13661660254002</ele>
				<time>2026-05-23T10:39:44Z</time>
			</trkpt>
			<trkpt lat="47.26635330113356" lon="18.989209539820873">
				<ele>96.71109968982637</ele>
				<time>2026-05-23T10:39:46Z</time>
			</trkpt>
			<trkpt lat="47.2663170970634" lon="18.989207022277835">
				<ele>96.98798444122076</ele>
				<time>2026-05-23T10:39:48Z</time>
			</trkpt>
			<trkpt lat="47.26628783244489" lon="18.989196550384513">
				<ele>98.09049480222166</ele>
				<time>2026-05-23T10:39:50Z</time>
			</trkpt>
			<trkpt lat="47.266271081584605" lon="18.98920571750415">
				<ele>97.32217247318476</ele>
				<time>2026-05-23T10:39:51Z</time>
			</trkpt>
			<trkpt lat="47.26625618949997" lon="18.98919999159342">
				<ele>97.51407657656819</ele>
				<time>2026-05-23T10:39:52Z</time>
			</trkpt>
			<trkpt lat="47.26624139300623" lon="18.989206649626148">
				<ele>97.81658032350242</ele>
				<time>2026-05-23T10:39:53Z</time>
			</trkpt>
			<trkpt lat="47.266226274392515" lon="18.989201295365987">
				<ele>98.39109417330474</ele>
				<time>2026-05-23T10:39:54Z</time>
			</trkpt>
			<trkpt lat="47.26620893717713" lon="18.98920180870355">
				<ele>98.08881589211524</ele>
				<time>2026-05-23T10:39:55Z</time>
			</trkpt>
			<trkpt lat="47.26619462339092" lon="18.98919206438655">
				<ele>98.00845190696418</ele>
				<time>2026-05-23T10:39:56Z</time>
			</trkpt>
			<trkpt lat="47.26616843183373" lon="18.98917961745192">
				<ele>97.36764077097178</ele>
				<time>2026-05-23T10:39:58Z</time>
			</trkpt>
			<trkpt lat="47.266145393387674" lon="18.98916955407301">
				<ele>97.68095076736063</ele>
				<time>2026-05-23T10:40:00Z</time>
			</trkpt>
			<trkpt lat="47.26613218187446" lon="18.98915241183467">
				<ele>98.5365857295692</ele>
				<time>2026-05-23T10:40:01Z</time>
			</trkpt>
			<trkpt lat="47.26612184493508" lon="18.98915522581654">
				<ele>98.34836016688496</ele>
				<time>2026-05-23T10:40:02Z</time>
			</trkpt>
			<trkpt lat="47.26610725431812" lon="18.98914703840085">
				<ele>98.65131694078445</ele>
				<time>2026-05-23T10:40:03Z</time>
			</trkpt>
			<trkpt lat="47.2660807194733" lon="18.989144997606697">
				<ele>96.92908169794828</ele>
				<time>2026-05-23T10:40:05Z</time>
			</trkpt>
			<trkpt lat="47.26605511348108" lon="18.989147843533576">
				<ele>97.01585981901735</ele>
				<time>2026-05-23T10:40:07Z</time>
			</trkpt>
			<trkpt lat="47.26603114555963" lon="18.989143551601355">
				<ele>97.64862648583949</ele>
				<time>2026-05-23T10:40:09Z</time>
			</trkpt>
			<trkpt lat="47.266012246869764" lon="18.98913785530412">
				<ele>97.67663794849068</ele>
				<time>2026-05-23T10:40:12Z</time>
			</trkpt>
			<trkpt lat="47.265998397078725" lon="18.98913707521625">
				<ele>97.673294397071</ele>
				<time>2026-05-23T10:40:16Z</time>
			</trkpt>
			<trkpt lat="47.26598036557214" lon="18.989134358844776">
				<ele>97.80755875818431</ele>
				<time>2026-05-23T10:40:20Z</time>
			</trkpt>
			<trkpt lat="47.2659574914606" lon="18.989136933070878">
				<ele>97.80978076532483</ele>
				<time>2026-05-23T10:40:27Z</time>
			</trkpt>
			<trkpt lat="47.26593752920444" lon="18.989140806496245">
				<ele>97.92785187065601</ele>
				<time>2026-05-23T10:40:34Z</time>
			</trkpt>
			<trkpt lat="47.26591811895963" lon="18.989144058936905">
				<ele>97.74399388767779</ele>
				<time>2026-05-23T10:40:41Z</time>
			</trkpt>
			<trkpt lat="47.26590283970425" lon="18.98912739315535">
				<ele>95.84781612921506</ele>
				<time>2026-05-23T10:40:44Z</time>
			</trkpt>
			<trkpt lat="47.26588325250877" lon="18.989114141123252">
				<ele>97.08071838319302</ele>
				<time>2026-05-23T10:40:50Z</time>
			</trkpt>
			<trkpt lat="47.26586845858714" lon="18.989112540242377">
				<ele>97.39244423806667</ele>
				<time>2026-05-23T10:40:56Z</time>
			</trkpt>
			<trkpt lat="47.265851624675065" lon="18.98910589262578">
				<ele>97.28060966078192</ele>
				<time>2026-05-23T10:41:02Z</time>
			</trkpt>
			<trkpt lat="47.26582808377727" lon="18.989097981131682">
				<ele>97.62446004990488</ele>
				<time>2026-05-23T10:41:13Z</time>
			</trkpt>
			<trkpt lat="47.26581072070245" lon="18.989093848657078">
				<ele>97.5910077271983</ele>
				<time>2026-05-23T10:41:21Z</time>
			</trkpt>
			<trkpt lat="47.265798157925595" lon="18.989087754536797">
				<ele>97.3607134455815</ele>
				<time>2026-05-23T10:41:25Z</time>
			</trkpt>
			<trkpt lat="47.26578036627018" lon="18.98908083409873">
				<ele>97.55209922045469</ele>
				<time>2026-05-23T10:41:31Z</time>
			</trkpt>
			<trkpt lat="47.26575994031266" lon="18.989071738310454">
				<ele>97.43274647276849</ele>
				<time>2026-05-23T10:41:39Z</time>
			</trkpt>
			<trkpt lat="47.26572617582632" lon="18.989061764387984">
				<ele>97.48376928735524</ele>
				<time>2026-05-23T10:41:53Z</time>
			</trkpt>
			<trkpt lat="47.26571008693681" lon="18.989055927355388">
				<ele>97.79565692134202</ele>
				<time>2026-05-23T10:41:59Z</time>
			</trkpt>
			<trkpt lat="47.265691629649126" lon="18.989043065178194">
				<ele>98.0445168344304</ele>
				<time>2026-05-23T10:42:07Z</time>
			</trkpt>
			<trkpt lat="47.265676529479045" lon="18.98903282410391">
				<ele>97.48036610521376</ele>
				<time>2026-05-23T10:42:12Z</time>
			</trkpt>
			<trkpt lat="47.26563276666684" lon="18.989011708575255">
				<ele>97.74258605577052</ele>
				<time>2026-05-23T10:42:25Z</time>
			</trkpt>
			<trkpt lat="47.265606598103055" lon="18.989014248205436">
				<ele>97.82550082355738</ele>
				<time>2026-05-23T10:42:33Z</time>
			</trkpt>
			<trkpt lat="47.26559031712488" lon="18.989016069395888">
				<ele>97.53421448171139</ele>
				<time>2026-05-23T10:42:36Z</time>
			</trkpt>
			<trkpt lat="47.26557374200577" lon="18.989012956262705">
				<ele>97.40870273020118</ele>
				<time>2026-05-23T10:42:40Z</time>
			</trkpt>
			<trkpt lat="47.26555430074055" lon="18.989007842035207">
				<ele>97.48831597622484</ele>
				<time>2026-05-23T10:42:44Z</time>
			</trkpt>
			<trkpt lat="47.26553454544364" lon="18.98900022537111">
				<ele>97.52776455041021</ele>
				<time>2026-05-23T10:42:48Z</time>
			</trkpt>
			<trkpt lat="47.26551782469955" lon="18.98899114544799">
				<ele>96.99485976994038</ele>
				<time>2026-05-23T10:42:51Z</time>
			</trkpt>
			<trkpt lat="47.26550321447294" lon="18.988983433600854">
				<ele>96.74205666966736</ele>
				<time>2026-05-23T10:42:54Z</time>
			</trkpt>
			<trkpt lat="47.26548607409574" lon="18.988974260639957">
				<ele>97.02987703774124</ele>
				<time>2026-05-23T10:42:58Z</time>
			</trkpt>
			<trkpt lat="47.265462583889274" lon="18.98896365763537">
				<ele>97.09233392588794</ele>
				<time>2026-05-23T10:43:03Z</time>
			</trkpt>
			<trkpt lat="47.26543902431982" lon="18.988956494439936">
				<ele>97.48340876307338</ele>
				<time>2026-05-23T10:43:08Z</time>
			</trkpt>
			<trkpt lat="47.26541382522858" lon="18.988946630325774">
				<ele>97.61762418132275</ele>
				<time>2026-05-23T10:43:14Z</time>
			</trkpt>
			<trkpt lat="47.26539190454495" lon="18.98894092368791">
				<ele>97.85102561488748</ele>
				<time>2026-05-23T10:43:19Z</time>
			</trkpt>
			<trkpt lat="47.26537346599682" lon="18.988934905532282">
				<ele>98.00470712408423</ele>
				<time>2026-05-23T10:43:24Z</time>
			</trkpt>
			<trkpt lat="47.26535810004895" lon="18.988930712215204">
				<ele>97.98587697837502</ele>
				<time>2026-05-23T10:43:28Z</time>
			</trkpt>
			<trkpt lat="47.265341413183975" lon="18.988926042775763">
				<ele>97.91852818615735</ele>
				<time>2026-05-23T10:43:32Z</time>
			</trkpt>
			<trkpt lat="47.265324977697276" lon="18.988920749682997">
				<ele>97.81867412663996</ele>
				<time>2026-05-23T10:43:36Z</time>
			</trkpt>
			<trkpt lat="47.2653058205515" lon="18.98891558285435">
				<ele>97.79588178452104</ele>
				<time>2026-05-23T10:43:41Z</time>
			</trkpt>
			<trkpt lat="47.265286121964664" lon="18.98890936200638">
				<ele>97.64967243745923</ele>
				<time>2026-05-23T10:43:46Z</time>
			</trkpt>
			<trkpt lat="47.265267842322615" lon="18.98890407066338">
				<ele>97.83336280472577</ele>
				<time>2026-05-23T10:43:50Z</time>
			</trkpt>
			<trkpt lat="47.2652477397497" lon="18.988900256761355">
				<ele>97.8143961140886</ele>
				<time>2026-05-23T10:43:55Z</time>
			</trkpt>
			<trkpt lat="47.265227540102636" lon="18.98889752893567">
				<ele>97.79287837538868</ele>
				<time>2026-05-23T10:44:00Z</time>
			</trkpt>
			<trkpt lat="47.265208030198636" lon="18.988893378428617">
				<ele>97.58785341028124</ele>
				<time>2026-05-23T10:44:05Z</time>
			</trkpt>
			<trkpt lat="47.26518879935667" lon="18.98889062833189">
				<ele>97.4965790770948</ele>
				<time>2026-05-23T10:44:10Z</time>
			</trkpt>
			<trkpt lat="47.26516540524062" lon="18.98889080900676">
				<ele>97.08935163170099</ele>
				<time>2026-05-23T10:44:16Z</time>
			</trkpt>
			<trkpt lat="47.26514493934131" lon="18.98889046731441">
				<ele>97.42090410366654</ele>
				<time>2026-05-23T10:44:21Z</time>
			</trkpt>
			<trkpt lat="47.265127883317355" lon="18.98889003286681">
				<ele>97.57968687731773</ele>
				<time>2026-05-23T10:44:25Z</time>
			</trkpt>
			<trkpt lat="47.26511046434054" lon="18.988888804984693">
				<ele>97.65069234091789</ele>
				<time>2026-05-23T10:44:29Z</time>
			</trkpt>
			<trkpt lat="47.26509208757798" lon="18.9888843056786">
				<ele>97.67538755759597</ele>
				<time>2026-05-23T10:44:33Z</time>
			</trkpt>
			<trkpt lat="47.265070217617684" lon="18.98887595217532">
				<ele>97.42171740531921</ele>
				<time>2026-05-23T10:44:38Z</time>
			</trkpt>
			<trkpt lat="47.26504969752145" lon="18.988867266962412">
				<ele>97.3620237512514</ele>
				<time>2026-05-23T10:44:42Z</time>
			</trkpt>
			<trkpt lat="47.26503256808995" lon="18.98885820414606">
				<ele>97.32812698930502</ele>
				<time>2026-05-23T10:44:46Z</time>
			</trkpt>
			<trkpt lat="47.26501846953987" lon="18.98885088554565">
				<ele>97.2869811533019</ele>
				<time>2026-05-23T10:44:49Z</time>
			</trkpt>
			<trkpt lat="47.26500320222717" lon="18.988843508412703">
				<ele>97.19516650401056</ele>
				<time>2026-05-23T10:44:52Z</time>
			</trkpt>
			<trkpt lat="47.264987007093" lon="18.988835760715155">
				<ele>97.46691000740975</ele>
				<time>2026-05-23T10:44:55Z</time>
			</trkpt>
			<trkpt lat="47.26496539382942" lon="18.988826623276285">
				<ele>97.30781911499798</ele>
				<time>2026-05-23T10:44:59Z</time>
			</trkpt>
			<trkpt lat="47.26494594721751" lon="18.988819375449044">
				<ele>97.17734410706908</ele>
				<time>2026-05-23T10:45:02Z</time>
			</trkpt>
			<trkpt lat="47.26492791762608" lon="18.988812825821924">
				<ele>97.23344315961003</ele>
				<time>2026-05-23T10:45:05Z</time>
			</trkpt>
			<trkpt lat="47.26491035366728" lon="18.988807119754235">
				<ele>97.26475766394287</ele>
				<time>2026-05-23T10:45:08Z</time>
			</trkpt>
			<trkpt lat="47.264891357787974" lon="18.98880064667634">
				<ele>97.28685620334</ele>
				<time>2026-05-23T10:45:11Z</time>
			</trkpt>
			<trkpt lat="47.264869883864804" lon="18.988791441973685">
				<ele>97.37504088319838</ele>
				<time>2026-05-23T10:45:15Z</time>
			</trkpt>
			<trkpt lat="47.26484601397696" lon="18.988780490757">
				<ele>97.1156844375655</ele>
				<time>2026-05-23T10:45:19Z</time>
			</trkpt>
			<trkpt lat="47.26482693960566" lon="18.988771544168284">
				<ele>97.35203693713993</ele>
				<time>2026-05-23T10:45:22Z</time>
			</trkpt>
			<trkpt lat="47.26480679507192" lon="18.988762899913567">
				<ele>96.78932993020862</ele>
				<time>2026-05-23T10:45:25Z</time>
			</trkpt>
			<trkpt lat="47.26478539885856" lon="18.988753264288004">
				<ele>97.00290651340038</ele>
				<time>2026-05-23T10:45:28Z</time>
			</trkpt>
			<trkpt lat="47.26476364372915" lon="18.988743574617317">
				<ele>97.0503685278818</ele>
				<time>2026-05-23T10:45:31Z</time>
			</trkpt>
			<trkpt lat="47.26474200239488" lon="18.98873445457961">
				<ele>97.26877197157592</ele>
				<time>2026-05-23T10:45:34Z</time>
			</trkpt>
			<trkpt lat="47.264720652293725" lon="18.988726339155154">
				<ele>97.4053801940754</ele>
				<time>2026-05-23T10:45:37Z</time>
			</trkpt>
			<trkpt lat="47.264699841881" lon="18.988718411101736">
				<ele>97.52134252618998</ele>
				<time>2026-05-23T10:45:40Z</time>
			</trkpt>
			<trkpt lat="47.26467915661669" lon="18.988710270724706">
				<ele>97.59814926795661</ele>
				<time>2026-05-23T10:45:43Z</time>
			</trkpt>
			<trkpt lat="47.26465997668935" lon="18.988702707048194">
				<ele>97.75680547300726</ele>
				<time>2026-05-23T10:45:46Z</time>
			</trkpt>
			<trkpt lat="47.26464070548768" lon="18.988695116135702">
				<ele>97.75695109646767</ele>
				<time>2026-05-23T10:45:49Z</time>
			</trkpt>
			<trkpt lat="47.26462140054667" lon="18.98868725586923">
				<ele>97.82142597064376</ele>
				<time>2026-05-23T10:45:52Z</time>
			</trkpt>
			<trkpt lat="47.26460248129832" lon="18.9886797434049">
				<ele>97.78417610749602</ele>
				<time>2026-05-23T10:45:55Z</time>
			</trkpt>
			<trkpt lat="47.2645788773008" lon="18.988670112420316">
				<ele>97.87512576952577</ele>
				<time>2026-05-23T10:45:59Z</time>
			</trkpt>
			<trkpt lat="47.264556452680246" lon="18.988658586320227">
				<ele>97.89688366930932</ele>
				<time>2026-05-23T10:46:03Z</time>
			</trkpt>
			<trkpt lat="47.26453925614192" lon="18.988649480518774">
				<ele>97.84945480711758</ele>
				<time>2026-05-23T10:46:06Z</time>
			</trkpt>
			<trkpt lat="47.264520075536005" lon="18.988639951664876">
				<ele>97.70201318711042</ele>
				<time>2026-05-23T10:46:10Z</time>
			</trkpt>
			<trkpt lat="47.26450118217423" lon="18.988630840958578">
				<ele>97.70098321978003</ele>
				<time>2026-05-23T10:46:14Z</time>
			</trkpt>
			<trkpt lat="47.26448261051323" lon="18.988620923615567">
				<ele>97.8227818319574</ele>
				<time>2026-05-23T10:46:18Z</time>
			</trkpt>
			<trkpt lat="47.26446426659419" lon="18.988610412556415">
				<ele>97.79994068760425</ele>
				<time>2026-05-23T10:46:22Z</time>
			</trkpt>
			<trkpt lat="47.26444396568023" lon="18.988598898328835">
				<ele>97.7580806510523</ele>
				<time>2026-05-23T10:46:26Z</time>
			</trkpt>
			<trkpt lat="47.264423972632535" lon="18.988587566307746">
				<ele>97.8507471093908</ele>
				<time>2026-05-23T10:46:30Z</time>
			</trkpt>
			<trkpt lat="47.264404230095764" lon="18.98857754506641">
				<ele>97.8034698292613</ele>
				<time>2026-05-23T10:46:34Z</time>
			</trkpt>
			<trkpt lat="47.2643832458394" lon="18.988567114427177">
				<ele>97.92049636412412</ele>
				<time>2026-05-23T10:46:38Z</time>
			</trkpt>
			<trkpt lat="47.26436170369879" lon="18.98855726827251">
				<ele>97.83794453460723</ele>
				<time>2026-05-23T10:46:42Z</time>
			</trkpt>
			<trkpt lat="47.26434447158356" lon="18.988549797898994">
				<ele>98.09250677470118</ele>
				<time>2026-05-23T10:46:45Z</time>
			</trkpt>
			<trkpt lat="47.26432537557669" lon="18.98854244951491">
				<ele>97.63820643350482</ele>
				<time>2026-05-23T10:46:49Z</time>
			</trkpt>
			<trkpt lat="47.26430979402809" lon="18.98853170449715">
				<ele>97.92274302244186</ele>
				<time>2026-05-23T10:46:52Z</time>
			</trkpt>
			<trkpt lat="47.264293219246866" lon="18.98852114822148">
				<ele>97.87820532452315</ele>
				<time>2026-05-23T10:46:55Z</time>
			</trkpt>
			<trkpt lat="47.26426572999953" lon="18.988512365573076">
				<ele>96.7105264980346</ele>
				<time>2026-05-23T10:46:58Z</time>
			</trkpt>
			<trkpt lat="47.26423193650521" lon="18.98850030782054">
				<ele>97.02574161626399</ele>
				<time>2026-05-23T10:47:03Z</time>
			</trkpt>
			<trkpt lat="47.264218058456066" lon="18.988493319644178">
				<ele>97.36210729088634</ele>
				<time>2026-05-23T10:47:05Z</time>
			</trkpt>
			<trkpt lat="47.264204961520214" lon="18.988487567961663">
				<ele>97.25537874083966</ele>
				<time>2026-05-23T10:47:07Z</time>
			</trkpt>
			<trkpt lat="47.26418788180205" lon="18.988482811091366">
				<ele>97.49506427068263</ele>
				<time>2026-05-23T10:47:10Z</time>
			</trkpt>
			<trkpt lat="47.26416562726766" lon="18.988477402374137">
				<ele>97.55156749673188</ele>
				<time>2026-05-23T10:47:14Z</time>
			</trkpt>
			<trkpt lat="47.264134480529066" lon="18.988469460880342">
				<ele>97.16321820020676</ele>
				<time>2026-05-23T10:47:17Z</time>
			</trkpt>
			<trkpt lat="47.26410811464853" lon="18.988462020588365">
				<ele>97.61142251361161</ele>
				<time>2026-05-23T10:47:20Z</time>
			</trkpt>
			<trkpt lat="47.26409413983759" lon="18.988457537573936">
				<ele>97.64958970528096</ele>
				<time>2026-05-23T10:47:22Z</time>
			</trkpt>
			<trkpt lat="47.26407098615212" lon="18.9884478276038">
				<ele>97.94027019664645</ele>
				<time>2026-05-23T10:47:24Z</time>
			</trkpt>
			<trkpt lat="47.26404660876236" lon="18.98843789265365">
				<ele>97.49212835729122</ele>
				<time>2026-05-23T10:47:27Z</time>
			</trkpt>
			<trkpt lat="47.26403215105774" lon="18.988430408321626">
				<ele>97.39637127984315</ele>
				<time>2026-05-23T10:47:29Z</time>
			</trkpt>
			<trkpt lat="47.26401747196976" lon="18.988422852745934">
				<ele>97.95710229687393</ele>
				<time>2026-05-23T10:47:31Z</time>
			</trkpt>
			<trkpt lat="47.263996343863404" lon="18.988413980988188">
				<ele>97.90942483395338</ele>
				<time>2026-05-23T10:47:34Z</time>
			</trkpt>
			<trkpt lat="47.263974487910446" lon="18.98840438487933">
				<ele>97.75023601017892</ele>
				<time>2026-05-23T10:47:37Z</time>
			</trkpt>
			<trkpt lat="47.26395669374855" lon="18.988395642291078">
				<ele>97.95327848102897</ele>
				<time>2026-05-23T10:47:39Z</time>
			</trkpt>
			<trkpt lat="47.263934687481694" lon="18.988384719251812">
				<ele>97.98112969752401</ele>
				<time>2026-05-23T10:47:42Z</time>
			</trkpt>
			<trkpt lat="47.26391273104855" lon="18.988374494907493">
				<ele>97.95369387138635</ele>
				<time>2026-05-23T10:47:45Z</time>
			</trkpt>
			<trkpt lat="47.26389098005781" lon="18.98836430278005">
				<ele>98.08211920782924</ele>
				<time>2026-05-23T10:47:48Z</time>
			</trkpt>
			<trkpt lat="47.26385895542" lon="18.988355845654265">
				<ele>97.83270824048668</ele>
				<time>2026-05-23T10:47:51Z</time>
			</trkpt>
			<trkpt lat="47.26381868547278" lon="18.988352606475175">
				<ele>98.87802459485829</ele>
				<time>2026-05-23T10:47:54Z</time>
			</trkpt>
			<trkpt lat="47.2637913601977" lon="18.98835168741819">
				<ele>98.44359836447984</ele>
				<time>2026-05-23T10:47:56Z</time>
			</trkpt>
			<trkpt lat="47.26377706757453" lon="18.988342175922742">
				<ele>98.6944899270311</ele>
				<time>2026-05-23T10:47:57Z</time>
			</trkpt>
			<trkpt lat="47.26376023969485" lon="18.988340567036285">
				<ele>98.73641722742468</ele>
				<time>2026-05-23T10:47:58Z</time>
			</trkpt>
			<trkpt lat="47.263728431353265" lon="18.988340519551127">
				<ele>97.75591849163175</ele>
				<time>2026-05-23T10:48:00Z</time>
			</trkpt>
			<trkpt lat="47.26369588088427" lon="18.98832912890998">
				<ele>97.75764958374202</ele>
				<time>2026-05-23T10:48:02Z</time>
			</trkpt>
			<trkpt lat="47.26367055504171" lon="18.988313801313954">
				<ele>98.1993767125532</ele>
				<time>2026-05-23T10:48:04Z</time>
			</trkpt>
			<trkpt lat="47.263658005883116" lon="18.988307402768665">
				<ele>98.43676512595266</ele>
				<time>2026-05-23T10:48:05Z</time>
			</trkpt>
			<trkpt lat="47.26363897055973" lon="18.988302400778796">
				<ele>98.0564233418554</ele>
				<time>2026-05-23T10:48:06Z</time>
			</trkpt>
			<trkpt lat="47.26360406732435" lon="18.988290247450017">
				<ele>97.74611547123641</ele>
				<time>2026-05-23T10:48:08Z</time>
			</trkpt>
			<trkpt lat="47.26357020628742" lon="18.98827838179019">
				<ele>97.84190948214382</ele>
				<time>2026-05-23T10:48:10Z</time>
			</trkpt>
			<trkpt lat="47.263537949399705" lon="18.988264583231544">
				<ele>97.89161700196564</ele>
				<time>2026-05-23T10:48:12Z</time>
			</trkpt>
			<trkpt lat="47.26350641983364" lon="18.988246515384965">
				<ele>97.83523133769631</ele>
				<time>2026-05-23T10:48:14Z</time>
			</trkpt>
			<trkpt lat="47.26347124685629" lon="18.98823671778727">
				<ele>97.51019967813045</ele>
				<time>2026-05-23T10:48:16Z</time>
			</trkpt>
			<trkpt lat="47.2634406629062" lon="18.988220053236148">
				<ele>97.64263845141977</ele>
				<time>2026-05-23T10:48:18Z</time>
			</trkpt>
			<trkpt lat="47.26340969239613" lon="18.988208219534098">
				<ele>97.61711695697159</ele>
				<time>2026-05-23T10:48:20Z</time>
			</trkpt>
			<trkpt lat="47.26339543656869" lon="18.988201469446334">
				<ele>97.17860298603773</ele>
				<time>2026-05-23T10:48:21Z</time>
			</trkpt>
			<trkpt lat="47.263377852793745" lon="18.988196106957098">
				<ele>97.50000057183206</ele>
				<time>2026-05-23T10:48:22Z</time>
			</trkpt>
			<trkpt lat="47.263347325615385" lon="18.988177231513667">
				<ele>98.41475346218795</ele>
				<time>2026-05-23T10:48:24Z</time>
			</trkpt>
			<trkpt lat="47.2633180425299" lon="18.988157987134606">
				<ele>98.59987843036652</ele>
				<time>2026-05-23T10:48:26Z</time>
			</trkpt>
			<trkpt lat="47.26330441600919" lon="18.988145904961446">
				<ele>97.92366798222065</ele>
				<time>2026-05-23T10:48:27Z</time>
			</trkpt>
			<trkpt lat="47.263287805932485" lon="18.988135685030215">
				<ele>98.05293358583003</ele>
				<time>2026-05-23T10:48:28Z</time>
			</trkpt>
			<trkpt lat="47.26327162518948" lon="18.988122576621404">
				<ele>97.91686524730176</ele>
				<time>2026-05-23T10:48:29Z</time>
			</trkpt>
			<trkpt lat="47.263239993055784" lon="18.98809964042877">
				<ele>98.52592512127012</ele>
				<time>2026-05-23T10:48:31Z</time>
			</trkpt>
			<trkpt lat="47.26322189834829" lon="18.98809077254385">
				<ele>98.63659616932273</ele>
				<time>2026-05-23T10:48:32Z</time>
			</trkpt>
			<trkpt lat="47.26320195418475" lon="18.98808208645927">
				<ele>98.51882775127888</ele>
				<time>2026-05-23T10:48:33Z</time>
			</trkpt>
			<trkpt lat="47.2631692046286" lon="18.988071674794124">
				<ele>99.12367888726294</ele>
				<time>2026-05-23T10:48:35Z</time>
			</trkpt>
			<trkpt lat="47.26313490474636" lon="18.988058849231876">
				<ele>99.15385978668928</ele>
				<time>2026-05-23T10:48:37Z</time>
			</trkpt>
			<trkpt lat="47.26309843494569" lon="18.988040044439806">
				<ele>98.27565575391054</ele>
				<time>2026-05-23T10:48:39Z</time>
			</trkpt>
			<trkpt lat="47.26307050532961" lon="18.988023451402597">
				<ele>98.4320032261312</ele>
				<time>2026-05-23T10:48:41Z</time>
			</trkpt>
			<trkpt lat="47.26304243575153" lon="18.988004142066092">
				<ele>97.44300635810941</ele>
				<time>2026-05-23T10:48:43Z</time>
			</trkpt>
			<trkpt lat="47.263026459027465" lon="18.987989774237235">
				<ele>98.55357830785215</ele>
				<time>2026-05-23T10:48:44Z</time>
			</trkpt>
			<trkpt lat="47.262998386594845" lon="18.987960266103478">
				<ele>99.24634755216539</ele>
				<time>2026-05-23T10:48:46Z</time>
			</trkpt>
			<trkpt lat="47.26297171346688" lon="18.987935795154776">
				<ele>98.52851219382137</ele>
				<time>2026-05-23T10:48:48Z</time>
			</trkpt>
			<trkpt lat="47.26295545136654" lon="18.98792797118818">
				<ele>97.85894606634974</ele>
				<time>2026-05-23T10:48:49Z</time>
			</trkpt>
			<trkpt lat="47.262927344627414" lon="18.98791057601829">
				<ele>97.74966060183942</ele>
				<time>2026-05-23T10:48:51Z</time>
			</trkpt>
			<trkpt lat="47.26289426218627" lon="18.987895778481043">
				<ele>98.12114102393389</ele>
				<time>2026-05-23T10:48:53Z</time>
			</trkpt>
			<trkpt lat="47.26285976967337" lon="18.987883031817493">
				<ele>97.68526804912835</ele>
				<time>2026-05-23T10:48:55Z</time>
			</trkpt>
			<trkpt lat="47.26284380738777" lon="18.987865583206116">
				<ele>98.32167639862746</ele>
				<time>2026-05-23T10:48:56Z</time>
			</trkpt>
			<trkpt lat="47.26282619789653" lon="18.987853853365678">
				<ele>98.36509821563959</ele>
				<time>2026-05-23T10:48:57Z</time>
			</trkpt>
			<trkpt lat="47.26280885654233" lon="18.98783887993364">
				<ele>98.46290192287415</ele>
				<time>2026-05-23T10:48:58Z</time>
			</trkpt>
			<trkpt lat="47.26278765105248" lon="18.987829940887064">
				<ele>97.99225766211748</ele>
				<time>2026-05-23T10:48:59Z</time>
			</trkpt>
			<trkpt lat="47.26277454216699" lon="18.987811697552367">
				<ele>98.52733312826604</ele>
				<time>2026-05-23T10:49:00Z</time>
			</trkpt>
			<trkpt lat="47.26275614758649" lon="18.98780087323438">
				<ele>97.9105133432895</ele>
				<time>2026-05-23T10:49:01Z</time>
			</trkpt>
			<trkpt lat="47.26273044167315" lon="18.987777339828597">
				<ele>97.1128799347207</ele>
				<time>2026-05-23T10:49:03Z</time>
			</trkpt>
			<trkpt lat="47.262692589054474" lon="18.987754009073438">
				<ele>97.37313125375658</ele>
				<time>2026-05-23T10:49:05Z</time>
			</trkpt>
			<trkpt lat="47.26265560431805" lon="18.987735045459843">
				<ele>96.5083193955943</ele>
				<time>2026-05-23T10:49:07Z</time>
			</trkpt>
			<trkpt lat="47.26262852983832" lon="18.987721289123314">
				<ele>96.89319142512977</ele>
				<time>2026-05-23T10:49:09Z</time>
			</trkpt>
			<trkpt lat="47.26260769683691" lon="18.987711036557748">
				<ele>96.7177334651351</ele>
				<time>2026-05-23T10:49:11Z</time>
			</trkpt>
			<trkpt lat="47.262590880104845" lon="18.987705437029412">
				<ele>96.29657092969865</ele>
				<time>2026-05-23T10:49:12Z</time>
			</trkpt>
			<trkpt lat="47.26255474658171" lon="18.987696484489653">
				<ele>95.592714227736</ele>
				<time>2026-05-23T10:49:14Z</time>
			</trkpt>
			<trkpt lat="47.262525746988004" lon="18.987692050913488">
				<ele>97.74653287511319</ele>
				<time>2026-05-23T10:49:16Z</time>
			</trkpt>
			<trkpt lat="47.26250499744101" lon="18.987691634803703">
				<ele>97.03507489711046</ele>
				<time>2026-05-23T10:49:17Z</time>
			</trkpt>
			<trkpt lat="47.26247344785237" lon="18.987671559150574">
				<ele>98.71944364067167</ele>
				<time>2026-05-23T10:49:19Z</time>
			</trkpt>
			<trkpt lat="47.26244193739575" lon="18.987647695144503">
				<ele>98.2576913787052</ele>
				<time>2026-05-23T10:49:21Z</time>
			</trkpt>
			<trkpt lat="47.26241122013059" lon="18.987628807377476">
				<ele>98.5023301821202</ele>
				<time>2026-05-23T10:49:23Z</time>
			</trkpt>
			<trkpt lat="47.26238068789134" lon="18.987608286697963">
				<ele>98.00716932676733</ele>
				<time>2026-05-23T10:49:25Z</time>
			</trkpt>
			<trkpt lat="47.262354931244076" lon="18.987584094456363">
				<ele>98.04350620973855</ele>
				<time>2026-05-23T10:49:27Z</time>
			</trkpt>
			<trkpt lat="47.26232561146608" lon="18.98756231839003">
				<ele>98.1043917844072</ele>
				<time>2026-05-23T10:49:29Z</time>
			</trkpt>
			<trkpt lat="47.26229643483769" lon="18.98753771372024">
				<ele>98.51801869552583</ele>
				<time>2026-05-23T10:49:31Z</time>
			</trkpt>
			<trkpt lat="47.26226380437056" lon="18.987511941662934">
				<ele>98.43608496151865</ele>
				<time>2026-05-23T10:49:33Z</time>
			</trkpt>
			<trkpt lat="47.26223425448454" lon="18.987494262912325">
				<ele>98.98854168411344</ele>
				<time>2026-05-23T10:49:35Z</time>
			</trkpt>
			<trkpt lat="47.26219553812185" lon="18.98748434868733">
				<ele>98.3980311434716</ele>
				<time>2026-05-23T10:49:37Z</time>
			</trkpt>
			<trkpt lat="47.26216532596244" lon="18.987463220355398">
				<ele>98.53368750214577</ele>
				<time>2026-05-23T10:49:39Z</time>
			</trkpt>
			<trkpt lat="47.2621463585794" lon="18.98742863462326">
				<ele>98.81419833097607</ele>
				<time>2026-05-23T10:49:41Z</time>
			</trkpt>
			<trkpt lat="47.26212601007086" lon="18.987426047856076">
				<ele>98.14231973420829</ele>
				<time>2026-05-23T10:49:42Z</time>
			</trkpt>
			<trkpt lat="47.262097780068395" lon="18.987413268261534">
				<ele>97.79298397526145</ele>
				<time>2026-05-23T10:49:44Z</time>
			</trkpt>
			<trkpt lat="47.26208265898249" lon="18.987406324797337">
				<ele>97.8571395482868</ele>
				<time>2026-05-23T10:49:45Z</time>
			</trkpt>
			<trkpt lat="47.262061204335204" lon="18.987392343931084">
				<ele>97.77292184066027</ele>
				<time>2026-05-23T10:49:47Z</time>
			</trkpt>
			<trkpt lat="47.26204667653161" lon="18.987380213960773">
				<ele>97.67628541775048</ele>
				<time>2026-05-23T10:49:49Z</time>
			</trkpt>
			<trkpt lat="47.26198876837983" lon="18.987345828331723">
				<ele>97.7290313821286</ele>
				<time>2026-05-23T10:49:55Z</time>
			</trkpt>
			<trkpt lat="47.2619670693689" lon="18.987329904700744">
				<ele>97.7799050975591</ele>
				<time>2026-05-23T10:49:57Z</time>
			</trkpt>
			<trkpt lat="47.261931081409976" lon="18.98732476121174">
				<ele>97.89218427333981</ele>
				<time>2026-05-23T10:49:59Z</time>
			</trkpt>
			<trkpt lat="47.26191086680902" lon="18.987311288076356">
				<ele>97.82402876019478</ele>
				<time>2026-05-23T10:50:00Z</time>
			</trkpt>
			<trkpt lat="47.26187978288415" lon="18.98729746154464">
				<ele>98.06006398890167</ele>
				<time>2026-05-23T10:50:02Z</time>
			</trkpt>
			<trkpt lat="47.261853716774674" lon="18.98728666837267">
				<ele>97.30562961474061</ele>
				<time>2026-05-23T10:50:04Z</time>
			</trkpt>
			<trkpt lat="47.261828179702796" lon="18.987273076746664">
				<ele>97.17656086198986</ele>
				<time>2026-05-23T10:50:06Z</time>
			</trkpt>
			<trkpt lat="47.26180379663607" lon="18.987255260449846">
				<ele>96.75310605205595</ele>
				<time>2026-05-23T10:50:08Z</time>
			</trkpt>
			<trkpt lat="47.2617891622077" lon="18.987242223261678">
				<ele>97.28515725117177</ele>
				<time>2026-05-23T10:50:09Z</time>
			</trkpt>
			<trkpt lat="47.26177395837312" lon="18.98723694979211">
				<ele>97.5201318114996</ele>
				<time>2026-05-23T10:50:10Z</time>
			</trkpt>
			<trkpt lat="47.26175621585308" lon="18.987225593313603">
				<ele>98.0021760193631</ele>
				<time>2026-05-23T10:50:11Z</time>
			</trkpt>
			<trkpt lat="47.261723629070204" lon="18.9872023127663">
				<ele>97.42831323854625</ele>
				<time>2026-05-23T10:50:13Z</time>
			</trkpt>
			<trkpt lat="47.26169322087273" lon="18.98718235024879">
				<ele>97.55889259371907</ele>
				<time>2026-05-23T10:50:15Z</time>
			</trkpt>
			<trkpt lat="47.261661361846805" lon="18.9871673735063">
				<ele>98.2321439506486</ele>
				<time>2026-05-23T10:50:17Z</time>
			</trkpt>
			<trkpt lat="47.26163255014661" lon="18.9871455865482">
				<ele>97.18832369148731</ele>
				<time>2026-05-23T10:50:19Z</time>
			</trkpt>
			<trkpt lat="47.26161451743034" lon="18.987129813332206">
				<ele>97.62209039647132</ele>
				<time>2026-05-23T10:50:20Z</time>
			</trkpt>
			<trkpt lat="47.26158879508077" lon="18.987107794406363">
				<ele>98.04405184648931</ele>
				<time>2026-05-23T10:50:22Z</time>
			</trkpt>
			<trkpt lat="47.26156392501812" lon="18.98708624521287">
				<ele>98.789311170578</ele>
				<time>2026-05-23T10:50:24Z</time>
			</trkpt>
			<trkpt lat="47.26153884834023" lon="18.987063659530094">
				<ele>99.33102694246918</ele>
				<time>2026-05-23T10:50:26Z</time>
			</trkpt>
			<trkpt lat="47.26151789255275" lon="18.987046821577493">
				<ele>99.44699332397431</ele>
				<time>2026-05-23T10:50:28Z</time>
			</trkpt>
			<trkpt lat="47.261498430884664" lon="18.98702404197707">
				<ele>99.27132028155029</ele>
				<time>2026-05-23T10:50:30Z</time>
			</trkpt>
			<trkpt lat="47.261476285293185" lon="18.986998979783664">
				<ele>99.83942359313369</ele>
				<time>2026-05-23T10:50:32Z</time>
			</trkpt>
			<trkpt lat="47.261448440286614" lon="18.98697681882098">
				<ele>98.40724047180265</ele>
				<time>2026-05-23T10:50:34Z</time>
			</trkpt>
			<trkpt lat="47.261424567264214" lon="18.986957658870416">
				<ele>98.20378443598747</ele>
				<time>2026-05-23T10:50:36Z</time>
			</trkpt>
			<trkpt lat="47.2614005033713" lon="18.986945500115297">
				<ele>98.28570754546672</ele>
				<time>2026-05-23T10:50:38Z</time>
			</trkpt>
			<trkpt lat="47.26137305537056" lon="18.986933755340118">
				<ele>99.24777646921575</ele>
				<time>2026-05-23T10:50:40Z</time>
			</trkpt>
			<trkpt lat="47.26136091894208" lon="18.986919653641127">
				<ele>98.08405529893935</ele>
				<time>2026-05-23T10:50:41Z</time>
			</trkpt>
			<trkpt lat="47.261339597257596" lon="18.98689090160741">
				<ele>98.68443570286036</ele>
				<time>2026-05-23T10:50:43Z</time>
			</trkpt>
			<trkpt lat="47.261325837273674" lon="18.98687875885618">
				<ele>98.03512410167605</ele>
				<time>2026-05-23T10:50:44Z</time>
			</trkpt>
			<trkpt lat="47.261300239332556" lon="18.98685855302795">
				<ele>97.93626478966326</ele>
				<time>2026-05-23T10:50:46Z</time>
			</trkpt>
			<trkpt lat="47.26128761687239" lon="18.986844586689735">
				<ele>97.4863664014265</ele>
				<time>2026-05-23T10:50:47Z</time>
			</trkpt>
			<trkpt lat="47.26126054599217" lon="18.98681079050545">
				<ele>98.23118640948087</ele>
				<time>2026-05-23T10:50:49Z</time>
			</trkpt>
			<trkpt lat="47.26123472020204" lon="18.986779949917246">
				<ele>98.33449782431126</ele>
				<time>2026-05-23T10:50:51Z</time>
			</trkpt>
			<trkpt lat="47.26121809372263" lon="18.986746098190746">
				<ele>99.22048601415008</ele>
				<time>2026-05-23T10:50:53Z</time>
			</trkpt>
			<trkpt lat="47.261201420897606" lon="18.986706115972723">
				<ele>98.6492722639814</ele>
				<time>2026-05-23T10:50:56Z</time>
			</trkpt>
			<trkpt lat="47.261191823493725" lon="18.986693618085067">
				<ele>97.89681905601174</ele>
				<time>2026-05-23T10:50:57Z</time>
			</trkpt>
			<trkpt lat="47.26118018199921" lon="18.986668447946432">
				<ele>98.11476449575275</ele>
				<time>2026-05-23T10:51:00Z</time>
			</trkpt>
			<trkpt lat="47.261169101489166" lon="18.986646918767285">
				<ele>97.64334146492183</ele>
				<time>2026-05-23T10:51:02Z</time>
			</trkpt>
			<trkpt lat="47.261160703796406" lon="18.9866308324017">
				<ele>97.64030947722495</ele>
				<time>2026-05-23T10:51:04Z</time>
			</trkpt>
			<trkpt lat="47.26114717578418" lon="18.98661083513294">
				<ele>97.10096364840865</ele>
				<time>2026-05-23T10:51:06Z</time>
			</trkpt>
			<trkpt lat="47.261129642660094" lon="18.986581139701546">
				<ele>97.60053199436516</ele>
				<time>2026-05-23T10:51:10Z</time>
			</trkpt>
			<trkpt lat="47.261118680144435" lon="18.98656599076744">
				<ele>97.96067113336176</ele>
				<time>2026-05-23T10:51:13Z</time>
			</trkpt>
			<trkpt lat="47.26109880654562" lon="18.986556894247595">
				<ele>97.52551733981818</ele>
				<time>2026-05-23T10:51:15Z</time>
			</trkpt>
			<trkpt lat="47.261080130599055" lon="18.98653382831859">
				<ele>99.17752306070179</ele>
				<time>2026-05-23T10:51:17Z</time>
			</trkpt>
			<trkpt lat="47.26105851032051" lon="18.986510549848195">
				<ele>97.91092444118112</ele>
				<time>2026-05-23T10:51:21Z</time>
			</trkpt>
			<trkpt lat="47.26104448989837" lon="18.98649766650399">
				<ele>97.69048467557877</ele>
				<time>2026-05-23T10:51:22Z</time>
			</trkpt>
			<trkpt lat="47.26102066696199" lon="18.986477732763213">
				<ele>98.4886343581602</ele>
				<time>2026-05-23T10:51:24Z</time>
			</trkpt>
			<trkpt lat="47.260999427019655" lon="18.986461499472803">
				<ele>98.16414359398186</ele>
				<time>2026-05-23T10:51:27Z</time>
			</trkpt>
			<trkpt lat="47.26098368207051" lon="18.986451897685154">
				<ele>98.52030057925731</ele>
				<time>2026-05-23T10:51:28Z</time>
			</trkpt>
			<trkpt lat="47.26097146787489" lon="18.986437649434563">
				<ele>98.33364338148385</ele>
				<time>2026-05-23T10:51:30Z</time>
			</trkpt>
			<trkpt lat="47.260953578755" lon="18.986417356762203">
				<ele>98.58669823594391</ele>
				<time>2026-05-23T10:51:32Z</time>
			</trkpt>
			<trkpt lat="47.26093596735698" lon="18.986401794716873">
				<ele>98.86651781573892</ele>
				<time>2026-05-23T10:51:33Z</time>
			</trkpt>
			<trkpt lat="47.26091456391047" lon="18.986379934384992">
				<ele>98.15666592307389</ele>
				<time>2026-05-23T10:51:36Z</time>
			</trkpt>
			<trkpt lat="47.26090101514233" lon="18.986368672887153">
				<ele>97.72762781195343</ele>
				<time>2026-05-23T10:51:37Z</time>
			</trkpt>
			<trkpt lat="47.260875429113185" lon="18.986346951269987">
				<ele>97.39858186710626</ele>
				<time>2026-05-23T10:51:39Z</time>
			</trkpt>
			<trkpt lat="47.26084807787835" lon="18.986327800083593">
				<ele>97.51041935011744</ele>
				<time>2026-05-23T10:51:41Z</time>
			</trkpt>
			<trkpt lat="47.260825669954656" lon="18.98630438354109">
				<ele>97.6318380376324</ele>
				<time>2026-05-23T10:51:43Z</time>
			</trkpt>
			<trkpt lat="47.260802632856205" lon="18.986280363501503">
				<ele>97.41842617560178</ele>
				<time>2026-05-23T10:51:45Z</time>
			</trkpt>
			<trkpt lat="47.260790211223075" lon="18.9862641642234">
				<ele>98.17081233672798</ele>
				<time>2026-05-23T10:51:47Z</time>
			</trkpt>
			<trkpt lat="47.26076352952913" lon="18.98624303375146">
				<ele>97.54024819843471</ele>
				<time>2026-05-23T10:51:50Z</time>
			</trkpt>
			<trkpt lat="47.260732648989155" lon="18.986221501900495">
				<ele>97.38611807581037</ele>
				<time>2026-05-23T10:51:52Z</time>
			</trkpt>
			<trkpt lat="47.260706883604" lon="18.986197328627277">
				<ele>97.78933547623456</ele>
				<time>2026-05-23T10:51:54Z</time>
			</trkpt>
			<trkpt lat="47.26068509304796" lon="18.98617504421836">
				<ele>98.13810637034476</ele>
				<time>2026-05-23T10:51:56Z</time>
			</trkpt>
			<trkpt lat="47.2606621113808" lon="18.986139206460432">
				<ele>99.23908509779721</ele>
				<time>2026-05-23T10:51:58Z</time>
			</trkpt>
			<trkpt lat="47.26064353498771" lon="18.98610924169934">
				<ele>98.79142106603831</ele>
				<time>2026-05-23T10:52:00Z</time>
			</trkpt>
			<trkpt lat="47.26062741949079" lon="18.98610179720179">
				<ele>98.3246030639857</ele>
				<time>2026-05-23T10:52:01Z</time>
			</trkpt>
			<trkpt lat="47.26060048418503" lon="18.986085253998706">
				<ele>98.07689966633916</ele>
				<time>2026-05-23T10:52:03Z</time>
			</trkpt>
			<trkpt lat="47.26057902238068" lon="18.98606332439592">
				<ele>98.60914699733257</ele>
				<time>2026-05-23T10:52:05Z</time>
			</trkpt>
			<trkpt lat="47.26055573184316" lon="18.986032049054085">
				<ele>99.36516338028014</ele>
				<time>2026-05-23T10:52:07Z</time>
			</trkpt>
			<trkpt lat="47.26053752710371" lon="18.986018159024482">
				<ele>98.61196233239025</ele>
				<time>2026-05-23T10:52:08Z</time>
			</trkpt>
			<trkpt lat="47.260509335486915" lon="18.985999472947384">
				<ele>97.85499648470432</ele>
				<time>2026-05-23T10:52:10Z</time>
			</trkpt>
			<trkpt lat="47.260485035330966" lon="18.985978245992946">
				<ele>97.50110632646829</ele>
				<time>2026-05-23T10:52:12Z</time>
			</trkpt>
			<trkpt lat="47.26046122981266" lon="18.98596029895015">
				<ele>98.80667961761355</ele>
				<time>2026-05-23T10:52:14Z</time>
			</trkpt>
			<trkpt lat="47.26043902519784" lon="18.985950250718133">
				<ele>97.96402587369084</ele>
				<time>2026-05-23T10:52:15Z</time>
			</trkpt>
			<trkpt lat="47.26041154926474" lon="18.9859307911465">
				<ele>98.55722165014595</ele>
				<time>2026-05-23T10:52:17Z</time>
			</trkpt>
			<trkpt lat="47.26038632407251" lon="18.98590688154941">
				<ele>98.21431564819068</ele>
				<time>2026-05-23T10:52:19Z</time>
			</trkpt>
			<trkpt lat="47.26035974264853" lon="18.985882950729668">
				<ele>98.20199576206505</ele>
				<time>2026-05-23T10:52:21Z</time>
			</trkpt>
			<trkpt lat="47.26033355487656" lon="18.985859248934617">
				<ele>98.46918165683746</ele>
				<time>2026-05-23T10:52:23Z</time>
			</trkpt>
			<trkpt lat="47.26031107946592" lon="18.98582871266907">
				<ele>98.85687941499054</ele>
				<time>2026-05-23T10:52:25Z</time>
			</trkpt>
			<trkpt lat="47.26028739953989" lon="18.985795533024085">
				<ele>98.26185187976807</ele>
				<time>2026-05-23T10:52:27Z</time>
			</trkpt>
			<trkpt lat="47.26026829020462" lon="18.985759130580156">
				<ele>98.82136749196798</ele>
				<time>2026-05-23T10:52:29Z</time>
			</trkpt>
			<trkpt lat="47.26024990723915" lon="18.98572809522058">
				<ele>98.6885016663</ele>
				<time>2026-05-23T10:52:31Z</time>
			</trkpt>
			<trkpt lat="47.26023331756328" lon="18.985693182521487">
				<ele>100.06116917915642</ele>
				<time>2026-05-23T10:52:33Z</time>
			</trkpt>
			<trkpt lat="47.26021626205741" lon="18.985656493496666">
				<ele>99.8129114061594</ele>
				<time>2026-05-23T10:52:35Z</time>
			</trkpt>
			<trkpt lat="47.26020027617288" lon="18.985625459042016">
				<ele>98.76714010350406</ele>
				<time>2026-05-23T10:52:37Z</time>
			</trkpt>
			<trkpt lat="47.26018424685632" lon="18.985607207339687">
				<ele>98.5777569944039</ele>
				<time>2026-05-23T10:52:39Z</time>
			</trkpt>
			<trkpt lat="47.26017101077351" lon="18.98559543746671">
				<ele>98.33836015220731</ele>
				<time>2026-05-23T10:52:40Z</time>
			</trkpt>
			<trkpt lat="47.26015114762706" lon="18.985574810297393">
				<ele>97.52356354985386</ele>
				<time>2026-05-23T10:52:41Z</time>
			</trkpt>
			<trkpt lat="47.2601200980356" lon="18.985542190777487">
				<ele>97.27748440299183</ele>
				<time>2026-05-23T10:52:43Z</time>
			</trkpt>
			<trkpt lat="47.260093075264265" lon="18.985516776614528">
				<ele>98.01175192836672</ele>
				<time>2026-05-23T10:52:45Z</time>
			</trkpt>
			<trkpt lat="47.260071615590114" lon="18.985499065462253">
				<ele>97.77853348851204</ele>
				<time>2026-05-23T10:52:47Z</time>
			</trkpt>
			<trkpt lat="47.26005939756955" lon="18.985490938512296">
				<ele>97.23478326015174</ele>
				<time>2026-05-23T10:52:48Z</time>
			</trkpt>
			<trkpt lat="47.26003143479813" lon="18.985466346053265">
				<ele>97.45179679058492</ele>
				<time>2026-05-23T10:52:50Z</time>
			</trkpt>
			<trkpt lat="47.26000647383903" lon="18.985447245105963">
				<ele>97.68156913947314</ele>
				<time>2026-05-23T10:52:52Z</time>
			</trkpt>
			<trkpt lat="47.25998670557192" lon="18.98543246848085">
				<ele>98.48910366930068</ele>
				<time>2026-05-23T10:52:54Z</time>
			</trkpt>
			<trkpt lat="47.25996197722715" lon="18.985426349359354">
				<ele>97.53787817806005</ele>
				<time>2026-05-23T10:52:56Z</time>
			</trkpt>
			<trkpt lat="47.259942558838894" lon="18.985402479410336">
				<ele>98.45793274510652</ele>
				<time>2026-05-23T10:52:58Z</time>
			</trkpt>
			<trkpt lat="47.25991774732253" lon="18.98537721228212">
				<ele>98.85719302110374</ele>
				<time>2026-05-23T10:53:00Z</time>
			</trkpt>
			<trkpt lat="47.25989680151341" lon="18.985347263720314">
				<ele>98.62996412068605</ele>
				<time>2026-05-23T10:53:02Z</time>
			</trkpt>
			<trkpt lat="47.259883669993364" lon="18.9853336300048">
				<ele>98.13761290814728</ele>
				<time>2026-05-23T10:53:03Z</time>
			</trkpt>
			<trkpt lat="47.25985557238333" lon="18.985310147594426">
				<ele>98.12164685036987</ele>
				<time>2026-05-23T10:53:05Z</time>
			</trkpt>
			<trkpt lat="47.25982606312154" lon="18.985290157903282">
				<ele>98.24022840335965</ele>
				<time>2026-05-23T10:53:07Z</time>
			</trkpt>
			<trkpt lat="47.2597990066662" lon="18.985272550156022">
				<ele>98.19473435729742</ele>
				<time>2026-05-23T10:53:09Z</time>
			</trkpt>
			<trkpt lat="47.25977177333278" lon="18.98524969299532">
				<ele>97.98770501837134</ele>
				<time>2026-05-23T10:53:11Z</time>
			</trkpt>
			<trkpt lat="47.25975086453813" lon="18.985222422712575">
				<ele>98.37135630194098</ele>
				<time>2026-05-23T10:53:13Z</time>
			</trkpt>
			<trkpt lat="47.25972828996868" lon="18.985196081455133">
				<ele>98.84083364997059</ele>
				<time>2026-05-23T10:53:15Z</time>
			</trkpt>
			<trkpt lat="47.25970096828324" lon="18.985158349041406">
				<ele>98.75663093104959</ele>
				<time>2026-05-23T10:53:17Z</time>
			</trkpt>
			<trkpt lat="47.25967666563592" lon="18.985122491289168">
				<ele>99.17738466244191</ele>
				<time>2026-05-23T10:53:19Z</time>
			</trkpt>
			<trkpt lat="47.259658180191195" lon="18.985089687142118">
				<ele>98.98557126056403</ele>
				<time>2026-05-23T10:53:21Z</time>
			</trkpt>
			<trkpt lat="47.259630819631376" lon="18.98506540459458">
				<ele>97.87601207382977</ele>
				<time>2026-05-23T10:53:24Z</time>
			</trkpt>
			<trkpt lat="47.25961667870103" lon="18.985047239570594">
				<ele>97.87866598181427</ele>
				<time>2026-05-23T10:53:26Z</time>
			</trkpt>
			<trkpt lat="47.25961200947196" lon="18.985027709499473">
				<ele>98.038937500678</ele>
				<time>2026-05-23T10:53:27Z</time>
			</trkpt>
			<trkpt lat="47.25960022262077" lon="18.985013151287955">
				<ele>97.70352864358574</ele>
				<time>2026-05-23T10:53:28Z</time>
			</trkpt>
			<trkpt lat="47.25957599384039" lon="18.98498490152017">
				<ele>97.64781712554395</ele>
				<time>2026-05-23T10:53:30Z</time>
			</trkpt>
			<trkpt lat="47.25957102577703" lon="18.984960958673437">
				<ele>97.5633662045002</ele>
				<time>2026-05-23T10:53:31Z</time>
			</trkpt>
			<trkpt lat="47.25956305943833" lon="18.984952776404935">
				<ele>97.68002158589661</ele>
				<time>2026-05-23T10:53:32Z</time>
			</trkpt>
			<trkpt lat="47.25954152345441" lon="18.984920261871135">
				<ele>97.53023544605821</ele>
				<time>2026-05-23T10:53:34Z</time>
			</trkpt>
			<trkpt lat="47.25951479824465" lon="18.984885231906492">
				<ele>97.2339872866869</ele>
				<time>2026-05-23T10:53:36Z</time>
			</trkpt>
			<trkpt lat="47.25948602106839" lon="18.984852626775627">
				<ele>97.28616373613477</ele>
				<time>2026-05-23T10:53:38Z</time>
			</trkpt>
			<trkpt lat="47.25946202756815" lon="18.98482543768465">
				<ele>97.28175119590014</ele>
				<time>2026-05-23T10:53:40Z</time>
			</trkpt>
			<trkpt lat="47.25944833860384" lon="18.984808005929185">
				<ele>97.22321498580277</ele>
				<time>2026-05-23T10:53:41Z</time>
			</trkpt>
			<trkpt lat="47.259418336501305" lon="18.984778188299327">
				<ele>97.67537020333111</ele>
				<time>2026-05-23T10:53:43Z</time>
			</trkpt>
			<trkpt lat="47.25939103187634" lon="18.984754392441623">
				<ele>98.09825862850994</ele>
				<time>2026-05-23T10:53:45Z</time>
			</trkpt>
			<trkpt lat="47.25936851147286" lon="18.984739056827756">
				<ele>98.56182976718992</ele>
				<time>2026-05-23T10:53:47Z</time>
			</trkpt>
			<trkpt lat="47.2593528756723" lon="18.984731363924247">
				<ele>98.09990714676678</ele>
				<time>2026-05-23T10:53:48Z</time>
			</trkpt>
			<trkpt lat="47.25932516643549" lon="18.984701211325277">
				<ele>97.79526088945568</ele>
				<time>2026-05-23T10:53:50Z</time>
			</trkpt>
			<trkpt lat="47.25930104672306" lon="18.98467422641359">
				<ele>97.79335381090641</ele>
				<time>2026-05-23T10:53:52Z</time>
			</trkpt>
			<trkpt lat="47.25928003944703" lon="18.98465135963365">
				<ele>97.21672421786934</ele>
				<time>2026-05-23T10:53:54Z</time>
			</trkpt>
			<trkpt lat="47.259266204898005" lon="18.984640237216645">
				<ele>97.54678570758551</ele>
				<time>2026-05-23T10:53:55Z</time>
			</trkpt>
			<trkpt lat="47.259250062639794" lon="18.984627334890785">
				<ele>98.0573267377913</ele>
				<time>2026-05-23T10:53:56Z</time>
			</trkpt>
			<trkpt lat="47.25923291856466" lon="18.984615906293644">
				<ele>98.23423979617655</ele>
				<time>2026-05-23T10:53:57Z</time>
			</trkpt>
			<trkpt lat="47.25920852347691" lon="18.984589099093405">
				<ele>97.15956717170775</ele>
				<time>2026-05-23T10:53:59Z</time>
			</trkpt>
			<trkpt lat="47.25918270859987" lon="18.984553871978196">
				<ele>96.65377504378557</ele>
				<time>2026-05-23T10:54:02Z</time>
			</trkpt>
			<trkpt lat="47.25917017090696" lon="18.98454807387883">
				<ele>96.61888216529042</ele>
				<time>2026-05-23T10:54:03Z</time>
			</trkpt>
			<trkpt lat="47.25915989377751" lon="18.984531688518008">
				<ele>96.5525951879099</ele>
				<time>2026-05-23T10:54:04Z</time>
			</trkpt>
			<trkpt lat="47.25914618663695" lon="18.984522045765626">
				<ele>96.71781717333943</ele>
				<time>2026-05-23T10:54:05Z</time>
			</trkpt>
			<trkpt lat="47.25911846360539" lon="18.984496223968247">
				<ele>96.90306204464287</ele>
				<time>2026-05-23T10:54:07Z</time>
			</trkpt>
			<trkpt lat="47.25909221299266" lon="18.98447335128897">
				<ele>97.40450651664287</ele>
				<time>2026-05-23T10:54:09Z</time>
			</trkpt>
			<trkpt lat="47.25906427229967" lon="18.9844498079013">
				<ele>97.56372889317572</ele>
				<time>2026-05-23T10:54:11Z</time>
			</trkpt>
			<trkpt lat="47.259040270063885" lon="18.984424060619308">
				<ele>96.94191269855946</ele>
				<time>2026-05-23T10:54:13Z</time>
			</trkpt>
			<trkpt lat="47.25900900722783" lon="18.984399381328892">
				<ele>97.91968082822859</ele>
				<time>2026-05-23T10:54:15Z</time>
			</trkpt>
			<trkpt lat="47.2589841540111" lon="18.984369987012002">
				<ele>98.24664118606597</ele>
				<time>2026-05-23T10:54:17Z</time>
			</trkpt>
			<trkpt lat="47.258955231074594" lon="18.984339017508482">
				<ele>98.03205451741815</ele>
				<time>2026-05-23T10:54:19Z</time>
			</trkpt>
			<trkpt lat="47.25892900623369" lon="18.984308911653734">
				<ele>98.94815361499786</ele>
				<time>2026-05-23T10:54:21Z</time>
			</trkpt>
			<trkpt lat="47.25890872005647" lon="18.98427607753013">
				<ele>98.20953432098031</ele>
				<time>2026-05-23T10:54:23Z</time>
			</trkpt>
			<trkpt lat="47.258884554876296" lon="18.984245871714627">
				<ele>98.4538290547207</ele>
				<time>2026-05-23T10:54:25Z</time>
			</trkpt>
			<trkpt lat="47.25885829226479" lon="18.984217268634794">
				<ele>98.22029272280633</ele>
				<time>2026-05-23T10:54:27Z</time>
			</trkpt>
			<trkpt lat="47.25884031982687" lon="18.984211697792546">
				<ele>98.69295767880976</ele>
				<time>2026-05-23T10:54:28Z</time>
			</trkpt>
			<trkpt lat="47.25881065963351" lon="18.984198241273386">
				<ele>97.8324892995879</ele>
				<time>2026-05-23T10:54:30Z</time>
			</trkpt>
			<trkpt lat="47.258782181164406" lon="18.984183545360537">
				<ele>97.4274050751701</ele>
				<time>2026-05-23T10:54:32Z</time>
			</trkpt>
			<trkpt lat="47.258770355762834" lon="18.984162246017267">
				<ele>97.54653890244663</ele>
				<time>2026-05-23T10:54:33Z</time>
			</trkpt>
			<trkpt lat="47.25875287115382" lon="18.984153588064082">
				<ele>97.66285300254822</ele>
				<time>2026-05-23T10:54:34Z</time>
			</trkpt>
			<trkpt lat="47.258750557646145" lon="18.984137854004295">
				<ele>98.32462800759822</ele>
				<time>2026-05-23T10:54:35Z</time>
			</trkpt>
			<trkpt lat="47.25874188684375" lon="18.984134184936792">
				<ele>97.89928376208991</ele>
				<time>2026-05-23T10:54:36Z</time>
			</trkpt>
			<trkpt lat="47.258714548608175" lon="18.984110768062322">
				<ele>97.4428311092779</ele>
				<time>2026-05-23T10:54:38Z</time>
			</trkpt>
			<trkpt lat="47.25870189171563" lon="18.984084237188878">
				<ele>97.33104595169425</ele>
				<time>2026-05-23T10:54:39Z</time>
			</trkpt>
			<trkpt lat="47.25868504576682" lon="18.98406889444456">
				<ele>96.96584123466164</ele>
				<time>2026-05-23T10:54:40Z</time>
			</trkpt>
			<trkpt lat="47.25865944637796" lon="18.98404455734998">
				<ele>97.29153357166797</ele>
				<time>2026-05-23T10:54:42Z</time>
			</trkpt>
			<trkpt lat="47.25863489896442" lon="18.984008730244476">
				<ele>98.24411827605218</ele>
				<time>2026-05-23T10:54:44Z</time>
			</trkpt>
			<trkpt lat="47.25860586302838" lon="18.983968021934768">
				<ele>97.81900408864021</ele>
				<time>2026-05-23T10:54:46Z</time>
			</trkpt>
			<trkpt lat="47.25858066115568" lon="18.983938206330816">
				<ele>97.7254823660478</ele>
				<time>2026-05-23T10:54:48Z</time>
			</trkpt>
			<trkpt lat="47.25855287133886" lon="18.98390519961263">
				<ele>98.00728327967227</ele>
				<time>2026-05-23T10:54:50Z</time>
			</trkpt>
			<trkpt lat="47.258533931533414" lon="18.983874405358492">
				<ele>97.76538483146578</ele>
				<time>2026-05-23T10:54:52Z</time>
			</trkpt>
			<trkpt lat="47.25851813983585" lon="18.983855098188556">
				<ele>97.40469088405371</ele>
				<time>2026-05-23T10:54:54Z</time>
			</trkpt>
			<trkpt lat="47.258501716269706" lon="18.983836713146204">
				<ele>96.95276919659227</ele>
				<time>2026-05-23T10:54:55Z</time>
			</trkpt>
			<trkpt lat="47.25847423919694" lon="18.98380797071495">
				<ele>96.46266904193908</ele>
				<time>2026-05-23T10:54:57Z</time>
			</trkpt>
			<trkpt lat="47.25844608631586" lon="18.98378066347209">
				<ele>96.58817545790225</ele>
				<time>2026-05-23T10:54:59Z</time>
			</trkpt>
			<trkpt lat="47.25841808953675" lon="18.98375185027695">
				<ele>96.1143924985081</ele>
				<time>2026-05-23T10:55:01Z</time>
			</trkpt>
			<trkpt lat="47.258402291157566" lon="18.983739630320738">
				<ele>96.18418961018324</ele>
				<time>2026-05-23T10:55:02Z</time>
			</trkpt>
			<trkpt lat="47.25837202774124" lon="18.983720290240388">
				<ele>96.61068305838853</ele>
				<time>2026-05-23T10:55:04Z</time>
			</trkpt>
			<trkpt lat="47.2583436391886" lon="18.983700094525666">
				<ele>96.49310914613307</ele>
				<time>2026-05-23T10:55:06Z</time>
			</trkpt>
			<trkpt lat="47.258313261731445" lon="18.983679847377324">
				<ele>97.76968559063971</ele>
				<time>2026-05-23T10:55:08Z</time>
			</trkpt>
			<trkpt lat="47.258294811092604" lon="18.9836744571579">
				<ele>97.40103362873197</ele>
				<time>2026-05-23T10:55:09Z</time>
			</trkpt>
			<trkpt lat="47.25826806970657" lon="18.98365205172855">
				<ele>98.1798058943823</ele>
				<time>2026-05-23T10:55:11Z</time>
			</trkpt>
			<trkpt lat="47.25825314270001" lon="18.983641999131482">
				<ele>98.62621450610459</ele>
				<time>2026-05-23T10:55:12Z</time>
			</trkpt>
			<trkpt lat="47.25823910378854" lon="18.98362651803945">
				<ele>98.26635950990021</ele>
				<time>2026-05-23T10:55:13Z</time>
			</trkpt>
			<trkpt lat="47.25821714030975" lon="18.983605911946604">
				<ele>97.82864365912974</ele>
				<time>2026-05-23T10:55:15Z</time>
			</trkpt>
			<trkpt lat="47.25820352653254" lon="18.983594534426334">
				<ele>97.75416984409094</ele>
				<time>2026-05-23T10:55:16Z</time>
			</trkpt>
			<trkpt lat="47.258181651557905" lon="18.983569445422507">
				<ele>97.70269943866879</ele>
				<time>2026-05-23T10:55:18Z</time>
			</trkpt>
			<trkpt lat="47.258167956216965" lon="18.98355844183604">
				<ele>96.12296682130545</ele>
				<time>2026-05-23T10:55:19Z</time>
			</trkpt>
			<trkpt lat="47.25814702234015" lon="18.983531996335216">
				<ele>96.77379469294101</ele>
				<time>2026-05-23T10:55:21Z</time>
			</trkpt>
			<trkpt lat="47.25812651911188" lon="18.983505887393083">
				<ele>97.19465956650674</ele>
				<time>2026-05-23T10:55:23Z</time>
			</trkpt>
			<trkpt lat="47.25810521103925" lon="18.98347879616825">
				<ele>97.77555868029594</ele>
				<time>2026-05-23T10:55:25Z</time>
			</trkpt>
			<trkpt lat="47.258085456812935" lon="18.983448268694897">
				<ele>98.12645369302481</ele>
				<time>2026-05-23T10:55:27Z</time>
			</trkpt>
			<trkpt lat="47.25807179545634" lon="18.983438539443547">
				<ele>97.76273464597762</ele>
				<time>2026-05-23T10:55:28Z</time>
			</trkpt>
			<trkpt lat="47.258057535528096" lon="18.983420990852977">
				<ele>98.42418162059039</ele>
				<time>2026-05-23T10:55:29Z</time>
			</trkpt>
			<trkpt lat="47.25803392548104" lon="18.9833858780589">
				<ele>98.41687648836523</ele>
				<time>2026-05-23T10:55:31Z</time>
			</trkpt>
			<trkpt lat="47.25801824240845" lon="18.983374574815713">
				<ele>98.39133336395025</ele>
				<time>2026-05-23T10:55:32Z</time>
			</trkpt>
			<trkpt lat="47.258001346625505" lon="18.983353730321877">
				<ele>97.69313175883144</ele>
				<time>2026-05-23T10:55:33Z</time>
			</trkpt>
			<trkpt lat="47.257974169320065" lon="18.983318226316417">
				<ele>98.15835845004767</ele>
				<time>2026-05-23T10:55:35Z</time>
			</trkpt>
			<trkpt lat="47.257952784826195" lon="18.983285371073656">
				<ele>98.09441350586712</ele>
				<time>2026-05-23T10:55:37Z</time>
			</trkpt>
			<trkpt lat="47.25793343834895" lon="18.98325287921687">
				<ele>97.98299786727875</ele>
				<time>2026-05-23T10:55:39Z</time>
			</trkpt>
			<trkpt lat="47.25791215489073" lon="18.983220263385157">
				<ele>98.13767485320568</ele>
				<time>2026-05-23T10:55:41Z</time>
			</trkpt>
			<trkpt lat="47.257887840760304" lon="18.983190184648468">
				<ele>97.83273425605148</ele>
				<time>2026-05-23T10:55:43Z</time>
			</trkpt>
			<trkpt lat="47.25786059372025" lon="18.98315581223712">
				<ele>97.07625331357121</ele>
				<time>2026-05-23T10:55:45Z</time>
			</trkpt>
			<trkpt lat="47.25783675891831" lon="18.98312640330509">
				<ele>97.03132215514779</ele>
				<time>2026-05-23T10:55:47Z</time>
			</trkpt>
			<trkpt lat="47.257808218007824" lon="18.98309607632141">
				<ele>96.84154427051544</ele>
				<time>2026-05-23T10:55:49Z</time>
			</trkpt>
			<trkpt lat="47.257781798161204" lon="18.983074848435685">
				<ele>97.6276221908629</ele>
				<time>2026-05-23T10:55:51Z</time>
			</trkpt>
			<trkpt lat="47.257754955094384" lon="18.983053010842475">
				<ele>96.60395924653858</ele>
				<time>2026-05-23T10:55:53Z</time>
			</trkpt>
			<trkpt lat="47.257735937771606" lon="18.983041391352668">
				<ele>97.1018516132608</ele>
				<time>2026-05-23T10:55:54Z</time>
			</trkpt>
			<trkpt lat="47.25771811057443" lon="18.98302794957903">
				<ele>96.48639418464154</ele>
				<time>2026-05-23T10:55:55Z</time>
			</trkpt>
			<trkpt lat="47.257684948854894" lon="18.983004302386153">
				<ele>97.00842996686697</ele>
				<time>2026-05-23T10:55:57Z</time>
			</trkpt>
			<trkpt lat="47.2576713397351" lon="18.982996711001242">
				<ele>97.8368165018037</ele>
				<time>2026-05-23T10:55:58Z</time>
			</trkpt>
			<trkpt lat="47.257643890729675" lon="18.982974365104013">
				<ele>98.83955017477274</ele>
				<time>2026-05-23T10:56:00Z</time>
			</trkpt>
			<trkpt lat="47.25762784532559" lon="18.982963208500472">
				<ele>98.05496758036315</ele>
				<time>2026-05-23T10:56:01Z</time>
			</trkpt>
			<trkpt lat="47.25760156405569" lon="18.9829397158209">
				<ele>98.34199813287705</ele>
				<time>2026-05-23T10:56:03Z</time>
			</trkpt>
			<trkpt lat="47.25757836644359" lon="18.98291420974476">
				<ele>98.51641148142517</ele>
				<time>2026-05-23T10:56:05Z</time>
			</trkpt>
			<trkpt lat="47.25756062754722" lon="18.98288335346524">
				<ele>98.87004840467125</ele>
				<time>2026-05-23T10:56:07Z</time>
			</trkpt>
			<trkpt lat="47.25754912251924" lon="18.982873686104988">
				<ele>98.77897946536541</ele>
				<time>2026-05-23T10:56:08Z</time>
			</trkpt>
			<trkpt lat="47.25754315876275" lon="18.98285336867474">
				<ele>98.33459312282503</ele>
				<time>2026-05-23T10:56:09Z</time>
			</trkpt>
			<trkpt lat="47.25752796699583" lon="18.982815194935313">
				<ele>97.90248997882009</ele>
				<time>2026-05-23T10:56:11Z</time>
			</trkpt>
			<trkpt lat="47.25751191639583" lon="18.982797708362707">
				<ele>98.6255953060463</ele>
				<time>2026-05-23T10:56:12Z</time>
			</trkpt>
			<trkpt lat="47.25747836677581" lon="18.9827655167106">
				<ele>99.09959297906607</ele>
				<time>2026-05-23T10:56:14Z</time>
			</trkpt>
			<trkpt lat="47.25745186362124" lon="18.982734456170768">
				<ele>98.47981198411435</ele>
				<time>2026-05-23T10:56:16Z</time>
			</trkpt>
			<trkpt lat="47.25742952716989" lon="18.982703782006272">
				<ele>98.49857784528285</ele>
				<time>2026-05-23T10:56:18Z</time>
			</trkpt>
			<trkpt lat="47.257402449295114" lon="18.982673767207814">
				<ele>98.94625598285347</ele>
				<time>2026-05-23T10:56:20Z</time>
			</trkpt>
			<trkpt lat="47.25739466183125" lon="18.982652806068234">
				<ele>98.47038550581783</ele>
				<time>2026-05-23T10:56:21Z</time>
			</trkpt>
			<trkpt lat="47.257383594516114" lon="18.982636640778153">
				<ele>97.46991771925241</ele>
				<time>2026-05-23T10:56:22Z</time>
			</trkpt>
			<trkpt lat="47.257363135760485" lon="18.982609821762242">
				<ele>96.3897563656792</ele>
				<time>2026-05-23T10:56:24Z</time>
			</trkpt>
			<trkpt lat="47.25735416541382" lon="18.98259005155937">
				<ele>97.8103922540322</ele>
				<time>2026-05-23T10:56:25Z</time>
			</trkpt>
			<trkpt lat="47.25732973899045" lon="18.982557443222863">
				<ele>97.61968217790127</ele>
				<time>2026-05-23T10:56:27Z</time>
			</trkpt>
			<trkpt lat="47.25730541523971" lon="18.98253206886347">
				<ele>97.89638054091483</ele>
				<time>2026-05-23T10:56:29Z</time>
			</trkpt>
			<trkpt lat="47.25728575458124" lon="18.98251284605668">
				<ele>97.94123247917742</ele>
				<time>2026-05-23T10:56:31Z</time>
			</trkpt>
			<trkpt lat="47.25727215001173" lon="18.982498181396558">
				<ele>97.8642611335963</ele>
				<time>2026-05-23T10:56:32Z</time>
			</trkpt>
			<trkpt lat="47.25725021696751" lon="18.982461475305815">
				<ele>97.94485968071967</ele>
				<time>2026-05-23T10:56:34Z</time>
			</trkpt>
			<trkpt lat="47.25722989545453" lon="18.98241860242738">
				<ele>98.07748815603554</ele>
				<time>2026-05-23T10:56:36Z</time>
			</trkpt>
			<trkpt lat="47.257216646952756" lon="18.982405570727163">
				<ele>98.13039759825915</ele>
				<time>2026-05-23T10:56:37Z</time>
			</trkpt>
			<trkpt lat="47.257203035418144" lon="18.982382355666115">
				<ele>99.36973810009658</ele>
				<time>2026-05-23T10:56:38Z</time>
			</trkpt>
			<trkpt lat="47.25718489522961" lon="18.98234642594287">
				<ele>98.7650298755616</ele>
				<time>2026-05-23T10:56:40Z</time>
			</trkpt>
			<trkpt lat="47.25716228129647" lon="18.982313231152187">
				<ele>98.05280462745577</ele>
				<time>2026-05-23T10:56:42Z</time>
			</trkpt>
			<trkpt lat="47.25715124193657" lon="18.982293172449726">
				<ele>98.4662420079112</ele>
				<time>2026-05-23T10:56:43Z</time>
			</trkpt>
			<trkpt lat="47.25713777334618" lon="18.98227903218964">
				<ele>98.0882453136146</ele>
				<time>2026-05-23T10:56:44Z</time>
			</trkpt>
			<trkpt lat="47.25712054206203" lon="18.982251557350953">
				<ele>97.74002894293517</ele>
				<time>2026-05-23T10:56:46Z</time>
			</trkpt>
			<trkpt lat="47.257114383186114" lon="18.98223412952599">
				<ele>98.84153640735894</ele>
				<time>2026-05-23T10:56:47Z</time>
			</trkpt>
			<trkpt lat="47.257103406987966" lon="18.98221223349093">
				<ele>99.23727165162563</ele>
				<time>2026-05-23T10:56:48Z</time>
			</trkpt>
			<trkpt lat="47.25708722068994" lon="18.98217171483231">
				<ele>98.16699263919145</ele>
				<time>2026-05-23T10:56:50Z</time>
			</trkpt>
			<trkpt lat="47.257070011846515" lon="18.98213305457743">
				<ele>99.648406884633</ele>
				<time>2026-05-23T10:56:52Z</time>
			</trkpt>
			<trkpt lat="47.25706250425115" lon="18.982097761751884">
				<ele>99.63439642079175</ele>
				<time>2026-05-23T10:56:54Z</time>
			</trkpt>
			<trkpt lat="47.25706176795927" lon="18.982076387905995">
				<ele>99.8726927600801</ele>
				<time>2026-05-23T10:56:55Z</time>
			</trkpt>
			<trkpt lat="47.25705380931817" lon="18.982032676809084">
				<ele>99.26643402595073</ele>
				<time>2026-05-23T10:56:57Z</time>
			</trkpt>
			<trkpt lat="47.25704146792462" lon="18.98200494270977">
				<ele>99.37873368989676</ele>
				<time>2026-05-23T10:56:59Z</time>
			</trkpt>
			<trkpt lat="47.2570391817611" lon="18.981986578376457">
				<ele>99.83365345560014</ele>
				<time>2026-05-23T10:57:00Z</time>
			</trkpt>
			<trkpt lat="47.25703208466095" lon="18.981965951048174">
				<ele>99.13836166914552</ele>
				<time>2026-05-23T10:57:01Z</time>
			</trkpt>
			<trkpt lat="47.25702064917459" lon="18.98192766972531">
				<ele>99.37245943304151</ele>
				<time>2026-05-23T10:57:03Z</time>
			</trkpt>
			<trkpt lat="47.25701699447622" lon="18.981894500809986">
				<ele>98.58475724514574</ele>
				<time>2026-05-23T10:57:05Z</time>
			</trkpt>
			<trkpt lat="47.257011639453864" lon="18.981862085985682">
				<ele>98.60774970147759</ele>
				<time>2026-05-23T10:57:07Z</time>
			</trkpt>
			<trkpt lat="47.257003202028194" lon="18.98182777258061">
				<ele>98.39441558439285</ele>
				<time>2026-05-23T10:57:09Z</time>
			</trkpt>
			<trkpt lat="47.257001114449686" lon="18.981806977590853">
				<ele>98.18723774328828</ele>
				<time>2026-05-23T10:57:11Z</time>
			</trkpt>
			<trkpt lat="47.25700211441684" lon="18.98178954394095">
				<ele>98.35830304957926</ele>
				<time>2026-05-23T10:57:13Z</time>
			</trkpt>
			<trkpt lat="47.25700272231982" lon="18.9817700194853">
				<ele>98.44823482725769</ele>
				<time>2026-05-23T10:57:15Z</time>
			</trkpt>
			<trkpt lat="47.257005287816355" lon="18.981743133302125">
				<ele>98.20522253215313</ele>
				<time>2026-05-23T10:57:18Z</time>
			</trkpt>
			<trkpt lat="47.25701252224084" lon="18.981722304952914">
				<ele>98.94122167862952</ele>
				<time>2026-05-23T10:57:20Z</time>
			</trkpt>
			<trkpt lat="47.257025310408096" lon="18.981697218179303">
				<ele>98.93728714156896</ele>
				<time>2026-05-23T10:57:23Z</time>
			</trkpt>
			<trkpt lat="47.257042772101" lon="18.98167555983277">
				<ele>98.94042863883078</ele>
				<time>2026-05-23T10:57:26Z</time>
			</trkpt>
			<trkpt lat="47.25706062526995" lon="18.981660943041458">
				<ele>99.22814744804054</ele>
				<time>2026-05-23T10:57:29Z</time>
			</trkpt>
			<trkpt lat="47.257079572793934" lon="18.981649891922956">
				<ele>98.77175157237798</ele>
				<time>2026-05-23T10:57:32Z</time>
			</trkpt>
			<trkpt lat="47.25710225259017" lon="18.98164154728396">
				<ele>98.4364516865462</ele>
				<time>2026-05-23T10:57:36Z</time>
			</trkpt>
			<trkpt lat="47.25712340937644" lon="18.98163148346938">
				<ele>99.17586108017713</ele>
				<time>2026-05-23T10:57:40Z</time>
			</trkpt>
			<trkpt lat="47.25715368875579" lon="18.981631758908726">
				<ele>98.73526026494801</ele>
				<time>2026-05-23T10:57:46Z</time>
			</trkpt>
			<trkpt lat="47.25716877470291" lon="18.9816211890721">
				<ele>98.24440283793956</ele>
				<time>2026-05-23T10:57:49Z</time>
			</trkpt>
			<trkpt lat="47.25718905053186" lon="18.981611523609914">
				<ele>97.91561651416123</ele>
				<time>2026-05-23T10:57:53Z</time>
			</trkpt>
			<trkpt lat="47.25720967799117" lon="18.98159851850046">
				<ele>97.99742436315864</ele>
				<time>2026-05-23T10:57:56Z</time>
			</trkpt>
			<trkpt lat="47.25723591304505" lon="18.981572666224604">
				<ele>97.5253519974649</ele>
				<time>2026-05-23T10:57:59Z</time>
			</trkpt>
			<trkpt lat="47.257250783050125" lon="18.981555426915786">
				<ele>97.95304839126766</ele>
				<time>2026-05-23T10:58:01Z</time>
			</trkpt>
			<trkpt lat="47.25727557387483" lon="18.981521127954526">
				<ele>98.40783364791423</ele>
				<time>2026-05-23T10:58:04Z</time>
			</trkpt>
			<trkpt lat="47.257305328713635" lon="18.981482137935927">
				<ele>98.23974954616278</ele>
				<time>2026-05-23T10:58:07Z</time>
			</trkpt>
			<trkpt lat="47.2573350367476" lon="18.981464052073445">
				<ele>99.73064520582557</ele>
				<time>2026-05-23T10:58:09Z</time>
			</trkpt>
			<trkpt lat="47.25735976334199" lon="18.981449711223842">
				<ele>99.37961359042674</ele>
				<time>2026-05-23T10:58:11Z</time>
			</trkpt>
			<trkpt lat="47.25737101639147" lon="18.98143811114316">
				<ele>98.41373098827899</ele>
				<time>2026-05-23T10:58:13Z</time>
			</trkpt>
			<trkpt lat="47.25738203895806" lon="18.98142096815792">
				<ele>98.38024371676147</ele>
				<time>2026-05-23T10:58:16Z</time>
			</trkpt>
			<trkpt lat="47.25740523796646" lon="18.98139478325167">
				<ele>98.23947626724839</ele>
				<time>2026-05-23T10:58:18Z</time>
			</trkpt>
			<trkpt lat="47.25742336625674" lon="18.98138049434779">
				<ele>98.49025266431272</ele>
				<time>2026-05-23T10:58:20Z</time>
			</trkpt>
			<trkpt lat="47.25743789286595" lon="18.98137564970256">
				<ele>98.69137970730662</ele>
				<time>2026-05-23T10:58:22Z</time>
			</trkpt>
			<trkpt lat="47.25745254245814" lon="18.981362167649475">
				<ele>99.1198605587706</ele>
				<time>2026-05-23T10:58:23Z</time>
			</trkpt>
			<trkpt lat="47.257474434801495" lon="18.98134156187349">
				<ele>98.36721046175808</ele>
				<time>2026-05-23T10:58:25Z</time>
			</trkpt>
			<trkpt lat="47.257499078260786" lon="18.98132177547887">
				<ele>97.69314759317786</ele>
				<time>2026-05-23T10:58:27Z</time>
			</trkpt>
			<trkpt lat="47.25752160612684" lon="18.981305786896804">
				<ele>98.62158731650561</ele>
				<time>2026-05-23T10:58:29Z</time>
			</trkpt>
			<trkpt lat="47.25754771296641" lon="18.981280366416062">
				<ele>98.6859274636954</ele>
				<time>2026-05-23T10:58:32Z</time>
			</trkpt>
			<trkpt lat="47.257571140895124" lon="18.98126738702096">
				<ele>98.8290359582752</ele>
				<time>2026-05-23T10:58:34Z</time>
			</trkpt>
			<trkpt lat="47.25759939772132" lon="18.981256618170473">
				<ele>98.3052083235234</ele>
				<time>2026-05-23T10:58:36Z</time>
			</trkpt>
			<trkpt lat="47.25762655463186" lon="18.98124841063337">
				<ele>98.76618185266852</ele>
				<time>2026-05-23T10:58:38Z</time>
			</trkpt>
			<trkpt lat="47.25764980778894" lon="18.981240998903466">
				<ele>98.53940256498754</ele>
				<time>2026-05-23T10:58:40Z</time>
			</trkpt>
			<trkpt lat="47.25767086734224" lon="18.981233524701246">
				<ele>98.66602798551321</ele>
				<time>2026-05-23T10:58:42Z</time>
			</trkpt>
			<trkpt lat="47.25769824599695" lon="18.98123549573435">
				<ele>99.12759452592582</ele>
				<time>2026-05-23T10:58:44Z</time>
			</trkpt>
			<trkpt lat="47.25772185688915" lon="18.98124007543319">
				<ele>98.82521232124418</ele>
				<time>2026-05-23T10:58:46Z</time>
			</trkpt>
			<trkpt lat="47.25773465879416" lon="18.98123970467643">
				<ele>98.42394400388002</ele>
				<time>2026-05-23T10:58:48Z</time>
			</trkpt>
			<trkpt lat="47.257747092450906" lon="18.98122733077726">
				<ele>97.34160669427365</ele>
				<time>2026-05-23T10:58:49Z</time>
			</trkpt>
			<trkpt lat="47.25777110012897" lon="18.981222858847953">
				<ele>97.76462497655302</ele>
				<time>2026-05-23T10:58:51Z</time>
			</trkpt>
			<trkpt lat="47.25779806441945" lon="18.981227146011538">
				<ele>97.68827110435814</ele>
				<time>2026-05-23T10:58:53Z</time>
			</trkpt>
			<trkpt lat="47.2578151972507" lon="18.9812257223539">
				<ele>98.17412677593529</ele>
				<time>2026-05-23T10:58:54Z</time>
			</trkpt>
			<trkpt lat="47.25782981169587" lon="18.98123476609777">
				<ele>99.04747750144452</ele>
				<time>2026-05-23T10:58:55Z</time>
			</trkpt>
			<trkpt lat="47.257856197933954" lon="18.981246782114376">
				<ele>98.68546355050057</ele>
				<time>2026-05-23T10:58:58Z</time>
			</trkpt>
			<trkpt lat="47.25788416335664" lon="18.981254738103917">
				<ele>99.35577570088208</ele>
				<time>2026-05-23T10:59:01Z</time>
			</trkpt>
			<trkpt lat="47.257907963072505" lon="18.981271654322036">
				<ele>99.9587825872004</ele>
				<time>2026-05-23T10:59:03Z</time>
			</trkpt>
			<trkpt lat="47.257939655439515" lon="18.981272920115828">
				<ele>99.0663515580818</ele>
				<time>2026-05-23T10:59:06Z</time>
			</trkpt>
			<trkpt lat="47.257955189703" lon="18.98128484388946">
				<ele>98.98795184120536</ele>
				<time>2026-05-23T10:59:10Z</time>
			</trkpt>
			<trkpt lat="47.25797096787973" lon="18.98129780524548">
				<ele>100.21386892069131</ele>
				<time>2026-05-23T10:59:13Z</time>
			</trkpt>
			<trkpt lat="47.257987480547804" lon="18.981301313032915">
				<ele>99.65213754866272</ele>
				<time>2026-05-23T10:59:16Z</time>
			</trkpt>
			<trkpt lat="47.257995812263374" lon="18.981282299161247">
				<ele>100.18877599202096</ele>
				<time>2026-05-23T10:59:20Z</time>
			</trkpt>
			<trkpt lat="47.258007994909214" lon="18.9812645436547">
				<ele>99.83369981963187</ele>
				<time>2026-05-23T10:59:23Z</time>
			</trkpt>
			<trkpt lat="47.258020518873046" lon="18.981237457166852">
				<ele>99.10279694292694</ele>
				<time>2026-05-23T10:59:27Z</time>
			</trkpt>
			<trkpt lat="47.25803446750838" lon="18.98121272147325">
				<ele>99.68597577884793</ele>
				<time>2026-05-23T10:59:30Z</time>
			</trkpt>
			<trkpt lat="47.25805061817706" lon="18.981192796881373">
				<ele>99.86521989665926</ele>
				<time>2026-05-23T10:59:33Z</time>
			</trkpt>
			<trkpt lat="47.25806718185393" lon="18.981168264848638">
				<ele>99.84325228538364</ele>
				<time>2026-05-23T10:59:36Z</time>
			</trkpt>
			<trkpt lat="47.25808563638235" lon="18.98114466568469">
				<ele>100.30048628989607</ele>
				<time>2026-05-23T10:59:38Z</time>
			</trkpt>
			<trkpt lat="47.2581151571463" lon="18.981110360586268">
				<ele>100.70706680137664</ele>
				<time>2026-05-23T10:59:41Z</time>
			</trkpt>
			<trkpt lat="47.258134278364466" lon="18.981089740777474">
				<ele>100.03634002711624</ele>
				<time>2026-05-23T10:59:44Z</time>
			</trkpt>
			<trkpt lat="47.258142928247835" lon="18.981076804149964">
				<ele>99.79580145329237</ele>
				<time>2026-05-23T10:59:46Z</time>
			</trkpt>
			<trkpt lat="47.258155002464996" lon="18.981061272419392">
				<ele>99.79616427142173</ele>
				<time>2026-05-23T10:59:48Z</time>
			</trkpt>
			<trkpt lat="47.258174373027074" lon="18.981044037312234">
				<ele>99.83294657804072</ele>
				<time>2026-05-23T10:59:51Z</time>
			</trkpt>
			<trkpt lat="47.25819705880535" lon="18.981031386974028">
				<ele>99.92274678871036</ele>
				<time>2026-05-23T10:59:54Z</time>
			</trkpt>
			<trkpt lat="47.25821780332062" lon="18.98101886863216">
				<ele>99.61382387578487</ele>
				<time>2026-05-23T10:59:57Z</time>
			</trkpt>
			<trkpt lat="47.258242919374766" lon="18.981006009602744">
				<ele>98.20813995599747</ele>
				<time>2026-05-23T11:00:01Z</time>
			</trkpt>
			<trkpt lat="47.258261273165594" lon="18.980999804502286">
				<ele>98.96303665917367</ele>
				<time>2026-05-23T11:00:03Z</time>
			</trkpt>
			<trkpt lat="47.25827886554618" lon="18.980998299546027">
				<ele>99.46775074396282</ele>
				<time>2026-05-23T11:00:05Z</time>
			</trkpt>
			<trkpt lat="47.25829454933594" lon="18.980999148137155">
				<ele>98.83379147667438</ele>
				<time>2026-05-23T11:00:07Z</time>
			</trkpt>
			<trkpt lat="47.25831264517417" lon="18.98099573929092">
				<ele>98.55600751377642</ele>
				<time>2026-05-23T11:00:08Z</time>
			</trkpt>
			<trkpt lat="47.25834453674205" lon="18.980996865043036">
				<ele>99.17451390810311</ele>
				<time>2026-05-23T11:00:12Z</time>
			</trkpt>
			<trkpt lat="47.25836155988535" lon="18.98099699383692">
				<ele>98.7758191106841</ele>
				<time>2026-05-23T11:00:14Z</time>
			</trkpt>
			<trkpt lat="47.258392244658125" lon="18.980997210325306">
				<ele>99.35419572889805</ele>
				<time>2026-05-23T11:00:17Z</time>
			</trkpt>
			<trkpt lat="47.258417327177355" lon="18.981000593059417">
				<ele>99.88772461377084</ele>
				<time>2026-05-23T11:00:20Z</time>
			</trkpt>
			<trkpt lat="47.25843214926099" lon="18.980999237252774">
				<ele>99.34562191553414</ele>
				<time>2026-05-23T11:00:22Z</time>
			</trkpt>
			<trkpt lat="47.25844869011071" lon="18.981000586709797">
				<ele>99.4513242393732</ele>
				<time>2026-05-23T11:00:24Z</time>
			</trkpt>
			<trkpt lat="47.25847517937588" lon="18.981011622325596">
				<ele>99.57832999899983</ele>
				<time>2026-05-23T11:00:26Z</time>
			</trkpt>
			<trkpt lat="47.25850271607323" lon="18.98102381480218">
				<ele>100.38385866116732</ele>
				<time>2026-05-23T11:00:29Z</time>
			</trkpt>
			<trkpt lat="47.25852696699139" lon="18.981039931151432">
				<ele>99.2721946137026</ele>
				<time>2026-05-23T11:00:31Z</time>
			</trkpt>
			<trkpt lat="47.2585581232472" lon="18.981062760747136">
				<ele>99.26039179507643</ele>
				<time>2026-05-23T11:00:33Z</time>
			</trkpt>
			<trkpt lat="47.25858265895761" lon="18.981090464293846">
				<ele>100.11541913077235</ele>
				<time>2026-05-23T11:00:35Z</time>
			</trkpt>
			<trkpt lat="47.25859593217909" lon="18.981110273299105">
				<ele>100.65848038159311</ele>
				<time>2026-05-23T11:00:36Z</time>
			</trkpt>
			<trkpt lat="47.258626972705294" lon="18.98113665396151">
				<ele>100.78325918596238</ele>
				<time>2026-05-23T11:00:38Z</time>
			</trkpt>
			<trkpt lat="47.25865151987388" lon="18.981161928820317">
				<ele>100.19763666018844</ele>
				<time>2026-05-23T11:00:40Z</time>
			</trkpt>
			<trkpt lat="47.25866804239507" lon="18.981190021719268">
				<ele>99.61572859622538</ele>
				<time>2026-05-23T11:00:42Z</time>
			</trkpt>
			<trkpt lat="47.258682998875344" lon="18.98121155803501">
				<ele>99.31846869550645</ele>
				<time>2026-05-23T11:00:44Z</time>
			</trkpt>
			<trkpt lat="47.258697311316695" lon="18.9812221574329">
				<ele>99.34088563825935</ele>
				<time>2026-05-23T11:00:45Z</time>
			</trkpt>
			<trkpt lat="47.25871907217561" lon="18.98125160914399">
				<ele>101.73858581669629</ele>
				<time>2026-05-23T11:00:48Z</time>
			</trkpt>
			<trkpt lat="47.25872764234781" lon="18.981277567117548">
				<ele>101.85418495442718</ele>
				<time>2026-05-23T11:00:51Z</time>
			</trkpt>
			<trkpt lat="47.25873202458258" lon="18.981302696667708">
				<ele>101.70231532491744</ele>
				<time>2026-05-23T11:00:53Z</time>
			</trkpt>
			<trkpt lat="47.258749449710066" lon="18.981341127776144">
				<ele>101.3708359869197</ele>
				<time>2026-05-23T11:00:55Z</time>
			</trkpt>
			<trkpt lat="47.25877282862935" lon="18.98136298557324">
				<ele>100.47944948170334</ele>
				<time>2026-05-23T11:00:57Z</time>
			</trkpt>
			<trkpt lat="47.25879250410312" lon="18.98138168698576">
				<ele>100.71442368067801</ele>
				<time>2026-05-23T11:00:59Z</time>
			</trkpt>
			<trkpt lat="47.25881022225472" lon="18.981404676992064">
				<ele>99.76385867968202</ele>
				<time>2026-05-23T11:01:02Z</time>
			</trkpt>
			<trkpt lat="47.25882231182568" lon="18.981427574135434">
				<ele>99.00805733632296</ele>
				<time>2026-05-23T11:01:04Z</time>
			</trkpt>
			<trkpt lat="47.25883714787244" lon="18.981451376706733">
				<ele>98.47694839350879</ele>
				<time>2026-05-23T11:01:06Z</time>
			</trkpt>
			<trkpt lat="47.25885428386091" lon="18.981469866817463">
				<ele>98.66191219817847</ele>
				<time>2026-05-23T11:01:07Z</time>
			</trkpt>
			<trkpt lat="47.25888187040011" lon="18.981490724148586">
				<ele>98.2672174172476</ele>
				<time>2026-05-23T11:01:09Z</time>
			</trkpt>
			<trkpt lat="47.25891085176432" lon="18.98150861404375">
				<ele>98.11443827487528</ele>
				<time>2026-05-23T11:01:11Z</time>
			</trkpt>
			<trkpt lat="47.25893861087253" lon="18.981523547074403">
				<ele>98.23471162095666</ele>
				<time>2026-05-23T11:01:13Z</time>
			</trkpt>
			<trkpt lat="47.25896486301973" lon="18.981540642359953">
				<ele>100.28718518838286</ele>
				<time>2026-05-23T11:01:15Z</time>
			</trkpt>
			<trkpt lat="47.25898440850457" lon="18.981548700964584">
				<ele>98.8069612737745</ele>
				<time>2026-05-23T11:01:16Z</time>
			</trkpt>
			<trkpt lat="47.25901800800219" lon="18.98156921955049">
				<ele>98.68449735082686</ele>
				<time>2026-05-23T11:01:18Z</time>
			</trkpt>
			<trkpt lat="47.25904834469278" lon="18.981591515805963">
				<ele>100.23028209246695</ele>
				<time>2026-05-23T11:01:20Z</time>
			</trkpt>
			<trkpt lat="47.25907678754291" lon="18.981607292343337">
				<ele>99.51412557344884</ele>
				<time>2026-05-23T11:01:22Z</time>
			</trkpt>
			<trkpt lat="47.25909928510233" lon="18.981620090434596">
				<ele>99.57977100647986</ele>
				<time>2026-05-23T11:01:24Z</time>
			</trkpt>
			<trkpt lat="47.25911964963006" lon="18.98163063835923">
				<ele>99.02289585862309</ele>
				<time>2026-05-23T11:01:26Z</time>
			</trkpt>
			<trkpt lat="47.25913553247017" lon="18.981652356139506">
				<ele>98.91971221752465</ele>
				<time>2026-05-23T11:01:28Z</time>
			</trkpt>
			<trkpt lat="47.25914485264712" lon="18.98167156848925">
				<ele>98.90452883392572</ele>
				<time>2026-05-23T11:01:30Z</time>
			</trkpt>
			<trkpt lat="47.259154646410394" lon="18.981685734969716">
				<ele>98.68676536716521</ele>
				<time>2026-05-23T11:01:33Z</time>
			</trkpt>
			<trkpt lat="47.25916515025743" lon="18.981697292460133">
				<ele>98.35070532560349</ele>
				<time>2026-05-23T11:01:35Z</time>
			</trkpt>
			<trkpt lat="47.25918109724744" lon="18.981712912731894">
				<ele>97.62909391522408</ele>
				<time>2026-05-23T11:01:36Z</time>
			</trkpt>
			<trkpt lat="47.259214048326136" lon="18.98174442578486">
				<ele>98.58103623706847</ele>
				<time>2026-05-23T11:01:39Z</time>
			</trkpt>
			<trkpt lat="47.259228212019636" lon="18.98175554607403">
				<ele>98.06109579280019</ele>
				<time>2026-05-23T11:01:41Z</time>
			</trkpt>
			<trkpt lat="47.25924613556315" lon="18.981768586189197">
				<ele>98.23791668377817</ele>
				<time>2026-05-23T11:01:43Z</time>
			</trkpt>
			<trkpt lat="47.25926849288811" lon="18.981782373010688">
				<ele>98.53742873482406</ele>
				<time>2026-05-23T11:01:45Z</time>
			</trkpt>
			<trkpt lat="47.25929047062925" lon="18.98178394931404">
				<ele>97.9702726462856</ele>
				<time>2026-05-23T11:01:47Z</time>
			</trkpt>
			<trkpt lat="47.25930416104253" lon="18.98178597943393">
				<ele>98.3121246593073</ele>
				<time>2026-05-23T11:01:49Z</time>
			</trkpt>
			<trkpt lat="47.25931466037638" lon="18.981790554094246">
				<ele>99.06797911319882</ele>
				<time>2026-05-23T11:01:51Z</time>
			</trkpt>
			<trkpt lat="47.25932710487511" lon="18.981796400889607">
				<ele>99.2378054978326</ele>
				<time>2026-05-23T11:01:53Z</time>
			</trkpt>
			<trkpt lat="47.25935861684894" lon="18.981807707184437">
				<ele>97.58787201996893</ele>
				<time>2026-05-23T11:01:55Z</time>
			</trkpt>
			<trkpt lat="47.25939684680933" lon="18.981810208791458">
				<ele>99.15730242803693</ele>
				<time>2026-05-23T11:01:58Z</time>
			</trkpt>
			<trkpt lat="47.25942299302989" lon="18.98180791313491">
				<ele>99.16644101589918</ele>
				<time>2026-05-23T11:02:00Z</time>
			</trkpt>
			<trkpt lat="47.259452760872925" lon="18.981814313567465">
				<ele>99.86033619660884</ele>
				<time>2026-05-23T11:02:02Z</time>
			</trkpt>
			<trkpt lat="47.259484619656675" lon="18.981819321600728">
				<ele>99.41851801332086</ele>
				<time>2026-05-23T11:02:04Z</time>
			</trkpt>
			<trkpt lat="47.25952237252208" lon="18.981832191982015">
				<ele>98.46023784112185</ele>
				<time>2026-05-23T11:02:07Z</time>
			</trkpt>
			<trkpt lat="47.25953762447511" lon="18.981841662547396">
				<ele>99.93853079434484</ele>
				<time>2026-05-23T11:02:08Z</time>
			</trkpt>
			<trkpt lat="47.25956413148744" lon="18.981857600374372">
				<ele>99.9542806185782</ele>
				<time>2026-05-23T11:02:10Z</time>
			</trkpt>
			<trkpt lat="47.259571554268085" lon="18.981876888839757">
				<ele>99.26733609754592</ele>
				<time>2026-05-23T11:02:11Z</time>
			</trkpt>
			<trkpt lat="47.25959571280953" lon="18.98190396614351">
				<ele>99.63228362984955</ele>
				<time>2026-05-23T11:02:13Z</time>
			</trkpt>
			<trkpt lat="47.25962736811248" lon="18.98191152883666">
				<ele>99.51109626330435</ele>
				<time>2026-05-23T11:02:15Z</time>
			</trkpt>
			<trkpt lat="47.259657294920984" lon="18.981920873130573">
				<ele>99.13562313560396</ele>
				<time>2026-05-23T11:02:17Z</time>
			</trkpt>
			<trkpt lat="47.259682820814824" lon="18.98192351870648">
				<ele>99.3604219648987</ele>
				<time>2026-05-23T11:02:19Z</time>
			</trkpt>
			<trkpt lat="47.25971190935469" lon="18.981930485978307">
				<ele>99.26950497366488</ele>
				<time>2026-05-23T11:02:21Z</time>
			</trkpt>
			<trkpt lat="47.259737944213306" lon="18.981932684177544">
				<ele>99.85716658271849</ele>
				<time>2026-05-23T11:02:23Z</time>
			</trkpt>
			<trkpt lat="47.25975633050729" lon="18.981954633320612">
				<ele>99.78107944875956</ele>
				<time>2026-05-23T11:02:25Z</time>
			</trkpt>
			<trkpt lat="47.25977781688247" lon="18.981964116107832">
				<ele>100.06641874741763</ele>
				<time>2026-05-23T11:02:27Z</time>
			</trkpt>
			<trkpt lat="47.25980303150751" lon="18.98196586503687">
				<ele>99.44223458413035</ele>
				<time>2026-05-23T11:02:29Z</time>
			</trkpt>
			<trkpt lat="47.259824080111436" lon="18.981977543048387">
				<ele>99.34634526073933</ele>
				<time>2026-05-23T11:02:31Z</time>
			</trkpt>
			<trkpt lat="47.25984773340356" lon="18.982003050459703">
				<ele>99.51190978381783</ele>
				<time>2026-05-23T11:02:33Z</time>
			</trkpt>
			<trkpt lat="47.25987844880013" lon="18.982031073016348">
				<ele>100.38816017471254</ele>
				<time>2026-05-23T11:02:36Z</time>
			</trkpt>
			<trkpt lat="47.25989752554773" lon="18.98204095424345">
				<ele>99.05945107992738</ele>
				<time>2026-05-23T11:02:38Z</time>
			</trkpt>
			<trkpt lat="47.25992693120813" lon="18.982066311162104">
				<ele>98.896275639534</ele>
				<time>2026-05-23T11:02:41Z</time>
			</trkpt>
			<trkpt lat="47.2599475299913" lon="18.982084863694507">
				<ele>98.68401304353029</ele>
				<time>2026-05-23T11:02:43Z</time>
			</trkpt>
			<trkpt lat="47.25996763151296" lon="18.982092033869016">
				<ele>98.48328308854252</ele>
				<time>2026-05-23T11:02:45Z</time>
			</trkpt>
			<trkpt lat="47.259981613034476" lon="18.982091013367384">
				<ele>99.08442851528525</ele>
				<time>2026-05-23T11:02:46Z</time>
			</trkpt>
			<trkpt lat="47.26000373824557" lon="18.982089667150166">
				<ele>98.69775057490915</ele>
				<time>2026-05-23T11:02:48Z</time>
			</trkpt>
			<trkpt lat="47.26003026884472" lon="18.982099504771206">
				<ele>99.86763679422438</ele>
				<time>2026-05-23T11:02:50Z</time>
			</trkpt>
			<trkpt lat="47.260053966426646" lon="18.982102068854637">
				<ele>99.72522769868374</ele>
				<time>2026-05-23T11:02:51Z</time>
			</trkpt>
			<trkpt lat="47.260078302723834" lon="18.982101770641748">
				<ele>98.69638024549931</ele>
				<time>2026-05-23T11:02:52Z</time>
			</trkpt>
			<trkpt lat="47.26013712166785" lon="18.982110990512858">
				<ele>100.06013121642172</ele>
				<time>2026-05-23T11:02:56Z</time>
			</trkpt>
			<trkpt lat="47.26015326758242" lon="18.98211591367606">
				<ele>100.34938803687692</ele>
				<time>2026-05-23T11:02:58Z</time>
			</trkpt>
			<trkpt lat="47.26017531355023" lon="18.982125425575276">
				<ele>100.77075929474086</ele>
				<time>2026-05-23T11:03:00Z</time>
			</trkpt>
			<trkpt lat="47.2601997782365" lon="18.982125230241426">
				<ele>100.30186687968671</ele>
				<time>2026-05-23T11:03:02Z</time>
			</trkpt>
			<trkpt lat="47.26022180180397" lon="18.982133266146818">
				<ele>99.34830018505454</ele>
				<time>2026-05-23T11:03:04Z</time>
			</trkpt>
			<trkpt lat="47.26024848035265" lon="18.982138580023733">
				<ele>99.50124579109251</ele>
				<time>2026-05-23T11:03:06Z</time>
			</trkpt>
			<trkpt lat="47.260270570809226" lon="18.982145627928936">
				<ele>98.54419000539929</ele>
				<time>2026-05-23T11:03:08Z</time>
			</trkpt>
			<trkpt lat="47.26028436468274" lon="18.98216373067294">
				<ele>97.94134008977562</ele>
				<time>2026-05-23T11:03:10Z</time>
			</trkpt>
			<trkpt lat="47.26029852114881" lon="18.982181474134524">
				<ele>98.71020038239658</ele>
				<time>2026-05-23T11:03:12Z</time>
			</trkpt>
			<trkpt lat="47.26031057284232" lon="18.98219162365153">
				<ele>99.0566895455122</ele>
				<time>2026-05-23T11:03:13Z</time>
			</trkpt>
			<trkpt lat="47.26033413078028" lon="18.982200647736786">
				<ele>98.96544859651476</ele>
				<time>2026-05-23T11:03:15Z</time>
			</trkpt>
			<trkpt lat="47.26035763901373" lon="18.982204022116164">
				<ele>98.81072105653584</ele>
				<time>2026-05-23T11:03:17Z</time>
			</trkpt>
			<trkpt lat="47.26038292715321" lon="18.982209291356405">
				<ele>98.40145854279399</ele>
				<time>2026-05-23T11:03:19Z</time>
			</trkpt>
			<trkpt lat="47.26041522353033" lon="18.98221151456515">
				<ele>98.10187340248376</ele>
				<time>2026-05-23T11:03:22Z</time>
			</trkpt>
			<trkpt lat="47.260429108182414" lon="18.982211851282504">
				<ele>98.84235201217234</ele>
				<time>2026-05-23T11:03:25Z</time>
			</trkpt>
			<trkpt lat="47.26044992602632" lon="18.9822157695558">
				<ele>99.16131551377475</ele>
				<time>2026-05-23T11:03:27Z</time>
			</trkpt>
			<trkpt lat="47.26046907377011" lon="18.982235377695712">
				<ele>98.71760005503893</ele>
				<time>2026-05-23T11:03:29Z</time>
			</trkpt>
			<trkpt lat="47.26048367279699" lon="18.982241295218028">
				<ele>98.82091731671244</ele>
				<time>2026-05-23T11:03:30Z</time>
			</trkpt>
			<trkpt lat="47.260499221061295" lon="18.9822498064611">
				<ele>99.65473623294383</ele>
				<time>2026-05-23T11:03:31Z</time>
			</trkpt>
			<trkpt lat="47.26053656200522" lon="18.98225997088955">
				<ele>99.66201993264258</ele>
				<time>2026-05-23T11:03:34Z</time>
			</trkpt>
			<trkpt lat="47.26056139916657" lon="18.98226351883828">
				<ele>99.49207531288266</ele>
				<time>2026-05-23T11:03:36Z</time>
			</trkpt>
			<trkpt lat="47.26058897165491" lon="18.982286707505367">
				<ele>100.22946720011532</ele>
				<time>2026-05-23T11:03:39Z</time>
			</trkpt>
			<trkpt lat="47.26060124002989" lon="18.982286374826423">
				<ele>99.2935903603211</ele>
				<time>2026-05-23T11:03:40Z</time>
			</trkpt>
			<trkpt lat="47.26062613415967" lon="18.98229283243388">
				<ele>98.67679757997394</ele>
				<time>2026-05-23T11:03:42Z</time>
			</trkpt>
			<trkpt lat="47.260650926009596" lon="18.982304084335787">
				<ele>99.2066984763369</ele>
				<time>2026-05-23T11:03:44Z</time>
			</trkpt>
			<trkpt lat="47.260675217048124" lon="18.9823163766654">
				<ele>99.91704529337585</ele>
				<time>2026-05-23T11:03:46Z</time>
			</trkpt>
			<trkpt lat="47.26069521454303" lon="18.98233978010028">
				<ele>98.68708994053304</ele>
				<time>2026-05-23T11:03:48Z</time>
			</trkpt>
			<trkpt lat="47.260716514258796" lon="18.982372631898766">
				<ele>98.27681660838425</ele>
				<time>2026-05-23T11:03:51Z</time>
			</trkpt>
			<trkpt lat="47.26073334537191" lon="18.982394003183458">
				<ele>98.47441075649112</ele>
				<time>2026-05-23T11:03:54Z</time>
			</trkpt>
			<trkpt lat="47.26074642018065" lon="18.98241142073942">
				<ele>97.36196202132851</ele>
				<time>2026-05-23T11:03:56Z</time>
			</trkpt>
			<trkpt lat="47.26076870988843" lon="18.98243221392612">
				<ele>97.67171247676015</ele>
				<time>2026-05-23T11:03:58Z</time>
			</trkpt>
			<trkpt lat="47.26079374353406" lon="18.982452303595572">
				<ele>97.73619571793824</ele>
				<time>2026-05-23T11:04:00Z</time>
			</trkpt>
			<trkpt lat="47.26082077099835" lon="18.98247474259878">
				<ele>97.44287242460996</ele>
				<time>2026-05-23T11:04:02Z</time>
			</trkpt>
			<trkpt lat="47.26083512839528" lon="18.98248380578352">
				<ele>96.96400949638337</ele>
				<time>2026-05-23T11:04:03Z</time>
			</trkpt>
			<trkpt lat="47.26085232635117" lon="18.98249216246342">
				<ele>97.2000519214198</ele>
				<time>2026-05-23T11:04:04Z</time>
			</trkpt>
			<trkpt lat="47.260881432160915" lon="18.982497230329443">
				<ele>97.08648691698909</ele>
				<time>2026-05-23T11:04:06Z</time>
			</trkpt>
			<trkpt lat="47.26090367642099" lon="18.98249455457189">
				<ele>96.72818804904819</ele>
				<time>2026-05-23T11:04:08Z</time>
			</trkpt>
			<trkpt lat="47.26091889706254" lon="18.982499604258155">
				<ele>97.11172392778099</ele>
				<time>2026-05-23T11:04:09Z</time>
			</trkpt>
			<trkpt lat="47.260948962911534" lon="18.982508022091256">
				<ele>97.30019943602383</ele>
				<time>2026-05-23T11:04:11Z</time>
			</trkpt>
			<trkpt lat="47.26098023425426" lon="18.982510441275682">
				<ele>97.69182676635683</ele>
				<time>2026-05-23T11:04:13Z</time>
			</trkpt>
			<trkpt lat="47.261007997141256" lon="18.982505473908084">
				<ele>97.9565673302859</ele>
				<time>2026-05-23T11:04:15Z</time>
			</trkpt>
			<trkpt lat="47.26103029862212" lon="18.982504767331616">
				<ele>98.92451208550483</ele>
				<time>2026-05-23T11:04:17Z</time>
			</trkpt>
			<trkpt lat="47.261055683962674" lon="18.982496249308934">
				<ele>99.29643971845508</ele>
				<time>2026-05-23T11:04:19Z</time>
			</trkpt>
			<trkpt lat="47.261074905369505" lon="18.982484874307605">
				<ele>98.4269452644512</ele>
				<time>2026-05-23T11:04:20Z</time>
			</trkpt>
			<trkpt lat="47.261103091233075" lon="18.98247834384239">
				<ele>99.05747426114976</ele>
				<time>2026-05-23T11:04:22Z</time>
			</trkpt>
			<trkpt lat="47.26112958850575" lon="18.98247455219709">
				<ele>99.291538560763</ele>
				<time>2026-05-23T11:04:24Z</time>
			</trkpt>
			<trkpt lat="47.261152704494066" lon="18.982472194414875">
				<ele>100.03428237978369</ele>
				<time>2026-05-23T11:04:26Z</time>
			</trkpt>
			<trkpt lat="47.26117390504735" lon="18.982470155327153">
				<ele>100.07430242467672</ele>
				<time>2026-05-23T11:04:28Z</time>
			</trkpt>
			<trkpt lat="47.26119753127057" lon="18.98246741874272">
				<ele>99.52246590796858</ele>
				<time>2026-05-23T11:04:30Z</time>
			</trkpt>
			<trkpt lat="47.26121396220193" lon="18.98246648705022">
				<ele>100.52547633368522</ele>
				<time>2026-05-23T11:04:33Z</time>
			</trkpt>
			<trkpt lat="47.26123499865937" lon="18.98246519708939">
				<ele>100.9055351652205</ele>
				<time>2026-05-23T11:04:35Z</time>
			</trkpt>
			<trkpt lat="47.26127150551413" lon="18.98247435516963">
				<ele>100.20240617915988</ele>
				<time>2026-05-23T11:04:38Z</time>
			</trkpt>
			<trkpt lat="47.2612937409578" lon="18.982480792708078">
				<ele>100.85066350921988</ele>
				<time>2026-05-23T11:04:40Z</time>
			</trkpt>
			<trkpt lat="47.26131549662926" lon="18.982487830528342">
				<ele>101.01613215636462</ele>
				<time>2026-05-23T11:04:42Z</time>
			</trkpt>
			<trkpt lat="47.261331936938035" lon="18.98248369609758">
				<ele>100.00345449987799</ele>
				<time>2026-05-23T11:04:43Z</time>
			</trkpt>
			<trkpt lat="47.2613591937333" lon="18.982481896562046">
				<ele>100.63978820759803</ele>
				<time>2026-05-23T11:04:45Z</time>
			</trkpt>
			<trkpt lat="47.261385602154675" lon="18.982484437515797">
				<ele>100.13964101113379</ele>
				<time>2026-05-23T11:04:47Z</time>
			</trkpt>
			<trkpt lat="47.261408926278754" lon="18.982490276143672">
				<ele>99.75565044302493</ele>
				<time>2026-05-23T11:04:49Z</time>
			</trkpt>
			<trkpt lat="47.26143118470442" lon="18.982502008507925">
				<ele>100.15149634517729</ele>
				<time>2026-05-23T11:04:51Z</time>
			</trkpt>
			<trkpt lat="47.26146309458118" lon="18.98250950278913">
				<ele>98.56892369035631</ele>
				<time>2026-05-23T11:04:55Z</time>
			</trkpt>
			<trkpt lat="47.26146910237637" lon="18.982505157647932">
				<ele>98.16925670206547</ele>
				<time>2026-05-23T11:04:57Z</time>
			</trkpt>
			<trkpt lat="47.2614780715012" lon="18.982502356001582">
				<ele>98.26462957635522</ele>
				<time>2026-05-23T11:04:59Z</time>
			</trkpt>
			<trkpt lat="47.26149978631196" lon="18.982504469283914">
				<ele>98.45100776385516</ele>
				<time>2026-05-23T11:05:00Z</time>
			</trkpt>
			<trkpt lat="47.26153270999273" lon="18.982506947956704">
				<ele>98.27847015392035</ele>
				<time>2026-05-23T11:05:02Z</time>
			</trkpt>
			<trkpt lat="47.26156622098031" lon="18.98250516111697">
				<ele>97.26374262850732</ele>
				<time>2026-05-23T11:05:04Z</time>
			</trkpt>
			<trkpt lat="47.261595934201694" lon="18.982495009543065">
				<ele>98.51288502197713</ele>
				<time>2026-05-23T11:05:06Z</time>
			</trkpt>
			<trkpt lat="47.26161965456517" lon="18.98248487026019">
				<ele>98.82146534975618</ele>
				<time>2026-05-23T11:05:08Z</time>
			</trkpt>
			<trkpt lat="47.26164479975808" lon="18.982471534357508">
				<ele>98.28063514176756</ele>
				<time>2026-05-23T11:05:10Z</time>
			</trkpt>
			<trkpt lat="47.26166858797441" lon="18.98245998560926">
				<ele>98.29910244233906</ele>
				<time>2026-05-23T11:05:12Z</time>
			</trkpt>
			<trkpt lat="47.26169265863639" lon="18.982452416630423">
				<ele>98.70265269372612</ele>
				<time>2026-05-23T11:05:14Z</time>
			</trkpt>
			<trkpt lat="47.261732306328284" lon="18.982442419761714">
				<ele>99.67912023514509</ele>
				<time>2026-05-23T11:05:17Z</time>
			</trkpt>
			<trkpt lat="47.26176076587352" lon="18.982457626262637">
				<ele>100.38309031445533</ele>
				<time>2026-05-23T11:05:20Z</time>
			</trkpt>
			<trkpt lat="47.26176847219902" lon="18.98245285416413">
				<ele>100.05203834176064</ele>
				<time>2026-05-23T11:05:21Z</time>
			</trkpt>
			<trkpt lat="47.261779288252995" lon="18.982458854783022">
				<ele>100.00765676423907</ele>
				<time>2026-05-23T11:05:22Z</time>
			</trkpt>
			<trkpt lat="47.2618028458256" lon="18.982463082420665">
				<ele>99.92914949730039</ele>
				<time>2026-05-23T11:05:24Z</time>
			</trkpt>
			<trkpt lat="47.26181797288362" lon="18.982459168083928">
				<ele>99.78816515952349</ele>
				<time>2026-05-23T11:05:26Z</time>
			</trkpt>
			<trkpt lat="47.261829624823065" lon="18.982453066207185">
				<ele>99.37613150663674</ele>
				<time>2026-05-23T11:05:28Z</time>
			</trkpt>
			<trkpt lat="47.26185759289801" lon="18.982453246918812">
				<ele>99.9621190270409</ele>
				<time>2026-05-23T11:05:30Z</time>
			</trkpt>
			<trkpt lat="47.26189222081345" lon="18.982455104910816">
				<ele>99.26571614481509</ele>
				<time>2026-05-23T11:05:32Z</time>
			</trkpt>
			<trkpt lat="47.26191231744136" lon="18.982450357001234">
				<ele>99.03968244045973</ele>
				<time>2026-05-23T11:05:34Z</time>
			</trkpt>
			<trkpt lat="47.261932051658825" lon="18.982443917903215">
				<ele>98.91737871710211</ele>
				<time>2026-05-23T11:05:36Z</time>
			</trkpt>
			<trkpt lat="47.261954110184945" lon="18.98244443622189">
				<ele>99.28115474339575</ele>
				<time>2026-05-23T11:05:38Z</time>
			</trkpt>
			<trkpt lat="47.26197190531714" lon="18.9824488539007">
				<ele>98.29352501966059</ele>
				<time>2026-05-23T11:05:39Z</time>
			</trkpt>
			<trkpt lat="47.262001657922745" lon="18.98246089227602">
				<ele>98.65015511214733</ele>
				<time>2026-05-23T11:05:41Z</time>
			</trkpt>
			<trkpt lat="47.26203274511724" lon="18.98247429813061">
				<ele>99.23058062512428</ele>
				<time>2026-05-23T11:05:43Z</time>
			</trkpt>
			<trkpt lat="47.26205672807996" lon="18.9824816525443">
				<ele>98.96771774999797</ele>
				<time>2026-05-23T11:05:45Z</time>
			</trkpt>
			<trkpt lat="47.26208345230218" lon="18.982480249826878">
				<ele>98.54821145534515</ele>
				<time>2026-05-23T11:05:47Z</time>
			</trkpt>
			<trkpt lat="47.26211259627869" lon="18.982475067706673">
				<ele>98.84229114931077</ele>
				<time>2026-05-23T11:05:49Z</time>
			</trkpt>
			<trkpt lat="47.26213936289375" lon="18.98246940408153">
				<ele>98.39795985538512</ele>
				<time>2026-05-23T11:05:51Z</time>
			</trkpt>
			<trkpt lat="47.26215312932724" lon="18.98246253197433">
				<ele>98.95325827971101</ele>
				<time>2026-05-23T11:05:52Z</time>
			</trkpt>
			<trkpt lat="47.26217729378988" lon="18.98245083256457">
				<ele>99.05183153226972</ele>
				<time>2026-05-23T11:05:54Z</time>
			</trkpt>
			<trkpt lat="47.262201323875125" lon="18.982441070063818">
				<ele>98.60514257568866</ele>
				<time>2026-05-23T11:05:56Z</time>
			</trkpt>
			<trkpt lat="47.26221722130101" lon="18.982437824116587">
				<ele>99.43234499916434</ele>
				<time>2026-05-23T11:05:57Z</time>
			</trkpt>
			<trkpt lat="47.26225080362995" lon="18.982429632221336">
				<ele>98.75544402003288</ele>
				<time>2026-05-23T11:05:59Z</time>
			</trkpt>
			<trkpt lat="47.26227882799313" lon="18.9824265971913">
				<ele>99.0453018695116</ele>
				<time>2026-05-23T11:06:01Z</time>
			</trkpt>
			<trkpt lat="47.262301237935326" lon="18.982425448005554">
				<ele>99.13963941670954</ele>
				<time>2026-05-23T11:06:03Z</time>
			</trkpt>
			<trkpt lat="47.2623141725551" lon="18.982431576544293">
				<ele>99.48215259611607</ele>
				<time>2026-05-23T11:06:04Z</time>
			</trkpt>
			<trkpt lat="47.26232886561225" lon="18.98242789946403">
				<ele>100.12301871739328</ele>
				<time>2026-05-23T11:06:05Z</time>
			</trkpt>
			<trkpt lat="47.26235735343464" lon="18.982424405191036">
				<ele>100.64032492227852</ele>
				<time>2026-05-23T11:06:07Z</time>
			</trkpt>
			<trkpt lat="47.262372373307265" lon="18.982431596391923">
				<ele>100.03227767813951</ele>
				<time>2026-05-23T11:06:08Z</time>
			</trkpt>
			<trkpt lat="47.26240203974125" lon="18.982439411664515">
				<ele>100.26763700507581</ele>
				<time>2026-05-23T11:06:10Z</time>
			</trkpt>
			<trkpt lat="47.2624298223925" lon="18.982443185161756">
				<ele>99.85103129316121</ele>
				<time>2026-05-23T11:06:12Z</time>
			</trkpt>
			<trkpt lat="47.262457336574506" lon="18.98244907344544">
				<ele>100.18821106199175</ele>
				<time>2026-05-23T11:06:14Z</time>
			</trkpt>
			<trkpt lat="47.262482675336976" lon="18.982456465858014">
				<ele>99.53541217092425</ele>
				<time>2026-05-23T11:06:16Z</time>
			</trkpt>
			<trkpt lat="47.26250299801837" lon="18.982454733023502">
				<ele>98.59852911438793</ele>
				<time>2026-05-23T11:06:18Z</time>
			</trkpt>
			<trkpt lat="47.26252322700884" lon="18.982447646153044">
				<ele>98.53756184596568</ele>
				<time>2026-05-23T11:06:20Z</time>
			</trkpt>
			<trkpt lat="47.262536861543275" lon="18.98244263870292">
				<ele>98.13694477826357</ele>
				<time>2026-05-23T11:06:21Z</time>
			</trkpt>
			<trkpt lat="47.26256470089498" lon="18.982431628910724">
				<ele>98.00448750797659</ele>
				<time>2026-05-23T11:06:23Z</time>
			</trkpt>
			<trkpt lat="47.26259819700945" lon="18.98242125675662">
				<ele>98.43340153153986</ele>
				<time>2026-05-23T11:06:25Z</time>
			</trkpt>
			<trkpt lat="47.262633182752644" lon="18.98240388862655">
				<ele>98.95207030512393</ele>
				<time>2026-05-23T11:06:27Z</time>
			</trkpt>
			<trkpt lat="47.26266213745404" lon="18.982380814988637">
				<ele>98.59552892297506</ele>
				<time>2026-05-23T11:06:29Z</time>
			</trkpt>
			<trkpt lat="47.2626776443405" lon="18.98236925271645">
				<ele>98.43834196403623</ele>
				<time>2026-05-23T11:06:30Z</time>
			</trkpt>
			<trkpt lat="47.26271280169913" lon="18.982342944706716">
				<ele>98.93173157516867</ele>
				<time>2026-05-23T11:06:32Z</time>
			</trkpt>
			<trkpt lat="47.26274141880155" lon="18.98231416477609">
				<ele>99.32726181671023</ele>
				<time>2026-05-23T11:06:34Z</time>
			</trkpt>
			<trkpt lat="47.26275739033689" lon="18.982298835042414">
				<ele>99.70931160543114</ele>
				<time>2026-05-23T11:06:35Z</time>
			</trkpt>
			<trkpt lat="47.26278769666623" lon="18.982269209686496">
				<ele>99.62742074579</ele>
				<time>2026-05-23T11:06:37Z</time>
			</trkpt>
			<trkpt lat="47.26280467013228" lon="18.982271232038276">
				<ele>99.74609521590173</ele>
				<time>2026-05-23T11:06:38Z</time>
			</trkpt>
			<trkpt lat="47.2628203411669" lon="18.982262522877843">
				<ele>99.44041640218347</ele>
				<time>2026-05-23T11:06:39Z</time>
			</trkpt>
			<trkpt lat="47.26285343811979" lon="18.9822456738232">
				<ele>100.20971311721951</ele>
				<time>2026-05-23T11:06:41Z</time>
			</trkpt>
			<trkpt lat="47.26288339883012" lon="18.98223480850741">
				<ele>99.73935528565198</ele>
				<time>2026-05-23T11:06:43Z</time>
			</trkpt>
			<trkpt lat="47.26291303156398" lon="18.982227324434305">
				<ele>100.24282130785286</ele>
				<time>2026-05-23T11:06:45Z</time>
			</trkpt>
			<trkpt lat="47.2629434349995" lon="18.98222726873784">
				<ele>100.83605615701526</ele>
				<time>2026-05-23T11:06:47Z</time>
			</trkpt>
			<trkpt lat="47.262972004685125" lon="18.982228130887723">
				<ele>100.45113783795387</ele>
				<time>2026-05-23T11:06:49Z</time>
			</trkpt>
			<trkpt lat="47.26299350830633" lon="18.98222386875762">
				<ele>100.03189066331834</ele>
				<time>2026-05-23T11:06:50Z</time>
			</trkpt>
			<trkpt lat="47.263034852021825" lon="18.982211318618596">
				<ele>99.49843179807067</ele>
				<time>2026-05-23T11:06:52Z</time>
			</trkpt>
			<trkpt lat="47.26307801675816" lon="18.98220377463052">
				<ele>99.30564770288765</ele>
				<time>2026-05-23T11:06:54Z</time>
			</trkpt>
			<trkpt lat="47.26310796529378" lon="18.982210455559542">
				<ele>99.01197018660605</ele>
				<time>2026-05-23T11:06:56Z</time>
			</trkpt>
			<trkpt lat="47.26312270774783" lon="18.98221752876286">
				<ele>98.93415222223848</ele>
				<time>2026-05-23T11:06:57Z</time>
			</trkpt>
			<trkpt lat="47.26314661857812" lon="18.982235836947073">
				<ele>98.58145567402244</ele>
				<time>2026-05-23T11:06:59Z</time>
			</trkpt>
			<trkpt lat="47.263158433426376" lon="18.982236670470886">
				<ele>99.05883831903338</ele>
				<time>2026-05-23T11:07:00Z</time>
			</trkpt>
			<trkpt lat="47.26317693753493" lon="18.98224000423433">
				<ele>98.29006021097302</ele>
				<time>2026-05-23T11:07:01Z</time>
			</trkpt>
			<trkpt lat="47.263207190203914" lon="18.982241829301376">
				<ele>99.08975931908935</ele>
				<time>2026-05-23T11:07:03Z</time>
			</trkpt>
			<trkpt lat="47.26323685969139" lon="18.982233057641295">
				<ele>99.45113053545356</ele>
				<time>2026-05-23T11:07:05Z</time>
			</trkpt>
			<trkpt lat="47.26326532665767" lon="18.982224069168062">
				<ele>99.66564952861518</ele>
				<time>2026-05-23T11:07:07Z</time>
			</trkpt>
			<trkpt lat="47.26328919956615" lon="18.982210383750537">
				<ele>99.40885075647384</ele>
				<time>2026-05-23T11:07:08Z</time>
			</trkpt>
			<trkpt lat="47.26332163890079" lon="18.982184632815105">
				<ele>100.01915282942355</ele>
				<time>2026-05-23T11:07:10Z</time>
			</trkpt>
			<trkpt lat="47.26334821266318" lon="18.982179546257562">
				<ele>99.87582367099822</ele>
				<time>2026-05-23T11:07:12Z</time>
			</trkpt>
			<trkpt lat="47.263373481444745" lon="18.98217861344221">
				<ele>99.20544122904539</ele>
				<time>2026-05-23T11:07:14Z</time>
			</trkpt>
			<trkpt lat="47.26339627793908" lon="18.982181880651055">
				<ele>99.41435594949871</ele>
				<time>2026-05-23T11:07:16Z</time>
			</trkpt>
			<trkpt lat="47.263411252954626" lon="18.982175164915045">
				<ele>98.96805321611464</ele>
				<time>2026-05-23T11:07:17Z</time>
			</trkpt>
			<trkpt lat="47.26343914404147" lon="18.98216464187832">
				<ele>98.8799812681973</ele>
				<time>2026-05-23T11:07:19Z</time>
			</trkpt>
			<trkpt lat="47.26346261758899" lon="18.982163965747027">
				<ele>98.74072381108999</ele>
				<time>2026-05-23T11:07:21Z</time>
			</trkpt>
			<trkpt lat="47.26347531202633" lon="18.982174601808296">
				<ele>99.20815989281982</ele>
				<time>2026-05-23T11:07:22Z</time>
			</trkpt>
			<trkpt lat="47.263496653663104" lon="18.982179822400816">
				<ele>99.31833903398365</ele>
				<time>2026-05-23T11:07:24Z</time>
			</trkpt>
			<trkpt lat="47.26352499583599" lon="18.982183808798595">
				<ele>99.47116686310619</ele>
				<time>2026-05-23T11:07:26Z</time>
			</trkpt>
			<trkpt lat="47.263549103814796" lon="18.982195185740792">
				<ele>99.86394375748932</ele>
				<time>2026-05-23T11:07:28Z</time>
			</trkpt>
			<trkpt lat="47.26357291645412" lon="18.982197076511945">
				<ele>99.40957447327673</ele>
				<time>2026-05-23T11:07:31Z</time>
			</trkpt>
			<trkpt lat="47.26359618493076" lon="18.982197740399904">
				<ele>99.2571116629988</ele>
				<time>2026-05-23T11:07:33Z</time>
			</trkpt>
			<trkpt lat="47.263615200217856" lon="18.98219818660428">
				<ele>99.5308007420972</ele>
				<time>2026-05-23T11:07:34Z</time>
			</trkpt>
			<trkpt lat="47.26364199593604" lon="18.9822040258719">
				<ele>99.30978381447494</ele>
				<time>2026-05-23T11:07:36Z</time>
			</trkpt>
			<trkpt lat="47.263675408930766" lon="18.982209170300777">
				<ele>97.99854125641286</ele>
				<time>2026-05-23T11:07:38Z</time>
			</trkpt>
			<trkpt lat="47.2637259753671" lon="18.982204349188926">
				<ele>97.11812637653202</ele>
				<time>2026-05-23T11:07:42Z</time>
			</trkpt>
			<trkpt lat="47.26374372530632" lon="18.982192253250286">
				<ele>96.937091098167</ele>
				<time>2026-05-23T11:07:44Z</time>
			</trkpt>
			<trkpt lat="47.263765090704474" lon="18.98217568625542">
				<ele>97.10105615761131</ele>
				<time>2026-05-23T11:07:46Z</time>
			</trkpt>
			<trkpt lat="47.26378712056117" lon="18.982160682009397">
				<ele>97.54957359284163</ele>
				<time>2026-05-23T11:07:48Z</time>
			</trkpt>
			<trkpt lat="47.26381497147499" lon="18.982147836589018">
				<ele>98.02561889775097</ele>
				<time>2026-05-23T11:07:51Z</time>
			</trkpt>
			<trkpt lat="47.26382502399068" lon="18.98213804911616">
				<ele>97.75588294863701</ele>
				<time>2026-05-23T11:07:54Z</time>
			</trkpt>
			<trkpt lat="47.26385027284119" lon="18.982106358015045">
				<ele>97.84360707271844</ele>
				<time>2026-05-23T11:07:58Z</time>
			</trkpt>
			<trkpt lat="47.26388869842771" lon="18.982062159380302">
				<ele>99.25079565867782</ele>
				<time>2026-05-23T11:08:02Z</time>
			</trkpt>
			<trkpt lat="47.26390909919318" lon="18.982053313135097">
				<ele>99.20507950522006</ele>
				<time>2026-05-23T11:08:04Z</time>
			</trkpt>
			<trkpt lat="47.26393109192893" lon="18.982051335856525">
				<ele>98.9185412907973</ele>
				<time>2026-05-23T11:08:06Z</time>
			</trkpt>
			<trkpt lat="47.26395195613591" lon="18.98205909244359">
				<ele>100.59369557444006</ele>
				<time>2026-05-23T11:08:08Z</time>
			</trkpt>
			<trkpt lat="47.26397851445313" lon="18.982055869511502">
				<ele>100.49826528690755</ele>
				<time>2026-05-23T11:08:11Z</time>
			</trkpt>
			<trkpt lat="47.26400649698042" lon="18.982050463762548">
				<ele>100.04974733293056</ele>
				<time>2026-05-23T11:08:13Z</time>
			</trkpt>
			<trkpt lat="47.264029673135006" lon="18.98203999190519">
				<ele>100.36375697888434</ele>
				<time>2026-05-23T11:08:15Z</time>
			</trkpt>
			<trkpt lat="47.264043138818415" lon="18.982038215483456">
				<ele>100.47579798940569</ele>
				<time>2026-05-23T11:08:16Z</time>
			</trkpt>
			<trkpt lat="47.26406586560353" lon="18.982029135118854">
				<ele>99.64867254067212</ele>
				<time>2026-05-23T11:08:18Z</time>
			</trkpt>
			<trkpt lat="47.264085765904035" lon="18.98202080933915">
				<ele>99.14837385248393</ele>
				<time>2026-05-23T11:08:20Z</time>
			</trkpt>
			<trkpt lat="47.264105626067284" lon="18.982011387197158">
				<ele>99.2529600393027</ele>
				<time>2026-05-23T11:08:22Z</time>
			</trkpt>
			<trkpt lat="47.26412373324104" lon="18.982017300616416">
				<ele>99.1764537813142</ele>
				<time>2026-05-23T11:08:24Z</time>
			</trkpt>
			<trkpt lat="47.26413498344779" lon="18.98202047794486">
				<ele>99.75475318636745</ele>
				<time>2026-05-23T11:08:26Z</time>
			</trkpt>
			<trkpt lat="47.264155643919935" lon="18.98202990311979">
				<ele>99.964973250404</ele>
				<time>2026-05-23T11:08:28Z</time>
			</trkpt>
			<trkpt lat="47.26419250151867" lon="18.98203683248147">
				<ele>98.8029193142429</ele>
				<time>2026-05-23T11:08:31Z</time>
			</trkpt>
			<trkpt lat="47.264222975402554" lon="18.982038515411702">
				<ele>98.63114769011736</ele>
				<time>2026-05-23T11:08:33Z</time>
			</trkpt>
			<trkpt lat="47.26424935955046" lon="18.982040917269757">
				<ele>98.97281309403479</ele>
				<time>2026-05-23T11:08:35Z</time>
			</trkpt>
			<trkpt lat="47.26426349867082" lon="18.982045379361058">
				<ele>99.56396095175296</ele>
				<time>2026-05-23T11:08:37Z</time>
			</trkpt>
			<trkpt lat="47.26427626922012" lon="18.982046006028824">
				<ele>99.32627264969051</ele>
				<time>2026-05-23T11:08:39Z</time>
			</trkpt>
			<trkpt lat="47.264296253848364" lon="18.982051452442366">
				<ele>99.31047631893307</ele>
				<time>2026-05-23T11:08:40Z</time>
			</trkpt>
			<trkpt lat="47.26432785116188" lon="18.98205699592933">
				<ele>98.86566408257931</ele>
				<time>2026-05-23T11:08:42Z</time>
			</trkpt>
			<trkpt lat="47.264353899253585" lon="18.982058313154177">
				<ele>99.57684370037168</ele>
				<time>2026-05-23T11:08:45Z</time>
			</trkpt>
			<trkpt lat="47.26436881557084" lon="18.98206184070833">
				<ele>99.46491531096399</ele>
				<time>2026-05-23T11:08:48Z</time>
			</trkpt>
			<trkpt lat="47.26439974189891" lon="18.98205966131027">
				<ele>98.45871618296951</ele>
				<time>2026-05-23T11:08:51Z</time>
			</trkpt>
			<trkpt lat="47.2644377974923" lon="18.982052790592732">
				<ele>98.63687824364752</ele>
				<time>2026-05-23T11:08:54Z</time>
			</trkpt>
			<trkpt lat="47.26446043025662" lon="18.98204468887814">
				<ele>98.26689889188856</ele>
				<time>2026-05-23T11:08:56Z</time>
			</trkpt>
			<trkpt lat="47.26448144309585" lon="18.982035958702184">
				<ele>99.33506220858544</ele>
				<time>2026-05-23T11:08:59Z</time>
			</trkpt>
			<trkpt lat="47.26450072585955" lon="18.98202318696171">
				<ele>99.21809913869947</ele>
				<time>2026-05-23T11:09:00Z</time>
			</trkpt>
			<trkpt lat="47.26452559521416" lon="18.98200897260612">
				<ele>98.98836515191942</ele>
				<time>2026-05-23T11:09:02Z</time>
			</trkpt>
			<trkpt lat="47.26455070908193" lon="18.98199789832011">
				<ele>99.32913646753877</ele>
				<time>2026-05-23T11:09:04Z</time>
			</trkpt>
			<trkpt lat="47.2645755916905" lon="18.9819946522186">
				<ele>98.48261552955955</ele>
				<time>2026-05-23T11:09:06Z</time>
			</trkpt>
			<trkpt lat="47.26459156456671" lon="18.981996117379925">
				<ele>99.49044379964471</ele>
				<time>2026-05-23T11:09:07Z</time>
			</trkpt>
			<trkpt lat="47.26462018420332" lon="18.982001164918373">
				<ele>98.47957921028137</ele>
				<time>2026-05-23T11:09:09Z</time>
			</trkpt>
			<trkpt lat="47.26463991078829" lon="18.982008070646884">
				<ele>98.99192100763321</ele>
				<time>2026-05-23T11:09:10Z</time>
			</trkpt>
			<trkpt lat="47.26467366174715" lon="18.982012414053326">
				<ele>100.52726210840046</ele>
				<time>2026-05-23T11:09:12Z</time>
			</trkpt>
			<trkpt lat="47.26470287612229" lon="18.982019768564797">
				<ele>99.82151625491679</ele>
				<time>2026-05-23T11:09:14Z</time>
			</trkpt>
			<trkpt lat="47.26472957926883" lon="18.982027201658962">
				<ele>100.02505090460181</ele>
				<time>2026-05-23T11:09:16Z</time>
			</trkpt>
			<trkpt lat="47.26475240786984" lon="18.98203264201421">
				<ele>99.28230624832213</ele>
				<time>2026-05-23T11:09:18Z</time>
			</trkpt>
			<trkpt lat="47.26476769733345" lon="18.9820315834359">
				<ele>99.68979488871992</ele>
				<time>2026-05-23T11:09:19Z</time>
			</trkpt>
			<trkpt lat="47.26479571307899" lon="18.982029051874925">
				<ele>99.20372304134071</ele>
				<time>2026-05-23T11:09:21Z</time>
			</trkpt>
			<trkpt lat="47.26481853201619" lon="18.982025875280403">
				<ele>99.34219409432262</ele>
				<time>2026-05-23T11:09:23Z</time>
			</trkpt>
			<trkpt lat="47.26484196760597" lon="18.982035769009983">
				<ele>99.27627465967089</ele>
				<time>2026-05-23T11:09:25Z</time>
			</trkpt>
			<trkpt lat="47.264871810708854" lon="18.982047348022384">
				<ele>99.87694235704839</ele>
				<time>2026-05-23T11:09:27Z</time>
			</trkpt>
			<trkpt lat="47.264898288482506" lon="18.982064192902694">
				<ele>99.55944170244038</ele>
				<time>2026-05-23T11:09:29Z</time>
			</trkpt>
			<trkpt lat="47.26493693191209" lon="18.982086520443136">
				<ele>98.03871581330895</ele>
				<time>2026-05-23T11:09:32Z</time>
			</trkpt>
			<trkpt lat="47.26496142178709" lon="18.982092771478985">
				<ele>98.64243115484715</ele>
				<time>2026-05-23T11:09:34Z</time>
			</trkpt>
			<trkpt lat="47.264990634992756" lon="18.982106601707237">
				<ele>97.44063672609627</ele>
				<time>2026-05-23T11:09:36Z</time>
			</trkpt>
			<trkpt lat="47.2650318300089" lon="18.98211139717423">
				<ele>98.09649047534913</ele>
				<time>2026-05-23T11:09:39Z</time>
			</trkpt>
			<trkpt lat="47.26505513933562" lon="18.982100148184674">
				<ele>98.22024057339877</ele>
				<time>2026-05-23T11:09:41Z</time>
			</trkpt>
			<trkpt lat="47.26508237537518" lon="18.98209301903187">
				<ele>98.60278539825231</ele>
				<time>2026-05-23T11:09:43Z</time>
			</trkpt>
			<trkpt lat="47.26511075205611" lon="18.982078232078084">
				<ele>98.97600981313735</ele>
				<time>2026-05-23T11:09:45Z</time>
			</trkpt>
			<trkpt lat="47.265140018007244" lon="18.98206084327903">
				<ele>99.293786495924</ele>
				<time>2026-05-23T11:09:47Z</time>
			</trkpt>
			<trkpt lat="47.265174733492536" lon="18.982041205499552">
				<ele>99.06279116030782</ele>
				<time>2026-05-23T11:09:50Z</time>
			</trkpt>
			<trkpt lat="47.26519374813752" lon="18.982028940626737">
				<ele>99.30320200044662</ele>
				<time>2026-05-23T11:09:52Z</time>
			</trkpt>
			<trkpt lat="47.26521147076231" lon="18.98201373760508">
				<ele>100.3499454325065</ele>
				<time>2026-05-23T11:09:54Z</time>
			</trkpt>
			<trkpt lat="47.265239455303856" lon="18.981998164703384">
				<ele>99.89627995155752</ele>
				<time>2026-05-23T11:09:56Z</time>
			</trkpt>
			<trkpt lat="47.26528649196105" lon="18.98197140293573">
				<ele>99.50291924644262</ele>
				<time>2026-05-23T11:10:00Z</time>
			</trkpt>
			<trkpt lat="47.26530170100652" lon="18.9819665243558">
				<ele>99.38790902029723</ele>
				<time>2026-05-23T11:10:02Z</time>
			</trkpt>
			<trkpt lat="47.26531438497485" lon="18.98195826301361">
				<ele>100.04293956793845</ele>
				<time>2026-05-23T11:10:03Z</time>
			</trkpt>
			<trkpt lat="47.26534918994877" lon="18.98194127694776">
				<ele>98.48489023372531</ele>
				<time>2026-05-23T11:10:06Z</time>
			</trkpt>
			<trkpt lat="47.26537051842172" lon="18.981932280148452">
				<ele>98.80741516686976</ele>
				<time>2026-05-23T11:10:08Z</time>
			</trkpt>
			<trkpt lat="47.265380678963815" lon="18.981932390883173">
				<ele>99.08197895810008</ele>
				<time>2026-05-23T11:10:10Z</time>
			</trkpt>
			<trkpt lat="47.26539897002832" lon="18.981939010899115">
				<ele>99.85918800532818</ele>
				<time>2026-05-23T11:10:12Z</time>
			</trkpt>
			<trkpt lat="47.265413410624305" lon="18.98194512282594">
				<ele>99.30169112980366</ele>
				<time>2026-05-23T11:10:14Z</time>
			</trkpt>
			<trkpt lat="47.26543630829249" lon="18.981952549376352">
				<ele>98.69999460596591</ele>
				<time>2026-05-23T11:10:16Z</time>
			</trkpt>
			<trkpt lat="47.265455562463316" lon="18.981957689031045">
				<ele>99.49104476999491</ele>
				<time>2026-05-23T11:10:17Z</time>
			</trkpt>
			<trkpt lat="47.265475989746854" lon="18.981960234818942">
				<ele>98.88443925976753</ele>
				<time>2026-05-23T11:10:18Z</time>
			</trkpt>
			<trkpt lat="47.265510239412905" lon="18.981967559126772">
				<ele>98.68002917058766</ele>
				<time>2026-05-23T11:10:20Z</time>
			</trkpt>
			<trkpt lat="47.265544530112585" lon="18.981981052596385">
				<ele>99.13835495710373</ele>
				<time>2026-05-23T11:10:22Z</time>
			</trkpt>
			<trkpt lat="47.265581975407585" lon="18.982010604828968">
				<ele>99.72291232645512</ele>
				<time>2026-05-23T11:10:25Z</time>
			</trkpt>
			<trkpt lat="47.26559919688559" lon="18.98202862236677">
				<ele>99.65024621039629</ele>
				<time>2026-05-23T11:10:27Z</time>
			</trkpt>
			<trkpt lat="47.2656152138558" lon="18.982047420038484">
				<ele>99.01886374223977</ele>
				<time>2026-05-23T11:10:29Z</time>
			</trkpt>
			<trkpt lat="47.26563347114802" lon="18.982069868276678">
				<ele>100.31793257594109</ele>
				<time>2026-05-23T11:10:31Z</time>
			</trkpt>
			<trkpt lat="47.26564466939658" lon="18.982086363101235">
				<ele>100.81661530118436</ele>
				<time>2026-05-23T11:10:32Z</time>
			</trkpt>
			<trkpt lat="47.265661968832674" lon="18.982115342078796">
				<ele>100.73519102111459</ele>
				<time>2026-05-23T11:10:34Z</time>
			</trkpt>
			<trkpt lat="47.26567837133816" lon="18.982142974498647">
				<ele>100.17780755180866</ele>
				<time>2026-05-23T11:10:36Z</time>
			</trkpt>
			<trkpt lat="47.26569563800548" lon="18.982167259453565">
				<ele>100.18408094160259</ele>
				<time>2026-05-23T11:10:38Z</time>
			</trkpt>
			<trkpt lat="47.26571087914738" lon="18.982189721071407">
				<ele>100.60872374009341</ele>
				<time>2026-05-23T11:10:40Z</time>
			</trkpt>
			<trkpt lat="47.26572816524777" lon="18.982205504503952">
				<ele>99.48019222915173</ele>
				<time>2026-05-23T11:10:42Z</time>
			</trkpt>
			<trkpt lat="47.26573814411764" lon="18.982215720702975">
				<ele>100.11539082974195</ele>
				<time>2026-05-23T11:10:44Z</time>
			</trkpt>
			<trkpt lat="47.265760059660366" lon="18.982237948736334">
				<ele>99.55647508334368</ele>
				<time>2026-05-23T11:10:46Z</time>
			</trkpt>
			<trkpt lat="47.2658001308902" lon="18.982298482960097">
				<ele>99.71234865859151</ele>
				<time>2026-05-23T11:10:51Z</time>
			</trkpt>
			<trkpt lat="47.265816692008315" lon="18.98233171421864">
				<ele>99.32573442906141</ele>
				<time>2026-05-23T11:10:54Z</time>
			</trkpt>
			<trkpt lat="47.26583381886365" lon="18.982360920443337">
				<ele>98.07908124104142</ele>
				<time>2026-05-23T11:10:57Z</time>
			</trkpt>
			<trkpt lat="47.26584462719989" lon="18.982372489993445">
				<ele>99.40548642538488</ele>
				<time>2026-05-23T11:11:00Z</time>
			</trkpt>
			<trkpt lat="47.26585550284689" lon="18.982380248214557">
				<ele>99.77257267385721</ele>
				<time>2026-05-23T11:11:03Z</time>
			</trkpt>
			<trkpt lat="47.26588496316682" lon="18.98238803896905">
				<ele>99.53757400996983</ele>
				<time>2026-05-23T11:11:07Z</time>
			</trkpt>
			<trkpt lat="47.26591059355958" lon="18.98237922262277">
				<ele>100.15729570854455</ele>
				<time>2026-05-23T11:11:11Z</time>
			</trkpt>
			<trkpt lat="47.26592220821553" lon="18.982358597407707">
				<ele>99.65740402694792</ele>
				<time>2026-05-23T11:11:14Z</time>
			</trkpt>
			<trkpt lat="47.26592709351963" lon="18.982329305615664">
				<ele>99.945657026954</ele>
				<time>2026-05-23T11:11:17Z</time>
			</trkpt>
			<trkpt lat="47.26592617087988" lon="18.98230683518942">
				<ele>99.4534208374098</ele>
				<time>2026-05-23T11:11:19Z</time>
			</trkpt>
			<trkpt lat="47.26592051007576" lon="18.982284409541293">
				<ele>99.0134500041604</ele>
				<time>2026-05-23T11:11:21Z</time>
			</trkpt>
			<trkpt lat="47.26590766638858" lon="18.982249494443057">
				<ele>99.08319837599993</ele>
				<time>2026-05-23T11:11:23Z</time>
			</trkpt>
			<trkpt lat="47.26589409459937" lon="18.982223716245162">
				<ele>99.20276728458703</ele>
				<time>2026-05-23T11:11:25Z</time>
			</trkpt>
			<trkpt lat="47.26587242459223" lon="18.982194883961863">
				<ele>98.88839313108474</ele>
				<time>2026-05-23T11:11:27Z</time>
			</trkpt>
			<trkpt lat="47.26584804004121" lon="18.982165208884023">
				<ele>98.71517459955066</ele>
				<time>2026-05-23T11:11:29Z</time>
			</trkpt>
			<trkpt lat="47.265833371663845" lon="18.98214639932543">
				<ele>98.71869890671223</ele>
				<time>2026-05-23T11:11:31Z</time>
			</trkpt>
			<trkpt lat="47.26582094626685" lon="18.98213196284439">
				<ele>98.56885265186429</ele>
				<time>2026-05-23T11:11:33Z</time>
			</trkpt>
			<trkpt lat="47.265795235144424" lon="18.982110363767067">
				<ele>98.32590937707573</ele>
				<time>2026-05-23T11:11:35Z</time>
			</trkpt>
			<trkpt lat="47.26576696962325" lon="18.982082196336627">
				<ele>99.05510730110109</ele>
				<time>2026-05-23T11:11:37Z</time>
			</trkpt>
			<trkpt lat="47.2657407109546" lon="18.982066348237254">
				<ele>99.19253612030298</ele>
				<time>2026-05-23T11:11:39Z</time>
			</trkpt>
			<trkpt lat="47.2657109718075" lon="18.982054179776224">
				<ele>99.05594053026289</ele>
				<time>2026-05-23T11:11:41Z</time>
			</trkpt>
			<trkpt lat="47.26569571300665" lon="18.98204301490292">
				<ele>99.20388112589717</ele>
				<time>2026-05-23T11:11:43Z</time>
			</trkpt>
			<trkpt lat="47.26568615565615" lon="18.98203045087518">
				<ele>99.10359443165362</ele>
				<time>2026-05-23T11:11:45Z</time>
			</trkpt>
			<trkpt lat="47.265668150727" lon="18.982004055838036">
				<ele>99.10881607886404</ele>
				<time>2026-05-23T11:11:47Z</time>
			</trkpt>
			<trkpt lat="47.26565351513079" lon="18.981967011697666">
				<ele>99.67707177437842</ele>
				<time>2026-05-23T11:11:49Z</time>
			</trkpt>
			<trkpt lat="47.26563931791651" lon="18.981914733297476">
				<ele>98.96406739577651</ele>
				<time>2026-05-23T11:11:52Z</time>
			</trkpt>
			<trkpt lat="47.26563691960321" lon="18.981890042650658">
				<ele>99.02091119252145</ele>
				<time>2026-05-23T11:11:54Z</time>
			</trkpt>
			<trkpt lat="47.26564022807459" lon="18.981868714819097">
				<ele>98.99021412897855</ele>
				<time>2026-05-23T11:11:56Z</time>
			</trkpt>
			<trkpt lat="47.265647580247006" lon="18.98184827472854">
				<ele>99.13071773946285</ele>
				<time>2026-05-23T11:11:58Z</time>
			</trkpt>
			<trkpt lat="47.26565829444473" lon="18.981830305139486">
				<ele>99.00863273628056</ele>
				<time>2026-05-23T11:12:00Z</time>
			</trkpt>
			<trkpt lat="47.26567431636475" lon="18.981813226448928">
				<ele>99.15614308882505</ele>
				<time>2026-05-23T11:12:02Z</time>
			</trkpt>
			<trkpt lat="47.26569268655566" lon="18.981801770450765">
				<ele>99.72890034969896</ele>
				<time>2026-05-23T11:12:04Z</time>
			</trkpt>
			<trkpt lat="47.26572409697006" lon="18.981789186970964">
				<ele>100.08049392793328</ele>
				<time>2026-05-23T11:12:06Z</time>
			</trkpt>
			<trkpt lat="47.265747628286675" lon="18.981778648969293">
				<ele>100.0025782706216</ele>
				<time>2026-05-23T11:12:07Z</time>
			</trkpt>
			<trkpt lat="47.26577339192387" lon="18.981772927555696">
				<ele>100.32039285916835</ele>
				<time>2026-05-23T11:12:08Z</time>
			</trkpt>
			<trkpt lat="47.26582127211905" lon="18.981778471309905">
				<ele>98.89017770625651</ele>
				<time>2026-05-23T11:12:11Z</time>
			</trkpt>
			<trkpt lat="47.26584804133087" lon="18.981783796131175">
				<ele>99.98551457002759</ele>
				<time>2026-05-23T11:12:13Z</time>
			</trkpt>
			<trkpt lat="47.26587454368773" lon="18.981787277850852">
				<ele>99.42970578279346</ele>
				<time>2026-05-23T11:12:15Z</time>
			</trkpt>
			<trkpt lat="47.265906507840675" lon="18.98177842993348">
				<ele>99.90442334581167</ele>
				<time>2026-05-23T11:12:17Z</time>
			</trkpt>
			<trkpt lat="47.26593663062795" lon="18.981775399907963">
				<ele>99.85451403167099</ele>
				<time>2026-05-23T11:12:19Z</time>
			</trkpt>
			<trkpt lat="47.26596630140224" lon="18.98179538848681">
				<ele>99.50199911091477</ele>
				<time>2026-05-23T11:12:22Z</time>
			</trkpt>
			<trkpt lat="47.265989365563314" lon="18.981806874110696">
				<ele>99.75160188786685</ele>
				<time>2026-05-23T11:12:24Z</time>
			</trkpt>
			<trkpt lat="47.266026152316506" lon="18.981802302694213">
				<ele>99.68954182136804</ele>
				<time>2026-05-23T11:12:27Z</time>
			</trkpt>
			<trkpt lat="47.266049978170145" lon="18.98180409294503">
				<ele>99.71562626678497</ele>
				<time>2026-05-23T11:12:30Z</time>
			</trkpt>
			<trkpt lat="47.26607277373193" lon="18.981811669789785">
				<ele>100.25079396739602</ele>
				<time>2026-05-23T11:12:32Z</time>
			</trkpt>
			<trkpt lat="47.26609759982211" lon="18.981818365368536">
				<ele>100.57286800350994</ele>
				<time>2026-05-23T11:12:34Z</time>
			</trkpt>
			<trkpt lat="47.26612509940434" lon="18.981834276580436">
				<ele>100.96078081708401</ele>
				<time>2026-05-23T11:12:37Z</time>
			</trkpt>
			<trkpt lat="47.26613908212408" lon="18.981846711837495">
				<ele>100.30980435200036</ele>
				<time>2026-05-23T11:12:40Z</time>
			</trkpt>
			<trkpt lat="47.26616348699391" lon="18.981870521716093">
				<ele>100.46046795509756</ele>
				<time>2026-05-23T11:12:42Z</time>
			</trkpt>
			<trkpt lat="47.266199020581816" lon="18.981904932632382">
				<ele>100.03673001099378</ele>
				<time>2026-05-23T11:12:46Z</time>
			</trkpt>
			<trkpt lat="47.266212611741146" lon="18.98192595709358">
				<ele>100.09765666443855</ele>
				<time>2026-05-23T11:12:48Z</time>
			</trkpt>
			<trkpt lat="47.266244800904374" lon="18.981966238214657">
				<ele>97.84694141056389</ele>
				<time>2026-05-23T11:12:52Z</time>
			</trkpt>
			<trkpt lat="47.266258003823594" lon="18.981984218702983">
				<ele>98.41466789599508</ele>
				<time>2026-05-23T11:12:55Z</time>
			</trkpt>
			<trkpt lat="47.26627311382883" lon="18.981997996295526">
				<ele>97.65417778119445</ele>
				<time>2026-05-23T11:12:57Z</time>
			</trkpt>
			<trkpt lat="47.26629557947619" lon="18.98201293588011">
				<ele>97.64849761594087</ele>
				<time>2026-05-23T11:12:59Z</time>
			</trkpt>
			<trkpt lat="47.2663335931663" lon="18.982031501130695">
				<ele>98.06433820351958</ele>
				<time>2026-05-23T11:13:03Z</time>
			</trkpt>
			<trkpt lat="47.266343292451836" lon="18.98203166885856">
				<ele>98.17722448240966</ele>
				<time>2026-05-23T11:13:05Z</time>
			</trkpt>
			<trkpt lat="47.26636883585897" lon="18.982038588349642">
				<ele>98.36954850703478</ele>
				<time>2026-05-23T11:13:08Z</time>
			</trkpt>
			<trkpt lat="47.266391837573934" lon="18.982046183593912">
				<ele>99.85375449527055</ele>
				<time>2026-05-23T11:13:10Z</time>
			</trkpt>
			<trkpt lat="47.26641268400274" lon="18.982043645201948">
				<ele>98.85815160535276</ele>
				<time>2026-05-23T11:13:11Z</time>
			</trkpt>
			<trkpt lat="47.2664491537257" lon="18.982041495204648">
				<ele>99.16187332291156</ele>
				<time>2026-05-23T11:13:13Z</time>
			</trkpt>
			<trkpt lat="47.26647515888378" lon="18.982052578259275">
				<ele>99.52700230106711</ele>
				<time>2026-05-23T11:13:15Z</time>
			</trkpt>
			<trkpt lat="47.266501179176714" lon="18.982064262968187">
				<ele>99.13988037314266</ele>
				<time>2026-05-23T11:13:17Z</time>
			</trkpt>
			<trkpt lat="47.26652919562291" lon="18.982079510190577">
				<ele>99.78072512056679</ele>
				<time>2026-05-23T11:13:19Z</time>
			</trkpt>
			<trkpt lat="47.26655270348465" lon="18.98209507526913">
				<ele>100.28587542846799</ele>
				<time>2026-05-23T11:13:21Z</time>
			</trkpt>
			<trkpt lat="47.26657223479499" lon="18.98211066944567">
				<ele>100.5271727591753</ele>
				<time>2026-05-23T11:13:23Z</time>
			</trkpt>
			<trkpt lat="47.2665885992443" lon="18.982126125771963">
				<ele>100.04289112240076</ele>
				<time>2026-05-23T11:13:25Z</time>
			</trkpt>
			<trkpt lat="47.2666098442366" lon="18.982144399219674">
				<ele>100.05312979314476</ele>
				<time>2026-05-23T11:13:27Z</time>
			</trkpt>
			<trkpt lat="47.266629923053685" lon="18.982160309134812">
				<ele>100.13913742732257</ele>
				<time>2026-05-23T11:13:29Z</time>
			</trkpt>
			<trkpt lat="47.2666560197795" lon="18.98217159029614">
				<ele>100.86674831528217</ele>
				<time>2026-05-23T11:13:31Z</time>
			</trkpt>
			<trkpt lat="47.26668189177018" lon="18.982193793169852">
				<ele>100.64188744872808</ele>
				<time>2026-05-23T11:13:33Z</time>
			</trkpt>
			<trkpt lat="47.266705154041425" lon="18.982218249459187">
				<ele>100.5936271045357</ele>
				<time>2026-05-23T11:13:35Z</time>
			</trkpt>
			<trkpt lat="47.26672018823995" lon="18.98222416536793">
				<ele>100.68308070488274</ele>
				<time>2026-05-23T11:13:36Z</time>
			</trkpt>
			<trkpt lat="47.26674129529283" lon="18.98224490331217">
				<ele>100.63606072310358</ele>
				<time>2026-05-23T11:13:38Z</time>
			</trkpt>
			<trkpt lat="47.266761188345555" lon="18.982269799249956">
				<ele>100.01065513398498</ele>
				<time>2026-05-23T11:13:40Z</time>
			</trkpt>
			<trkpt lat="47.26677710534783" lon="18.982297187034078">
				<ele>99.08611368853599</ele>
				<time>2026-05-23T11:13:42Z</time>
			</trkpt>
			<trkpt lat="47.26679189576682" lon="18.98231742723923">
				<ele>98.4703488573432</ele>
				<time>2026-05-23T11:13:44Z</time>
			</trkpt>
			<trkpt lat="47.26681828374966" lon="18.982349391197555">
				<ele>98.4867393579334</ele>
				<time>2026-05-23T11:13:48Z</time>
			</trkpt>
			<trkpt lat="47.266827215050704" lon="18.98236104583801">
				<ele>98.50165714137256</ele>
				<time>2026-05-23T11:13:49Z</time>
			</trkpt>
			<trkpt lat="47.26684247760745" lon="18.982376981592314">
				<ele>98.20106658805162</ele>
				<time>2026-05-23T11:13:52Z</time>
			</trkpt>
			<trkpt lat="47.26685780709206" lon="18.9823854764278">
				<ele>97.34181609284133</ele>
				<time>2026-05-23T11:13:53Z</time>
			</trkpt>
			<trkpt lat="47.266882788168544" lon="18.98239947329841">
				<ele>97.90546643640846</ele>
				<time>2026-05-23T11:13:55Z</time>
			</trkpt>
			<trkpt lat="47.26690006103817" lon="18.98242116735081">
				<ele>99.48078449163586</ele>
				<time>2026-05-23T11:13:57Z</time>
			</trkpt>
			<trkpt lat="47.26691485483071" lon="18.982430580192446">
				<ele>98.83215057384223</ele>
				<time>2026-05-23T11:13:58Z</time>
			</trkpt>
			<trkpt lat="47.26692634983116" lon="18.982454591313793">
				<ele>99.88347926735878</ele>
				<time>2026-05-23T11:13:59Z</time>
			</trkpt>
			<trkpt lat="47.26695209617526" lon="18.982487922011202">
				<ele>100.97743369825184</ele>
				<time>2026-05-23T11:14:01Z</time>
			</trkpt>
			<trkpt lat="47.26698141162522" lon="18.98251606358347">
				<ele>99.98426103033125</ele>
				<time>2026-05-23T11:14:04Z</time>
			</trkpt>
			<trkpt lat="47.26699335512403" lon="18.982517625558764">
				<ele>99.84199443366379</ele>
				<time>2026-05-23T11:14:05Z</time>
			</trkpt>
			<trkpt lat="47.26701342265105" lon="18.982526031278816">
				<ele>99.26320744957775</ele>
				<time>2026-05-23T11:14:07Z</time>
			</trkpt>
			<trkpt lat="47.267040416382976" lon="18.98254041827128">
				<ele>99.0234179738909</ele>
				<time>2026-05-23T11:14:09Z</time>
			</trkpt>
			<trkpt lat="47.267066430973216" lon="18.982551288676603">
				<ele>98.75278908293694</ele>
				<time>2026-05-23T11:14:11Z</time>
			</trkpt>
			<trkpt lat="47.26709136756611" lon="18.982565750687755">
				<ele>98.49632964003831</ele>
				<time>2026-05-23T11:14:13Z</time>
			</trkpt>
			<trkpt lat="47.267112413227956" lon="18.982584082706875">
				<ele>98.85695520695299</ele>
				<time>2026-05-23T11:14:15Z</time>
			</trkpt>
			<trkpt lat="47.26712155595743" lon="18.98260262322918">
				<ele>99.9169234149158</ele>
				<time>2026-05-23T11:14:16Z</time>
			</trkpt>
			<trkpt lat="47.26713542479926" lon="18.982615578950146">
				<ele>99.30306270346045</ele>
				<time>2026-05-23T11:14:17Z</time>
			</trkpt>
			<trkpt lat="47.26715858945885" lon="18.982644118088103">
				<ele>99.20957417879254</ele>
				<time>2026-05-23T11:14:19Z</time>
			</trkpt>
			<trkpt lat="47.26718247756936" lon="18.982677577987705">
				<ele>99.5587127590552</ele>
				<time>2026-05-23T11:14:21Z</time>
			</trkpt>
			<trkpt lat="47.2672007084853" lon="18.98270991879274">
				<ele>98.86272272001952</ele>
				<time>2026-05-23T11:14:23Z</time>
			</trkpt>
			<trkpt lat="47.267214972614845" lon="18.982733050872326">
				<ele>98.61738745123148</ele>
				<time>2026-05-23T11:14:25Z</time>
			</trkpt>
			<trkpt lat="47.267221940279164" lon="18.982761502150577">
				<ele>98.42020231392235</ele>
				<time>2026-05-23T11:14:27Z</time>
			</trkpt>
			<trkpt lat="47.26723515957289" lon="18.982792521824454">
				<ele>97.73662153165787</ele>
				<time>2026-05-23T11:14:29Z</time>
			</trkpt>
			<trkpt lat="47.267256320451644" lon="18.982812315997336">
				<ele>97.57174868974835</ele>
				<time>2026-05-23T11:14:31Z</time>
			</trkpt>
			<trkpt lat="47.26728441751726" lon="18.98284809387926">
				<ele>98.1030812067911</ele>
				<time>2026-05-23T11:14:34Z</time>
			</trkpt>
			<trkpt lat="47.26730131623214" lon="18.98287257010127">
				<ele>97.88717898260802</ele>
				<time>2026-05-23T11:14:36Z</time>
			</trkpt>
			<trkpt lat="47.267309754941024" lon="18.982886212287273">
				<ele>98.2783901533112</ele>
				<time>2026-05-23T11:14:38Z</time>
			</trkpt>
			<trkpt lat="47.2673200092723" lon="18.982900363421585">
				<ele>98.59155335556716</ele>
				<time>2026-05-23T11:14:39Z</time>
			</trkpt>
			<trkpt lat="47.26733513881965" lon="18.98292086246135">
				<ele>98.42563850060105</ele>
				<time>2026-05-23T11:14:42Z</time>
			</trkpt>
			<trkpt lat="47.26734304378709" lon="18.982932541601073">
				<ele>98.6651447955519</ele>
				<time>2026-05-23T11:14:44Z</time>
			</trkpt>
			<trkpt lat="47.267356184916956" lon="18.982948816057032">
				<ele>98.42170246783644</ele>
				<time>2026-05-23T11:14:47Z</time>
			</trkpt>
			<trkpt lat="47.267374234430676" lon="18.982967207168564">
				<ele>98.1858602501452</ele>
				<time>2026-05-23T11:14:50Z</time>
			</trkpt>
			<trkpt lat="47.26739067992084" lon="18.982982719950595">
				<ele>97.87375884875655</ele>
				<time>2026-05-23T11:14:53Z</time>
			</trkpt>
			<trkpt lat="47.26741023666573" lon="18.98299535995978">
				<ele>97.0690611936152</ele>
				<time>2026-05-23T11:14:57Z</time>
			</trkpt>
			<trkpt lat="47.26743592063262" lon="18.983019081903766">
				<ele>97.93740886822343</ele>
				<time>2026-05-23T11:15:02Z</time>
			</trkpt>
			<trkpt lat="47.267466092509245" lon="18.983037825676725">
				<ele>98.20526762399822</ele>
				<time>2026-05-23T11:15:10Z</time>
			</trkpt>
			<trkpt lat="47.26748346997858" lon="18.98302526376333">
				<ele>97.36155149154365</ele>
				<time>2026-05-23T11:15:21Z</time>
			</trkpt>
			<trkpt lat="47.26750559719235" lon="18.983014671162593">
				<ele>97.91875187773257</ele>
				<time>2026-05-23T11:16:14Z</time>
			</trkpt>
			<trkpt lat="47.26751772381818" lon="18.9830106332895">
				<ele>97.92013141978532</ele>
				<time>2026-05-23T11:16:22Z</time>
			</trkpt>
			<trkpt lat="47.26754162397929" lon="18.983008663921964">
				<ele>98.02321630436927</ele>
				<time>2026-05-23T11:17:16Z</time>
			</trkpt>
			<trkpt lat="47.26755053025561" lon="18.98299481807148">
				<ele>98.46931832563132</ele>
				<time>2026-05-23T11:17:31Z</time>
			</trkpt>
			<trkpt lat="47.26755992008554" lon="18.98300346231858">
				<ele>98.63576559908688</ele>
				<time>2026-05-23T11:17:39Z</time>
			</trkpt>
			<trkpt lat="47.267572016226886" lon="18.983018317029337">
				<ele>97.58770180400461</ele>
				<time>2026-05-23T11:17:44Z</time>
			</trkpt>
			<trkpt lat="47.26756328783143" lon="18.98302044068039">
				<ele>98.68382088281214</ele>
				<time>2026-05-23T11:18:03Z</time>
			</trkpt>
			<trkpt lat="47.267561129523344" lon="18.983046883215554">
				<ele>98.74633381329477</ele>
				<time>2026-05-23T11:18:32Z</time>
			</trkpt>
			<trkpt lat="47.26756140566406" lon="18.983061714961806">
				<ele>99.00006040651351</ele>
				<time>2026-05-23T11:18:39Z</time>
			</trkpt>
			<trkpt lat="47.267545554608816" lon="18.983057304310353">
				<ele>99.4485736489296</ele>
				<time>2026-05-23T11:19:00Z</time>
			</trkpt>
			<trkpt lat="47.26754186147498" lon="18.983040528460084">
				<ele>98.86260325461626</ele>
				<time>2026-05-23T11:19:04Z</time>
			</trkpt>
			<trkpt lat="47.267537255546316" lon="18.983015716399677">
				<ele>98.74498605448753</ele>
				<time>2026-05-23T11:19:11Z</time>
			</trkpt>
			<trkpt lat="47.267527570937915" lon="18.982977033931473">
				<ele>96.97059292998165</ele>
				<time>2026-05-23T11:19:22Z</time>
			</trkpt>
			<trkpt lat="47.267516352642126" lon="18.982952155027142">
				<ele>97.08276814967394</ele>
				<time>2026-05-23T11:19:29Z</time>
			</trkpt>
			<trkpt lat="47.26750105092422" lon="18.98293512142472">
				<ele>97.06130454037338</ele>
				<time>2026-05-23T11:19:34Z</time>
			</trkpt>
			<trkpt lat="47.26748133412086" lon="18.98290911519922">
				<ele>97.00032228603959</ele>
				<time>2026-05-23T11:19:41Z</time>
			</trkpt>
			<trkpt lat="47.26746382991212" lon="18.982880963802316">
				<ele>98.00707931350917</ele>
				<time>2026-05-23T11:19:50Z</time>
			</trkpt>
			<trkpt lat="47.267452639773744" lon="18.98286043050772">
				<ele>98.9321905830875</ele>
				<time>2026-05-23T11:19:54Z</time>
			</trkpt>
			<trkpt lat="47.26743813270825" lon="18.98284086222423">
				<ele>99.15599624626338</ele>
				<time>2026-05-23T11:19:59Z</time>
			</trkpt>
			<trkpt lat="47.267428710856244" lon="18.982821988433212">
				<ele>99.08972451556474</ele>
				<time>2026-05-23T11:20:01Z</time>
			</trkpt>
			<trkpt lat="47.267413226636336" lon="18.982796553949196">
				<ele>98.81163533218205</ele>
				<time>2026-05-23T11:20:06Z</time>
			</trkpt>
			<trkpt lat="47.2673979419341" lon="18.982780338589098">
				<ele>99.12593580130488</ele>
				<time>2026-05-23T11:20:09Z</time>
			</trkpt>
			<trkpt lat="47.26738624984882" lon="18.982756609566767">
				<ele>99.26181293372065</ele>
				<time>2026-05-23T11:20:12Z</time>
			</trkpt>
			<trkpt lat="47.26737748592892" lon="18.982731827226704">
				<ele>98.6709699248895</ele>
				<time>2026-05-23T11:20:15Z</time>
			</trkpt>
			<trkpt lat="47.26737147972595" lon="18.982704914408295">
				<ele>98.85154190566391</ele>
				<time>2026-05-23T11:20:18Z</time>
			</trkpt>
			<trkpt lat="47.267365041999334" lon="18.9826792089277">
				<ele>98.5866727065295</ele>
				<time>2026-05-23T11:20:21Z</time>
			</trkpt>
			<trkpt lat="47.26736010246608" lon="18.982652864098224">
				<ele>98.35367603320628</ele>
				<time>2026-05-23T11:20:24Z</time>
			</trkpt>
			<trkpt lat="47.267355730261" lon="18.98262572119524">
				<ele>98.44412961043417</ele>
				<time>2026-05-23T11:20:27Z</time>
			</trkpt>
			<trkpt lat="47.267349543810745" lon="18.982594603536377">
				<ele>98.05042625870556</ele>
				<time>2026-05-23T11:20:31Z</time>
			</trkpt>
			<trkpt lat="47.26734466531058" lon="18.982564770882664">
				<ele>98.02897492423654</ele>
				<time>2026-05-23T11:20:35Z</time>
			</trkpt>
			<trkpt lat="47.26733875472673" lon="18.98253589547083">
				<ele>98.0874353647232</ele>
				<time>2026-05-23T11:20:39Z</time>
			</trkpt>
			<trkpt lat="47.26733507676458" lon="18.982506787502608">
				<ele>98.58416955452412</ele>
				<time>2026-05-23T11:20:43Z</time>
			</trkpt>
			<trkpt lat="47.26733669158989" lon="18.98248079343108">
				<ele>98.62841016706079</ele>
				<time>2026-05-23T11:20:47Z</time>
			</trkpt>
			<trkpt lat="47.267343037477424" lon="18.98245608813847">
				<ele>99.51786851044744</ele>
				<time>2026-05-23T11:20:51Z</time>
			</trkpt>
			<trkpt lat="47.26735677003692" lon="18.982416940387644">
				<ele>99.20263262093067</ele>
				<time>2026-05-23T11:20:58Z</time>
			</trkpt>
			<trkpt lat="47.26737044395479" lon="18.982397177037207">
				<ele>99.48799301125109</ele>
				<time>2026-05-23T11:21:02Z</time>
			</trkpt>
			<trkpt lat="47.267384781265655" lon="18.982382489425955">
				<ele>99.63106244709343</ele>
				<time>2026-05-23T11:21:07Z</time>
			</trkpt>
			<trkpt lat="47.26741247179554" lon="18.98236761293175">
				<ele>99.8737056767568</ele>
				<time>2026-05-23T11:21:15Z</time>
			</trkpt>
			<trkpt lat="47.26744035157433" lon="18.98234809463482">
				<ele>100.22100317943841</ele>
				<time>2026-05-23T11:21:26Z</time>
			</trkpt>
			<trkpt lat="47.26745930746005" lon="18.98234137369803">
				<ele>99.96443057525903</ele>
				<time>2026-05-23T11:21:33Z</time>
			</trkpt>
			<trkpt lat="47.26747670543844" lon="18.98233712669977">
				<ele>99.55336326733232</ele>
				<time>2026-05-23T11:21:38Z</time>
			</trkpt>
			<trkpt lat="47.267479463973665" lon="18.98231510676434">
				<ele>99.45115002151579</ele>
				<time>2026-05-23T11:21:51Z</time>
			</trkpt>
			<trkpt lat="47.26746867174455" lon="18.982315343078998">
				<ele>100.67472774721682</ele>
				<time>2026-05-23T11:21:55Z</time>
			</trkpt>
			<trkpt lat="47.26745610846742" lon="18.982318727357576">
				<ele>100.91149105224758</ele>
				<time>2026-05-23T11:21:59Z</time>
			</trkpt>
			<trkpt lat="47.26743723819391" lon="18.982325103339782">
				<ele>99.72351413406432</ele>
				<time>2026-05-23T11:22:04Z</time>
			</trkpt>
			<trkpt lat="47.26742265973317" lon="18.982325057724204">
				<ele>99.9996720990166</ele>
				<time>2026-05-23T11:22:06Z</time>
			</trkpt>
			<trkpt lat="47.267402923192876" lon="18.98232659621094">
				<ele>99.89411570783705</ele>
				<time>2026-05-23T11:22:10Z</time>
			</trkpt>
			<trkpt lat="47.26738414526015" lon="18.982322368325153">
				<ele>99.81483525875956</ele>
				<time>2026-05-23T11:22:13Z</time>
			</trkpt>
			<trkpt lat="47.26736418352789" lon="18.982314822594514">
				<ele>99.216658199206</ele>
				<time>2026-05-23T11:22:17Z</time>
			</trkpt>
			<trkpt lat="47.26734393347505" lon="18.982309291010292">
				<ele>100.01193833630532</ele>
				<time>2026-05-23T11:22:21Z</time>
			</trkpt>
			<trkpt lat="47.26732482366351" lon="18.982322327614735">
				<ele>99.49111560732126</ele>
				<time>2026-05-23T11:22:30Z</time>
			</trkpt>
			<trkpt lat="47.26730958571663" lon="18.98234404218543">
				<ele>99.2566967587918</ele>
				<time>2026-05-23T11:22:37Z</time>
			</trkpt>
			<trkpt lat="47.26729280520248" lon="18.982348362393108">
				<ele>99.25867720600218</ele>
				<time>2026-05-23T11:22:41Z</time>
			</trkpt>
			<trkpt lat="47.26728052676221" lon="18.982344787040052">
				<ele>99.54888639319688</ele>
				<time>2026-05-23T11:22:43Z</time>
			</trkpt>
			<trkpt lat="47.267270008384045" lon="18.982330786836023">
				<ele>99.989471164532</ele>
				<time>2026-05-23T11:22:47Z</time>
			</trkpt>
			<trkpt lat="47.26725705207649" lon="18.982321847937563">
				<ele>99.78702617622912</ele>
				<time>2026-05-23T11:22:50Z</time>
			</trkpt>
			<trkpt lat="47.26723669729348" lon="18.982322316426885">
				<ele>99.69414308294654</ele>
				<time>2026-05-23T11:22:55Z</time>
			</trkpt>
			<trkpt lat="47.26721741047307" lon="18.982314553783965">
				<ele>99.22918018139899</ele>
				<time>2026-05-23T11:22:59Z</time>
			</trkpt>
			<trkpt lat="47.2672010883916" lon="18.98230999808557">
				<ele>99.1050273515284</ele>
				<time>2026-05-23T11:23:02Z</time>
			</trkpt>
			<trkpt lat="47.267183342085616" lon="18.982303709596625">
				<ele>98.60850904509425</ele>
				<time>2026-05-23T11:23:05Z</time>
			</trkpt>
			<trkpt lat="47.26716815833542" lon="18.982295701382423">
				<ele>98.46799750532955</ele>
				<time>2026-05-23T11:23:07Z</time>
			</trkpt>
			<trkpt lat="47.26714620325363" lon="18.98227796488742">
				<ele>98.20042721368372</ele>
				<time>2026-05-23T11:23:10Z</time>
			</trkpt>
			<trkpt lat="47.26712755494701" lon="18.98226206581581">
				<ele>98.52362264320254</ele>
				<time>2026-05-23T11:23:12Z</time>
			</trkpt>
			<trkpt lat="47.26711171796227" lon="18.982247230850977">
				<ele>99.27719978336245</ele>
				<time>2026-05-23T11:23:14Z</time>
			</trkpt>
			<trkpt lat="47.26709079951647" lon="18.982234499856197">
				<ele>99.26049312204123</ele>
				<time>2026-05-23T11:23:17Z</time>
			</trkpt>
			<trkpt lat="47.267067230730405" lon="18.98222631083458">
				<ele>98.72265667188913</ele>
				<time>2026-05-23T11:23:20Z</time>
			</trkpt>
			<trkpt lat="47.267042915871976" lon="18.982221610367972">
				<ele>99.07313671149313</ele>
				<time>2026-05-23T11:23:24Z</time>
			</trkpt>
			<trkpt lat="47.267011924572735" lon="18.982196550755358">
				<ele>99.32336924597621</ele>
				<time>2026-05-23T11:23:27Z</time>
			</trkpt>
			<trkpt lat="47.26697898379376" lon="18.982193448173827">
				<ele>98.25972943101078</ele>
				<time>2026-05-23T11:23:31Z</time>
			</trkpt>
			<trkpt lat="47.26696507145478" lon="18.982202003957333">
				<ele>97.68793393764645</ele>
				<time>2026-05-23T11:23:33Z</time>
			</trkpt>
			<trkpt lat="47.266937214107514" lon="18.982205326571968">
				<ele>97.60287902969867</ele>
				<time>2026-05-23T11:23:35Z</time>
			</trkpt>
			<trkpt lat="47.26691058668149" lon="18.982197461524798">
				<ele>97.83466794714332</ele>
				<time>2026-05-23T11:23:37Z</time>
			</trkpt>
			<trkpt lat="47.26688453718926" lon="18.98219016761348">
				<ele>97.90926341433078</ele>
				<time>2026-05-23T11:23:39Z</time>
			</trkpt>
			<trkpt lat="47.26686826270941" lon="18.982181544306446">
				<ele>98.39029997307807</ele>
				<time>2026-05-23T11:23:41Z</time>
			</trkpt>
			<trkpt lat="47.26685476768935" lon="18.98217510388654">
				<ele>98.10590806603432</ele>
				<time>2026-05-23T11:23:43Z</time>
			</trkpt>
			<trkpt lat="47.266835921294174" lon="18.982167826384117">
				<ele>98.43257716484368</ele>
				<time>2026-05-23T11:23:45Z</time>
			</trkpt>
			<trkpt lat="47.26681460989689" lon="18.982162924981665">
				<ele>98.26804892998189</ele>
				<time>2026-05-23T11:23:46Z</time>
			</trkpt>
			<trkpt lat="47.26679763037596" lon="18.982148495138663">
				<ele>98.56524450238794</ele>
				<time>2026-05-23T11:23:48Z</time>
			</trkpt>
			<trkpt lat="47.26678234951014" lon="18.982137999869842">
				<ele>98.39237134810537</ele>
				<time>2026-05-23T11:23:49Z</time>
			</trkpt>
			<trkpt lat="47.266748955339466" lon="18.98212874166052">
				<ele>98.4098553089425</ele>
				<time>2026-05-23T11:23:51Z</time>
			</trkpt>
			<trkpt lat="47.26672930898733" lon="18.982117865595868">
				<ele>98.86088645644486</ele>
				<time>2026-05-23T11:23:53Z</time>
			</trkpt>
			<trkpt lat="47.266693252836134" lon="18.98210345187827">
				<ele>99.03966823685914</ele>
				<time>2026-05-23T11:23:56Z</time>
			</trkpt>
			<trkpt lat="47.26666905818866" lon="18.982088242800586">
				<ele>98.75587636046112</ele>
				<time>2026-05-23T11:23:58Z</time>
			</trkpt>
			<trkpt lat="47.26664554568282" lon="18.98207027955901">
				<ele>98.3530958192423</ele>
				<time>2026-05-23T11:24:00Z</time>
			</trkpt>
			<trkpt lat="47.26663119517623" lon="18.98205731705953">
				<ele>98.52187364455312</ele>
				<time>2026-05-23T11:24:02Z</time>
			</trkpt>
			<trkpt lat="47.26661797450118" lon="18.98205097903202">
				<ele>98.42136774677783</ele>
				<time>2026-05-23T11:24:04Z</time>
			</trkpt>
			<trkpt lat="47.266598847474555" lon="18.982045356227705">
				<ele>98.37869029212743</ele>
				<time>2026-05-23T11:24:05Z</time>
			</trkpt>
			<trkpt lat="47.266579919145215" lon="18.98202144133513">
				<ele>99.01953176222742</ele>
				<time>2026-05-23T11:24:07Z</time>
			</trkpt>
			<trkpt lat="47.26656640563267" lon="18.982017179223586">
				<ele>98.526756352745</ele>
				<time>2026-05-23T11:24:08Z</time>
			</trkpt>
			<trkpt lat="47.266548359081845" lon="18.982011576787418">
				<ele>99.08002932369709</ele>
				<time>2026-05-23T11:24:10Z</time>
			</trkpt>
			<trkpt lat="47.26652175975519" lon="18.981993023430984">
				<ele>99.41275749355555</ele>
				<time>2026-05-23T11:24:12Z</time>
			</trkpt>
			<trkpt lat="47.2665031223123" lon="18.981976967154083">
				<ele>98.0985019216314</ele>
				<time>2026-05-23T11:24:14Z</time>
			</trkpt>
			<trkpt lat="47.26648051424834" lon="18.98195374436897">
				<ele>98.43281746283174</ele>
				<time>2026-05-23T11:24:16Z</time>
			</trkpt>
			<trkpt lat="47.266452921131" lon="18.9819366757119">
				<ele>99.10927317291498</ele>
				<time>2026-05-23T11:24:18Z</time>
			</trkpt>
			<trkpt lat="47.26643207463577" lon="18.98191444814907">
				<ele>99.94985072314739</ele>
				<time>2026-05-23T11:24:20Z</time>
			</trkpt>
			<trkpt lat="47.26640866426216" lon="18.981892134693208">
				<ele>99.858015649952</ele>
				<time>2026-05-23T11:24:22Z</time>
			</trkpt>
			<trkpt lat="47.26638588493923" lon="18.981887066133112">
				<ele>99.09300168976188</ele>
				<time>2026-05-23T11:24:24Z</time>
			</trkpt>
			<trkpt lat="47.26636216536129" lon="18.981881297425065">
				<ele>98.33630349859595</ele>
				<time>2026-05-23T11:24:26Z</time>
			</trkpt>
			<trkpt lat="47.26633448263403" lon="18.981873616954708">
				<ele>98.83499081246555</ele>
				<time>2026-05-23T11:24:28Z</time>
			</trkpt>
			<trkpt lat="47.26630784330202" lon="18.981864218100977">
				<ele>98.70359174069017</ele>
				<time>2026-05-23T11:24:30Z</time>
			</trkpt>
			<trkpt lat="47.26627536575204" lon="18.981853477801756">
				<ele>97.89010537881404</ele>
				<time>2026-05-23T11:24:33Z</time>
			</trkpt>
			<trkpt lat="47.26625988631338" lon="18.981847498866433">
				<ele>97.90941130183637</ele>
				<time>2026-05-23T11:24:34Z</time>
			</trkpt>
			<trkpt lat="47.266215591876716" lon="18.981824686844462">
				<ele>97.61661556083709</ele>
				<time>2026-05-23T11:24:37Z</time>
			</trkpt>
			<trkpt lat="47.26619457650453" lon="18.98181523256559">
				<ele>97.65784967876971</ele>
				<time>2026-05-23T11:24:39Z</time>
			</trkpt>
			<trkpt lat="47.26616799739795" lon="18.98181565725902">
				<ele>98.1446438934654</ele>
				<time>2026-05-23T11:24:41Z</time>
			</trkpt>
			<trkpt lat="47.26615525208385" lon="18.981798549987563">
				<ele>99.77169614750892</ele>
				<time>2026-05-23T11:24:43Z</time>
			</trkpt>
			<trkpt lat="47.266147701171604" lon="18.98177939103896">
				<ele>99.10325200203806</ele>
				<time>2026-05-23T11:24:46Z</time>
			</trkpt>
			<trkpt lat="47.266131940015946" lon="18.981772352771376">
				<ele>98.33478333149105</ele>
				<time>2026-05-23T11:24:48Z</time>
			</trkpt>
			<trkpt lat="47.26611668344717" lon="18.981773631022968">
				<ele>98.05763067957014</ele>
				<time>2026-05-23T11:24:50Z</time>
			</trkpt>
			<trkpt lat="47.26608922684106" lon="18.981759009116782">
				<ele>99.04488764051348</ele>
				<time>2026-05-23T11:24:52Z</time>
			</trkpt>
			<trkpt lat="47.26604977393178" lon="18.981754913720277">
				<ele>99.88596740551293</ele>
				<time>2026-05-23T11:24:55Z</time>
			</trkpt>
			<trkpt lat="47.26603108250356" lon="18.981755925843665">
				<ele>99.9652199447155</ele>
				<time>2026-05-23T11:24:56Z</time>
			</trkpt>
			<trkpt lat="47.26599588104755" lon="18.98174822798619">
				<ele>100.27281979192048</ele>
				<time>2026-05-23T11:24:59Z</time>
			</trkpt>
			<trkpt lat="47.265974834726514" lon="18.98174066809694">
				<ele>99.93622438982129</ele>
				<time>2026-05-23T11:25:01Z</time>
			</trkpt>
			<trkpt lat="47.265955429401934" lon="18.981728537040116">
				<ele>100.13129348680377</ele>
				<time>2026-05-23T11:25:04Z</time>
			</trkpt>
			<trkpt lat="47.2659439488217" lon="18.98172816646973">
				<ele>100.12342581152916</ele>
				<time>2026-05-23T11:25:06Z</time>
			</trkpt>
			<trkpt lat="47.265916767049255" lon="18.9817181302308">
				<ele>99.73003697674721</ele>
				<time>2026-05-23T11:25:08Z</time>
			</trkpt>
			<trkpt lat="47.265888210140474" lon="18.98171768679358">
				<ele>99.20000751968473</ele>
				<time>2026-05-23T11:25:11Z</time>
			</trkpt>
			<trkpt lat="47.26586479232419" lon="18.981717920488645">
				<ele>100.8576552644372</ele>
				<time>2026-05-23T11:25:13Z</time>
			</trkpt>
			<trkpt lat="47.26583269099025" lon="18.981711906764826">
				<ele>100.8081315215677</ele>
				<time>2026-05-23T11:25:17Z</time>
			</trkpt>
			<trkpt lat="47.26582034732544" lon="18.981716726903148">
				<ele>100.43517918977886</ele>
				<time>2026-05-23T11:25:18Z</time>
			</trkpt>
			<trkpt lat="47.26580639716896" lon="18.981715697823475">
				<ele>100.3718837229535</ele>
				<time>2026-05-23T11:25:20Z</time>
			</trkpt>
			<trkpt lat="47.26579172202073" lon="18.981721020499517">
				<ele>99.78899457678199</ele>
				<time>2026-05-23T11:25:22Z</time>
			</trkpt>
			<trkpt lat="47.265764200630706" lon="18.981725041473883">
				<ele>99.96568596269935</ele>
				<time>2026-05-23T11:25:24Z</time>
			</trkpt>
			<trkpt lat="47.26572673942088" lon="18.9817215178592">
				<ele>101.21556768193841</ele>
				<time>2026-05-23T11:25:27Z</time>
			</trkpt>
			<trkpt lat="47.265710938134575" lon="18.98172670977412">
				<ele>100.2684644786641</ele>
				<time>2026-05-23T11:25:29Z</time>
			</trkpt>
			<trkpt lat="47.265691789085544" lon="18.98173865106281">
				<ele>99.46422105003148</ele>
				<time>2026-05-23T11:25:31Z</time>
			</trkpt>
			<trkpt lat="47.26566395708193" lon="18.981751720507262">
				<ele>99.06766145210713</ele>
				<time>2026-05-23T11:25:33Z</time>
			</trkpt>
			<trkpt lat="47.26563391480091" lon="18.981763705189405">
				<ele>99.93774434830993</ele>
				<time>2026-05-23T11:25:35Z</time>
			</trkpt>
			<trkpt lat="47.2656090364029" lon="18.98177382761708">
				<ele>99.92076971940696</ele>
				<time>2026-05-23T11:25:37Z</time>
			</trkpt>
			<trkpt lat="47.26557761992068" lon="18.981777035084203">
				<ele>99.99351061321795</ele>
				<time>2026-05-23T11:25:39Z</time>
			</trkpt>
			<trkpt lat="47.26555002138055" lon="18.98177799843747">
				<ele>99.006845084019</ele>
				<time>2026-05-23T11:25:41Z</time>
			</trkpt>
			<trkpt lat="47.265529885615415" lon="18.981769456741723">
				<ele>99.15489457268268</ele>
				<time>2026-05-23T11:25:44Z</time>
			</trkpt>
			<trkpt lat="47.26551938236564" lon="18.981767425442445">
				<ele>98.99646377936006</ele>
				<time>2026-05-23T11:25:46Z</time>
			</trkpt>
			<trkpt lat="47.26549349729902" lon="18.981765659686026">
				<ele>99.7880755038932</ele>
				<time>2026-05-23T11:25:48Z</time>
			</trkpt>
			<trkpt lat="47.26547382736005" lon="18.981773817282416">
				<ele>98.97613846790045</ele>
				<time>2026-05-23T11:25:49Z</time>
			</trkpt>
			<trkpt lat="47.26543596764035" lon="18.981775363350383">
				<ele>98.87012434005737</ele>
				<time>2026-05-23T11:25:53Z</time>
			</trkpt>
			<trkpt lat="47.265422979687614" lon="18.981772891792392">
				<ele>98.7183593492955</ele>
				<time>2026-05-23T11:25:55Z</time>
			</trkpt>
			<trkpt lat="47.26540512219792" lon="18.981776453698814">
				<ele>99.08988054469228</ele>
				<time>2026-05-23T11:25:57Z</time>
			</trkpt>
			<trkpt lat="47.26538555579089" lon="18.98177994505191">
				<ele>98.87760006077588</ele>
				<time>2026-05-23T11:25:59Z</time>
			</trkpt>
			<trkpt lat="47.26535571525437" lon="18.98178133959688">
				<ele>99.1107426052913</ele>
				<time>2026-05-23T11:26:01Z</time>
			</trkpt>
			<trkpt lat="47.26533281468684" lon="18.98178058579095">
				<ele>99.2388203823939</ele>
				<time>2026-05-23T11:26:03Z</time>
			</trkpt>
			<trkpt lat="47.265315436606876" lon="18.98177944740036">
				<ele>99.02592652384192</ele>
				<time>2026-05-23T11:26:05Z</time>
			</trkpt>
			<trkpt lat="47.26528844536943" lon="18.9817835293932">
				<ele>99.27267251722515</ele>
				<time>2026-05-23T11:26:07Z</time>
			</trkpt>
			<trkpt lat="47.265266570334376" lon="18.981780336442736">
				<ele>99.14813457522541</ele>
				<time>2026-05-23T11:26:09Z</time>
			</trkpt>
			<trkpt lat="47.265227355551005" lon="18.98178417753713">
				<ele>98.49587569758296</ele>
				<time>2026-05-23T11:26:12Z</time>
			</trkpt>
			<trkpt lat="47.265200127354255" lon="18.98178065513808">
				<ele>98.99281029123813</ele>
				<time>2026-05-23T11:26:14Z</time>
			</trkpt>
			<trkpt lat="47.26516712476135" lon="18.98178128235419">
				<ele>98.74158219899982</ele>
				<time>2026-05-23T11:26:17Z</time>
			</trkpt>
			<trkpt lat="47.265141097915844" lon="18.98178589113577">
				<ele>97.92330939415842</ele>
				<time>2026-05-23T11:26:20Z</time>
			</trkpt>
			<trkpt lat="47.26511640653511" lon="18.981787703884887">
				<ele>97.72734619118273</ele>
				<time>2026-05-23T11:26:22Z</time>
			</trkpt>
			<trkpt lat="47.26509310729848" lon="18.98178958840542">
				<ele>97.38742216676474</ele>
				<time>2026-05-23T11:26:24Z</time>
			</trkpt>
			<trkpt lat="47.2650798616923" lon="18.98178982906175">
				<ele>97.47929093427956</ele>
				<time>2026-05-23T11:26:26Z</time>
			</trkpt>
			<trkpt lat="47.265061004353555" lon="18.98179677554297">
				<ele>97.79922008514404</ele>
				<time>2026-05-23T11:26:28Z</time>
			</trkpt>
			<trkpt lat="47.26503979115364" lon="18.981802206143797">
				<ele>98.96747906971723</ele>
				<time>2026-05-23T11:26:31Z</time>
			</trkpt>
			<trkpt lat="47.26501699801609" lon="18.981796213881292">
				<ele>99.10982570145279</ele>
				<time>2026-05-23T11:26:33Z</time>
			</trkpt>
			<trkpt lat="47.26499279698075" lon="18.981788841571777">
				<ele>99.34110661130399</ele>
				<time>2026-05-23T11:26:36Z</time>
			</trkpt>
			<trkpt lat="47.264977705159986" lon="18.98178785700926">
				<ele>98.7724952949211</ele>
				<time>2026-05-23T11:26:38Z</time>
			</trkpt>
			<trkpt lat="47.26496075363275" lon="18.981790742189315">
				<ele>98.75759799964726</ele>
				<time>2026-05-23T11:26:40Z</time>
			</trkpt>
			<trkpt lat="47.26493264966119" lon="18.981796854356084">
				<ele>99.29241679795086</ele>
				<time>2026-05-23T11:26:42Z</time>
			</trkpt>
			<trkpt lat="47.26490935853326" lon="18.98179950297953">
				<ele>99.23688282817602</ele>
				<time>2026-05-23T11:26:43Z</time>
			</trkpt>
			<trkpt lat="47.264879368146325" lon="18.981797773075332">
				<ele>99.18793349154294</ele>
				<time>2026-05-23T11:26:46Z</time>
			</trkpt>
			<trkpt lat="47.26485575505488" lon="18.981806176305167">
				<ele>98.93034685775638</ele>
				<time>2026-05-23T11:26:48Z</time>
			</trkpt>
			<trkpt lat="47.264817661458" lon="18.981816228368434">
				<ele>98.68909854907542</ele>
				<time>2026-05-23T11:26:51Z</time>
			</trkpt>
			<trkpt lat="47.26479417391531" lon="18.9818229023333">
				<ele>99.48214589804411</ele>
				<time>2026-05-23T11:26:53Z</time>
			</trkpt>
			<trkpt lat="47.264769939819516" lon="18.98182999465616">
				<ele>99.74004616867751</ele>
				<time>2026-05-23T11:26:55Z</time>
			</trkpt>
			<trkpt lat="47.26474724780251" lon="18.98183493258684">
				<ele>99.69711509998888</ele>
				<time>2026-05-23T11:26:57Z</time>
			</trkpt>
			<trkpt lat="47.26473330716834" lon="18.981836489696395">
				<ele>99.51009413320571</ele>
				<time>2026-05-23T11:26:59Z</time>
			</trkpt>
			<trkpt lat="47.26472249559731" lon="18.981837760463602">
				<ele>99.46556972153485</ele>
				<time>2026-05-23T11:27:01Z</time>
			</trkpt>
			<trkpt lat="47.26470872644244" lon="18.981839653893285">
				<ele>99.31411772593856</ele>
				<time>2026-05-23T11:27:03Z</time>
			</trkpt>
			<trkpt lat="47.264692500154325" lon="18.981841399478217">
				<ele>99.34780357871205</ele>
				<time>2026-05-23T11:27:05Z</time>
			</trkpt>
			<trkpt lat="47.26467123162662" lon="18.981845515026137">
				<ele>99.76809581462294</ele>
				<time>2026-05-23T11:27:08Z</time>
			</trkpt>
			<trkpt lat="47.26464824098041" lon="18.981849529918993">
				<ele>99.88272740505636</ele>
				<time>2026-05-23T11:27:11Z</time>
			</trkpt>
			<trkpt lat="47.26462701538152" lon="18.98185757792264">
				<ele>99.89936118200421</ele>
				<time>2026-05-23T11:27:14Z</time>
			</trkpt>
			<trkpt lat="47.264602659409775" lon="18.98186257137567">
				<ele>99.96211649850011</ele>
				<time>2026-05-23T11:27:18Z</time>
			</trkpt>
			<trkpt lat="47.264583491401076" lon="18.98186492968698">
				<ele>99.68324472103268</ele>
				<time>2026-05-23T11:27:21Z</time>
			</trkpt>
			<trkpt lat="47.26456254636247" lon="18.981867473284407">
				<ele>99.77339171990752</ele>
				<time>2026-05-23T11:27:25Z</time>
			</trkpt>
			<trkpt lat="47.26454075889494" lon="18.981870927525065">
				<ele>99.96797722484916</ele>
				<time>2026-05-23T11:27:29Z</time>
			</trkpt>
			<trkpt lat="47.26452144398255" lon="18.981872567466397">
				<ele>99.35034147184342</ele>
				<time>2026-05-23T11:27:33Z</time>
			</trkpt>
			<trkpt lat="47.26450288739586" lon="18.981875336577943">
				<ele>99.5500279199332</ele>
				<time>2026-05-23T11:27:37Z</time>
			</trkpt>
			<trkpt lat="47.26448030453267" lon="18.981879241810898">
				<ele>99.82557291630656</ele>
				<time>2026-05-23T11:27:42Z</time>
			</trkpt>
			<trkpt lat="47.264455357132235" lon="18.98188152924412">
				<ele>99.02748378459364</ele>
				<time>2026-05-23T11:27:48Z</time>
			</trkpt>
			<trkpt lat="47.264431867467906" lon="18.98188608079181">
				<ele>99.28785972762853</ele>
				<time>2026-05-23T11:27:54Z</time>
			</trkpt>
			<trkpt lat="47.264412436964086" lon="18.98188782434603">
				<ele>98.83399032615125</ele>
				<time>2026-05-23T11:27:59Z</time>
			</trkpt>
			<trkpt lat="47.26439730217034" lon="18.98189076490073">
				<ele>98.47839760035276</ele>
				<time>2026-05-23T11:28:04Z</time>
			</trkpt>
			<trkpt lat="47.264383923061224" lon="18.981892629302422">
				<ele>98.65381195675582</ele>
				<time>2026-05-23T11:28:08Z</time>
			</trkpt>
			<trkpt lat="47.26436799581366" lon="18.981893816984496">
				<ele>99.09340769983828</ele>
				<time>2026-05-23T11:28:12Z</time>
			</trkpt>
			<trkpt lat="47.264347481988914" lon="18.981893888334977">
				<ele>99.4544308707118</ele>
				<time>2026-05-23T11:28:17Z</time>
			</trkpt>
			<trkpt lat="47.26432301082662" lon="18.981893615919553">
				<ele>99.77081496082246</ele>
				<time>2026-05-23T11:28:22Z</time>
			</trkpt>
			<trkpt lat="47.26430291639571" lon="18.981889635422668">
				<ele>99.94813192542642</ele>
				<time>2026-05-23T11:28:27Z</time>
			</trkpt>
			<trkpt lat="47.26428453427951" lon="18.981890328774675">
				<ele>98.9155048923567</ele>
				<time>2026-05-23T11:28:31Z</time>
			</trkpt>
			<trkpt lat="47.26426334223703" lon="18.981888603196893">
				<ele>99.10116999223828</ele>
				<time>2026-05-23T11:28:36Z</time>
			</trkpt>
			<trkpt lat="47.264241972057725" lon="18.981885457315684">
				<ele>98.94747905805707</ele>
				<time>2026-05-23T11:28:41Z</time>
			</trkpt>
			<trkpt lat="47.264220636186394" lon="18.98188051982062">
				<ele>98.7002937886864</ele>
				<time>2026-05-23T11:28:46Z</time>
			</trkpt>
			<trkpt lat="47.26420070453499" lon="18.981872798629993">
				<ele>98.64829855039716</ele>
				<time>2026-05-23T11:28:51Z</time>
			</trkpt>
			<trkpt lat="47.26418130249146" lon="18.98186474488592">
				<ele>98.37377958931029</ele>
				<time>2026-05-23T11:28:56Z</time>
			</trkpt>
			<trkpt lat="47.26416346582072" lon="18.981852933832847">
				<ele>99.80052392929792</ele>
				<time>2026-05-23T11:29:00Z</time>
			</trkpt>
			<trkpt lat="47.26413448408001" lon="18.981843612752982">
				<ele>98.45533909648657</ele>
				<time>2026-05-23T11:29:03Z</time>
			</trkpt>
			<trkpt lat="47.264107118588456" lon="18.98183599118594">
				<ele>98.73829326871783</ele>
				<time>2026-05-23T11:29:05Z</time>
			</trkpt>
			<trkpt lat="47.26408236996726" lon="18.98183245247602">
				<ele>98.19180607236922</ele>
				<time>2026-05-23T11:29:08Z</time>
			</trkpt>
			<trkpt lat="47.264056582855275" lon="18.98182256173106">
				<ele>98.51658779382706</ele>
				<time>2026-05-23T11:29:10Z</time>
			</trkpt>
			<trkpt lat="47.26403673960763" lon="18.98180873512737">
				<ele>98.41755601670593</ele>
				<time>2026-05-23T11:29:11Z</time>
			</trkpt>
			<trkpt lat="47.264007956047585" lon="18.981787991862483">
				<ele>98.84471180476248</ele>
				<time>2026-05-23T11:29:13Z</time>
			</trkpt>
			<trkpt lat="47.263984737518584" lon="18.981772451270054">
				<ele>98.2830945327878</ele>
				<time>2026-05-23T11:29:15Z</time>
			</trkpt>
			<trkpt lat="47.2639614257456" lon="18.981769791072594">
				<ele>98.04576807841659</ele>
				<time>2026-05-23T11:29:17Z</time>
			</trkpt>
			<trkpt lat="47.263942000655256" lon="18.98176586303908">
				<ele>98.0603347402066</ele>
				<time>2026-05-23T11:29:18Z</time>
			</trkpt>
			<trkpt lat="47.26389914125028" lon="18.98176255290665">
				<ele>98.04761925898492</ele>
				<time>2026-05-23T11:29:21Z</time>
			</trkpt>
			<trkpt lat="47.26387613647559" lon="18.981768208930138">
				<ele>98.02449223864824</ele>
				<time>2026-05-23T11:29:23Z</time>
			</trkpt>
			<trkpt lat="47.26384676694903" lon="18.981775304067995">
				<ele>97.98001489695162</ele>
				<time>2026-05-23T11:29:25Z</time>
			</trkpt>
			<trkpt lat="47.26381817811454" lon="18.981784189368835">
				<ele>97.60811822768301</ele>
				<time>2026-05-23T11:29:27Z</time>
			</trkpt>
			<trkpt lat="47.263785641787564" lon="18.981789337519118">
				<ele>97.72936833836138</ele>
				<time>2026-05-23T11:29:29Z</time>
			</trkpt>
			<trkpt lat="47.26375270329156" lon="18.98178805060307">
				<ele>98.40877724066377</ele>
				<time>2026-05-23T11:29:31Z</time>
			</trkpt>
			<trkpt lat="47.26373666089529" lon="18.981792876655145">
				<ele>98.10564167611301</ele>
				<time>2026-05-23T11:29:32Z</time>
			</trkpt>
			<trkpt lat="47.263711504344855" lon="18.981808647501506">
				<ele>98.03990062698722</ele>
				<time>2026-05-23T11:29:34Z</time>
			</trkpt>
			<trkpt lat="47.26368667329051" lon="18.9818266490867">
				<ele>98.03013494890183</ele>
				<time>2026-05-23T11:29:36Z</time>
			</trkpt>
			<trkpt lat="47.263646177013804" lon="18.981859019781965">
				<ele>98.52586139552295</ele>
				<time>2026-05-23T11:29:39Z</time>
			</trkpt>
			<trkpt lat="47.26362121459575" lon="18.981868717702763">
				<ele>98.31939485110343</ele>
				<time>2026-05-23T11:29:41Z</time>
			</trkpt>
			<trkpt lat="47.263594064634866" lon="18.981878336825588">
				<ele>99.40837507229298</ele>
				<time>2026-05-23T11:29:43Z</time>
			</trkpt>
			<trkpt lat="47.26356789808941" lon="18.981878591834413">
				<ele>99.36186412256211</ele>
				<time>2026-05-23T11:29:45Z</time>
			</trkpt>
			<trkpt lat="47.26353999389013" lon="18.981885104737046">
				<ele>99.3779359953478</ele>
				<time>2026-05-23T11:29:47Z</time>
			</trkpt>
			<trkpt lat="47.263512467206134" lon="18.981889708527607">
				<ele>99.13376521226019</ele>
				<time>2026-05-23T11:29:49Z</time>
			</trkpt>
			<trkpt lat="47.26347648129251" lon="18.98188837530357">
				<ele>100.20367289800197</ele>
				<time>2026-05-23T11:29:52Z</time>
			</trkpt>
			<trkpt lat="47.26345686943072" lon="18.98188977495772">
				<ele>101.43866896722466</ele>
				<time>2026-05-23T11:29:54Z</time>
			</trkpt>
			<trkpt lat="47.26344270491989" lon="18.981890269816784">
				<ele>100.82534421700984</ele>
				<time>2026-05-23T11:29:55Z</time>
			</trkpt>
			<trkpt lat="47.263418465950686" lon="18.981904789656102">
				<ele>99.953947218135</ele>
				<time>2026-05-23T11:29:57Z</time>
			</trkpt>
			<trkpt lat="47.26339523372974" lon="18.981914117118343">
				<ele>99.4328054971993</ele>
				<time>2026-05-23T11:29:59Z</time>
			</trkpt>
			<trkpt lat="47.26336999443723" lon="18.981922972444845">
				<ele>99.848658320494</ele>
				<time>2026-05-23T11:30:01Z</time>
			</trkpt>
			<trkpt lat="47.263343358217604" lon="18.981931385732096">
				<ele>99.85429185815156</ele>
				<time>2026-05-23T11:30:03Z</time>
			</trkpt>
			<trkpt lat="47.263320715978324" lon="18.98194619413222">
				<ele>99.42212091572583</ele>
				<time>2026-05-23T11:30:05Z</time>
			</trkpt>
			<trkpt lat="47.26329552361079" lon="18.981957555137217">
				<ele>99.74170475732535</ele>
				<time>2026-05-23T11:30:07Z</time>
			</trkpt>
			<trkpt lat="47.26327133158597" lon="18.981956957478097">
				<ele>99.38891557231545</ele>
				<time>2026-05-23T11:30:09Z</time>
			</trkpt>
			<trkpt lat="47.26324597577301" lon="18.981957906438968">
				<ele>99.25364881567657</ele>
				<time>2026-05-23T11:30:11Z</time>
			</trkpt>
			<trkpt lat="47.26321644565616" lon="18.981960029589743">
				<ele>99.601202910766</ele>
				<time>2026-05-23T11:30:13Z</time>
			</trkpt>
			<trkpt lat="47.26319148998081" lon="18.98196107732934">
				<ele>99.53538224566728</ele>
				<time>2026-05-23T11:30:15Z</time>
			</trkpt>
			<trkpt lat="47.263179270273845" lon="18.98197187887833">
				<ele>99.72458649706095</ele>
				<time>2026-05-23T11:30:16Z</time>
			</trkpt>
			<trkpt lat="47.26315207736028" lon="18.98198817115455">
				<ele>98.68658517859876</ele>
				<time>2026-05-23T11:30:18Z</time>
			</trkpt>
			<trkpt lat="47.263117241755246" lon="18.98199597982441">
				<ele>98.39647032413632</ele>
				<time>2026-05-23T11:30:21Z</time>
			</trkpt>
			<trkpt lat="47.26308625074445" lon="18.981994295049336">
				<ele>99.144022423774</ele>
				<time>2026-05-23T11:30:23Z</time>
			</trkpt>
			<trkpt lat="47.263068712536246" lon="18.98199989861989">
				<ele>99.94894329179078</ele>
				<time>2026-05-23T11:30:24Z</time>
			</trkpt>
			<trkpt lat="47.26304104512372" lon="18.982009441019166">
				<ele>99.36831843014807</ele>
				<time>2026-05-23T11:30:27Z</time>
			</trkpt>
			<trkpt lat="47.263027151576445" lon="18.982016856547794">
				<ele>98.91828457452357</ele>
				<time>2026-05-23T11:30:28Z</time>
			</trkpt>
			<trkpt lat="47.26300253256783" lon="18.982033419780368">
				<ele>98.43130675610155</ele>
				<time>2026-05-23T11:30:30Z</time>
			</trkpt>
			<trkpt lat="47.262978338415905" lon="18.98205095476811">
				<ele>97.77642584685236</ele>
				<time>2026-05-23T11:30:32Z</time>
			</trkpt>
			<trkpt lat="47.26295649328644" lon="18.982068193705125">
				<ele>97.56675838213414</ele>
				<time>2026-05-23T11:30:34Z</time>
			</trkpt>
			<trkpt lat="47.26293407838675" lon="18.982093107709865">
				<ele>98.24299481045455</ele>
				<time>2026-05-23T11:30:36Z</time>
			</trkpt>
			<trkpt lat="47.26291084444031" lon="18.982119713779724">
				<ele>98.19999248534441</ele>
				<time>2026-05-23T11:30:38Z</time>
			</trkpt>
			<trkpt lat="47.26289541747906" lon="18.98213137324849">
				<ele>98.09111651498824</ele>
				<time>2026-05-23T11:30:39Z</time>
			</trkpt>
			<trkpt lat="47.26287082871824" lon="18.982156206223003">
				<ele>98.5585447223857</ele>
				<time>2026-05-23T11:30:41Z</time>
			</trkpt>
			<trkpt lat="47.26285132293957" lon="18.982180355383992">
				<ele>98.70720226317644</ele>
				<time>2026-05-23T11:30:43Z</time>
			</trkpt>
			<trkpt lat="47.26283104849773" lon="18.98219605945326">
				<ele>99.07405447028577</ele>
				<time>2026-05-23T11:30:45Z</time>
			</trkpt>
			<trkpt lat="47.26280999895124" lon="18.982214377253257">
				<ele>99.43193666171283</ele>
				<time>2026-05-23T11:30:47Z</time>
			</trkpt>
			<trkpt lat="47.26278590388457" lon="18.982232715462356">
				<ele>99.12217815313488</ele>
				<time>2026-05-23T11:30:49Z</time>
			</trkpt>
			<trkpt lat="47.26276198527481" lon="18.982252640902573">
				<ele>99.14666924253106</ele>
				<time>2026-05-23T11:30:51Z</time>
			</trkpt>
			<trkpt lat="47.26273774888779" lon="18.98226409126344">
				<ele>99.56487716082484</ele>
				<time>2026-05-23T11:30:53Z</time>
			</trkpt>
			<trkpt lat="47.26271280519794" lon="18.982272227184943">
				<ele>99.18276410643011</ele>
				<time>2026-05-23T11:30:55Z</time>
			</trkpt>
			<trkpt lat="47.26268803427215" lon="18.982276548400158">
				<ele>98.51981171313673</ele>
				<time>2026-05-23T11:30:57Z</time>
			</trkpt>
			<trkpt lat="47.26266641728227" lon="18.982290891955543">
				<ele>98.352240530774</ele>
				<time>2026-05-23T11:30:59Z</time>
			</trkpt>
			<trkpt lat="47.26264317328066" lon="18.982296793165812">
				<ele>98.43859350308776</ele>
				<time>2026-05-23T11:31:01Z</time>
			</trkpt>
			<trkpt lat="47.26262241840836" lon="18.982308745524364">
				<ele>98.86681434512138</ele>
				<time>2026-05-23T11:31:03Z</time>
			</trkpt>
			<trkpt lat="47.26260187389609" lon="18.982316233905678">
				<ele>99.44437117315829</ele>
				<time>2026-05-23T11:31:05Z</time>
			</trkpt>
			<trkpt lat="47.2625831921305" lon="18.98232805189194">
				<ele>98.92963447608054</ele>
				<time>2026-05-23T11:31:07Z</time>
			</trkpt>
			<trkpt lat="47.26256829426949" lon="18.98232965702512">
				<ele>98.33772141952068</ele>
				<time>2026-05-23T11:31:08Z</time>
			</trkpt>
			<trkpt lat="47.26254554967348" lon="18.982337468452286">
				<ele>98.35154803097248</ele>
				<time>2026-05-23T11:31:10Z</time>
			</trkpt>
			<trkpt lat="47.26252163728153" lon="18.982339120118034">
				<ele>98.76417181640863</ele>
				<time>2026-05-23T11:31:12Z</time>
			</trkpt>
			<trkpt lat="47.262506463059694" lon="18.982345760067492">
				<ele>98.89626419357955</ele>
				<time>2026-05-23T11:31:14Z</time>
			</trkpt>
			<trkpt lat="47.26248974633039" lon="18.98235749002641">
				<ele>98.65233180392534</ele>
				<time>2026-05-23T11:31:15Z</time>
			</trkpt>
			<trkpt lat="47.26246119221101" lon="18.982362017753513">
				<ele>98.9705947553739</ele>
				<time>2026-05-23T11:31:17Z</time>
			</trkpt>
			<trkpt lat="47.262434215604976" lon="18.9823677354782">
				<ele>99.40720597095788</ele>
				<time>2026-05-23T11:31:19Z</time>
			</trkpt>
			<trkpt lat="47.26240593245374" lon="18.982367265358896">
				<ele>98.96650556381792</ele>
				<time>2026-05-23T11:31:21Z</time>
			</trkpt>
			<trkpt lat="47.26238802841683" lon="18.98237815056976">
				<ele>98.51122370641679</ele>
				<time>2026-05-23T11:31:24Z</time>
			</trkpt>
			<trkpt lat="47.26237417441923" lon="18.982380496803074">
				<ele>98.6440336368978</ele>
				<time>2026-05-23T11:31:25Z</time>
			</trkpt>
			<trkpt lat="47.262344665059324" lon="18.9823860823484">
				<ele>98.97511890809983</ele>
				<time>2026-05-23T11:31:27Z</time>
			</trkpt>
			<trkpt lat="47.26231868825028" lon="18.982398002229484">
				<ele>98.4737827051431</ele>
				<time>2026-05-23T11:31:29Z</time>
			</trkpt>
			<trkpt lat="47.262293041680195" lon="18.982406570553312">
				<ele>98.45058999955654</ele>
				<time>2026-05-23T11:31:31Z</time>
			</trkpt>
			<trkpt lat="47.262259618199714" lon="18.98241077254197">
				<ele>98.54379659797996</ele>
				<time>2026-05-23T11:31:33Z</time>
			</trkpt>
			<trkpt lat="47.26222557787779" lon="18.982415308928456">
				<ele>98.81679352652282</ele>
				<time>2026-05-23T11:31:35Z</time>
			</trkpt>
			<trkpt lat="47.26219316455897" lon="18.982417649130547">
				<ele>98.98835003748536</ele>
				<time>2026-05-23T11:31:37Z</time>
			</trkpt>
			<trkpt lat="47.262169825876924" lon="18.982422935031252">
				<ele>99.03727652225643</ele>
				<time>2026-05-23T11:31:38Z</time>
			</trkpt>
			<trkpt lat="47.262137302859216" lon="18.98243523713608">
				<ele>98.92657944560051</ele>
				<time>2026-05-23T11:31:41Z</time>
			</trkpt>
			<trkpt lat="47.26212577697468" lon="18.982436442265463">
				<ele>99.28210507612675</ele>
				<time>2026-05-23T11:31:42Z</time>
			</trkpt>
			<trkpt lat="47.26209406736631" lon="18.982433599748525">
				<ele>99.25894994754344</ele>
				<time>2026-05-23T11:31:45Z</time>
			</trkpt>
			<trkpt lat="47.26207206038666" lon="18.98243263339895">
				<ele>99.20690981578082</ele>
				<time>2026-05-23T11:31:47Z</time>
			</trkpt>
			<trkpt lat="47.26204895792275" lon="18.98243145337485">
				<ele>98.88370653335005</ele>
				<time>2026-05-23T11:31:49Z</time>
			</trkpt>
			<trkpt lat="47.262028869443256" lon="18.98244074081761">
				<ele>98.26225609239191</ele>
				<time>2026-05-23T11:31:50Z</time>
			</trkpt>
			<trkpt lat="47.2619997157812" lon="18.982456118906395">
				<ele>98.2785498984158</ele>
				<time>2026-05-23T11:31:52Z</time>
			</trkpt>
			<trkpt lat="47.26198056452556" lon="18.98245638217188">
				<ele>98.58683535363525</ele>
				<time>2026-05-23T11:31:53Z</time>
			</trkpt>
			<trkpt lat="47.2619582793046" lon="18.982454842226485">
				<ele>98.22066291794181</ele>
				<time>2026-05-23T11:31:55Z</time>
			</trkpt>
			<trkpt lat="47.26194153915779" lon="18.982451334852325">
				<ele>98.3178563369438</ele>
				<time>2026-05-23T11:31:57Z</time>
			</trkpt>
			<trkpt lat="47.26192214233008" lon="18.982449961474657">
				<ele>98.34826899785548</ele>
				<time>2026-05-23T11:31:59Z</time>
			</trkpt>
			<trkpt lat="47.261895828812044" lon="18.98245272562148">
				<ele>98.62519547063857</ele>
				<time>2026-05-23T11:32:01Z</time>
			</trkpt>
			<trkpt lat="47.26187653538164" lon="18.982458504208843">
				<ele>96.90692119672894</ele>
				<time>2026-05-23T11:32:02Z</time>
			</trkpt>
			<trkpt lat="47.26183393531514" lon="18.982452295518765">
				<ele>98.08402132149786</ele>
				<time>2026-05-23T11:32:05Z</time>
			</trkpt>
			<trkpt lat="47.26180891475833" lon="18.982452328196203">
				<ele>98.11239399947226</ele>
				<time>2026-05-23T11:32:07Z</time>
			</trkpt>
			<trkpt lat="47.26177771819946" lon="18.982446424425444">
				<ele>98.92033754568547</ele>
				<time>2026-05-23T11:32:09Z</time>
			</trkpt>
			<trkpt lat="47.261744189678424" lon="18.982438689552076">
				<ele>99.4997124131769</ele>
				<time>2026-05-23T11:32:11Z</time>
			</trkpt>
			<trkpt lat="47.26171475171976" lon="18.98244838330178">
				<ele>98.30642004311085</ele>
				<time>2026-05-23T11:32:14Z</time>
			</trkpt>
			<trkpt lat="47.26170264810744" lon="18.98244990542791">
				<ele>98.62712702527642</ele>
				<time>2026-05-23T11:32:15Z</time>
			</trkpt>
			<trkpt lat="47.261678943282895" lon="18.98245412003875">
				<ele>98.45954976417124</ele>
				<time>2026-05-23T11:32:17Z</time>
			</trkpt>
			<trkpt lat="47.26165414638902" lon="18.982448192448043">
				<ele>98.51951962616295</ele>
				<time>2026-05-23T11:32:19Z</time>
			</trkpt>
			<trkpt lat="47.26163777165601" lon="18.982437933957566">
				<ele>99.01198651175946</ele>
				<time>2026-05-23T11:32:20Z</time>
			</trkpt>
			<trkpt lat="47.261607767068064" lon="18.982437004567426">
				<ele>99.11490991897881</ele>
				<time>2026-05-23T11:32:22Z</time>
			</trkpt>
			<trkpt lat="47.261587847917006" lon="18.98243237334424">
				<ele>99.12014099955559</ele>
				<time>2026-05-23T11:32:24Z</time>
			</trkpt>
			<trkpt lat="47.26157683412622" lon="18.982416533732327">
				<ele>99.19222032371908</ele>
				<time>2026-05-23T11:32:25Z</time>
			</trkpt>
			<trkpt lat="47.26156188465188" lon="18.98241388107562">
				<ele>99.2793765636161</ele>
				<time>2026-05-23T11:32:26Z</time>
			</trkpt>
			<trkpt lat="47.26153817758391" lon="18.98239877601822">
				<ele>97.25639623776078</ele>
				<time>2026-05-23T11:32:28Z</time>
			</trkpt>
			<trkpt lat="47.26152178711469" lon="18.982390064236526">
				<ele>97.96560561936349</ele>
				<time>2026-05-23T11:32:30Z</time>
			</trkpt>
			<trkpt lat="47.261510060434446" lon="18.982384914464618">
				<ele>98.36402714345604</ele>
				<time>2026-05-23T11:32:32Z</time>
			</trkpt>
			<trkpt lat="47.261495554614996" lon="18.982379259276552">
				<ele>98.45962256938219</ele>
				<time>2026-05-23T11:32:34Z</time>
			</trkpt>
			<trkpt lat="47.26148022909459" lon="18.9823742935854">
				<ele>98.42573485802859</ele>
				<time>2026-05-23T11:32:36Z</time>
			</trkpt>
			<trkpt lat="47.261458155027" lon="18.982367990398522">
				<ele>97.93065097276121</ele>
				<time>2026-05-23T11:32:38Z</time>
			</trkpt>
			<trkpt lat="47.26143401671641" lon="18.982362058010974">
				<ele>98.01689195539802</ele>
				<time>2026-05-23T11:32:41Z</time>
			</trkpt>
			<trkpt lat="47.26142001763833" lon="18.982357842464904">
				<ele>97.7276358269155</ele>
				<time>2026-05-23T11:32:43Z</time>
			</trkpt>
			<trkpt lat="47.26140309920938" lon="18.982355417637184">
				<ele>97.49527172092348</ele>
				<time>2026-05-23T11:32:46Z</time>
			</trkpt>
			<trkpt lat="47.26137631442558" lon="18.982354266479774">
				<ele>98.1212352719158</ele>
				<time>2026-05-23T11:32:48Z</time>
			</trkpt>
			<trkpt lat="47.26134896934791" lon="18.982349020533437">
				<ele>98.11590251326561</ele>
				<time>2026-05-23T11:32:51Z</time>
			</trkpt>
			<trkpt lat="47.26132282645295" lon="18.982339594444085">
				<ele>98.25056256819516</ele>
				<time>2026-05-23T11:32:53Z</time>
			</trkpt>
			<trkpt lat="47.261296660106474" lon="18.982328953045077">
				<ele>99.02536376006901</ele>
				<time>2026-05-23T11:32:56Z</time>
			</trkpt>
			<trkpt lat="47.26128180619094" lon="18.98232557468571">
				<ele>98.08866185415536</ele>
				<time>2026-05-23T11:32:58Z</time>
			</trkpt>
			<trkpt lat="47.26126653693552" lon="18.982323896799162">
				<ele>98.50182035379112</ele>
				<time>2026-05-23T11:33:00Z</time>
			</trkpt>
			<trkpt lat="47.261248663840114" lon="18.982323141307464">
				<ele>98.7126106666401</ele>
				<time>2026-05-23T11:33:02Z</time>
			</trkpt>
			<trkpt lat="47.261222290709945" lon="18.982315688274753">
				<ele>98.05817265994847</ele>
				<time>2026-05-23T11:33:04Z</time>
			</trkpt>
			<trkpt lat="47.261184694336826" lon="18.98231190098876">
				<ele>98.74789492972195</ele>
				<time>2026-05-23T11:33:07Z</time>
			</trkpt>
			<trkpt lat="47.2611678192286" lon="18.982316001286677">
				<ele>98.7568677868694</ele>
				<time>2026-05-23T11:33:09Z</time>
			</trkpt>
			<trkpt lat="47.26114477859873" lon="18.98231695218338">
				<ele>98.00817603617907</ele>
				<time>2026-05-23T11:33:11Z</time>
			</trkpt>
			<trkpt lat="47.26111739888108" lon="18.982324771504548">
				<ele>98.16121104173362</ele>
				<time>2026-05-23T11:33:13Z</time>
			</trkpt>
			<trkpt lat="47.26109953765587" lon="18.982324947020732">
				<ele>98.35269888024777</ele>
				<time>2026-05-23T11:33:15Z</time>
			</trkpt>
			<trkpt lat="47.26108456482186" lon="18.982321717798712">
				<ele>98.76167446188629</ele>
				<time>2026-05-23T11:33:17Z</time>
			</trkpt>
			<trkpt lat="47.261056776829435" lon="18.9823159511333">
				<ele>98.95077308733016</ele>
				<time>2026-05-23T11:33:19Z</time>
			</trkpt>
			<trkpt lat="47.26102783274194" lon="18.982302921456064">
				<ele>99.29632083233446</ele>
				<time>2026-05-23T11:33:21Z</time>
			</trkpt>
			<trkpt lat="47.26099745201129" lon="18.982291461945493">
				<ele>99.87939353194088</ele>
				<time>2026-05-23T11:33:23Z</time>
			</trkpt>
			<trkpt lat="47.260968204017395" lon="18.982283881270625">
				<ele>99.40932977665216</ele>
				<time>2026-05-23T11:33:25Z</time>
			</trkpt>
			<trkpt lat="47.260941127570604" lon="18.982275122308206">
				<ele>99.2823251830414</ele>
				<time>2026-05-23T11:33:27Z</time>
			</trkpt>
			<trkpt lat="47.26091296587398" lon="18.98227270401212">
				<ele>99.34879162348807</ele>
				<time>2026-05-23T11:33:29Z</time>
			</trkpt>
			<trkpt lat="47.2609011768458" lon="18.982260381825906">
				<ele>98.79543326701969</ele>
				<time>2026-05-23T11:33:30Z</time>
			</trkpt>
			<trkpt lat="47.26087409422513" lon="18.982248408129994">
				<ele>98.62162522692233</ele>
				<time>2026-05-23T11:33:32Z</time>
			</trkpt>
			<trkpt lat="47.26083804769006" lon="18.98223671305875">
				<ele>98.8223525499925</ele>
				<time>2026-05-23T11:33:35Z</time>
			</trkpt>
			<trkpt lat="47.260820662658226" lon="18.982230332522303">
				<ele>98.6819186154753</ele>
				<time>2026-05-23T11:33:36Z</time>
			</trkpt>
			<trkpt lat="47.26080248961407" lon="18.98222986748436">
				<ele>98.02386946976185</ele>
				<time>2026-05-23T11:33:37Z</time>
			</trkpt>
			<trkpt lat="47.26077219698935" lon="18.98222645176827">
				<ele>98.11979894246906</ele>
				<time>2026-05-23T11:33:39Z</time>
			</trkpt>
			<trkpt lat="47.26073336081801" lon="18.982228219346464">
				<ele>98.54809654690325</ele>
				<time>2026-05-23T11:33:42Z</time>
			</trkpt>
			<trkpt lat="47.260712212563796" lon="18.98222541272509">
				<ele>97.89217543508857</ele>
				<time>2026-05-23T11:33:44Z</time>
			</trkpt>
			<trkpt lat="47.260688766200516" lon="18.982223615167896">
				<ele>98.26993778534234</ele>
				<time>2026-05-23T11:33:46Z</time>
			</trkpt>
			<trkpt lat="47.260675307281495" lon="18.982224131212103">
				<ele>97.92053475044668</ele>
				<time>2026-05-23T11:33:48Z</time>
			</trkpt>
			<trkpt lat="47.260653876397264" lon="18.982225932476805">
				<ele>97.65563404653221</ele>
				<time>2026-05-23T11:33:50Z</time>
			</trkpt>
			<trkpt lat="47.26062918454172" lon="18.9822249939179">
				<ele>98.2087506391108</ele>
				<time>2026-05-23T11:33:52Z</time>
			</trkpt>
			<trkpt lat="47.2606021294467" lon="18.98222897842108">
				<ele>97.8317654505372</ele>
				<time>2026-05-23T11:33:54Z</time>
			</trkpt>
			<trkpt lat="47.26056614248957" lon="18.982227694295148">
				<ele>98.72667090501636</ele>
				<time>2026-05-23T11:33:57Z</time>
			</trkpt>
			<trkpt lat="47.26054594608385" lon="18.98223015130431">
				<ele>98.83317135740072</ele>
				<time>2026-05-23T11:33:59Z</time>
			</trkpt>
			<trkpt lat="47.26053559023789" lon="18.98223039172247">
				<ele>98.99213244207203</ele>
				<time>2026-05-23T11:34:01Z</time>
			</trkpt>
			<trkpt lat="47.26051595238163" lon="18.982224747318785">
				<ele>99.08555265050381</ele>
				<time>2026-05-23T11:34:03Z</time>
			</trkpt>
			<trkpt lat="47.26049077240566" lon="18.98222130416747">
				<ele>100.4476752858609</ele>
				<time>2026-05-23T11:34:05Z</time>
			</trkpt>
			<trkpt lat="47.26047745504436" lon="18.982229922856412">
				<ele>99.63746920973063</ele>
				<time>2026-05-23T11:34:06Z</time>
			</trkpt>
			<trkpt lat="47.2604379255032" lon="18.982241720657335">
				<ele>99.93122021574527</ele>
				<time>2026-05-23T11:34:09Z</time>
			</trkpt>
			<trkpt lat="47.260406529284076" lon="18.98224195841124">
				<ele>99.07099884003401</ele>
				<time>2026-05-23T11:34:12Z</time>
			</trkpt>
			<trkpt lat="47.260388569641265" lon="18.98224717145956">
				<ele>99.37409865111113</ele>
				<time>2026-05-23T11:34:14Z</time>
			</trkpt>
			<trkpt lat="47.260377307354226" lon="18.982247103362266">
				<ele>99.23207198828459</ele>
				<time>2026-05-23T11:34:16Z</time>
			</trkpt>
			<trkpt lat="47.260368105784536" lon="18.982244205630412">
				<ele>99.23469082266092</ele>
				<time>2026-05-23T11:34:18Z</time>
			</trkpt>
			<trkpt lat="47.26035273786975" lon="18.982248777590577">
				<ele>99.18641100823879</ele>
				<time>2026-05-23T11:34:19Z</time>
			</trkpt>
			<trkpt lat="47.26033301900382" lon="18.982241646736114">
				<ele>99.99644730146974</ele>
				<time>2026-05-23T11:34:20Z</time>
			</trkpt>
			<trkpt lat="47.26028710822697" lon="18.98223923594946">
				<ele>98.738535980694</ele>
				<time>2026-05-23T11:34:23Z</time>
			</trkpt>
			<trkpt lat="47.26026210084589" lon="18.982233751281957">
				<ele>99.36492213793099</ele>
				<time>2026-05-23T11:34:25Z</time>
			</trkpt>
			<trkpt lat="47.26024008686399" lon="18.98222201952941">
				<ele>99.87163821980357</ele>
				<time>2026-05-23T11:34:27Z</time>
			</trkpt>
			<trkpt lat="47.260225643892674" lon="18.98222104106484">
				<ele>99.36233197059482</ele>
				<time>2026-05-23T11:34:29Z</time>
			</trkpt>
			<trkpt lat="47.26020872786753" lon="18.982225749530635">
				<ele>98.75484778452665</ele>
				<time>2026-05-23T11:34:30Z</time>
			</trkpt>
			<trkpt lat="47.26017986294723" lon="18.98222929419796">
				<ele>98.82886932883412</ele>
				<time>2026-05-23T11:34:32Z</time>
			</trkpt>
			<trkpt lat="47.260161168999836" lon="18.98223214179746">
				<ele>98.35019648540765</ele>
				<time>2026-05-23T11:34:33Z</time>
			</trkpt>
			<trkpt lat="47.26013568927025" lon="18.982229041490534">
				<ele>98.24854549020529</ele>
				<time>2026-05-23T11:34:35Z</time>
			</trkpt>
			<trkpt lat="47.260111983017275" lon="18.982219343879354">
				<ele>98.20711803250015</ele>
				<time>2026-05-23T11:34:37Z</time>
			</trkpt>
			<trkpt lat="47.26007837362119" lon="18.98222243632363">
				<ele>98.21001629065722</ele>
				<time>2026-05-23T11:34:40Z</time>
			</trkpt>
			<trkpt lat="47.26005994403316" lon="18.982216740248784">
				<ele>97.57302890531719</ele>
				<time>2026-05-23T11:34:43Z</time>
			</trkpt>
			<trkpt lat="47.26004215898069" lon="18.982211488033073">
				<ele>96.69839222263545</ele>
				<time>2026-05-23T11:34:45Z</time>
			</trkpt>
			<trkpt lat="47.26002529742932" lon="18.98220850267328">
				<ele>97.34758505504578</ele>
				<time>2026-05-23T11:34:47Z</time>
			</trkpt>
			<trkpt lat="47.26001183243079" lon="18.982186992375503">
				<ele>98.50760681834072</ele>
				<time>2026-05-23T11:34:49Z</time>
			</trkpt>
			<trkpt lat="47.2599950075183" lon="18.98218503872001">
				<ele>97.95158282388002</ele>
				<time>2026-05-23T11:34:50Z</time>
			</trkpt>
			<trkpt lat="47.25996125469104" lon="18.98218536868307">
				<ele>97.62133900728077</ele>
				<time>2026-05-23T11:34:52Z</time>
			</trkpt>
			<trkpt lat="47.25993032440783" lon="18.98218614730422">
				<ele>98.06635551713407</ele>
				<time>2026-05-23T11:34:54Z</time>
			</trkpt>
			<trkpt lat="47.259902498259386" lon="18.982178802205357">
				<ele>98.5372558105737</ele>
				<time>2026-05-23T11:34:56Z</time>
			</trkpt>
			<trkpt lat="47.25987831701983" lon="18.982171024245105">
				<ele>98.37604485731572</ele>
				<time>2026-05-23T11:34:58Z</time>
			</trkpt>
			<trkpt lat="47.25986356287601" lon="18.98216805026988">
				<ele>98.75366593617946</ele>
				<time>2026-05-23T11:35:00Z</time>
			</trkpt>
			<trkpt lat="47.25985220999124" lon="18.98216582019063">
				<ele>99.22371293976903</ele>
				<time>2026-05-23T11:35:02Z</time>
			</trkpt>
			<trkpt lat="47.259835641736956" lon="18.98215916472028">
				<ele>99.58426593896002</ele>
				<time>2026-05-23T11:35:05Z</time>
			</trkpt>
			<trkpt lat="47.25981112493694" lon="18.982160083941405">
				<ele>99.7236014045775</ele>
				<time>2026-05-23T11:35:07Z</time>
			</trkpt>
			<trkpt lat="47.25978333154575" lon="18.98215768180388">
				<ele>99.10330522060394</ele>
				<time>2026-05-23T11:35:09Z</time>
			</trkpt>
			<trkpt lat="47.25975850312088" lon="18.982152724401264">
				<ele>99.86691878642887</ele>
				<time>2026-05-23T11:35:11Z</time>
			</trkpt>
			<trkpt lat="47.25974766298887" lon="18.98213855925587">
				<ele>99.97393893357366</ele>
				<time>2026-05-23T11:35:13Z</time>
			</trkpt>
			<trkpt lat="47.25972252250247" lon="18.982126162176378">
				<ele>98.91098744980991</ele>
				<time>2026-05-23T11:35:16Z</time>
			</trkpt>
			<trkpt lat="47.259696908538714" lon="18.982119304989308">
				<ele>99.77758101187646</ele>
				<time>2026-05-23T11:35:18Z</time>
			</trkpt>
			<trkpt lat="47.25967529576689" lon="18.98210366991637">
				<ele>99.290437778458</ele>
				<time>2026-05-23T11:35:20Z</time>
			</trkpt>
			<trkpt lat="47.25966361230425" lon="18.982106694175364">
				<ele>99.04383266624063</ele>
				<time>2026-05-23T11:35:21Z</time>
			</trkpt>
			<trkpt lat="47.25964397795041" lon="18.982096245600296">
				<ele>99.35641711298376</ele>
				<time>2026-05-23T11:35:23Z</time>
			</trkpt>
			<trkpt lat="47.259621243844016" lon="18.98209291296042">
				<ele>98.42669879086316</ele>
				<time>2026-05-23T11:35:25Z</time>
			</trkpt>
			<trkpt lat="47.25959549979099" lon="18.98209261925548">
				<ele>98.56821256037802</ele>
				<time>2026-05-23T11:35:27Z</time>
			</trkpt>
			<trkpt lat="47.2595686028622" lon="18.982088729005806">
				<ele>98.75030563864857</ele>
				<time>2026-05-23T11:35:29Z</time>
			</trkpt>
			<trkpt lat="47.2595442066095" lon="18.982066978964202">
				<ele>99.15498042013496</ele>
				<time>2026-05-23T11:35:31Z</time>
			</trkpt>
			<trkpt lat="47.25951526833688" lon="18.982043153920987">
				<ele>99.26549491472542</ele>
				<time>2026-05-23T11:35:34Z</time>
			</trkpt>
			<trkpt lat="47.25949283292074" lon="18.982036968719576">
				<ele>99.02651417441666</ele>
				<time>2026-05-23T11:35:36Z</time>
			</trkpt>
			<trkpt lat="47.25948006623906" lon="18.98203033431895">
				<ele>99.33003703970462</ele>
				<time>2026-05-23T11:35:38Z</time>
			</trkpt>
			<trkpt lat="47.25946191016357" lon="18.98201810378874">
				<ele>99.06720810197294</ele>
				<time>2026-05-23T11:35:40Z</time>
			</trkpt>
			<trkpt lat="47.25944355082948" lon="18.982005677049038">
				<ele>98.62071524001658</ele>
				<time>2026-05-23T11:35:41Z</time>
			</trkpt>
			<trkpt lat="47.25942319706882" lon="18.98200289641633">
				<ele>98.45100069139153</ele>
				<time>2026-05-23T11:35:43Z</time>
			</trkpt>
			<trkpt lat="47.259405976458" lon="18.982002428845096">
				<ele>97.64425761438906</ele>
				<time>2026-05-23T11:35:45Z</time>
			</trkpt>
			<trkpt lat="47.25939494873725" lon="18.9819834050002">
				<ele>97.83541779406369</ele>
				<time>2026-05-23T11:35:47Z</time>
			</trkpt>
			<trkpt lat="47.2593802533549" lon="18.981966497225418">
				<ele>97.99549338407815</ele>
				<time>2026-05-23T11:35:49Z</time>
			</trkpt>
			<trkpt lat="47.2593655259673" lon="18.9819506719583">
				<ele>98.12757471203804</ele>
				<time>2026-05-23T11:35:51Z</time>
			</trkpt>
			<trkpt lat="47.25934565559988" lon="18.981946757370636">
				<ele>98.26608479954302</ele>
				<time>2026-05-23T11:35:53Z</time>
			</trkpt>
			<trkpt lat="47.259324460531865" lon="18.981947575682234">
				<ele>98.2000743150711</ele>
				<time>2026-05-23T11:35:55Z</time>
			</trkpt>
			<trkpt lat="47.259299100375465" lon="18.981939910665357">
				<ele>98.02144022192806</ele>
				<time>2026-05-23T11:35:57Z</time>
			</trkpt>
			<trkpt lat="47.25927420648337" lon="18.981920264305174">
				<ele>98.45463272184134</ele>
				<time>2026-05-23T11:35:59Z</time>
			</trkpt>
			<trkpt lat="47.25925778155105" lon="18.98189507875689">
				<ele>98.28768080845475</ele>
				<time>2026-05-23T11:36:00Z</time>
			</trkpt>
			<trkpt lat="47.25923722521537" lon="18.981876091009806">
				<ele>98.62050976790488</ele>
				<time>2026-05-23T11:36:02Z</time>
			</trkpt>
			<trkpt lat="47.25920653421811" lon="18.981843847591012">
				<ele>97.98659285437316</ele>
				<time>2026-05-23T11:36:05Z</time>
			</trkpt>
			<trkpt lat="47.25917833328735" lon="18.981819526103244">
				<ele>98.61008393578231</ele>
				<time>2026-05-23T11:36:07Z</time>
			</trkpt>
			<trkpt lat="47.259161417896685" lon="18.981801510157347">
				<ele>98.32523410860449</ele>
				<time>2026-05-23T11:36:08Z</time>
			</trkpt>
			<trkpt lat="47.25913356463255" lon="18.981781202639993">
				<ele>98.98210973665118</ele>
				<time>2026-05-23T11:36:10Z</time>
			</trkpt>
			<trkpt lat="47.259102954453226" lon="18.981758178821558">
				<ele>98.68547586537898</ele>
				<time>2026-05-23T11:36:12Z</time>
			</trkpt>
			<trkpt lat="47.25906837932167" lon="18.981730733810515">
				<ele>99.03289293125272</ele>
				<time>2026-05-23T11:36:15Z</time>
			</trkpt>
			<trkpt lat="47.25904269442306" lon="18.981717238911237">
				<ele>98.68457995541394</ele>
				<time>2026-05-23T11:36:17Z</time>
			</trkpt>
			<trkpt lat="47.25901500166134" lon="18.981706307755253">
				<ele>98.92881680838764</ele>
				<time>2026-05-23T11:36:19Z</time>
			</trkpt>
			<trkpt lat="47.2589860638739" lon="18.981695814909692">
				<ele>100.02931245043874</ele>
				<time>2026-05-23T11:36:21Z</time>
			</trkpt>
			<trkpt lat="47.25895743329185" lon="18.981690592088345">
				<ele>98.87776823993772</ele>
				<time>2026-05-23T11:36:23Z</time>
			</trkpt>
			<trkpt lat="47.25893171173083" lon="18.98168825296223">
				<ele>99.02411399781704</ele>
				<time>2026-05-23T11:36:25Z</time>
			</trkpt>
			<trkpt lat="47.258912190603155" lon="18.981678302364628">
				<ele>99.42387304548174</ele>
				<time>2026-05-23T11:36:27Z</time>
			</trkpt>
			<trkpt lat="47.25889201545669" lon="18.981670858043266">
				<ele>99.47046419233084</ele>
				<time>2026-05-23T11:36:29Z</time>
			</trkpt>
			<trkpt lat="47.25888112752402" lon="18.98167179424253">
				<ele>98.97000503633171</ele>
				<time>2026-05-23T11:36:31Z</time>
			</trkpt>
			<trkpt lat="47.25886405436627" lon="18.981666379692708">
				<ele>99.30004723742604</ele>
				<time>2026-05-23T11:36:33Z</time>
			</trkpt>
			<trkpt lat="47.258844897149494" lon="18.981649281395818">
				<ele>99.61080277245492</ele>
				<time>2026-05-23T11:36:35Z</time>
			</trkpt>
			<trkpt lat="47.258822494877585" lon="18.981645611180156">
				<ele>99.48027148470283</ele>
				<time>2026-05-23T11:36:37Z</time>
			</trkpt>
			<trkpt lat="47.25881002040106" lon="18.981640486516227">
				<ele>99.12434145994484</ele>
				<time>2026-05-23T11:36:39Z</time>
			</trkpt>
			<trkpt lat="47.25878991098945" lon="18.981628627920074">
				<ele>98.66740806680173</ele>
				<time>2026-05-23T11:36:41Z</time>
			</trkpt>
			<trkpt lat="47.25875560934001" lon="18.981604208102134">
				<ele>98.92970866244286</ele>
				<time>2026-05-23T11:36:44Z</time>
			</trkpt>
			<trkpt lat="47.258737813402085" lon="18.981587342344948">
				<ele>99.35311411134899</ele>
				<time>2026-05-23T11:36:47Z</time>
			</trkpt>
			<trkpt lat="47.258717816608694" lon="18.981582067770773">
				<ele>98.14396188408136</ele>
				<time>2026-05-23T11:36:48Z</time>
			</trkpt>
			<trkpt lat="47.25868485230841" lon="18.9815630462744">
				<ele>98.94606872461736</ele>
				<time>2026-05-23T11:36:51Z</time>
			</trkpt>
			<trkpt lat="47.258661601198774" lon="18.98154178031412">
				<ele>99.23157031089067</ele>
				<time>2026-05-23T11:36:53Z</time>
			</trkpt>
			<trkpt lat="47.25863974607806" lon="18.981522894082484">
				<ele>99.05189660005271</ele>
				<time>2026-05-23T11:36:55Z</time>
			</trkpt>
			<trkpt lat="47.25862258604043" lon="18.98149863895272">
				<ele>98.48369959834963</ele>
				<time>2026-05-23T11:36:57Z</time>
			</trkpt>
			<trkpt lat="47.25860908287136" lon="18.981472320450994">
				<ele>98.04517590720206</ele>
				<time>2026-05-23T11:37:00Z</time>
			</trkpt>
			<trkpt lat="47.2586038884596" lon="18.981457473845538">
				<ele>97.77354149520397</ele>
				<time>2026-05-23T11:37:02Z</time>
			</trkpt>
			<trkpt lat="47.25859053762213" lon="18.98142548927766">
				<ele>97.8346118312329</ele>
				<time>2026-05-23T11:37:04Z</time>
			</trkpt>
			<trkpt lat="47.25858192627906" lon="18.981383840621223">
				<ele>98.61572538968176</ele>
				<time>2026-05-23T11:37:06Z</time>
			</trkpt>
			<trkpt lat="47.2585735380551" lon="18.98133412657276">
				<ele>97.98685730807483</ele>
				<time>2026-05-23T11:37:09Z</time>
			</trkpt>
			<trkpt lat="47.25856939305179" lon="18.981314403992837">
				<ele>97.97285306733102</ele>
				<time>2026-05-23T11:37:11Z</time>
			</trkpt>
			<trkpt lat="47.25856566216177" lon="18.981292250348837">
				<ele>98.0400574868545</ele>
				<time>2026-05-23T11:37:14Z</time>
			</trkpt>
			<trkpt lat="47.25856074487695" lon="18.981268345376087">
				<ele>98.33920635003597</ele>
				<time>2026-05-23T11:37:17Z</time>
			</trkpt>
			<trkpt lat="47.25855247725504" lon="18.98124039674118">
				<ele>98.75843592081219</ele>
				<time>2026-05-23T11:37:20Z</time>
			</trkpt>
			<trkpt lat="47.258542107344475" lon="18.98121345393429">
				<ele>98.95841448102146</ele>
				<time>2026-05-23T11:37:23Z</time>
			</trkpt>
			<trkpt lat="47.258533366064924" lon="18.981189793975993">
				<ele>99.02175339404494</ele>
				<time>2026-05-23T11:37:26Z</time>
			</trkpt>
			<trkpt lat="47.258524400414075" lon="18.98116682193612">
				<ele>99.12094345502555</ele>
				<time>2026-05-23T11:37:29Z</time>
			</trkpt>
			<trkpt lat="47.25851507110275" lon="18.981145554825545">
				<ele>99.00182263180614</ele>
				<time>2026-05-23T11:37:32Z</time>
			</trkpt>
			<trkpt lat="47.258503998265255" lon="18.981110457156383">
				<ele>99.24948294833302</ele>
				<time>2026-05-23T11:37:38Z</time>
			</trkpt>
			<trkpt lat="47.25849959387198" lon="18.981081979864637">
				<ele>99.36021275725216</ele>
				<time>2026-05-23T11:37:41Z</time>
			</trkpt>
			<trkpt lat="47.25849759592923" lon="18.981053124590623">
				<ele>99.52177486103028</ele>
				<time>2026-05-23T11:37:44Z</time>
			</trkpt>
			<trkpt lat="47.25849184355731" lon="18.981017504236547">
				<ele>99.60390576161444</ele>
				<time>2026-05-23T11:37:48Z</time>
			</trkpt>
			<trkpt lat="47.25847659628535" lon="18.98097968198098">
				<ele>99.25784558150917</ele>
				<time>2026-05-23T11:37:54Z</time>
			</trkpt>
			<trkpt lat="47.258460599761435" lon="18.980952967682402">
				<ele>99.2719255099073</ele>
				<time>2026-05-23T11:38:01Z</time>
			</trkpt>
			<trkpt lat="47.258442837993755" lon="18.9809317697393">
				<ele>99.44008758943528</ele>
				<time>2026-05-23T11:38:09Z</time>
			</trkpt>
			<trkpt lat="47.258423522288425" lon="18.980915426045026">
				<ele>99.25611913017929</ele>
				<time>2026-05-23T11:38:17Z</time>
			</trkpt>
			<trkpt lat="47.25840274898055" lon="18.980901832098624">
				<ele>99.79086413793266</ele>
				<time>2026-05-23T11:38:24Z</time>
			</trkpt>
			<trkpt lat="47.258383903665845" lon="18.98088857602852">
				<ele>99.28740824945271</ele>
				<time>2026-05-23T11:38:30Z</time>
			</trkpt>
			<trkpt lat="47.25836520404946" lon="18.980879466152256">
				<ele>99.58304465003312</ele>
				<time>2026-05-23T11:38:37Z</time>
			</trkpt>
			<trkpt lat="47.258345071977374" lon="18.98087880629767">
				<ele>99.87316782493144</ele>
				<time>2026-05-23T11:38:45Z</time>
			</trkpt>
			<trkpt lat="47.25831952006968" lon="18.98088371020487">
				<ele>98.38553156144917</ele>
				<time>2026-05-23T11:38:59Z</time>
			</trkpt>
			<trkpt lat="47.25830388892717" lon="18.980894917275926">
				<ele>98.8832983057946</ele>
				<time>2026-05-23T11:39:05Z</time>
			</trkpt>
			<trkpt lat="47.258285820841586" lon="18.980908176326018">
				<ele>99.18864276539534</ele>
				<time>2026-05-23T11:39:09Z</time>
			</trkpt>
			<trkpt lat="47.25826822294602" lon="18.98091900894899">
				<ele>99.31506037991494</ele>
				<time>2026-05-23T11:39:13Z</time>
			</trkpt>
			<trkpt lat="47.25825306038399" lon="18.980929974200258">
				<ele>99.06462936662138</ele>
				<time>2026-05-23T11:39:17Z</time>
			</trkpt>
			<trkpt lat="47.258230288968036" lon="18.980946594325978">
				<ele>98.73242064006627</ele>
				<time>2026-05-23T11:39:23Z</time>
			</trkpt>
			<trkpt lat="47.25820562158512" lon="18.980960588147855">
				<ele>98.8204266121611</ele>
				<time>2026-05-23T11:39:28Z</time>
			</trkpt>
			<trkpt lat="47.25818516936485" lon="18.98097130280557">
				<ele>99.11479989811778</ele>
				<time>2026-05-23T11:39:32Z</time>
			</trkpt>
			<trkpt lat="47.258166176632464" lon="18.980983617501415">
				<ele>98.89052414614707</ele>
				<time>2026-05-23T11:39:37Z</time>
			</trkpt>
			<trkpt lat="47.25814919488452" lon="18.980992623337745">
				<ele>99.06259858980775</ele>
				<time>2026-05-23T11:39:41Z</time>
			</trkpt>
			<trkpt lat="47.25812970221914" lon="18.981000958133247">
				<ele>98.94789481628686</ele>
				<time>2026-05-23T11:39:46Z</time>
			</trkpt>
			<trkpt lat="47.25810894819211" lon="18.98100819471914">
				<ele>99.22399306762964</ele>
				<time>2026-05-23T11:39:51Z</time>
			</trkpt>
			<trkpt lat="47.258089831976015" lon="18.981013396410862">
				<ele>99.00417778175324</ele>
				<time>2026-05-23T11:39:56Z</time>
			</trkpt>
			<trkpt lat="47.25806938669453" lon="18.981015850251858">
				<ele>98.72656323201954</ele>
				<time>2026-05-23T11:40:01Z</time>
			</trkpt>
			<trkpt lat="47.25804832347894" lon="18.981015048905576">
				<ele>98.62643298879266</ele>
				<time>2026-05-23T11:40:06Z</time>
			</trkpt>
			<trkpt lat="47.25802946964883" lon="18.981013865451132">
				<ele>98.50374920573086</ele>
				<time>2026-05-23T11:40:11Z</time>
			</trkpt>
			<trkpt lat="47.25800921869584" lon="18.981011047842923">
				<ele>98.46071587130427</ele>
				<time>2026-05-23T11:40:16Z</time>
			</trkpt>
			<trkpt lat="47.25798873137562" lon="18.981009125119698">
				<ele>98.3529673088342</ele>
				<time>2026-05-23T11:40:21Z</time>
			</trkpt>
			<trkpt lat="47.25796947723315" lon="18.98100513686981">
				<ele>98.30671808030456</ele>
				<time>2026-05-23T11:40:25Z</time>
			</trkpt>
			<trkpt lat="47.25794592714786" lon="18.98099996117312">
				<ele>97.98727367352694</ele>
				<time>2026-05-23T11:40:30Z</time>
			</trkpt>
			<trkpt lat="47.25792548268461" lon="18.980991365345734">
				<ele>98.08734770677984</ele>
				<time>2026-05-23T11:40:35Z</time>
			</trkpt>
			<trkpt lat="47.25790514946844" lon="18.980979203737743">
				<ele>98.07803047820926</ele>
				<time>2026-05-23T11:40:40Z</time>
			</trkpt>
			<trkpt lat="47.25788806131482" lon="18.98096970879719">
				<ele>98.20447821263224</ele>
				<time>2026-05-23T11:40:44Z</time>
			</trkpt>
			<trkpt lat="47.25787143502324" lon="18.980960337404966">
				<ele>98.08514220174402</ele>
				<time>2026-05-23T11:40:48Z</time>
			</trkpt>
			<trkpt lat="47.2578528262073" lon="18.980949563293642">
				<ele>98.21368100307882</ele>
				<time>2026-05-23T11:40:52Z</time>
			</trkpt>
			<trkpt lat="47.25783406798257" lon="18.98093643243965">
				<ele>98.11228089034557</ele>
				<time>2026-05-23T11:40:56Z</time>
			</trkpt>
			<trkpt lat="47.25781436905824" lon="18.980922506504026">
				<ele>98.04269466549158</ele>
				<time>2026-05-23T11:41:00Z</time>
			</trkpt>
			<trkpt lat="47.25779514677487" lon="18.980910729982476">
				<ele>97.90786997321993</ele>
				<time>2026-05-23T11:41:04Z</time>
			</trkpt>
			<trkpt lat="47.257775857238336" lon="18.98089644680029">
				<ele>97.78799035865813</ele>
				<time>2026-05-23T11:41:08Z</time>
			</trkpt>
			<trkpt lat="47.25775387607353" lon="18.9808724368719">
				<ele>97.96258512698114</ele>
				<time>2026-05-23T11:41:14Z</time>
			</trkpt>
			<trkpt lat="47.25774118092817" lon="18.980851252024834">
				<ele>97.16984639130533</ele>
				<time>2026-05-23T11:41:17Z</time>
			</trkpt>
			<trkpt lat="47.25773161393854" lon="18.98083250395313">
				<ele>97.83099202439189</ele>
				<time>2026-05-23T11:41:20Z</time>
			</trkpt>
			<trkpt lat="47.25772509751825" lon="18.980814521608327">
				<ele>98.04094679374248</ele>
				<time>2026-05-23T11:41:22Z</time>
			</trkpt>
			<trkpt lat="47.257714705496845" lon="18.98079513453386">
				<ele>97.60193696524948</ele>
				<time>2026-05-23T11:41:25Z</time>
			</trkpt>
			<trkpt lat="47.25770272016215" lon="18.98077273264408">
				<ele>97.19028186239302</ele>
				<time>2026-05-23T11:41:28Z</time>
			</trkpt>
			<trkpt lat="47.25768515078274" lon="18.98075780823932">
				<ele>97.5220759762451</ele>
				<time>2026-05-23T11:41:31Z</time>
			</trkpt>
			<trkpt lat="47.257660129137676" lon="18.980758875986464">
				<ele>97.79247001744807</ele>
				<time>2026-05-23T11:41:33Z</time>
			</trkpt>
			<trkpt lat="47.257634090089105" lon="18.980770464939482">
				<ele>98.10356345865875</ele>
				<time>2026-05-23T11:41:35Z</time>
			</trkpt>
			<trkpt lat="47.257622312803754" lon="18.98078420612419">
				<ele>97.8523328192532</ele>
				<time>2026-05-23T11:41:37Z</time>
			</trkpt>
			<trkpt lat="47.25761699325073" lon="18.980814499200743">
				<ele>98.2141117863357</ele>
				<time>2026-05-23T11:41:39Z</time>
			</trkpt>
			<trkpt lat="47.257612879015966" lon="18.980853447182984">
				<ele>98.95314198359847</ele>
				<time>2026-05-23T11:41:41Z</time>
			</trkpt>
			<trkpt lat="47.25761570421123" lon="18.980879018710013">
				<ele>97.71634499635547</ele>
				<time>2026-05-23T11:41:43Z</time>
			</trkpt>
			<trkpt lat="47.25762636418154" lon="18.98091364350047">
				<ele>98.06361302547157</ele>
				<time>2026-05-23T11:41:45Z</time>
			</trkpt>
			<trkpt lat="47.25764768091876" lon="18.98096702125427">
				<ele>97.85911826882511</ele>
				<time>2026-05-23T11:41:48Z</time>
			</trkpt>
			<trkpt lat="47.25766179185721" lon="18.980994670318108">
				<ele>97.91047012247145</ele>
				<time>2026-05-23T11:41:51Z</time>
			</trkpt>
			<trkpt lat="47.25766689535862" lon="18.98100946160782">
				<ele>98.24721288029104</ele>
				<time>2026-05-23T11:41:53Z</time>
			</trkpt>
			<trkpt lat="47.25767477053449" lon="18.981026735656258">
				<ele>98.13046650961041</ele>
				<time>2026-05-23T11:41:56Z</time>
			</trkpt>
			<trkpt lat="47.257687552628745" lon="18.981050944766572">
				<ele>98.3939732098952</ele>
				<time>2026-05-23T11:42:00Z</time>
			</trkpt>
			<trkpt lat="47.257701722123535" lon="18.9810745930892">
				<ele>98.16118661966175</ele>
				<time>2026-05-23T11:42:04Z</time>
			</trkpt>
			<trkpt lat="47.257719980774155" lon="18.98109637707238">
				<ele>98.54812968894839</ele>
				<time>2026-05-23T11:42:09Z</time>
			</trkpt>
			<trkpt lat="47.25773960771961" lon="18.981087339138554">
				<ele>98.02976675052196</ele>
				<time>2026-05-23T11:42:42Z</time>
			</trkpt>
			<trkpt lat="47.257725378968345" lon="18.98107871384104">
				<ele>98.55616682115942</ele>
				<time>2026-05-23T11:42:53Z</time>
			</trkpt>
			<trkpt lat="47.25771545397021" lon="18.981063094512443">
				<ele>98.544115065597</ele>
				<time>2026-05-23T11:43:01Z</time>
			</trkpt>
			<trkpt lat="47.257707514274365" lon="18.98103714034044">
				<ele>98.51716209948063</ele>
				<time>2026-05-23T11:43:12Z</time>
			</trkpt>
			<trkpt lat="47.25769502448189" lon="18.981014621938293">
				<ele>97.96950222272426</ele>
				<time>2026-05-23T11:43:24Z</time>
			</trkpt>
			<trkpt lat="47.25768215863437" lon="18.98098938202912">
				<ele>97.58706039283425</ele>
				<time>2026-05-23T11:43:45Z</time>
			</trkpt>
			<trkpt lat="47.2576752775181" lon="18.980973889052414">
				<ele>97.16764703206718</ele>
				<time>2026-05-23T11:43:57Z</time>
			</trkpt>
			<trkpt lat="47.25767123933355" lon="18.980997955417326">
				<ele>97.7386435251683</ele>
				<time>2026-05-23T11:44:53Z</time>
			</trkpt>
			<trkpt lat="47.257683029903944" lon="18.980995235136987">
				<ele>97.80555261578411</ele>
				<time>2026-05-23T11:44:59Z</time>
			</trkpt>
			<trkpt lat="47.25769829585363" lon="18.98099316956324">
				<ele>98.37458531185985</ele>
				<time>2026-05-23T11:45:03Z</time>
			</trkpt>
			<trkpt lat="47.25771247638193" lon="18.98099058723472">
				<ele>97.7424563029781</ele>
				<time>2026-05-23T11:45:05Z</time>
			</trkpt>
			<trkpt lat="47.257733287219985" lon="18.980992696104636">
				<ele>98.1814349303022</ele>
				<time>2026-05-23T11:45:09Z</time>
			</trkpt>
			<trkpt lat="47.25775146868568" lon="18.981000450940307">
				<ele>97.89890711940825</ele>
				<time>2026-05-23T11:45:12Z</time>
			</trkpt>
			<trkpt lat="47.25777053622549" lon="18.981008559913192">
				<ele>98.64577222336084</ele>
				<time>2026-05-23T11:45:16Z</time>
			</trkpt>
			<trkpt lat="47.25779039908702" lon="18.98101907693006">
				<ele>98.03690875507891</ele>
				<time>2026-05-23T11:45:20Z</time>
			</trkpt>
			<trkpt lat="47.25780472483036" lon="18.98103594765927">
				<ele>98.76499015372247</ele>
				<time>2026-05-23T11:45:23Z</time>
			</trkpt>
			<trkpt lat="47.25782182195938" lon="18.98105475144995">
				<ele>98.18108876049519</ele>
				<time>2026-05-23T11:45:26Z</time>
			</trkpt>
			<trkpt lat="47.25784058723357" lon="18.98107525207498">
				<ele>97.9862106833607</ele>
				<time>2026-05-23T11:45:29Z</time>
			</trkpt>
			<trkpt lat="47.25785561042379" lon="18.981095564020958">
				<ele>97.89804369211197</ele>
				<time>2026-05-23T11:45:32Z</time>
			</trkpt>
			<trkpt lat="47.25786771912917" lon="18.98111637697623">
				<ele>98.49317740183324</ele>
				<time>2026-05-23T11:45:35Z</time>
			</trkpt>
			<trkpt lat="47.257879003538" lon="18.981140405292905">
				<ele>98.55123732704669</ele>
				<time>2026-05-23T11:45:38Z</time>
			</trkpt>
			<trkpt lat="47.25788446596204" lon="18.981168450395373">
				<ele>98.34877962153405</ele>
				<time>2026-05-23T11:45:42Z</time>
			</trkpt>
			<trkpt lat="47.25788550870433" lon="18.9812014659656">
				<ele>98.88038154132664</ele>
				<time>2026-05-23T11:45:46Z</time>
			</trkpt>
			<trkpt lat="47.257884495773204" lon="18.981226479809628">
				<ele>98.5649135261774</ele>
				<time>2026-05-23T11:45:48Z</time>
			</trkpt>
			<trkpt lat="47.25788654896847" lon="18.981256893701513">
				<ele>98.5253153797239</ele>
				<time>2026-05-23T11:45:51Z</time>
			</trkpt>
			<trkpt lat="47.2578894208637" lon="18.981290893752444">
				<ele>98.68195796012878</ele>
				<time>2026-05-23T11:45:54Z</time>
			</trkpt>
			<trkpt lat="47.25789160246821" lon="18.981315786795918">
				<ele>98.45607031229883</ele>
				<time>2026-05-23T11:45:56Z</time>
			</trkpt>
			<trkpt lat="47.25789414629603" lon="18.981343410488076">
				<ele>98.44753250293434</ele>
				<time>2026-05-23T11:45:59Z</time>
			</trkpt>
			<trkpt lat="47.257900954656904" lon="18.98139230093889">
				<ele>98.7558229425922</ele>
				<time>2026-05-23T11:46:04Z</time>
			</trkpt>
			<trkpt lat="47.25791169017635" lon="18.981439069150195">
				<ele>98.71295004151762</ele>
				<time>2026-05-23T11:46:12Z</time>
			</trkpt>
			<trkpt lat="47.257915018651055" lon="18.9814534632005">
				<ele>98.83213583379984</ele>
				<time>2026-05-23T11:46:15Z</time>
			</trkpt>
			<trkpt lat="47.257917247324805" lon="18.981473208918434">
				<ele>98.92801802512258</ele>
				<time>2026-05-23T11:46:19Z</time>
			</trkpt>
			<trkpt lat="47.25792337264355" lon="18.981501009784274">
				<ele>98.48901476804167</ele>
				<time>2026-05-23T11:46:22Z</time>
			</trkpt>
			<trkpt lat="47.257932758031615" lon="18.981543599964724">
				<ele>99.44016171060503</ele>
				<time>2026-05-23T11:46:28Z</time>
			</trkpt>
			<trkpt lat="47.2579404125275" lon="18.981602906326724">
				<ele>98.20395336579531</ele>
				<time>2026-05-23T11:46:32Z</time>
			</trkpt>
			<trkpt lat="47.25793808939668" lon="18.981655868434366">
				<ele>98.91521589364856</ele>
				<time>2026-05-23T11:46:43Z</time>
			</trkpt>
			<trkpt lat="47.257921436457835" lon="18.981647457219974">
				<ele>98.93239965941757</ele>
				<time>2026-05-23T11:46:51Z</time>
			</trkpt>
			<trkpt lat="47.257904497944466" lon="18.981653275816512">
				<ele>98.86562251672149</ele>
				<time>2026-05-23T11:46:59Z</time>
			</trkpt>
			<trkpt lat="47.25788045931361" lon="18.981665305053607">
				<ele>99.03869776520878</ele>
				<time>2026-05-23T11:47:07Z</time>
			</trkpt>
			<trkpt lat="47.257871904027894" lon="18.98169400162109">
				<ele>98.42918470781296</ele>
				<time>2026-05-23T11:47:19Z</time>
			</trkpt>
			<trkpt lat="47.25788108965849" lon="18.9817036425176">
				<ele>98.44663640018553</ele>
				<time>2026-05-23T11:47:22Z</time>
			</trkpt>
			<trkpt lat="47.25789592160684" lon="18.981706004711004">
				<ele>98.30562826991081</ele>
				<time>2026-05-23T11:47:26Z</time>
			</trkpt>
			<trkpt lat="47.25790357772935" lon="18.981716301582377">
				<ele>99.0438931165263</ele>
				<time>2026-05-23T11:47:28Z</time>
			</trkpt>
			<trkpt lat="47.25792126049888" lon="18.98172586356945">
				<ele>98.01961100753397</ele>
				<time>2026-05-23T11:47:34Z</time>
			</trkpt>
			<trkpt lat="47.25793695463547" lon="18.981733525021696">
				<ele>98.7927366271615</ele>
				<time>2026-05-23T11:47:37Z</time>
			</trkpt>
			<trkpt lat="47.25794785576294" lon="18.981749477961934">
				<ele>98.06347272451967</ele>
				<time>2026-05-23T11:47:42Z</time>
			</trkpt>
			<trkpt lat="47.25796563105782" lon="18.981782139287294">
				<ele>98.25758583471179</ele>
				<time>2026-05-23T11:47:54Z</time>
			</trkpt>
			<trkpt lat="47.25796975716654" lon="18.981813786123794">
				<ele>98.00811807345599</ele>
				<time>2026-05-23T11:48:08Z</time>
			</trkpt>
			<trkpt lat="47.2579584787388" lon="18.981833787068197">
				<ele>98.36934227775782</ele>
				<time>2026-05-23T11:48:21Z</time>
			</trkpt>
			<trkpt lat="47.25794462512646" lon="18.98185368603691">
				<ele>98.5762467700988</ele>
				<time>2026-05-23T11:48:37Z</time>
			</trkpt>
			<trkpt lat="47.2579294522015" lon="18.981869964900024">
				<ele>99.11745005007833</ele>
				<time>2026-05-23T11:48:54Z</time>
			</trkpt>
			<trkpt lat="47.25791950963613" lon="18.98187141526948">
				<ele>98.65209653414786</ele>
				<time>2026-05-23T11:49:08Z</time>
			</trkpt>
			<trkpt lat="47.25790361466603" lon="18.981888780281725">
				<ele>98.97412423789501</ele>
				<time>2026-05-23T11:49:59Z</time>
			</trkpt>
			<trkpt lat="47.25791516109212" lon="18.981902886839983">
				<ele>98.67693073768169</ele>
				<time>2026-05-23T11:50:18Z</time>
			</trkpt>
			<trkpt lat="47.257925235785635" lon="18.981909644351003">
				<ele>99.32952866889536</ele>
				<time>2026-05-23T11:50:20Z</time>
			</trkpt>
			<trkpt lat="47.25793571777127" lon="18.98192011272712">
				<ele>98.5870552957058</ele>
				<time>2026-05-23T11:50:23Z</time>
			</trkpt>
			<trkpt lat="47.25794394510335" lon="18.981944896532312">
				<ele>98.12629325687885</ele>
				<time>2026-05-23T11:50:29Z</time>
			</trkpt>
			<trkpt lat="47.25795551500664" lon="18.981965888297218">
				<ele>98.38629045058042</ele>
				<time>2026-05-23T11:50:33Z</time>
			</trkpt>
			<trkpt lat="47.25797603982042" lon="18.982007255068787">
				<ele>98.0603609168902</ele>
				<time>2026-05-23T11:50:39Z</time>
			</trkpt>
			<trkpt lat="47.25798702728018" lon="18.982039328251307">
				<ele>98.10996252764016</ele>
				<time>2026-05-23T11:50:44Z</time>
			</trkpt>
			<trkpt lat="47.257990926369494" lon="18.982059256682774">
				<ele>98.17522712703794</ele>
				<time>2026-05-23T11:50:49Z</time>
			</trkpt>
			<trkpt lat="47.25799454372919" lon="18.982083842030566">
				<ele>98.1760228779167</ele>
				<time>2026-05-23T11:50:54Z</time>
			</trkpt>
			<trkpt lat="47.25799710128366" lon="18.98210779830196">
				<ele>98.50715802796185</ele>
				<time>2026-05-23T11:50:58Z</time>
			</trkpt>
			<trkpt lat="47.2579986849632" lon="18.982140452577028">
				<ele>98.33290060143918</ele>
				<time>2026-05-23T11:51:04Z</time>
			</trkpt>
			<trkpt lat="47.25801399788192" lon="18.982159290031664">
				<ele>98.38634358718991</ele>
				<time>2026-05-23T11:51:18Z</time>
			</trkpt>
			<trkpt lat="47.25803364194015" lon="18.982154166702593">
				<ele>98.17875548638403</ele>
				<time>2026-05-23T11:51:33Z</time>
			</trkpt>
			<trkpt lat="47.25805198691139" lon="18.982159767600283">
				<ele>97.938749643974</ele>
				<time>2026-05-23T11:51:57Z</time>
			</trkpt>
			<trkpt lat="47.2580572404056" lon="18.98218358240852">
				<ele>97.86313503514975</ele>
				<time>2026-05-23T11:52:16Z</time>
			</trkpt>
			<trkpt lat="47.25805313858883" lon="18.98221081725263">
				<ele>97.80353165604174</ele>
				<time>2026-05-23T11:52:34Z</time>
			</trkpt>
			<trkpt lat="47.258046512167645" lon="18.982231162514804">
				<ele>97.7431536205113</ele>
				<time>2026-05-23T11:52:40Z</time>
			</trkpt>
			<trkpt lat="47.25803893314823" lon="18.982252862028805">
				<ele>97.80503708031029</ele>
				<time>2026-05-23T11:52:45Z</time>
			</trkpt>
			<trkpt lat="47.258030978826135" lon="18.982242775282444">
				<ele>98.49671518057585</ele>
				<time>2026-05-23T11:53:08Z</time>
			</trkpt>
			<trkpt lat="47.258029215239794" lon="18.982213396089357">
				<ele>98.05523559264839</ele>
				<time>2026-05-23T11:53:18Z</time>
			</trkpt>
			<trkpt lat="47.25801724076394" lon="18.98219401066284">
				<ele>98.53718635160476</ele>
				<time>2026-05-23T11:53:28Z</time>
			</trkpt>
			<trkpt lat="47.25800933932164" lon="18.982173362909908">
				<ele>99.01115427725017</ele>
				<time>2026-05-23T11:53:34Z</time>
			</trkpt>
			<trkpt lat="47.25799530566675" lon="18.98214297421978">
				<ele>98.28729316219687</ele>
				<time>2026-05-23T11:53:48Z</time>
			</trkpt>
			<trkpt lat="47.25797740947234" lon="18.98213797273959">
				<ele>98.49695970211178</ele>
				<time>2026-05-23T11:53:59Z</time>
			</trkpt>
			<trkpt lat="47.25795958803648" lon="18.982129977483794">
				<ele>98.2346764439717</ele>
				<time>2026-05-23T11:54:13Z</time>
			</trkpt>
			<trkpt lat="47.257942399272515" lon="18.982108969231227">
				<ele>98.56709841638803</ele>
				<time>2026-05-23T11:54:45Z</time>
			</trkpt>
			<trkpt lat="47.257941501863264" lon="18.982110900806514">
				<ele>98.44741117581725</ele>
				<time>2026-05-23T11:55:00Z</time>
			</trkpt>
			<trkpt lat="47.257945857853876" lon="18.98208819327355">
				<ele>98.58407449070364</ele>
				<time>2026-05-23T11:55:24Z</time>
			</trkpt>
			<trkpt lat="47.25795094977355" lon="18.982057173745222">
				<ele>98.20643571764231</ele>
				<time>2026-05-23T11:55:40Z</time>
			</trkpt>
			<trkpt lat="47.257953803560994" lon="18.98203765740511">
				<ele>97.83992332778871</ele>
				<time>2026-05-23T11:55:46Z</time>
			</trkpt>
			<trkpt lat="47.25795564871258" lon="18.982014613317794">
				<ele>97.95695616863668</ele>
				<time>2026-05-23T11:55:52Z</time>
			</trkpt>
			<trkpt lat="47.25795507787315" lon="18.98198230175173">
				<ele>98.0900908689946</ele>
				<time>2026-05-23T11:56:01Z</time>
			</trkpt>
			<trkpt lat="47.257949384613745" lon="18.981953654547517">
				<ele>98.09062637668103</ele>
				<time>2026-05-23T11:56:11Z</time>
			</trkpt>
			<trkpt lat="47.2579423837645" lon="18.981927732116173">
				<ele>97.99492096342146</ele>
				<time>2026-05-23T11:56:21Z</time>
			</trkpt>
			<trkpt lat="47.25793714050747" lon="18.981903080982278">
				<ele>98.27798732183874</ele>
				<time>2026-05-23T11:56:28Z</time>
			</trkpt>
			<trkpt lat="47.25793393253487" lon="18.981878811747126">
				<ele>98.08686285559088</ele>
				<time>2026-05-23T11:56:34Z</time>
			</trkpt>
			<trkpt lat="47.257928606143174" lon="18.98185511234329">
				<ele>97.86528883781284</ele>
				<time>2026-05-23T11:56:39Z</time>
			</trkpt>
			<trkpt lat="47.25791959813852" lon="18.981830945669486">
				<ele>97.87446985021234</ele>
				<time>2026-05-23T11:56:44Z</time>
			</trkpt>
			<trkpt lat="47.25790739972906" lon="18.981808871711035">
				<ele>98.11402880493551</ele>
				<time>2026-05-23T11:56:49Z</time>
			</trkpt>
			<trkpt lat="47.25789189734133" lon="18.98179067830607">
				<ele>98.0901061994955</ele>
				<time>2026-05-23T11:56:54Z</time>
			</trkpt>
			<trkpt lat="47.257876354244516" lon="18.98177262008245">
				<ele>98.18526299111545</ele>
				<time>2026-05-23T11:56:59Z</time>
			</trkpt>
			<trkpt lat="47.25786054959382" lon="18.981750699668208">
				<ele>98.53379026893526</ele>
				<time>2026-05-23T11:57:05Z</time>
			</trkpt>
			<trkpt lat="47.25786437218118" lon="18.981725090539886">
				<ele>98.51171462330967</ele>
				<time>2026-05-23T11:57:18Z</time>
			</trkpt>
			<trkpt lat="47.25788068328265" lon="18.98172616506568">
				<ele>98.30287025962025</ele>
				<time>2026-05-23T11:57:25Z</time>
			</trkpt>
			<trkpt lat="47.25790113462488" lon="18.98171621323314">
				<ele>98.33580133505166</ele>
				<time>2026-05-23T11:57:36Z</time>
			</trkpt>
			<trkpt lat="47.25792407698424" lon="18.98172928739247">
				<ele>99.26564802695066</ele>
				<time>2026-05-23T11:57:58Z</time>
			</trkpt>
			<trkpt lat="47.25791062917129" lon="18.981731014863186">
				<ele>98.92375247739255</ele>
				<time>2026-05-23T11:58:11Z</time>
			</trkpt>
			<trkpt lat="47.257890853489826" lon="18.98172771305815">
				<ele>98.69107829593122</ele>
				<time>2026-05-23T11:58:21Z</time>
			</trkpt>
			<trkpt lat="47.25787349785622" lon="18.981724972095382">
				<ele>98.55867152754217</ele>
				<time>2026-05-23T11:58:28Z</time>
			</trkpt>
			<trkpt lat="47.25786175957368" lon="18.98170182981334">
				<ele>98.25830494053662</ele>
				<time>2026-05-23T11:58:38Z</time>
			</trkpt>
			<trkpt lat="47.25784915470955" lon="18.981681363560835">
				<ele>98.39505670871586</ele>
				<time>2026-05-23T11:58:47Z</time>
			</trkpt>
			<trkpt lat="47.25784895969837" lon="18.981651172316063">
				<ele>97.27930534165353</ele>
				<time>2026-05-23T11:59:10Z</time>
			</trkpt>
			<trkpt lat="47.25785351377816" lon="18.98163608655913">
				<ele>97.46322398632765</ele>
				<time>2026-05-23T11:59:13Z</time>
			</trkpt>
			<trkpt lat="47.257853947679536" lon="18.98161139212934">
				<ele>97.43872194457799</ele>
				<time>2026-05-23T11:59:19Z</time>
			</trkpt>
			<trkpt lat="47.257852480046424" lon="18.981588535840107">
				<ele>97.91538438480347</ele>
				<time>2026-05-23T11:59:24Z</time>
			</trkpt>
			<trkpt lat="47.25785109061289" lon="18.98156905340156">
				<ele>98.3829901451245</ele>
				<time>2026-05-23T11:59:26Z</time>
			</trkpt>
			<trkpt lat="47.25785515658495" lon="18.98154289009854">
				<ele>98.4233861444518</ele>
				<time>2026-05-23T11:59:30Z</time>
			</trkpt>
			<trkpt lat="47.2578568921301" lon="18.981505847693708">
				<ele>98.51029513031244</ele>
				<time>2026-05-23T11:59:35Z</time>
			</trkpt>
			<trkpt lat="47.25785834077505" lon="18.981471951861636">
				<ele>98.23419403936714</ele>
				<time>2026-05-23T11:59:40Z</time>
			</trkpt>
			<trkpt lat="47.25785869108137" lon="18.98143318627408">
				<ele>99.23541120160371</ele>
				<time>2026-05-23T11:59:45Z</time>
			</trkpt>
			<trkpt lat="47.25786366736128" lon="18.98139590385724">
				<ele>99.86748903244734</ele>
				<time>2026-05-23T11:59:48Z</time>
			</trkpt>
			<trkpt lat="47.257868477948236" lon="18.98136999491003">
				<ele>99.62666223198175</ele>
				<time>2026-05-23T11:59:51Z</time>
			</trkpt>
			<trkpt lat="47.25787161528804" lon="18.981349327296442">
				<ele>99.06140039395541</ele>
				<time>2026-05-23T11:59:54Z</time>
			</trkpt>
			<trkpt lat="47.25787157951893" lon="18.98132067513642">
				<ele>98.95877510495484</ele>
				<time>2026-05-23T11:59:58Z</time>
			</trkpt>
			<trkpt lat="47.25786813391158" lon="18.98129897804127">
				<ele>98.77706404868513</ele>
				<time>2026-05-23T12:00:00Z</time>
			</trkpt>
			<trkpt lat="47.2578634482046" lon="18.981274833205987">
				<ele>98.30749224498868</ele>
				<time>2026-05-23T12:00:03Z</time>
			</trkpt>
			<trkpt lat="47.257858728532426" lon="18.981246086540157">
				<ele>98.06063000950962</ele>
				<time>2026-05-23T12:00:07Z</time>
			</trkpt>
			<trkpt lat="47.257852197436634" lon="18.98122020889511">
				<ele>98.4114507669583</ele>
				<time>2026-05-23T12:00:10Z</time>
			</trkpt>
			<trkpt lat="47.25783044345392" lon="18.981185199399338">
				<ele>98.75451430398971</ele>
				<time>2026-05-23T12:00:13Z</time>
			</trkpt>
			<trkpt lat="47.25781511035842" lon="18.981171277955877">
				<ele>98.20013299584389</ele>
				<time>2026-05-23T12:00:15Z</time>
			</trkpt>
			<trkpt lat="47.257793423384115" lon="18.98116178837539">
				<ele>98.69642200134695</ele>
				<time>2026-05-23T12:00:17Z</time>
			</trkpt>
			<trkpt lat="47.25777041266754" lon="18.981156947413723">
				<ele>98.44187469501048</ele>
				<time>2026-05-23T12:00:20Z</time>
			</trkpt>
			<trkpt lat="47.257757719666586" lon="18.981162265428495">
				<ele>98.13288406189531</ele>
				<time>2026-05-23T12:00:22Z</time>
			</trkpt>
			<trkpt lat="47.25774037704479" lon="18.981169902661986">
				<ele>98.2003726074472</ele>
				<time>2026-05-23T12:00:25Z</time>
			</trkpt>
			<trkpt lat="47.25772386143342" lon="18.98117499256269">
				<ele>98.41400395520031</ele>
				<time>2026-05-23T12:00:27Z</time>
			</trkpt>
			<trkpt lat="47.25770060976548" lon="18.98118261319392">
				<ele>97.87688008882105</ele>
				<time>2026-05-23T12:00:31Z</time>
			</trkpt>
			<trkpt lat="47.257680686450556" lon="18.9811914008867">
				<ele>97.79217184800655</ele>
				<time>2026-05-23T12:00:34Z</time>
			</trkpt>
			<trkpt lat="47.25766205263224" lon="18.981206535109717">
				<ele>97.67222036700696</ele>
				<time>2026-05-23T12:00:37Z</time>
			</trkpt>
			<trkpt lat="47.257643377682186" lon="18.98122539062628">
				<ele>97.67220774106681</ele>
				<time>2026-05-23T12:00:40Z</time>
			</trkpt>
			<trkpt lat="47.25762352965595" lon="18.981243231981868">
				<ele>97.5248642982915</ele>
				<time>2026-05-23T12:00:43Z</time>
			</trkpt>
			<trkpt lat="47.25760835351924" lon="18.98126089902552">
				<ele>98.39388687349856</ele>
				<time>2026-05-23T12:00:45Z</time>
			</trkpt>
			<trkpt lat="47.25759174549514" lon="18.981277036866565">
				<ele>99.04578784760088</ele>
				<time>2026-05-23T12:00:48Z</time>
			</trkpt>
			<trkpt lat="47.257569593891674" lon="18.981293844773408">
				<ele>98.37567439954728</ele>
				<time>2026-05-23T12:00:51Z</time>
			</trkpt>
			<trkpt lat="47.2575523745354" lon="18.981311285588507">
				<ele>98.72654858976603</ele>
				<time>2026-05-23T12:00:53Z</time>
			</trkpt>
			<trkpt lat="47.25753131959657" lon="18.98133052986889">
				<ele>99.28307915944606</ele>
				<time>2026-05-23T12:00:56Z</time>
			</trkpt>
			<trkpt lat="47.257511286002895" lon="18.981350376818067">
				<ele>98.40859994944185</ele>
				<time>2026-05-23T12:00:59Z</time>
			</trkpt>
			<trkpt lat="47.257493498787255" lon="18.98136529027275">
				<ele>98.48804456647485</ele>
				<time>2026-05-23T12:01:02Z</time>
			</trkpt>
			<trkpt lat="47.257475371391365" lon="18.98138086039399">
				<ele>98.69601061102003</ele>
				<time>2026-05-23T12:01:05Z</time>
			</trkpt>
			<trkpt lat="47.25745385070064" lon="18.981396731387118">
				<ele>98.45740053337067</ele>
				<time>2026-05-23T12:01:09Z</time>
			</trkpt>
			<trkpt lat="47.25743339736672" lon="18.981409820155676">
				<ele>99.76889553945512</ele>
				<time>2026-05-23T12:01:12Z</time>
			</trkpt>
			<trkpt lat="47.257416747916906" lon="18.98142336509724">
				<ele>98.96247760392725</ele>
				<time>2026-05-23T12:01:14Z</time>
			</trkpt>
			<trkpt lat="47.25739633934258" lon="18.981439702855297">
				<ele>98.97859617508948</ele>
				<time>2026-05-23T12:01:17Z</time>
			</trkpt>
			<trkpt lat="47.257375085424584" lon="18.981456030695995">
				<ele>98.75043023005128</ele>
				<time>2026-05-23T12:01:20Z</time>
			</trkpt>
			<trkpt lat="47.25735159851719" lon="18.98148226159917">
				<ele>98.4029380697757</ele>
				<time>2026-05-23T12:01:24Z</time>
			</trkpt>
			<trkpt lat="47.257321569485455" lon="18.98150674262173">
				<ele>98.87979537528008</ele>
				<time>2026-05-23T12:01:28Z</time>
			</trkpt>
			<trkpt lat="47.257305081223656" lon="18.981524291384783">
				<ele>98.94448505248874</ele>
				<time>2026-05-23T12:01:30Z</time>
			</trkpt>
			<trkpt lat="47.257286336829026" lon="18.981543283215256">
				<ele>98.2537234518677</ele>
				<time>2026-05-23T12:01:33Z</time>
			</trkpt>
			<trkpt lat="47.25726721000785" lon="18.98156211277514">
				<ele>98.25177535507828</ele>
				<time>2026-05-23T12:01:36Z</time>
			</trkpt>
			<trkpt lat="47.257247498352065" lon="18.981579145787162">
				<ele>98.22026599291712</ele>
				<time>2026-05-23T12:01:39Z</time>
			</trkpt>
			<trkpt lat="47.25722947839275" lon="18.98159020968936">
				<ele>98.48063575662673</ele>
				<time>2026-05-23T12:01:42Z</time>
			</trkpt>
			<trkpt lat="47.25721344426177" lon="18.98160109861083">
				<ele>98.1027898164466</ele>
				<time>2026-05-23T12:01:44Z</time>
			</trkpt>
			<trkpt lat="47.25718141806575" lon="18.98161780448424">
				<ele>98.33823540341109</ele>
				<time>2026-05-23T12:01:47Z</time>
			</trkpt>
			<trkpt lat="47.257146324428334" lon="18.981632718601773">
				<ele>98.4476761566475</ele>
				<time>2026-05-23T12:01:51Z</time>
			</trkpt>
			<trkpt lat="47.25713143424958" lon="18.98163015842754">
				<ele>98.08730454556644</ele>
				<time>2026-05-23T12:01:53Z</time>
			</trkpt>
			<trkpt lat="47.257117945944124" lon="18.981633941726958">
				<ele>98.30646673124284</ele>
				<time>2026-05-23T12:01:55Z</time>
			</trkpt>
			<trkpt lat="47.25710111922424" lon="18.981641088767937">
				<ele>98.91342871636152</ele>
				<time>2026-05-23T12:01:58Z</time>
			</trkpt>
			<trkpt lat="47.257074659806" lon="18.981638504717935">
				<ele>98.45070376712829</ele>
				<time>2026-05-23T12:02:00Z</time>
			</trkpt>
			<trkpt lat="47.25705224116384" lon="18.9816449127302">
				<ele>98.38783932011575</ele>
				<time>2026-05-23T12:02:03Z</time>
			</trkpt>
			<trkpt lat="47.25703822400388" lon="18.981664700528494">
				<ele>97.52871011197567</ele>
				<time>2026-05-23T12:02:05Z</time>
			</trkpt>
			<trkpt lat="47.25702230631974" lon="18.981691646212997">
				<ele>98.08642641827464</ele>
				<time>2026-05-23T12:02:08Z</time>
			</trkpt>
			<trkpt lat="47.25701495820228" lon="18.981713549558076">
				<ele>98.05661403667182</ele>
				<time>2026-05-23T12:02:10Z</time>
			</trkpt>
			<trkpt lat="47.25700876052274" lon="18.98174729508715">
				<ele>97.90438149683177</ele>
				<time>2026-05-23T12:02:13Z</time>
			</trkpt>
			<trkpt lat="47.257006748555064" lon="18.98177988716344">
				<ele>98.41351220943034</ele>
				<time>2026-05-23T12:02:16Z</time>
			</trkpt>
			<trkpt lat="47.25700784762037" lon="18.981808583759204">
				<ele>98.29399334359914</ele>
				<time>2026-05-23T12:02:18Z</time>
			</trkpt>
			<trkpt lat="47.25701674065731" lon="18.981863395703872">
				<ele>98.56618439871818</ele>
				<time>2026-05-23T12:02:21Z</time>
			</trkpt>
			<trkpt lat="47.25703728475918" lon="18.981921496329967">
				<ele>97.92462032753974</ele>
				<time>2026-05-23T12:02:24Z</time>
			</trkpt>
			<trkpt lat="47.257051985845735" lon="18.981954150101366">
				<ele>97.76557679660618</ele>
				<time>2026-05-23T12:02:27Z</time>
			</trkpt>
			<trkpt lat="47.2570686102367" lon="18.9819879349898">
				<ele>97.22928417287767</ele>
				<time>2026-05-23T12:02:30Z</time>
			</trkpt>
			<trkpt lat="47.257081784965315" lon="18.982015371578104">
				<ele>97.57314586360008</ele>
				<time>2026-05-23T12:02:33Z</time>
			</trkpt>
			<trkpt lat="47.2570931185088" lon="18.98203510869605">
				<ele>97.41881713457406</ele>
				<time>2026-05-23T12:02:36Z</time>
			</trkpt>
			<trkpt lat="47.2571086300201" lon="18.982054804104195">
				<ele>97.26397802028805</ele>
				<time>2026-05-23T12:02:39Z</time>
			</trkpt>
			<trkpt lat="47.257129220459184" lon="18.982077031489993">
				<ele>97.74646104220301</ele>
				<time>2026-05-23T12:02:43Z</time>
			</trkpt>
			<trkpt lat="47.25714346250447" lon="18.982096110038967">
				<ele>98.58220148552209</ele>
				<time>2026-05-23T12:02:45Z</time>
			</trkpt>
			<trkpt lat="47.2571623409327" lon="18.982118970629877">
				<ele>97.40408450551331</ele>
				<time>2026-05-23T12:02:47Z</time>
			</trkpt>
			<trkpt lat="47.25718449806958" lon="18.98214321872149">
				<ele>98.29462242219597</ele>
				<time>2026-05-23T12:02:50Z</time>
			</trkpt>
			<trkpt lat="47.25721121882823" lon="18.982166996426628">
				<ele>98.01457441784441</ele>
				<time>2026-05-23T12:02:52Z</time>
			</trkpt>
			<trkpt lat="47.257243267636966" lon="18.98220308666486">
				<ele>98.46306100580841</ele>
				<time>2026-05-23T12:02:55Z</time>
			</trkpt>
			<trkpt lat="47.25725911298475" lon="18.982229132326093">
				<ele>99.27004076726735</ele>
				<time>2026-05-23T12:02:57Z</time>
			</trkpt>
			<trkpt lat="47.25727312755863" lon="18.982254926504396">
				<ele>98.85784310102463</ele>
				<time>2026-05-23T12:02:59Z</time>
			</trkpt>
			<trkpt lat="47.257301303298114" lon="18.982287515389906">
				<ele>99.12468361388892</ele>
				<time>2026-05-23T12:03:02Z</time>
			</trkpt>
			<trkpt lat="47.257311214699094" lon="18.982300895704224">
				<ele>98.91779361572117</ele>
				<time>2026-05-23T12:03:04Z</time>
			</trkpt>
			<trkpt lat="47.257329330688044" lon="18.982337158835215">
				<ele>98.60086688771844</ele>
				<time>2026-05-23T12:03:07Z</time>
			</trkpt>
			<trkpt lat="47.25734398840349" lon="18.982371672741095">
				<ele>99.12002686224878</ele>
				<time>2026-05-23T12:03:09Z</time>
			</trkpt>
			<trkpt lat="47.257369425983526" lon="18.98240964512591">
				<ele>99.85709958244115</ele>
				<time>2026-05-23T12:03:12Z</time>
			</trkpt>
			<trkpt lat="47.25738525578024" lon="18.982428619171447">
				<ele>98.83662617113441</ele>
				<time>2026-05-23T12:03:15Z</time>
			</trkpt>
			<trkpt lat="47.25739881472736" lon="18.98245004826012">
				<ele>98.46758723724633</ele>
				<time>2026-05-23T12:03:17Z</time>
			</trkpt>
			<trkpt lat="47.25741786256666" lon="18.982480162806873">
				<ele>98.48590042348951</ele>
				<time>2026-05-23T12:03:19Z</time>
			</trkpt>
			<trkpt lat="47.25743325153722" lon="18.982517142025234">
				<ele>99.09126660786569</ele>
				<time>2026-05-23T12:03:21Z</time>
			</trkpt>
			<trkpt lat="47.25744989811124" lon="18.982560235156694">
				<ele>97.99257419165224</ele>
				<time>2026-05-23T12:03:24Z</time>
			</trkpt>
			<trkpt lat="47.25745964814042" lon="18.982585898201314">
				<ele>97.92721885908395</ele>
				<time>2026-05-23T12:03:26Z</time>
			</trkpt>
			<trkpt lat="47.2574742731859" lon="18.982606040260748">
				<ele>97.894779314287</ele>
				<time>2026-05-23T12:03:28Z</time>
			</trkpt>
			<trkpt lat="47.25748579484446" lon="18.98261504534262">
				<ele>97.65152722969651</ele>
				<time>2026-05-23T12:03:30Z</time>
			</trkpt>
			<trkpt lat="47.25749768757378" lon="18.982629573677276">
				<ele>97.94500081520528</ele>
				<time>2026-05-23T12:03:31Z</time>
			</trkpt>
			<trkpt lat="47.25751813224129" lon="18.98264936803535">
				<ele>98.3172217309475</ele>
				<time>2026-05-23T12:03:33Z</time>
			</trkpt>
			<trkpt lat="47.25753962545686" lon="18.982662768627172">
				<ele>98.09343300387263</ele>
				<time>2026-05-23T12:03:35Z</time>
			</trkpt>
			<trkpt lat="47.257564107408115" lon="18.982670806644812">
				<ele>98.48430326022208</ele>
				<time>2026-05-23T12:03:37Z</time>
			</trkpt>
			<trkpt lat="47.25758636730135" lon="18.98268395960449">
				<ele>98.05977280531079</ele>
				<time>2026-05-23T12:03:39Z</time>
			</trkpt>
			<trkpt lat="47.25761119895183" lon="18.9827016537642">
				<ele>98.21592850144953</ele>
				<time>2026-05-23T12:03:41Z</time>
			</trkpt>
			<trkpt lat="47.257633133394044" lon="18.9827251741621">
				<ele>99.9989532418549</ele>
				<time>2026-05-23T12:03:43Z</time>
			</trkpt>
			<trkpt lat="47.25765976517235" lon="18.982751870288958">
				<ele>99.99787847418338</ele>
				<time>2026-05-23T12:03:45Z</time>
			</trkpt>
			<trkpt lat="47.25768480084983" lon="18.982780866141017">
				<ele>99.71645457297564</ele>
				<time>2026-05-23T12:03:47Z</time>
			</trkpt>
			<trkpt lat="47.257714993002665" lon="18.982809151803533">
				<ele>99.3901113299653</ele>
				<time>2026-05-23T12:03:49Z</time>
			</trkpt>
			<trkpt lat="47.25773905430915" lon="18.982833872553893">
				<ele>99.62835373543203</ele>
				<time>2026-05-23T12:03:51Z</time>
			</trkpt>
			<trkpt lat="47.25775918958093" lon="18.982863570940104">
				<ele>99.0222184592858</ele>
				<time>2026-05-23T12:03:53Z</time>
			</trkpt>
			<trkpt lat="47.25777611447791" lon="18.98289017655766">
				<ele>99.26161125674844</ele>
				<time>2026-05-23T12:03:55Z</time>
			</trkpt>
			<trkpt lat="47.257795987894305" lon="18.982911520968532">
				<ele>98.82164915837348</ele>
				<time>2026-05-23T12:03:57Z</time>
			</trkpt>
			<trkpt lat="47.25780973453673" lon="18.982933063171153">
				<ele>98.7029789024964</ele>
				<time>2026-05-23T12:03:59Z</time>
			</trkpt>
			<trkpt lat="47.25782801876202" lon="18.982961164720926">
				<ele>99.16968425177038</ele>
				<time>2026-05-23T12:04:02Z</time>
			</trkpt>
			<trkpt lat="47.25783740300211" lon="18.982989747401835">
				<ele>98.87970518413931</ele>
				<time>2026-05-23T12:04:04Z</time>
			</trkpt>
			<trkpt lat="47.257857702987" lon="18.983012297326866">
				<ele>98.2594800312072</ele>
				<time>2026-05-23T12:04:06Z</time>
			</trkpt>
			<trkpt lat="47.257875912572615" lon="18.98304007116473">
				<ele>98.06835547368973</ele>
				<time>2026-05-23T12:04:08Z</time>
			</trkpt>
			<trkpt lat="47.257884519045014" lon="18.983059852478952">
				<ele>98.15994329750538</ele>
				<time>2026-05-23T12:04:10Z</time>
			</trkpt>
			<trkpt lat="47.257900403189225" lon="18.98308227633865">
				<ele>98.29275405034423</ele>
				<time>2026-05-23T12:04:12Z</time>
			</trkpt>
			<trkpt lat="47.2579228825887" lon="18.983111864682776">
				<ele>98.57806125935167</ele>
				<time>2026-05-23T12:04:14Z</time>
			</trkpt>
			<trkpt lat="47.25794388497085" lon="18.983130504227525">
				<ele>98.1150912931189</ele>
				<time>2026-05-23T12:04:16Z</time>
			</trkpt>
			<trkpt lat="47.25796976775114" lon="18.983145303793208">
				<ele>98.25665255542845</ele>
				<time>2026-05-23T12:04:18Z</time>
			</trkpt>
			<trkpt lat="47.25799359803669" lon="18.983158076193277">
				<ele>99.9190330458805</ele>
				<time>2026-05-23T12:04:20Z</time>
			</trkpt>
			<trkpt lat="47.25802424812279" lon="18.983175425595427">
				<ele>99.14908344112337</ele>
				<time>2026-05-23T12:04:22Z</time>
			</trkpt>
			<trkpt lat="47.258055608966686" lon="18.983191553936923">
				<ele>99.26978530734777</ele>
				<time>2026-05-23T12:04:24Z</time>
			</trkpt>
			<trkpt lat="47.25808597731046" lon="18.983212531784744">
				<ele>98.8067655460909</ele>
				<time>2026-05-23T12:04:26Z</time>
			</trkpt>
			<trkpt lat="47.25812015488383" lon="18.983224338358692">
				<ele>98.8855748437345</ele>
				<time>2026-05-23T12:04:28Z</time>
			</trkpt>
			<trkpt lat="47.25814605192634" lon="18.9832442652626">
				<ele>98.63998712133616</ele>
				<time>2026-05-23T12:04:30Z</time>
			</trkpt>
			<trkpt lat="47.25816324053918" lon="18.98326235367621">
				<ele>98.04237610567361</ele>
				<time>2026-05-23T12:04:32Z</time>
			</trkpt>
			<trkpt lat="47.25817127395305" lon="18.983288544410925">
				<ele>98.51912295259535</ele>
				<time>2026-05-23T12:04:34Z</time>
			</trkpt>
			<trkpt lat="47.25818114631222" lon="18.983291805994813">
				<ele>98.76434962172061</ele>
				<time>2026-05-23T12:04:35Z</time>
			</trkpt>
			<trkpt lat="47.258194290518254" lon="18.98330082988978">
				<ele>97.78088597860187</ele>
				<time>2026-05-23T12:04:36Z</time>
			</trkpt>
			<trkpt lat="47.25821497359562" lon="18.983315988383158">
				<ele>98.84174181707203</ele>
				<time>2026-05-23T12:04:38Z</time>
			</trkpt>
			<trkpt lat="47.25823435124082" lon="18.983338017448087">
				<ele>98.20868288353086</ele>
				<time>2026-05-23T12:04:40Z</time>
			</trkpt>
			<trkpt lat="47.25825062745263" lon="18.983345960078736">
				<ele>98.57458713278174</ele>
				<time>2026-05-23T12:04:41Z</time>
			</trkpt>
			<trkpt lat="47.25827282941714" lon="18.983358942032613">
				<ele>99.55402619857341</ele>
				<time>2026-05-23T12:04:42Z</time>
			</trkpt>
			<trkpt lat="47.25828554382041" lon="18.983389704381775">
				<ele>100.72700298763812</ele>
				<time>2026-05-23T12:04:44Z</time>
			</trkpt>
			<trkpt lat="47.25829859578075" lon="18.983416184637573">
				<ele>101.08141415007412</ele>
				<time>2026-05-23T12:04:46Z</time>
			</trkpt>
			<trkpt lat="47.258317741983646" lon="18.983439077745594">
				<ele>100.7273215977475</ele>
				<time>2026-05-23T12:04:48Z</time>
			</trkpt>
			<trkpt lat="47.25833014464289" lon="18.983464204077254">
				<ele>100.00214570295066</ele>
				<time>2026-05-23T12:04:50Z</time>
			</trkpt>
			<trkpt lat="47.25833085734316" lon="18.983487383973603">
				<ele>100.10491257440299</ele>
				<time>2026-05-23T12:04:51Z</time>
			</trkpt>
			<trkpt lat="47.25833826349722" lon="18.983531493746085">
				<ele>100.21055548638105</ele>
				<time>2026-05-23T12:04:53Z</time>
			</trkpt>
			<trkpt lat="47.258353525146234" lon="18.983560373406558">
				<ele>99.86059898603708</ele>
				<time>2026-05-23T12:04:55Z</time>
			</trkpt>
			<trkpt lat="47.258367664416646" lon="18.98356559503062">
				<ele>99.43226969614625</ele>
				<time>2026-05-23T12:04:56Z</time>
			</trkpt>
			<trkpt lat="47.25838891109722" lon="18.983583996202167">
				<ele>98.87974904011935</ele>
				<time>2026-05-23T12:04:58Z</time>
			</trkpt>
			<trkpt lat="47.25841256809611" lon="18.98361169095164">
				<ele>98.22992752119899</ele>
				<time>2026-05-23T12:05:00Z</time>
			</trkpt>
			<trkpt lat="47.25843140546037" lon="18.983644433642173">
				<ele>98.56679504178464</ele>
				<time>2026-05-23T12:05:02Z</time>
			</trkpt>
			<trkpt lat="47.258449119277614" lon="18.983682818555767">
				<ele>99.31429560761899</ele>
				<time>2026-05-23T12:05:05Z</time>
			</trkpt>
			<trkpt lat="47.258465934035385" lon="18.9837112108974">
				<ele>99.83800581377</ele>
				<time>2026-05-23T12:05:07Z</time>
			</trkpt>
			<trkpt lat="47.25848255508159" lon="18.98374100647164">
				<ele>100.07002051640302</ele>
				<time>2026-05-23T12:05:09Z</time>
			</trkpt>
			<trkpt lat="47.2584911237287" lon="18.983760291133216">
				<ele>99.3213922129944</ele>
				<time>2026-05-23T12:05:11Z</time>
			</trkpt>
			<trkpt lat="47.25850189803191" lon="18.98379644774928">
				<ele>98.04651386290789</ele>
				<time>2026-05-23T12:05:13Z</time>
			</trkpt>
			<trkpt lat="47.25852101207797" lon="18.983831210252415">
				<ele>98.14535438735038</ele>
				<time>2026-05-23T12:05:15Z</time>
			</trkpt>
			<trkpt lat="47.25854134055059" lon="18.983850012450503">
				<ele>97.8086101198569</ele>
				<time>2026-05-23T12:05:17Z</time>
			</trkpt>
			<trkpt lat="47.258556307258466" lon="18.98385913367438">
				<ele>97.66021566092968</ele>
				<time>2026-05-23T12:05:18Z</time>
			</trkpt>
			<trkpt lat="47.25858275573845" lon="18.983881486978657">
				<ele>97.08132616896182</ele>
				<time>2026-05-23T12:05:20Z</time>
			</trkpt>
			<trkpt lat="47.258605525526754" lon="18.983902445587326">
				<ele>97.79058076627553</ele>
				<time>2026-05-23T12:05:22Z</time>
			</trkpt>
			<trkpt lat="47.25862424734803" lon="18.98392626536542">
				<ele>97.85318550560623</ele>
				<time>2026-05-23T12:05:24Z</time>
			</trkpt>
			<trkpt lat="47.25864888820467" lon="18.983954459410448">
				<ele>98.05428920127451</ele>
				<time>2026-05-23T12:05:26Z</time>
			</trkpt>
			<trkpt lat="47.258685281944466" lon="18.983979287106976">
				<ele>97.86883794143796</ele>
				<time>2026-05-23T12:05:29Z</time>
			</trkpt>
			<trkpt lat="47.258708884609746" lon="18.983988142257942">
				<ele>97.37544885277748</ele>
				<time>2026-05-23T12:05:31Z</time>
			</trkpt>
			<trkpt lat="47.2587329829971" lon="18.983997456239255">
				<ele>99.59617594163865</ele>
				<time>2026-05-23T12:05:33Z</time>
			</trkpt>
			<trkpt lat="47.25874927872924" lon="18.984002917208954">
				<ele>98.63540680054575</ele>
				<time>2026-05-23T12:05:34Z</time>
			</trkpt>
			<trkpt lat="47.258776197019564" lon="18.984019590210014">
				<ele>98.35580448526889</ele>
				<time>2026-05-23T12:05:36Z</time>
			</trkpt>
			<trkpt lat="47.25880674277795" lon="18.984039616167845">
				<ele>98.59367169067264</ele>
				<time>2026-05-23T12:05:39Z</time>
			</trkpt>
			<trkpt lat="47.25881612235989" lon="18.984056733051737">
				<ele>98.97631815914065</ele>
				<time>2026-05-23T12:05:40Z</time>
			</trkpt>
			<trkpt lat="47.258828834655" lon="18.98406970345616">
				<ele>99.77765237540007</ele>
				<time>2026-05-23T12:05:41Z</time>
			</trkpt>
			<trkpt lat="47.258842985846435" lon="18.984085170353865">
				<ele>100.00877788010985</ele>
				<time>2026-05-23T12:05:42Z</time>
			</trkpt>
			<trkpt lat="47.258865769565375" lon="18.9841093303594">
				<ele>99.71592838969082</ele>
				<time>2026-05-23T12:05:44Z</time>
			</trkpt>
			<trkpt lat="47.258882579955035" lon="18.984131625965173">
				<ele>98.90531879849732</ele>
				<time>2026-05-23T12:05:46Z</time>
			</trkpt>
			<trkpt lat="47.25889627589919" lon="18.98414076926017">
				<ele>98.74026510771364</ele>
				<time>2026-05-23T12:05:47Z</time>
			</trkpt>
			<trkpt lat="47.25892114133202" lon="18.984165871865972">
				<ele>99.19117336720228</ele>
				<time>2026-05-23T12:05:49Z</time>
			</trkpt>
			<trkpt lat="47.258932761947435" lon="18.98418375383125">
				<ele>99.50515960436314</ele>
				<time>2026-05-23T12:05:50Z</time>
			</trkpt>
			<trkpt lat="47.258947617538624" lon="18.984199884556038">
				<ele>99.16129637137055</ele>
				<time>2026-05-23T12:05:51Z</time>
			</trkpt>
			<trkpt lat="47.25897238936935" lon="18.98422740243896">
				<ele>99.25090283434838</ele>
				<time>2026-05-23T12:05:53Z</time>
			</trkpt>
			<trkpt lat="47.25899175952861" lon="18.984259401643367">
				<ele>99.70503582246602</ele>
				<time>2026-05-23T12:05:55Z</time>
			</trkpt>
			<trkpt lat="47.2590116047118" lon="18.98429047937467">
				<ele>99.8976481994614</ele>
				<time>2026-05-23T12:05:57Z</time>
			</trkpt>
			<trkpt lat="47.25902761133668" lon="18.984337537114264">
				<ele>98.97260565124452</ele>
				<time>2026-05-23T12:06:00Z</time>
			</trkpt>
			<trkpt lat="47.2590366492859" lon="18.984374067829688">
				<ele>97.81974648311734</ele>
				<time>2026-05-23T12:06:02Z</time>
			</trkpt>
			<trkpt lat="47.25904897812579" lon="18.98438360156481">
				<ele>98.24517126102</ele>
				<time>2026-05-23T12:06:03Z</time>
			</trkpt>
			<trkpt lat="47.25906690305229" lon="18.984406743085124">
				<ele>97.41115946508944</ele>
				<time>2026-05-23T12:06:05Z</time>
			</trkpt>
			<trkpt lat="47.25907171931355" lon="18.984425302392474">
				<ele>98.01435063872486</ele>
				<time>2026-05-23T12:06:06Z</time>
			</trkpt>
			<trkpt lat="47.259077993836875" lon="18.98444681218487">
				<ele>97.26083478610963</ele>
				<time>2026-05-23T12:06:07Z</time>
			</trkpt>
			<trkpt lat="47.259094621473935" lon="18.984478803756893">
				<ele>96.91390230413526</ele>
				<time>2026-05-23T12:06:09Z</time>
			</trkpt>
			<trkpt lat="47.25911161805344" lon="18.984497781987614">
				<ele>96.71515708323568</ele>
				<time>2026-05-23T12:06:11Z</time>
			</trkpt>
			<trkpt lat="47.25912942140616" lon="18.98451936631345">
				<ele>96.9765569632873</ele>
				<time>2026-05-23T12:06:13Z</time>
			</trkpt>
			<trkpt lat="47.259143183917345" lon="18.984526691707217">
				<ele>97.28080645948648</ele>
				<time>2026-05-23T12:06:14Z</time>
			</trkpt>
			<trkpt lat="47.25916937966498" lon="18.984544025466512">
				<ele>97.03390656132251</ele>
				<time>2026-05-23T12:06:16Z</time>
			</trkpt>
			<trkpt lat="47.259185155699505" lon="18.98455330284294">
				<ele>97.13193623255938</ele>
				<time>2026-05-23T12:06:18Z</time>
			</trkpt>
			<trkpt lat="47.259208047968656" lon="18.984573960201796">
				<ele>98.54602387081832</ele>
				<time>2026-05-23T12:06:20Z</time>
			</trkpt>
			<trkpt lat="47.259239113354795" lon="18.984594659355473">
				<ele>98.29314314108342</ele>
				<time>2026-05-23T12:06:22Z</time>
			</trkpt>
			<trkpt lat="47.25927102767091" lon="18.98461615463353">
				<ele>98.9227360514924</ele>
				<time>2026-05-23T12:06:24Z</time>
			</trkpt>
			<trkpt lat="47.259294772839034" lon="18.98463699138293">
				<ele>98.30781331751496</ele>
				<time>2026-05-23T12:06:26Z</time>
			</trkpt>
			<trkpt lat="47.259307518720796" lon="18.984646753384723">
				<ele>98.56563338264823</ele>
				<time>2026-05-23T12:06:27Z</time>
			</trkpt>
			<trkpt lat="47.2593316518743" lon="18.984668112534063">
				<ele>98.81491360999644</ele>
				<time>2026-05-23T12:06:29Z</time>
			</trkpt>
			<trkpt lat="47.25934354265368" lon="18.984687622855024">
				<ele>98.6605081083253</ele>
				<time>2026-05-23T12:06:30Z</time>
			</trkpt>
			<trkpt lat="47.25936628518586" lon="18.9847141508623">
				<ele>98.97722682636231</ele>
				<time>2026-05-23T12:06:32Z</time>
			</trkpt>
			<trkpt lat="47.25938553104542" lon="18.984739942937402">
				<ele>98.52941788174212</ele>
				<time>2026-05-23T12:06:34Z</time>
			</trkpt>
			<trkpt lat="47.25940331286621" lon="18.984759708327033">
				<ele>98.62408422678709</ele>
				<time>2026-05-23T12:06:36Z</time>
			</trkpt>
			<trkpt lat="47.25941451080561" lon="18.984785640173644">
				<ele>98.67638066597283</ele>
				<time>2026-05-23T12:06:38Z</time>
			</trkpt>
			<trkpt lat="47.25942359384072" lon="18.984797475246967">
				<ele>99.06001438293606</ele>
				<time>2026-05-23T12:06:39Z</time>
			</trkpt>
			<trkpt lat="47.25943438838209" lon="18.98481627727266">
				<ele>98.80738546978682</ele>
				<time>2026-05-23T12:06:40Z</time>
			</trkpt>
			<trkpt lat="47.25945082286762" lon="18.984845750226423">
				<ele>98.33942325413227</ele>
				<time>2026-05-23T12:06:42Z</time>
			</trkpt>
			<trkpt lat="47.2594610571127" lon="18.984856270986356">
				<ele>97.93033569958061</ele>
				<time>2026-05-23T12:06:43Z</time>
			</trkpt>
			<trkpt lat="47.259477271301186" lon="18.98488194121414">
				<ele>98.00907016173005</ele>
				<time>2026-05-23T12:06:45Z</time>
			</trkpt>
			<trkpt lat="47.25950259888587" lon="18.984905929828464">
				<ele>98.40235514193773</ele>
				<time>2026-05-23T12:06:48Z</time>
			</trkpt>
			<trkpt lat="47.259524411428174" lon="18.984921338894285">
				<ele>98.59606228675693</ele>
				<time>2026-05-23T12:06:50Z</time>
			</trkpt>
			<trkpt lat="47.25954963399242" lon="18.98493813726899">
				<ele>98.53133300784975</ele>
				<time>2026-05-23T12:06:52Z</time>
			</trkpt>
			<trkpt lat="47.25957673627649" lon="18.98495025337193">
				<ele>98.4407570604235</ele>
				<time>2026-05-23T12:06:54Z</time>
			</trkpt>
			<trkpt lat="47.259591722355225" lon="18.9849531122348">
				<ele>98.58579280693084</ele>
				<time>2026-05-23T12:06:56Z</time>
			</trkpt>
			<trkpt lat="47.25960675795003" lon="18.98495658260682">
				<ele>98.15002710837871</ele>
				<time>2026-05-23T12:06:57Z</time>
			</trkpt>
			<trkpt lat="47.25962288235273" lon="18.984965219233725">
				<ele>97.3237142143771</ele>
				<time>2026-05-23T12:06:58Z</time>
			</trkpt>
			<trkpt lat="47.25965239761575" lon="18.984980455454547">
				<ele>100.2612029928714</ele>
				<time>2026-05-23T12:07:00Z</time>
			</trkpt>
			<trkpt lat="47.25967045340838" lon="18.9849881576049">
				<ele>98.69750841800123</ele>
				<time>2026-05-23T12:07:01Z</time>
			</trkpt>
			<trkpt lat="47.25969064873481" lon="18.98500049327629">
				<ele>98.96874126326293</ele>
				<time>2026-05-23T12:07:02Z</time>
			</trkpt>
			<trkpt lat="47.25972139529817" lon="18.985017680159636">
				<ele>99.87475049495697</ele>
				<time>2026-05-23T12:07:04Z</time>
			</trkpt>
			<trkpt lat="47.2597534795309" lon="18.985039104715824">
				<ele>100.09564519394189</ele>
				<time>2026-05-23T12:07:06Z</time>
			</trkpt>
			<trkpt lat="47.25978010960893" lon="18.985054797992575">
				<ele>101.1830367743969</ele>
				<time>2026-05-23T12:07:08Z</time>
			</trkpt>
			<trkpt lat="47.25980697324643" lon="18.985076167769463">
				<ele>99.2938964376226</ele>
				<time>2026-05-23T12:07:10Z</time>
			</trkpt>
			<trkpt lat="47.2598163677265" lon="18.985102139663226">
				<ele>99.21404743567109</ele>
				<time>2026-05-23T12:07:13Z</time>
			</trkpt>
			<trkpt lat="47.25982384630821" lon="18.985119546702037">
				<ele>99.12406007014215</ele>
				<time>2026-05-23T12:07:14Z</time>
			</trkpt>
			<trkpt lat="47.25984462313948" lon="18.985162348026737">
				<ele>98.39026865363121</ele>
				<time>2026-05-23T12:07:17Z</time>
			</trkpt>
			<trkpt lat="47.2598594478102" lon="18.985192324179096">
				<ele>98.92971746623516</ele>
				<time>2026-05-23T12:07:19Z</time>
			</trkpt>
			<trkpt lat="47.25987190937373" lon="18.985218797760506">
				<ele>99.30194808728993</ele>
				<time>2026-05-23T12:07:21Z</time>
			</trkpt>
			<trkpt lat="47.259886357280664" lon="18.985242170315107">
				<ele>98.49565060250461</ele>
				<time>2026-05-23T12:07:23Z</time>
			</trkpt>
			<trkpt lat="47.259891004245475" lon="18.985260351433634">
				<ele>98.38045571558177</ele>
				<time>2026-05-23T12:07:25Z</time>
			</trkpt>
			<trkpt lat="47.25989903632661" lon="18.98528326244449">
				<ele>98.03650339134037</ele>
				<time>2026-05-23T12:07:27Z</time>
			</trkpt>
			<trkpt lat="47.259914045657375" lon="18.985307436288707">
				<ele>97.89767098240554</ele>
				<time>2026-05-23T12:07:29Z</time>
			</trkpt>
			<trkpt lat="47.25993142288568" lon="18.985329724391047">
				<ele>98.02543426118791</ele>
				<time>2026-05-23T12:07:31Z</time>
			</trkpt>
			<trkpt lat="47.259950019395916" lon="18.98535061808271">
				<ele>97.48041351977736</ele>
				<time>2026-05-23T12:07:33Z</time>
			</trkpt>
			<trkpt lat="47.25997125471437" lon="18.985371080054545">
				<ele>98.04415683634579</ele>
				<time>2026-05-23T12:07:35Z</time>
			</trkpt>
			<trkpt lat="47.25999294388501" lon="18.98539387452293">
				<ele>98.3775582369417</ele>
				<time>2026-05-23T12:07:37Z</time>
			</trkpt>
			<trkpt lat="47.260006194539216" lon="18.98540628262579">
				<ele>98.63454826548696</ele>
				<time>2026-05-23T12:07:39Z</time>
			</trkpt>
			<trkpt lat="47.260021492374996" lon="18.985413996255016">
				<ele>99.21435753721744</ele>
				<time>2026-05-23T12:07:40Z</time>
			</trkpt>
			<trkpt lat="47.26004963514386" lon="18.985422187172464">
				<ele>99.14682605024427</ele>
				<time>2026-05-23T12:07:42Z</time>
			</trkpt>
			<trkpt lat="47.2600809034339" lon="18.98543581543879">
				<ele>97.86728496197611</ele>
				<time>2026-05-23T12:07:44Z</time>
			</trkpt>
			<trkpt lat="47.26010841441132" lon="18.985450489540703">
				<ele>97.97034870926291</ele>
				<time>2026-05-23T12:07:45Z</time>
			</trkpt>
			<trkpt lat="47.26014569920182" lon="18.985476840746603">
				<ele>99.27683716081083</ele>
				<time>2026-05-23T12:07:47Z</time>
			</trkpt>
			<trkpt lat="47.26017012870781" lon="18.985506645585705">
				<ele>98.8064998947084</ele>
				<time>2026-05-23T12:07:49Z</time>
			</trkpt>
			<trkpt lat="47.26018952975839" lon="18.98552873337282">
				<ele>98.84575663041323</ele>
				<time>2026-05-23T12:07:51Z</time>
			</trkpt>
			<trkpt lat="47.26020165484097" lon="18.9855467015905">
				<ele>98.90562816988677</ele>
				<time>2026-05-23T12:07:52Z</time>
			</trkpt>
			<trkpt lat="47.2602171689253" lon="18.985577974312076">
				<ele>98.34329902380705</ele>
				<time>2026-05-23T12:07:54Z</time>
			</trkpt>
			<trkpt lat="47.26022867551402" lon="18.985614063845038">
				<ele>99.13776944205165</ele>
				<time>2026-05-23T12:07:56Z</time>
			</trkpt>
			<trkpt lat="47.26024468024059" lon="18.985644975607563">
				<ele>98.89759119972587</ele>
				<time>2026-05-23T12:07:58Z</time>
			</trkpt>
			<trkpt lat="47.260257667271134" lon="18.985676519536256">
				<ele>98.97727078199387</ele>
				<time>2026-05-23T12:08:00Z</time>
			</trkpt>
			<trkpt lat="47.26026538094373" lon="18.98571049732943">
				<ele>99.08304690569639</ele>
				<time>2026-05-23T12:08:02Z</time>
			</trkpt>
			<trkpt lat="47.26027402300178" lon="18.985735916762053">
				<ele>98.4792085820809</ele>
				<time>2026-05-23T12:08:04Z</time>
			</trkpt>
			<trkpt lat="47.26029104409248" lon="18.985752373026774">
				<ele>97.89213135372847</ele>
				<time>2026-05-23T12:08:06Z</time>
			</trkpt>
			<trkpt lat="47.26030210395763" lon="18.985763284525984">
				<ele>97.21771494764835</ele>
				<time>2026-05-23T12:08:07Z</time>
			</trkpt>
			<trkpt lat="47.26032111928032" lon="18.985791773910172">
				<ele>97.74870472680777</ele>
				<time>2026-05-23T12:08:09Z</time>
			</trkpt>
			<trkpt lat="47.260340210331044" lon="18.98581595479784">
				<ele>98.48013677448034</ele>
				<time>2026-05-23T12:08:11Z</time>
			</trkpt>
			<trkpt lat="47.2603531925817" lon="18.985825328067016">
				<ele>98.39975072164088</ele>
				<time>2026-05-23T12:08:12Z</time>
			</trkpt>
			<trkpt lat="47.260376246181686" lon="18.985843502022124">
				<ele>98.39626602549106</ele>
				<time>2026-05-23T12:08:14Z</time>
			</trkpt>
			<trkpt lat="47.26040246602827" lon="18.98586310049846">
				<ele>97.80944560095668</ele>
				<time>2026-05-23T12:08:16Z</time>
			</trkpt>
			<trkpt lat="47.26041677621213" lon="18.985877951488206">
				<ele>97.62160691805184</ele>
				<time>2026-05-23T12:08:17Z</time>
			</trkpt>
			<trkpt lat="47.26044144421342" lon="18.985900912295484">
				<ele>98.04486749693751</ele>
				<time>2026-05-23T12:08:19Z</time>
			</trkpt>
			<trkpt lat="47.26045530266084" lon="18.98590738439918">
				<ele>98.07107636705041</ele>
				<time>2026-05-23T12:08:20Z</time>
			</trkpt>
			<trkpt lat="47.26048189985507" lon="18.985920499984648">
				<ele>98.25364645570517</ele>
				<time>2026-05-23T12:08:22Z</time>
			</trkpt>
			<trkpt lat="47.26050346445091" lon="18.985930702171842">
				<ele>99.46689045615494</ele>
				<time>2026-05-23T12:08:24Z</time>
			</trkpt>
			<trkpt lat="47.2605172640978" lon="18.985935683389325">
				<ele>98.78719369787723</ele>
				<time>2026-05-23T12:08:25Z</time>
			</trkpt>
			<trkpt lat="47.26053552540957" lon="18.985940341122483">
				<ele>99.08292038086802</ele>
				<time>2026-05-23T12:08:26Z</time>
			</trkpt>
			<trkpt lat="47.260554748409795" lon="18.985948034650576">
				<ele>99.1242491286248</ele>
				<time>2026-05-23T12:08:27Z</time>
			</trkpt>
			<trkpt lat="47.26058581547211" lon="18.985975159656853">
				<ele>99.3921137964353</ele>
				<time>2026-05-23T12:08:29Z</time>
			</trkpt>
			<trkpt lat="47.26060543678847" lon="18.986006739010666">
				<ele>99.18737754691392</ele>
				<time>2026-05-23T12:08:31Z</time>
			</trkpt>
			<trkpt lat="47.260618872057364" lon="18.986016705554537">
				<ele>98.85864718910307</ele>
				<time>2026-05-23T12:08:32Z</time>
			</trkpt>
			<trkpt lat="47.26064663669729" lon="18.986035537895372">
				<ele>98.86034305673093</ele>
				<time>2026-05-23T12:08:34Z</time>
			</trkpt>
			<trkpt lat="47.260662948986784" lon="18.986057583819">
				<ele>98.73083449155092</ele>
				<time>2026-05-23T12:08:36Z</time>
			</trkpt>
			<trkpt lat="47.26067106156285" lon="18.98608088894065">
				<ele>99.37588747963309</ele>
				<time>2026-05-23T12:08:38Z</time>
			</trkpt>
			<trkpt lat="47.26068862669225" lon="18.986101686962858">
				<ele>98.46435793768615</ele>
				<time>2026-05-23T12:08:40Z</time>
			</trkpt>
			<trkpt lat="47.26071605297158" lon="18.986124960400176">
				<ele>98.70495228935033</ele>
				<time>2026-05-23T12:08:43Z</time>
			</trkpt>
			<trkpt lat="47.260727650182915" lon="18.986152780609242">
				<ele>98.07922307308763</ele>
				<time>2026-05-23T12:08:45Z</time>
			</trkpt>
			<trkpt lat="47.2607350514385" lon="18.986168313966903">
				<ele>98.45038289856166</ele>
				<time>2026-05-23T12:08:47Z</time>
			</trkpt>
			<trkpt lat="47.260750999099294" lon="18.986198563786477">
				<ele>98.53618212975562</ele>
				<time>2026-05-23T12:08:50Z</time>
			</trkpt>
			<trkpt lat="47.26076729578579" lon="18.986223755148924">
				<ele>97.99538487195969</ele>
				<time>2026-05-23T12:08:52Z</time>
			</trkpt>
			<trkpt lat="47.26078276821073" lon="18.986249562449537">
				<ele>98.89428959414363</ele>
				<time>2026-05-23T12:08:54Z</time>
			</trkpt>
			<trkpt lat="47.260790676560084" lon="18.986265473807908">
				<ele>98.4278772380203</ele>
				<time>2026-05-23T12:08:56Z</time>
			</trkpt>
			<trkpt lat="47.26079714100452" lon="18.986275424417524">
				<ele>98.68105397559702</ele>
				<time>2026-05-23T12:08:58Z</time>
			</trkpt>
			<trkpt lat="47.260817802865645" lon="18.986292055005052">
				<ele>97.96926979441196</ele>
				<time>2026-05-23T12:09:00Z</time>
			</trkpt>
			<trkpt lat="47.26084300911509" lon="18.98631550588004">
				<ele>97.64480251539499</ele>
				<time>2026-05-23T12:09:02Z</time>
			</trkpt>
			<trkpt lat="47.26086498175814" lon="18.986341760181155">
				<ele>97.78307701274753</ele>
				<time>2026-05-23T12:09:04Z</time>
			</trkpt>
			<trkpt lat="47.26088904899308" lon="18.986373848154617">
				<ele>97.13176813349128</ele>
				<time>2026-05-23T12:09:06Z</time>
			</trkpt>
			<trkpt lat="47.26091550914284" lon="18.986397613282335">
				<ele>97.17637310456485</ele>
				<time>2026-05-23T12:09:08Z</time>
			</trkpt>
			<trkpt lat="47.26094877101217" lon="18.98642914782597">
				<ele>97.6743873404339</ele>
				<time>2026-05-23T12:09:11Z</time>
			</trkpt>
			<trkpt lat="47.26097693282309" lon="18.986450952786797">
				<ele>98.46853862330317</ele>
				<time>2026-05-23T12:09:13Z</time>
			</trkpt>
			<trkpt lat="47.26100464202519" lon="18.98646724505143">
				<ele>98.41773876734078</ele>
				<time>2026-05-23T12:09:15Z</time>
			</trkpt>
			<trkpt lat="47.2610202923477" lon="18.98647306045381">
				<ele>99.37457681447268</ele>
				<time>2026-05-23T12:09:16Z</time>
			</trkpt>
			<trkpt lat="47.26103280581176" lon="18.986488816998566">
				<ele>99.10153482388705</ele>
				<time>2026-05-23T12:09:17Z</time>
			</trkpt>
			<trkpt lat="47.26105410456921" lon="18.98651277855809">
				<ele>98.30135212559253</ele>
				<time>2026-05-23T12:09:19Z</time>
			</trkpt>
			<trkpt lat="47.26106678787731" lon="18.986529435103808">
				<ele>98.66081209294498</ele>
				<time>2026-05-23T12:09:20Z</time>
			</trkpt>
			<trkpt lat="47.26108945031111" lon="18.986557992125576">
				<ele>99.17876154836267</ele>
				<time>2026-05-23T12:09:22Z</time>
			</trkpt>
			<trkpt lat="47.261112532948395" lon="18.986579535186273">
				<ele>99.47781988792121</ele>
				<time>2026-05-23T12:09:24Z</time>
			</trkpt>
			<trkpt lat="47.26112790850283" lon="18.98660253171628">
				<ele>99.43271981179714</ele>
				<time>2026-05-23T12:09:26Z</time>
			</trkpt>
			<trkpt lat="47.26113487206568" lon="18.986628396475624">
				<ele>98.93736209906638</ele>
				<time>2026-05-23T12:09:28Z</time>
			</trkpt>
			<trkpt lat="47.26114753239825" lon="18.98665175007992">
				<ele>98.58931574784219</ele>
				<time>2026-05-23T12:09:30Z</time>
			</trkpt>
			<trkpt lat="47.26116349929089" lon="18.986669940238038">
				<ele>98.59155701193959</ele>
				<time>2026-05-23T12:09:32Z</time>
			</trkpt>
			<trkpt lat="47.26117924257075" lon="18.98669060165101">
				<ele>97.53229859378189</ele>
				<time>2026-05-23T12:09:34Z</time>
			</trkpt>
			<trkpt lat="47.26119523597958" lon="18.98671340115422">
				<ele>98.75535934511572</ele>
				<time>2026-05-23T12:09:36Z</time>
			</trkpt>
			<trkpt lat="47.26120643516642" lon="18.986724957050313">
				<ele>98.73579310253263</ele>
				<time>2026-05-23T12:09:37Z</time>
			</trkpt>
			<trkpt lat="47.26122730555739" lon="18.986748079527395">
				<ele>98.44800247438252</ele>
				<time>2026-05-23T12:09:39Z</time>
			</trkpt>
			<trkpt lat="47.26125434612256" lon="18.986769641526998">
				<ele>98.84194466192275</ele>
				<time>2026-05-23T12:09:41Z</time>
			</trkpt>
			<trkpt lat="47.261277420711394" lon="18.986790168003303">
				<ele>99.06444236449897</ele>
				<time>2026-05-23T12:09:43Z</time>
			</trkpt>
			<trkpt lat="47.26129929071206" lon="18.98680711492444">
				<ele>100.01982181891799</ele>
				<time>2026-05-23T12:09:45Z</time>
			</trkpt>
			<trkpt lat="47.26132617651338" lon="18.986821746007244">
				<ele>98.1042884644121</ele>
				<time>2026-05-23T12:09:47Z</time>
			</trkpt>
			<trkpt lat="47.26135478294712" lon="18.986841621952227">
				<ele>97.80512256454676</ele>
				<time>2026-05-23T12:09:49Z</time>
			</trkpt>
			<trkpt lat="47.261377671139556" lon="18.986856912151232">
				<ele>97.86740679293871</ele>
				<time>2026-05-23T12:09:51Z</time>
			</trkpt>
			<trkpt lat="47.26139443171907" lon="18.986880627601042">
				<ele>98.94644625205547</ele>
				<time>2026-05-23T12:09:53Z</time>
			</trkpt>
			<trkpt lat="47.261409584107106" lon="18.986904620920736">
				<ele>99.92414552904665</ele>
				<time>2026-05-23T12:09:55Z</time>
			</trkpt>
			<trkpt lat="47.26143634605046" lon="18.986927935089344">
				<ele>99.60432102438062</ele>
				<time>2026-05-23T12:09:57Z</time>
			</trkpt>
			<trkpt lat="47.26145751890334" lon="18.986955420629233">
				<ele>98.34291558992118</ele>
				<time>2026-05-23T12:09:59Z</time>
			</trkpt>
			<trkpt lat="47.26147764756252" lon="18.986994141876654">
				<ele>98.2592960651964</ele>
				<time>2026-05-23T12:10:02Z</time>
			</trkpt>
			<trkpt lat="47.26149023651501" lon="18.987028239972812">
				<ele>97.29526038561016</ele>
				<time>2026-05-23T12:10:05Z</time>
			</trkpt>
			<trkpt lat="47.26150252726817" lon="18.987046874849103">
				<ele>97.88478660397232</ele>
				<time>2026-05-23T12:10:07Z</time>
			</trkpt>
			<trkpt lat="47.261515960396935" lon="18.987068531918247">
				<ele>99.91593620553613</ele>
				<time>2026-05-23T12:10:09Z</time>
			</trkpt>
			<trkpt lat="47.261534177422455" lon="18.987080995572523">
				<ele>97.19519703555852</ele>
				<time>2026-05-23T12:10:11Z</time>
			</trkpt>
			<trkpt lat="47.261552512971186" lon="18.98709020843552">
				<ele>95.9865569556132</ele>
				<time>2026-05-23T12:10:13Z</time>
			</trkpt>
			<trkpt lat="47.26156740113268" lon="18.987096374141867">
				<ele>95.82697734236717</ele>
				<time>2026-05-23T12:10:14Z</time>
			</trkpt>
			<trkpt lat="47.2615932585158" lon="18.987109582492504">
				<ele>95.64077995344996</ele>
				<time>2026-05-23T12:10:16Z</time>
			</trkpt>
			<trkpt lat="47.26161730850139" lon="18.987115186238995">
				<ele>95.63426934648305</ele>
				<time>2026-05-23T12:10:18Z</time>
			</trkpt>
			<trkpt lat="47.261643540537925" lon="18.987116035336335">
				<ele>98.01112049259245</ele>
				<time>2026-05-23T12:10:20Z</time>
			</trkpt>
			<trkpt lat="47.261666540824926" lon="18.987120061390883">
				<ele>96.36295253783464</ele>
				<time>2026-05-23T12:10:21Z</time>
			</trkpt>
			<trkpt lat="47.26168684546192" lon="18.98713066980066">
				<ele>96.37245774455369</ele>
				<time>2026-05-23T12:10:22Z</time>
			</trkpt>
			<trkpt lat="47.261725951685285" lon="18.987160102573547">
				<ele>97.81590795889497</ele>
				<time>2026-05-23T12:10:25Z</time>
			</trkpt>
			<trkpt lat="47.261745964573024" lon="18.987181028872786">
				<ele>98.79627584759146</ele>
				<time>2026-05-23T12:10:27Z</time>
			</trkpt>
			<trkpt lat="47.261770412874924" lon="18.987195889895673">
				<ele>98.52168203238398</ele>
				<time>2026-05-23T12:10:29Z</time>
			</trkpt>
			<trkpt lat="47.261793662763424" lon="18.987224305580224">
				<ele>99.28699179459363</ele>
				<time>2026-05-23T12:10:31Z</time>
			</trkpt>
			<trkpt lat="47.26181122333344" lon="18.98725092100767">
				<ele>98.65205239783973</ele>
				<time>2026-05-23T12:10:33Z</time>
			</trkpt>
			<trkpt lat="47.26183333404657" lon="18.98727792493071">
				<ele>98.46299003157765</ele>
				<time>2026-05-23T12:10:36Z</time>
			</trkpt>
			<trkpt lat="47.2618470831394" lon="18.987293244874987">
				<ele>97.47798176389188</ele>
				<time>2026-05-23T12:10:38Z</time>
			</trkpt>
			<trkpt lat="47.26185569420376" lon="18.987320958478083">
				<ele>97.90976449940354</ele>
				<time>2026-05-23T12:10:40Z</time>
			</trkpt>
			<trkpt lat="47.26187651275135" lon="18.98735734992889">
				<ele>98.53319385740906</ele>
				<time>2026-05-23T12:10:43Z</time>
			</trkpt>
			<trkpt lat="47.26189543485301" lon="18.987380316942495">
				<ele>98.87030524015427</ele>
				<time>2026-05-23T12:10:45Z</time>
			</trkpt>
			<trkpt lat="47.26190674143532" lon="18.987390053756652">
				<ele>98.7424414139241</ele>
				<time>2026-05-23T12:10:47Z</time>
			</trkpt>
			<trkpt lat="47.26191570009117" lon="18.987391760377736">
				<ele>97.9950616043061</ele>
				<time>2026-05-23T12:10:49Z</time>
			</trkpt>
			<trkpt lat="47.261938967439015" lon="18.987393138272914">
				<ele>96.06096611730754</ele>
				<time>2026-05-23T12:10:51Z</time>
			</trkpt>
			<trkpt lat="47.2619676866751" lon="18.987395277281607">
				<ele>96.0998175367713</ele>
				<time>2026-05-23T12:10:53Z</time>
			</trkpt>
			<trkpt lat="47.26199859011664" lon="18.987396822773874">
				<ele>97.91819847468287</ele>
				<time>2026-05-23T12:10:55Z</time>
			</trkpt>
			<trkpt lat="47.26202127770983" lon="18.987400328403957">
				<ele>97.29209320060909</ele>
				<time>2026-05-23T12:10:56Z</time>
			</trkpt>
			<trkpt lat="47.262062086581246" lon="18.987424838777876">
				<ele>98.646076050587</ele>
				<time>2026-05-23T12:10:59Z</time>
			</trkpt>
			<trkpt lat="47.26208547324105" lon="18.987448338195264">
				<ele>98.2883896837011</ele>
				<time>2026-05-23T12:11:01Z</time>
			</trkpt>
			<trkpt lat="47.26210865787468" lon="18.98746621898214">
				<ele>98.39962474163622</ele>
				<time>2026-05-23T12:11:03Z</time>
			</trkpt>
			<trkpt lat="47.26212595547488" lon="18.987487951589138">
				<ele>98.16159677878022</ele>
				<time>2026-05-23T12:11:05Z</time>
			</trkpt>
			<trkpt lat="47.262142562912494" lon="18.987507751002443">
				<ele>97.98086751345545</ele>
				<time>2026-05-23T12:11:07Z</time>
			</trkpt>
			<trkpt lat="47.26216044142032" lon="18.987537085063256">
				<ele>98.48937851097435</ele>
				<time>2026-05-23T12:11:09Z</time>
			</trkpt>
			<trkpt lat="47.26217499568181" lon="18.98756536828204">
				<ele>99.02434763498604</ele>
				<time>2026-05-23T12:11:11Z</time>
			</trkpt>
			<trkpt lat="47.262185454130496" lon="18.987588336223933">
				<ele>97.46999461110681</ele>
				<time>2026-05-23T12:11:14Z</time>
			</trkpt>
			<trkpt lat="47.262195921633506" lon="18.987606392250136">
				<ele>97.52540028840303</ele>
				<time>2026-05-23T12:11:16Z</time>
			</trkpt>
			<trkpt lat="47.26221784743914" lon="18.987637831322882">
				<ele>98.6276924656704</ele>
				<time>2026-05-23T12:11:19Z</time>
			</trkpt>
			<trkpt lat="47.26223423518988" lon="18.98765557679093">
				<ele>97.87953596375883</ele>
				<time>2026-05-23T12:11:22Z</time>
			</trkpt>
			<trkpt lat="47.262251190210264" lon="18.987666223415182">
				<ele>97.37567642703652</ele>
				<time>2026-05-23T12:11:24Z</time>
			</trkpt>
			<trkpt lat="47.262276559629925" lon="18.98767455931077">
				<ele>97.90003556478769</ele>
				<time>2026-05-23T12:11:26Z</time>
			</trkpt>
			<trkpt lat="47.26230399918614" lon="18.987683147335808">
				<ele>96.78763441834599</ele>
				<time>2026-05-23T12:11:28Z</time>
			</trkpt>
			<trkpt lat="47.26232085776148" lon="18.98768866289684">
				<ele>96.71177958976477</ele>
				<time>2026-05-23T12:11:29Z</time>
			</trkpt>
			<trkpt lat="47.262347497027996" lon="18.987698790723705">
				<ele>97.4403498955071</ele>
				<time>2026-05-23T12:11:31Z</time>
			</trkpt>
			<trkpt lat="47.26238011707554" lon="18.987704599282754">
				<ele>97.34748798795044</ele>
				<time>2026-05-23T12:11:34Z</time>
			</trkpt>
			<trkpt lat="47.262394816157766" lon="18.987706759749084">
				<ele>97.59039405081421</ele>
				<time>2026-05-23T12:11:35Z</time>
			</trkpt>
			<trkpt lat="47.26243223668327" lon="18.98771078179534">
				<ele>98.14777613710612</ele>
				<time>2026-05-23T12:11:38Z</time>
			</trkpt>
			<trkpt lat="47.26245199880633" lon="18.987717958392462">
				<ele>98.62411209475249</ele>
				<time>2026-05-23T12:11:39Z</time>
			</trkpt>
			<trkpt lat="47.26247634220635" lon="18.987727245333886">
				<ele>98.38329393882304</ele>
				<time>2026-05-23T12:11:42Z</time>
			</trkpt>
			<trkpt lat="47.262493147704824" lon="18.987747236842353">
				<ele>98.06936080474406</ele>
				<time>2026-05-23T12:11:44Z</time>
			</trkpt>
			<trkpt lat="47.262514242596666" lon="18.987762500903273">
				<ele>96.8916414808482</ele>
				<time>2026-05-23T12:11:45Z</time>
			</trkpt>
			<trkpt lat="47.26255369492444" lon="18.987786622461588">
				<ele>98.58358603622764</ele>
				<time>2026-05-23T12:11:48Z</time>
			</trkpt>
			<trkpt lat="47.2625713468781" lon="18.987804926470613">
				<ele>98.3348674532026</ele>
				<time>2026-05-23T12:11:50Z</time>
			</trkpt>
			<trkpt lat="47.26258950526112" lon="18.98782208502668">
				<ele>97.69858961366117</ele>
				<time>2026-05-23T12:11:52Z</time>
			</trkpt>
			<trkpt lat="47.26260964809429" lon="18.987831513616765">
				<ele>98.40614668466151</ele>
				<time>2026-05-23T12:11:53Z</time>
			</trkpt>
			<trkpt lat="47.262639272990675" lon="18.987865457366443">
				<ele>98.17075651045889</ele>
				<time>2026-05-23T12:11:56Z</time>
			</trkpt>
			<trkpt lat="47.2626502532646" lon="18.98787328751166">
				<ele>97.99744916614145</ele>
				<time>2026-05-23T12:11:59Z</time>
			</trkpt>
			<trkpt lat="47.262668432162656" lon="18.987878359367333">
				<ele>98.03548348788172</ele>
				<time>2026-05-23T12:12:01Z</time>
			</trkpt>
			<trkpt lat="47.26270112643331" lon="18.98788356937108">
				<ele>97.88840104546398</ele>
				<time>2026-05-23T12:12:04Z</time>
			</trkpt>
			<trkpt lat="47.26272783034972" lon="18.987886677784257">
				<ele>97.98250442557037</ele>
				<time>2026-05-23T12:12:06Z</time>
			</trkpt>
			<trkpt lat="47.26274206417093" lon="18.987882188206783">
				<ele>97.62060637772083</ele>
				<time>2026-05-23T12:12:08Z</time>
			</trkpt>
			<trkpt lat="47.262756545217606" lon="18.987876395737146">
				<ele>97.44641188066453</ele>
				<time>2026-05-23T12:12:09Z</time>
			</trkpt>
			<trkpt lat="47.262782652942434" lon="18.9878676372242">
				<ele>98.80264451541007</ele>
				<time>2026-05-23T12:12:11Z</time>
			</trkpt>
			<trkpt lat="47.262812451821695" lon="18.987861357892257">
				<ele>99.24641541671008</ele>
				<time>2026-05-23T12:12:13Z</time>
			</trkpt>
			<trkpt lat="47.2628370385335" lon="18.987857980116047">
				<ele>98.63394828327</ele>
				<time>2026-05-23T12:12:14Z</time>
			</trkpt>
			<trkpt lat="47.26286781600191" lon="18.987863291929568">
				<ele>98.62811383977532</ele>
				<time>2026-05-23T12:12:16Z</time>
			</trkpt>
			<trkpt lat="47.262881324873305" lon="18.987874630668514">
				<ele>99.09453075099736</ele>
				<time>2026-05-23T12:12:17Z</time>
			</trkpt>
			<trkpt lat="47.26291247228367" lon="18.987889417163004">
				<ele>99.45044609997422</ele>
				<time>2026-05-23T12:12:19Z</time>
			</trkpt>
			<trkpt lat="47.26294431916174" lon="18.987903632010084">
				<ele>99.95196369010955</ele>
				<time>2026-05-23T12:12:21Z</time>
			</trkpt>
			<trkpt lat="47.26297379654298" lon="18.98792523065452">
				<ele>99.6466687945649</ele>
				<time>2026-05-23T12:12:23Z</time>
			</trkpt>
			<trkpt lat="47.2630007133687" lon="18.987943852707136">
				<ele>99.14535900205374</ele>
				<time>2026-05-23T12:12:25Z</time>
			</trkpt>
			<trkpt lat="47.26302082145182" lon="18.987961767898344">
				<ele>98.18230930250138</ele>
				<time>2026-05-23T12:12:27Z</time>
			</trkpt>
			<trkpt lat="47.263036212315384" lon="18.987967825729974">
				<ele>98.82615619990975</ele>
				<time>2026-05-23T12:12:28Z</time>
			</trkpt>
			<trkpt lat="47.26306008578646" lon="18.98799159351752">
				<ele>99.40880383830518</ele>
				<time>2026-05-23T12:12:31Z</time>
			</trkpt>
			<trkpt lat="47.26308085327605" lon="18.988005101673128">
				<ele>98.09561869502068</ele>
				<time>2026-05-23T12:12:33Z</time>
			</trkpt>
			<trkpt lat="47.263104607257304" lon="18.98802969018751">
				<ele>96.96938602626324</ele>
				<time>2026-05-23T12:12:36Z</time>
			</trkpt>
			<trkpt lat="47.263116160644834" lon="18.98804143545797">
				<ele>96.35396622214466</ele>
				<time>2026-05-23T12:12:37Z</time>
			</trkpt>
			<trkpt lat="47.26313610756802" lon="18.98808119417133">
				<ele>96.7152978265658</ele>
				<time>2026-05-23T12:12:40Z</time>
			</trkpt>
			<trkpt lat="47.263143950996806" lon="18.98811172335">
				<ele>97.16604897845536</ele>
				<time>2026-05-23T12:12:42Z</time>
			</trkpt>
			<trkpt lat="47.2631526500075" lon="18.988120293711827">
				<ele>96.84114022366703</ele>
				<time>2026-05-23T12:12:44Z</time>
			</trkpt>
			<trkpt lat="47.26317431535277" lon="18.98812039972328">
				<ele>97.07477687951177</ele>
				<time>2026-05-23T12:12:46Z</time>
			</trkpt>
			<trkpt lat="47.263200583162515" lon="18.988128867020635">
				<ele>97.40496937185526</ele>
				<time>2026-05-23T12:12:48Z</time>
			</trkpt>
			<trkpt lat="47.263225502535484" lon="18.988134722523363">
				<ele>98.34248207136989</ele>
				<time>2026-05-23T12:12:50Z</time>
			</trkpt>
			<trkpt lat="47.263241107067365" lon="18.98813618699935">
				<ele>97.92017273884267</ele>
				<time>2026-05-23T12:12:51Z</time>
			</trkpt>
			<trkpt lat="47.26326823995346" lon="18.988133429659005">
				<ele>97.43355819955468</ele>
				<time>2026-05-23T12:12:53Z</time>
			</trkpt>
			<trkpt lat="47.26329441999148" lon="18.98812912616835">
				<ele>98.03284815233201</ele>
				<time>2026-05-23T12:12:55Z</time>
			</trkpt>
			<trkpt lat="47.263319066321884" lon="18.988117531210026">
				<ele>99.69993852451444</ele>
				<time>2026-05-23T12:12:57Z</time>
			</trkpt>
			<trkpt lat="47.26334769846192" lon="18.988107127519385">
				<ele>98.55009754374623</ele>
				<time>2026-05-23T12:12:59Z</time>
			</trkpt>
			<trkpt lat="47.26338024186444" lon="18.98810889545873">
				<ele>98.68276224844158</ele>
				<time>2026-05-23T12:13:02Z</time>
			</trkpt>
			<trkpt lat="47.263393602664046" lon="18.98810391710703">
				<ele>98.92432863265276</ele>
				<time>2026-05-23T12:13:03Z</time>
			</trkpt>
			<trkpt lat="47.26342538534486" lon="18.988099569652622">
				<ele>98.81867694854736</ele>
				<time>2026-05-23T12:13:05Z</time>
			</trkpt>
			<trkpt lat="47.263448229763455" lon="18.988105589856463">
				<ele>98.09902440477163</ele>
				<time>2026-05-23T12:13:08Z</time>
			</trkpt>
			<trkpt lat="47.26346170242258" lon="18.988111510109">
				<ele>97.3856883039698</ele>
				<time>2026-05-23T12:13:09Z</time>
			</trkpt>
			<trkpt lat="47.2634922809667" lon="18.988122128452307">
				<ele>98.22191689070314</ele>
				<time>2026-05-23T12:13:11Z</time>
			</trkpt>
			<trkpt lat="47.2635253032899" lon="18.988132192991248">
				<ele>98.66890140902251</ele>
				<time>2026-05-23T12:13:13Z</time>
			</trkpt>
			<trkpt lat="47.2635553913019" lon="18.988150392295527">
				<ele>98.13124933559448</ele>
				<time>2026-05-23T12:13:15Z</time>
			</trkpt>
			<trkpt lat="47.263587074192394" lon="18.988160708324138">
				<ele>98.13517798297107</ele>
				<time>2026-05-23T12:13:18Z</time>
			</trkpt>
			<trkpt lat="47.26360196974208" lon="18.988164617414803">
				<ele>98.9177088169381</ele>
				<time>2026-05-23T12:13:19Z</time>
			</trkpt>
			<trkpt lat="47.26362551631389" lon="18.988184395042705">
				<ele>98.17134503647685</ele>
				<time>2026-05-23T12:13:21Z</time>
			</trkpt>
			<trkpt lat="47.26366154286065" lon="18.988201070647406">
				<ele>98.25931642577052</ele>
				<time>2026-05-23T12:13:24Z</time>
			</trkpt>
			<trkpt lat="47.26367254223164" lon="18.98821792861725">
				<ele>96.99293087422848</ele>
				<time>2026-05-23T12:13:26Z</time>
			</trkpt>
			<trkpt lat="47.26368380336578" lon="18.988250616761043">
				<ele>98.43765457905829</ele>
				<time>2026-05-23T12:13:29Z</time>
			</trkpt>
			<trkpt lat="47.26369081467816" lon="18.988260907399585">
				<ele>98.475661191158</ele>
				<time>2026-05-23T12:13:31Z</time>
			</trkpt>
			<trkpt lat="47.26370322596739" lon="18.98826700161428">
				<ele>99.16065723169595</ele>
				<time>2026-05-23T12:13:32Z</time>
			</trkpt>
			<trkpt lat="47.26372791801917" lon="18.988273744118445">
				<ele>98.45889507699758</ele>
				<time>2026-05-23T12:13:34Z</time>
			</trkpt>
			<trkpt lat="47.263756687177114" lon="18.98827869946342">
				<ele>98.54491165746003</ele>
				<time>2026-05-23T12:13:36Z</time>
			</trkpt>
			<trkpt lat="47.26378450098891" lon="18.988278992802762">
				<ele>96.96909077744931</ele>
				<time>2026-05-23T12:13:38Z</time>
			</trkpt>
			<trkpt lat="47.26381331525429" lon="18.988274901892517">
				<ele>99.48740589991212</ele>
				<time>2026-05-23T12:13:40Z</time>
			</trkpt>
			<trkpt lat="47.263841424568845" lon="18.988271622723982">
				<ele>98.74299608636647</ele>
				<time>2026-05-23T12:13:42Z</time>
			</trkpt>
			<trkpt lat="47.263865227390404" lon="18.98827694537192">
				<ele>99.91976670082659</ele>
				<time>2026-05-23T12:13:43Z</time>
			</trkpt>
			<trkpt lat="47.26390348778648" lon="18.98828296329731">
				<ele>99.4230562383309</ele>
				<time>2026-05-23T12:13:45Z</time>
			</trkpt>
			<trkpt lat="47.263929321469824" lon="18.98829423507991">
				<ele>98.82187995687127</ele>
				<time>2026-05-23T12:13:47Z</time>
			</trkpt>
			<trkpt lat="47.263956140986075" lon="18.988305548231757">
				<ele>99.11885108053684</ele>
				<time>2026-05-23T12:13:49Z</time>
			</trkpt>
			<trkpt lat="47.26397728355517" lon="18.988327724759976">
				<ele>99.07530749496073</ele>
				<time>2026-05-23T12:13:51Z</time>
			</trkpt>
			<trkpt lat="47.26400490527182" lon="18.988356143773508">
				<ele>98.42120289895684</ele>
				<time>2026-05-23T12:13:53Z</time>
			</trkpt>
			<trkpt lat="47.26402734081071" lon="18.98838034103431">
				<ele>98.83941630180925</ele>
				<time>2026-05-23T12:13:55Z</time>
			</trkpt>
			<trkpt lat="47.26404314998359" lon="18.988398103487594">
				<ele>98.90721711330116</ele>
				<time>2026-05-23T12:13:57Z</time>
			</trkpt>
			<trkpt lat="47.26405946425514" lon="18.988415633228044">
				<ele>99.17873687669635</ele>
				<time>2026-05-23T12:13:59Z</time>
			</trkpt>
			<trkpt lat="47.264078021777735" lon="18.988426612750153">
				<ele>99.55797132384032</ele>
				<time>2026-05-23T12:14:01Z</time>
			</trkpt>
			<trkpt lat="47.264100965060734" lon="18.988437454081343">
				<ele>99.81734525039792</ele>
				<time>2026-05-23T12:14:03Z</time>
			</trkpt>
			<trkpt lat="47.26412658021647" lon="18.988444780469628">
				<ele>99.01425027195364</ele>
				<time>2026-05-23T12:14:05Z</time>
			</trkpt>
			<trkpt lat="47.26415257842539" lon="18.98844769498053">
				<ele>98.74438475538045</ele>
				<time>2026-05-23T12:14:07Z</time>
			</trkpt>
			<trkpt lat="47.26417685714599" lon="18.988447702563622">
				<ele>98.48995837476104</ele>
				<time>2026-05-23T12:14:09Z</time>
			</trkpt>
			<trkpt lat="47.264201940215685" lon="18.988452712203387">
				<ele>99.33500853274018</ele>
				<time>2026-05-23T12:14:11Z</time>
			</trkpt>
			<trkpt lat="47.2642175868476" lon="18.988455058679083">
				<ele>98.46379588358104</ele>
				<time>2026-05-23T12:14:12Z</time>
			</trkpt>
			<trkpt lat="47.264234281570346" lon="18.98846262524788">
				<ele>98.42600908130407</ele>
				<time>2026-05-23T12:14:13Z</time>
			</trkpt>
			<trkpt lat="47.26426296163041" lon="18.988474779516356">
				<ele>98.78979202266783</ele>
				<time>2026-05-23T12:14:15Z</time>
			</trkpt>
			<trkpt lat="47.264292382894936" lon="18.98848398850541">
				<ele>98.84852669481188</ele>
				<time>2026-05-23T12:14:17Z</time>
			</trkpt>
			<trkpt lat="47.26431305389181" lon="18.98848557738046">
				<ele>98.74325662665069</ele>
				<time>2026-05-23T12:14:20Z</time>
			</trkpt>
			<trkpt lat="47.264326959205256" lon="18.988491915458944">
				<ele>99.45624167378992</ele>
				<time>2026-05-23T12:14:21Z</time>
			</trkpt>
			<trkpt lat="47.264348699554716" lon="18.98850431032327">
				<ele>99.44431142695248</ele>
				<time>2026-05-23T12:14:23Z</time>
			</trkpt>
			<trkpt lat="47.26437383207893" lon="18.98851932002614">
				<ele>100.1631481507793</ele>
				<time>2026-05-23T12:14:25Z</time>
			</trkpt>
			<trkpt lat="47.26440100212599" lon="18.988532987114915">
				<ele>99.42864804528654</ele>
				<time>2026-05-23T12:14:27Z</time>
			</trkpt>
			<trkpt lat="47.26442634015484" lon="18.98853798520751">
				<ele>99.47962268907577</ele>
				<time>2026-05-23T12:14:29Z</time>
			</trkpt>
			<trkpt lat="47.264450010370794" lon="18.988542443393147">
				<ele>99.65347910765558</ele>
				<time>2026-05-23T12:14:31Z</time>
			</trkpt>
			<trkpt lat="47.26447944977678" lon="18.988541101644547">
				<ele>98.97389996610582</ele>
				<time>2026-05-23T12:14:33Z</time>
			</trkpt>
			<trkpt lat="47.26450536436823" lon="18.988545053225142">
				<ele>99.60250772628933</ele>
				<time>2026-05-23T12:14:35Z</time>
			</trkpt>
			<trkpt lat="47.264526122299294" lon="18.988553054771405">
				<ele>98.97916386742145</ele>
				<time>2026-05-23T12:14:37Z</time>
			</trkpt>
			<trkpt lat="47.26455099011501" lon="18.988551507142603">
				<ele>99.25174210034311</ele>
				<time>2026-05-23T12:14:39Z</time>
			</trkpt>
			<trkpt lat="47.26457096588426" lon="18.988559437680447">
				<ele>98.92052526865155</ele>
				<time>2026-05-23T12:14:41Z</time>
			</trkpt>
			<trkpt lat="47.264594924903534" lon="18.98856425251322">
				<ele>98.26004978735</ele>
				<time>2026-05-23T12:14:44Z</time>
			</trkpt>
			<trkpt lat="47.264612495918406" lon="18.988576999335383">
				<ele>97.81651008687913</ele>
				<time>2026-05-23T12:14:46Z</time>
			</trkpt>
			<trkpt lat="47.26462004883797" lon="18.988603551558494">
				<ele>97.41771733295172</ele>
				<time>2026-05-23T12:14:49Z</time>
			</trkpt>
			<trkpt lat="47.26462865674492" lon="18.988616503748275">
				<ele>97.53975868877023</ele>
				<time>2026-05-23T12:14:50Z</time>
			</trkpt>
			<trkpt lat="47.26464995709927" lon="18.98862587684223">
				<ele>98.35650349315256</ele>
				<time>2026-05-23T12:14:52Z</time>
			</trkpt>
			<trkpt lat="47.26468302851962" lon="18.988643660107723">
				<ele>98.32108007650822</ele>
				<time>2026-05-23T12:14:54Z</time>
			</trkpt>
			<trkpt lat="47.26471193909252" lon="18.988675191722123">
				<ele>97.43195618037134</ele>
				<time>2026-05-23T12:14:57Z</time>
			</trkpt>
			<trkpt lat="47.264724185921466" lon="18.98869337488839">
				<ele>97.9543803697452</ele>
				<time>2026-05-23T12:15:00Z</time>
			</trkpt>
			<trkpt lat="47.2647448519186" lon="18.988704751475666">
				<ele>96.52050050068647</ele>
				<time>2026-05-23T12:15:02Z</time>
			</trkpt>
			<trkpt lat="47.2647715804824" lon="18.988710384260525">
				<ele>96.69412215892226</ele>
				<time>2026-05-23T12:15:04Z</time>
			</trkpt>
			<trkpt lat="47.26479632511463" lon="18.988708962480683">
				<ele>97.1575663536787</ele>
				<time>2026-05-23T12:15:06Z</time>
			</trkpt>
			<trkpt lat="47.26481549695707" lon="18.988706669046383">
				<ele>97.05205833166838</ele>
				<time>2026-05-23T12:15:09Z</time>
			</trkpt>
			<trkpt lat="47.264832037760556" lon="18.988698359248946">
				<ele>98.84580383542925</ele>
				<time>2026-05-23T12:15:11Z</time>
			</trkpt>
			<trkpt lat="47.26484681779494" lon="18.988689710783074">
				<ele>97.90097862482071</ele>
				<time>2026-05-23T12:15:13Z</time>
			</trkpt>
			<trkpt lat="47.26487598167996" lon="18.988693174896174">
				<ele>97.72517592925578</ele>
				<time>2026-05-23T12:15:14Z</time>
			</trkpt>
			<trkpt lat="47.2649092464022" lon="18.988694461514733">
				<ele>98.41564055345953</ele>
				<time>2026-05-23T12:15:17Z</time>
			</trkpt>
			<trkpt lat="47.26492882374463" lon="18.98869654718314">
				<ele>98.21694539859891</ele>
				<time>2026-05-23T12:15:18Z</time>
			</trkpt>
			<trkpt lat="47.26495907624408" lon="18.98869477492412">
				<ele>98.16446660459042</ele>
				<time>2026-05-23T12:15:20Z</time>
			</trkpt>
			<trkpt lat="47.26499587802333" lon="18.988694353206014">
				<ele>98.04406887479126</ele>
				<time>2026-05-23T12:15:22Z</time>
			</trkpt>
			<trkpt lat="47.26502328568345" lon="18.98870183062556">
				<ele>99.11200869828463</ele>
				<time>2026-05-23T12:15:24Z</time>
			</trkpt>
			<trkpt lat="47.26504754118677" lon="18.988711707109996">
				<ele>98.81797059997916</ele>
				<time>2026-05-23T12:15:26Z</time>
			</trkpt>
			<trkpt lat="47.26506973581165" lon="18.98871950784796">
				<ele>98.69189233053476</ele>
				<time>2026-05-23T12:15:28Z</time>
			</trkpt>
			<trkpt lat="47.26509016211843" lon="18.988733501877434">
				<ele>99.25705585628748</ele>
				<time>2026-05-23T12:15:31Z</time>
			</trkpt>
			<trkpt lat="47.265115284721496" lon="18.988728032199468">
				<ele>98.18054583389312</ele>
				<time>2026-05-23T12:15:34Z</time>
			</trkpt>
			<trkpt lat="47.265136561960595" lon="18.98873399904979">
				<ele>98.19245273154229</ele>
				<time>2026-05-23T12:15:36Z</time>
			</trkpt>
			<trkpt lat="47.265170152848626" lon="18.988753336262988">
				<ele>98.15723089966923</ele>
				<time>2026-05-23T12:15:39Z</time>
			</trkpt>
			<trkpt lat="47.26518974969065" lon="18.98876325973282">
				<ele>98.503726166673</ele>
				<time>2026-05-23T12:15:41Z</time>
			</trkpt>
			<trkpt lat="47.26522145830318" lon="18.98877674426344">
				<ele>97.89169786591083</ele>
				<time>2026-05-23T12:15:44Z</time>
			</trkpt>
			<trkpt lat="47.2652335982761" lon="18.988796939843194">
				<ele>99.24005759134889</ele>
				<time>2026-05-23T12:15:46Z</time>
			</trkpt>
			<trkpt lat="47.26524135917702" lon="18.9888117110977">
				<ele>98.34469130728394</ele>
				<time>2026-05-23T12:15:48Z</time>
			</trkpt>
			<trkpt lat="47.26526844451399" lon="18.98882717768242">
				<ele>97.90332605037838</ele>
				<time>2026-05-23T12:15:50Z</time>
			</trkpt>
			<trkpt lat="47.265297019741965" lon="18.98883463279796">
				<ele>98.89895731210709</ele>
				<time>2026-05-23T12:15:52Z</time>
			</trkpt>
			<trkpt lat="47.265327622498724" lon="18.988842327064898">
				<ele>98.48802314326167</ele>
				<time>2026-05-23T12:15:54Z</time>
			</trkpt>
			<trkpt lat="47.265358664256716" lon="18.988846697375717">
				<ele>97.69583327881992</ele>
				<time>2026-05-23T12:15:56Z</time>
			</trkpt>
			<trkpt lat="47.26538438078327" lon="18.988842764120808">
				<ele>96.53523259051144</ele>
				<time>2026-05-23T12:15:58Z</time>
			</trkpt>
			<trkpt lat="47.26540990289516" lon="18.988843501914214">
				<ele>98.67002143524587</ele>
				<time>2026-05-23T12:16:00Z</time>
			</trkpt>
			<trkpt lat="47.26544103809622" lon="18.988852087153305">
				<ele>98.74321107566357</ele>
				<time>2026-05-23T12:16:02Z</time>
			</trkpt>
			<trkpt lat="47.265478817527566" lon="18.988872073522455">
				<ele>98.31630930863321</ele>
				<time>2026-05-23T12:16:04Z</time>
			</trkpt>
			<trkpt lat="47.26553493954913" lon="18.98889223811253">
				<ele>99.03144679777324</ele>
				<time>2026-05-23T12:16:08Z</time>
			</trkpt>
			<trkpt lat="47.26555676270727" lon="18.98889329210658">
				<ele>98.96531709842384</ele>
				<time>2026-05-23T12:16:10Z</time>
			</trkpt>
			<trkpt lat="47.2655768476428" lon="18.98890181136947">
				<ele>98.90375045593828</ele>
				<time>2026-05-23T12:16:12Z</time>
			</trkpt>
			<trkpt lat="47.265601269633706" lon="18.988916557858257">
				<ele>98.09316918905824</ele>
				<time>2026-05-23T12:16:14Z</time>
			</trkpt>
			<trkpt lat="47.26561718330946" lon="18.98891493691689">
				<ele>98.36052652448416</ele>
				<time>2026-05-23T12:16:15Z</time>
			</trkpt>
			<trkpt lat="47.26565038779158" lon="18.988931395468768">
				<ele>98.19932018965483</ele>
				<time>2026-05-23T12:16:17Z</time>
			</trkpt>
			<trkpt lat="47.2656784539842" lon="18.988954290026967">
				<ele>98.05219586472958</ele>
				<time>2026-05-23T12:16:19Z</time>
			</trkpt>
			<trkpt lat="47.2657016614616" lon="18.988975161372093">
				<ele>97.7266204515472</ele>
				<time>2026-05-23T12:16:21Z</time>
			</trkpt>
			<trkpt lat="47.26572716237738" lon="18.98900077060854">
				<ele>97.93041465617716</ele>
				<time>2026-05-23T12:16:23Z</time>
			</trkpt>
			<trkpt lat="47.265747391948985" lon="18.989026027055868">
				<ele>98.42407380696386</ele>
				<time>2026-05-23T12:16:25Z</time>
			</trkpt>
			<trkpt lat="47.265765850172265" lon="18.98904254505441">
				<ele>98.01402462273836</ele>
				<time>2026-05-23T12:16:27Z</time>
			</trkpt>
			<trkpt lat="47.2657877950181" lon="18.989052539321445">
				<ele>98.1057199742645</ele>
				<time>2026-05-23T12:16:29Z</time>
			</trkpt>
			<trkpt lat="47.26581501195361" lon="18.98905375537108">
				<ele>98.91345385368913</ele>
				<time>2026-05-23T12:16:31Z</time>
			</trkpt>
			<trkpt lat="47.265842792643454" lon="18.98904970066386">
				<ele>98.9164412105456</ele>
				<time>2026-05-23T12:16:33Z</time>
			</trkpt>
			<trkpt lat="47.26585696498963" lon="18.98904968600992">
				<ele>98.2457930976525</ele>
				<time>2026-05-23T12:16:35Z</time>
			</trkpt>
			<trkpt lat="47.265886663305885" lon="18.989055518599322">
				<ele>98.28762445040047</ele>
				<time>2026-05-23T12:16:37Z</time>
			</trkpt>
			<trkpt lat="47.26590941788852" lon="18.989058606771902">
				<ele>97.57027150131762</ele>
				<time>2026-05-23T12:16:38Z</time>
			</trkpt>
			<trkpt lat="47.26593829419479" lon="18.989068287529904">
				<ele>97.97724639624357</ele>
				<time>2026-05-23T12:16:40Z</time>
			</trkpt>
			<trkpt lat="47.26595142292612" lon="18.98906453026597">
				<ele>98.01286442857236</ele>
				<time>2026-05-23T12:16:41Z</time>
			</trkpt>
			<trkpt lat="47.26596847341288" lon="18.989074626955297">
				<ele>98.56659701000899</ele>
				<time>2026-05-23T12:16:43Z</time>
			</trkpt>
			<trkpt lat="47.26599667755101" lon="18.98908371413353">
				<ele>98.20202912762761</ele>
				<time>2026-05-23T12:16:45Z</time>
			</trkpt>
			<trkpt lat="47.26602964202935" lon="18.9890944301909">
				<ele>98.07626816257834</ele>
				<time>2026-05-23T12:16:48Z</time>
			</trkpt>
			<trkpt lat="47.26605501198033" lon="18.989095884670615">
				<ele>98.3657786604017</ele>
				<time>2026-05-23T12:16:50Z</time>
			</trkpt>
			<trkpt lat="47.2660892016942" lon="18.98911152755398">
				<ele>98.24170650262386</ele>
				<time>2026-05-23T12:16:53Z</time>
			</trkpt>
			<trkpt lat="47.26611216427156" lon="18.989125052781095">
				<ele>98.2949707377702</ele>
				<time>2026-05-23T12:16:55Z</time>
			</trkpt>
			<trkpt lat="47.266134149717196" lon="18.98914556470341">
				<ele>98.82017548102885</ele>
				<time>2026-05-23T12:16:57Z</time>
			</trkpt>
			<trkpt lat="47.26615473148554" lon="18.989162643157727">
				<ele>98.3164227893576</ele>
				<time>2026-05-23T12:16:59Z</time>
			</trkpt>
			<trkpt lat="47.26617991930769" lon="18.989177868939645">
				<ele>98.80247454717755</ele>
				<time>2026-05-23T12:17:01Z</time>
			</trkpt>
			<trkpt lat="47.266201934816436" lon="18.98919650442805">
				<ele>98.82717158086598</ele>
				<time>2026-05-23T12:17:03Z</time>
			</trkpt>
			<trkpt lat="47.26621732095701" lon="18.989216954538247">
				<ele>98.7311412775889</ele>
				<time>2026-05-23T12:17:05Z</time>
			</trkpt>
			<trkpt lat="47.26623052339697" lon="18.98923596071021">
				<ele>98.97671278100461</ele>
				<time>2026-05-23T12:17:07Z</time>
			</trkpt>
			<trkpt lat="47.26624810620304" lon="18.989241908771422">
				<ele>98.52501063980162</ele>
				<time>2026-05-23T12:17:09Z</time>
			</trkpt>
			<trkpt lat="47.26628392003576" lon="18.98924781809542">
				<ele>98.24313161615282</ele>
				<time>2026-05-23T12:17:12Z</time>
			</trkpt>
			<trkpt lat="47.26631300942219" lon="18.989243728847917">
				<ele>98.57057736907154</ele>
				<time>2026-05-23T12:17:14Z</time>
			</trkpt>
			<trkpt lat="47.266343952706045" lon="18.989240196470686">
				<ele>98.25235382281244</ele>
				<time>2026-05-23T12:17:16Z</time>
			</trkpt>
			<trkpt lat="47.266374474094256" lon="18.98923486251112">
				<ele>98.11683592479676</ele>
				<time>2026-05-23T12:17:18Z</time>
			</trkpt>
			<trkpt lat="47.266404556460834" lon="18.98922928901017">
				<ele>98.62943605706096</ele>
				<time>2026-05-23T12:17:20Z</time>
			</trkpt>
			<trkpt lat="47.26642382868938" lon="18.98923078573587">
				<ele>98.71548228245229</ele>
				<time>2026-05-23T12:17:21Z</time>
			</trkpt>
			<trkpt lat="47.26645629841317" lon="18.989238019349227">
				<ele>97.8781510265544</ele>
				<time>2026-05-23T12:17:23Z</time>
			</trkpt>
			<trkpt lat="47.266489053211295" lon="18.98924000693901">
				<ele>98.30813915468752</ele>
				<time>2026-05-23T12:17:26Z</time>
			</trkpt>
			<trkpt lat="47.266503598085905" lon="18.98924820951446">
				<ele>98.03257084358484</ele>
				<time>2026-05-23T12:17:27Z</time>
			</trkpt>
			<trkpt lat="47.26653337783181" lon="18.989255369684177">
				<ele>98.23049900587648</ele>
				<time>2026-05-23T12:17:29Z</time>
			</trkpt>
			<trkpt lat="47.26656406634472" lon="18.98926592629471">
				<ele>98.34157317969948</ele>
				<time>2026-05-23T12:17:31Z</time>
			</trkpt>
			<trkpt lat="47.26659176454968" lon="18.989279881141062">
				<ele>98.39404926542193</ele>
				<time>2026-05-23T12:17:33Z</time>
			</trkpt>
			<trkpt lat="47.26661574432456" lon="18.98928911471006">
				<ele>97.8682906832546</ele>
				<time>2026-05-23T12:17:35Z</time>
			</trkpt>
			<trkpt lat="47.2666296659218" lon="18.989285750527284">
				<ele>98.06773249525577</ele>
				<time>2026-05-23T12:17:36Z</time>
			</trkpt>
			<trkpt lat="47.2666569668552" lon="18.98928515334761">
				<ele>97.69297783635557</ele>
				<time>2026-05-23T12:17:38Z</time>
			</trkpt>
			<trkpt lat="47.26668470574704" lon="18.98928537062053">
				<ele>97.69064972363412</ele>
				<time>2026-05-23T12:17:40Z</time>
			</trkpt>
			<trkpt lat="47.2667066015819" lon="18.989289203502224">
				<ele>97.28817428741604</ele>
				<time>2026-05-23T12:17:42Z</time>
			</trkpt>
			<trkpt lat="47.26672893432049" lon="18.989293549110727">
				<ele>97.19559890963137</ele>
				<time>2026-05-23T12:17:44Z</time>
			</trkpt>
			<trkpt lat="47.26675199883501" lon="18.989308359323154">
				<ele>97.32599786948413</ele>
				<time>2026-05-23T12:17:45Z</time>
			</trkpt>
			<trkpt lat="47.26678695786489" lon="18.98932144502694">
				<ele>97.53791472688317</ele>
				<time>2026-05-23T12:17:47Z</time>
			</trkpt>
			<trkpt lat="47.266823522531475" lon="18.989330444793335">
				<ele>97.81194051913917</ele>
				<time>2026-05-23T12:17:49Z</time>
			</trkpt>
			<trkpt lat="47.266849731977985" lon="18.989331373387653">
				<ele>97.69475190434605</ele>
				<time>2026-05-23T12:17:51Z</time>
			</trkpt>
			<trkpt lat="47.266874082940205" lon="18.989330453127497">
				<ele>97.99405767768621</ele>
				<time>2026-05-23T12:17:53Z</time>
			</trkpt>
			<trkpt lat="47.26690563850975" lon="18.98934621577573">
				<ele>98.0011979304254</ele>
				<time>2026-05-23T12:17:55Z</time>
			</trkpt>
			<trkpt lat="47.2669272349632" lon="18.98936754855764">
				<ele>97.75082196202129</ele>
				<time>2026-05-23T12:17:57Z</time>
			</trkpt>
			<trkpt lat="47.266945771489496" lon="18.989386001806736">
				<ele>98.02493883203715</ele>
				<time>2026-05-23T12:18:00Z</time>
			</trkpt>
			<trkpt lat="47.266962981820505" lon="18.989390248977486">
				<ele>98.1722556585446</ele>
				<time>2026-05-23T12:18:02Z</time>
			</trkpt>
			<trkpt lat="47.26697715849109" lon="18.989386834352242">
				<ele>97.76161265093833</ele>
				<time>2026-05-23T12:18:03Z</time>
			</trkpt>
			<trkpt lat="47.26700402772037" lon="18.989385987257293">
				<ele>98.25008674431592</ele>
				<time>2026-05-23T12:18:05Z</time>
			</trkpt>
			<trkpt lat="47.2670273669904" lon="18.9893884620092">
				<ele>98.31697038374841</ele>
				<time>2026-05-23T12:18:07Z</time>
			</trkpt>
			<trkpt lat="47.26704259305078" lon="18.989387815204225">
				<ele>98.60465526487678</ele>
				<time>2026-05-23T12:18:08Z</time>
			</trkpt>
			<trkpt lat="47.26706521603448" lon="18.989389268164">
				<ele>98.462351587601</ele>
				<time>2026-05-23T12:18:10Z</time>
			</trkpt>
			<trkpt lat="47.26708842239583" lon="18.989399149907754">
				<ele>98.49845046456903</ele>
				<time>2026-05-23T12:18:12Z</time>
			</trkpt>
			<trkpt lat="47.267106758799315" lon="18.98941656565287">
				<ele>98.63770323153585</ele>
				<time>2026-05-23T12:18:15Z</time>
			</trkpt>
			<trkpt lat="47.26712631567814" lon="18.98942445801882">
				<ele>98.71533560566604</ele>
				<time>2026-05-23T12:18:17Z</time>
			</trkpt>
			<trkpt lat="47.26714305880765" lon="18.989430956948574">
				<ele>98.67439759708941</ele>
				<time>2026-05-23T12:18:19Z</time>
			</trkpt>
			<trkpt lat="47.26716693121793" lon="18.989441468467238">
				<ele>98.60707803349942</ele>
				<time>2026-05-23T12:18:21Z</time>
			</trkpt>
			<trkpt lat="47.267195513449145" lon="18.989457209966254">
				<ele>98.31279007252306</ele>
				<time>2026-05-23T12:18:23Z</time>
			</trkpt>
			<trkpt lat="47.26722245219979" lon="18.98946031262199">
				<ele>97.3295531142503</ele>
				<time>2026-05-23T12:18:25Z</time>
			</trkpt>
			<trkpt lat="47.267248790000274" lon="18.989464287829176">
				<ele>97.72333251778036</ele>
				<time>2026-05-23T12:18:27Z</time>
			</trkpt>
			<trkpt lat="47.26727252953904" lon="18.98948404610179">
				<ele>97.82231202162802</ele>
				<time>2026-05-23T12:18:30Z</time>
			</trkpt>
			<trkpt lat="47.26728098440956" lon="18.98947421889881">
				<ele>97.95319543685764</ele>
				<time>2026-05-23T12:18:31Z</time>
			</trkpt>
			<trkpt lat="47.26729572604172" lon="18.989473899915158">
				<ele>97.52858544141054</ele>
				<time>2026-05-23T12:18:33Z</time>
			</trkpt>
			<trkpt lat="47.26730823240234" lon="18.989494865790448">
				<ele>97.14083308819681</ele>
				<time>2026-05-23T12:18:34Z</time>
			</trkpt>
			<trkpt lat="47.267339264852446" lon="18.989512997477842">
				<ele>97.08067843969911</ele>
				<time>2026-05-23T12:18:36Z</time>
			</trkpt>
			<trkpt lat="47.26737212810417" lon="18.98950976753482">
				<ele>96.66317533049732</ele>
				<time>2026-05-23T12:18:38Z</time>
			</trkpt>
			<trkpt lat="47.26739207131082" lon="18.989520197384962">
				<ele>96.96597219537944</ele>
				<time>2026-05-23T12:18:41Z</time>
			</trkpt>
			<trkpt lat="47.26740134965705" lon="18.989529273587127">
				<ele>97.98359139449894</ele>
				<time>2026-05-23T12:18:43Z</time>
			</trkpt>
			<trkpt lat="47.26741793475601" lon="18.98953677147151">
				<ele>97.95701037533581</ele>
				<time>2026-05-23T12:18:45Z</time>
			</trkpt>
			<trkpt lat="47.26744052709013" lon="18.9895445755001">
				<ele>98.20932166278362</ele>
				<time>2026-05-23T12:18:48Z</time>
			</trkpt>
			<trkpt lat="47.267459397982535" lon="18.989563542234794">
				<ele>98.46796380728483</ele>
				<time>2026-05-23T12:18:50Z</time>
			</trkpt>
			<trkpt lat="47.26749125834091" lon="18.98958634271371">
				<ele>98.45475642383099</ele>
				<time>2026-05-23T12:18:53Z</time>
			</trkpt>
			<trkpt lat="47.26750499859348" lon="18.98958432982787">
				<ele>98.89783527422696</ele>
				<time>2026-05-23T12:18:55Z</time>
			</trkpt>
			<trkpt lat="47.26751773141172" lon="18.989595880779753">
				<ele>98.34287740569562</ele>
				<time>2026-05-23T12:18:58Z</time>
			</trkpt>
			<trkpt lat="47.2675340846887" lon="18.98960033909398">
				<ele>98.01770404353738</ele>
				<time>2026-05-23T12:19:01Z</time>
			</trkpt>
			<trkpt lat="47.267550163352034" lon="18.98960457269333">
				<ele>98.53350374568254</ele>
				<time>2026-05-23T12:19:03Z</time>
			</trkpt>
			<trkpt lat="47.26756610513498" lon="18.989610015035844">
				<ele>98.5403555193916</ele>
				<time>2026-05-23T12:19:05Z</time>
			</trkpt>
			<trkpt lat="47.26759375223006" lon="18.98961596590473">
				<ele>98.57126832567155</ele>
				<time>2026-05-23T12:19:07Z</time>
			</trkpt>
			<trkpt lat="47.267623811841354" lon="18.989633260331715">
				<ele>97.9408469600603</ele>
				<time>2026-05-23T12:19:09Z</time>
			</trkpt>
			<trkpt lat="47.26765024099594" lon="18.989646821334784">
				<ele>97.81876481883228</ele>
				<time>2026-05-23T12:19:11Z</time>
			</trkpt>
			<trkpt lat="47.267668050138546" lon="18.989647648669152">
				<ele>98.16896013449878</ele>
				<time>2026-05-23T12:19:13Z</time>
			</trkpt>
			<trkpt lat="47.26768341476609" lon="18.989643510633552">
				<ele>98.4498240519315</ele>
				<time>2026-05-23T12:19:15Z</time>
			</trkpt>
			<trkpt lat="47.26770005451216" lon="18.98963926885575">
				<ele>98.74855714756995</ele>
				<time>2026-05-23T12:19:17Z</time>
			</trkpt>
			<trkpt lat="47.267719670230825" lon="18.989635996819782">
				<ele>98.54608771763742</ele>
				<time>2026-05-23T12:19:19Z</time>
			</trkpt>
			<trkpt lat="47.26774010899219" lon="18.98963583701522">
				<ele>98.16583860106766</ele>
				<time>2026-05-23T12:19:21Z</time>
			</trkpt>
			<trkpt lat="47.26776004511649" lon="18.989632874955785">
				<ele>98.60991737153381</ele>
				<time>2026-05-23T12:19:23Z</time>
			</trkpt>
			<trkpt lat="47.267781030561295" lon="18.989628424249297">
				<ele>98.66179770138115</ele>
				<time>2026-05-23T12:19:25Z</time>
			</trkpt>
			<trkpt lat="47.26780299244737" lon="18.98962914346477">
				<ele>99.10303653404117</ele>
				<time>2026-05-23T12:19:26Z</time>
			</trkpt>
			<trkpt lat="47.267834109448984" lon="18.989628580934657">
				<ele>99.5634517930448</ele>
				<time>2026-05-23T12:19:28Z</time>
			</trkpt>
			<trkpt lat="47.26786267435861" lon="18.989624741580574">
				<ele>99.29125452972949</ele>
				<time>2026-05-23T12:19:30Z</time>
			</trkpt>
			<trkpt lat="47.26787940911093" lon="18.989621672204134">
				<ele>98.84176026750356</ele>
				<time>2026-05-23T12:19:32Z</time>
			</trkpt>
			<trkpt lat="47.26790122834384" lon="18.9896193895255">
				<ele>98.49662609491497</ele>
				<time>2026-05-23T12:19:34Z</time>
			</trkpt>
			<trkpt lat="47.267935366426165" lon="18.989595950549518">
				<ele>98.30481967702508</ele>
				<time>2026-05-23T12:19:37Z</time>
			</trkpt>
			<trkpt lat="47.267957331875735" lon="18.989592740975358">
				<ele>99.28844341263175</ele>
				<time>2026-05-23T12:19:39Z</time>
			</trkpt>
			<trkpt lat="47.26797811973353" lon="18.989593966154246">
				<ele>98.36922250315547</ele>
				<time>2026-05-23T12:19:41Z</time>
			</trkpt>
			<trkpt lat="47.26799220896849" lon="18.989597687632926">
				<ele>99.10466638300568</ele>
				<time>2026-05-23T12:19:43Z</time>
			</trkpt>
			<trkpt lat="47.26800609350682" lon="18.989594378766196">
				<ele>98.8862760970369</ele>
				<time>2026-05-23T12:19:44Z</time>
			</trkpt>
			<trkpt lat="47.268033753571274" lon="18.98958637730312">
				<ele>99.56159142032266</ele>
				<time>2026-05-23T12:19:46Z</time>
			</trkpt>
			<trkpt lat="47.26805590098276" lon="18.989580355628444">
				<ele>100.12112736608833</ele>
				<time>2026-05-23T12:19:47Z</time>
			</trkpt>
			<trkpt lat="47.26809354256812" lon="18.9895736366237">
				<ele>99.0149960713461</ele>
				<time>2026-05-23T12:19:51Z</time>
			</trkpt>
			<trkpt lat="47.26810748433531" lon="18.98958229337706">
				<ele>98.660355665721</ele>
				<time>2026-05-23T12:19:52Z</time>
			</trkpt>
			<trkpt lat="47.26812902348831" lon="18.989580183425062">
				<ele>99.07447072397918</ele>
				<time>2026-05-23T12:19:55Z</time>
			</trkpt>
			<trkpt lat="47.26815493061162" lon="18.98957305297237">
				<ele>98.7434881394729</ele>
				<time>2026-05-23T12:19:58Z</time>
			</trkpt>
			<trkpt lat="47.268190005529526" lon="18.98956877019316">
				<ele>98.2597520435229</ele>
				<time>2026-05-23T12:20:01Z</time>
			</trkpt>
			<trkpt lat="47.26820810132115" lon="18.989566063654213">
				<ele>98.54480348154902</ele>
				<time>2026-05-23T12:20:03Z</time>
			</trkpt>
			<trkpt lat="47.26822348515677" lon="18.989574219678808">
				<ele>98.03687912691385</ele>
				<time>2026-05-23T12:20:04Z</time>
			</trkpt>
			<trkpt lat="47.26826194054564" lon="18.989570452997857">
				<ele>98.39854315947741</ele>
				<time>2026-05-23T12:20:08Z</time>
			</trkpt>
			<trkpt lat="47.26827928192431" lon="18.98957230574992">
				<ele>98.5630300566554</ele>
				<time>2026-05-23T12:20:10Z</time>
			</trkpt>
			<trkpt lat="47.26831161477049" lon="18.989571431978252">
				<ele>98.43428061436862</ele>
				<time>2026-05-23T12:20:13Z</time>
			</trkpt>
			<trkpt lat="47.26833800114856" lon="18.989575813670033">
				<ele>98.67767546046525</ele>
				<time>2026-05-23T12:20:15Z</time>
			</trkpt>
			<trkpt lat="47.268366125815625" lon="18.989578199190408">
				<ele>99.42344656027853</ele>
				<time>2026-05-23T12:20:17Z</time>
			</trkpt>
			<trkpt lat="47.26838539095786" lon="18.98959223245362">
				<ele>99.82092757429928</ele>
				<time>2026-05-23T12:20:19Z</time>
			</trkpt>
			<trkpt lat="47.26840431409218" lon="18.989604123599886">
				<ele>98.71013423986733</ele>
				<time>2026-05-23T12:20:21Z</time>
			</trkpt>
			<trkpt lat="47.26842019047626" lon="18.989617226651234">
				<ele>98.84656313899904</ele>
				<time>2026-05-23T12:20:24Z</time>
			</trkpt>
			<trkpt lat="47.26843993790723" lon="18.989629117208686">
				<ele>99.01909645926207</ele>
				<time>2026-05-23T12:20:26Z</time>
			</trkpt>
			<trkpt lat="47.268459177423274" lon="18.98964722748278">
				<ele>98.33889733348042</ele>
				<time>2026-05-23T12:20:28Z</time>
			</trkpt>
			<trkpt lat="47.26849030826368" lon="18.989660532435376">
				<ele>98.00356404297054</ele>
				<time>2026-05-23T12:20:31Z</time>
			</trkpt>
			<trkpt lat="47.26851165714749" lon="18.989667162199193">
				<ele>98.37484178878367</ele>
				<time>2026-05-23T12:20:33Z</time>
			</trkpt>
			<trkpt lat="47.26852987559839" lon="18.98967891305018">
				<ele>98.29718943592161</ele>
				<time>2026-05-23T12:20:35Z</time>
			</trkpt>
			<trkpt lat="47.26854697699965" lon="18.989699473542714">
				<ele>97.98536152299494</ele>
				<time>2026-05-23T12:20:37Z</time>
			</trkpt>
			<trkpt lat="47.26855919553288" lon="18.989728679990616">
				<ele>98.6759229991585</ele>
				<time>2026-05-23T12:20:39Z</time>
			</trkpt>
			<trkpt lat="47.26857314322418" lon="18.989763636103298">
				<ele>97.8373767035082</ele>
				<time>2026-05-23T12:20:42Z</time>
			</trkpt>
			<trkpt lat="47.26858779870795" lon="18.989780814948666">
				<ele>97.53981237392873</ele>
				<time>2026-05-23T12:20:44Z</time>
			</trkpt>
			<trkpt lat="47.2686046485307" lon="18.98978445598037">
				<ele>99.2189211724326</ele>
				<time>2026-05-23T12:20:48Z</time>
			</trkpt>
			<trkpt lat="47.26861900145114" lon="18.989777843269625">
				<ele>99.09798439685255</ele>
				<time>2026-05-23T12:20:49Z</time>
			</trkpt>
			<trkpt lat="47.26864084152138" lon="18.989771495431825">
				<ele>97.91112219635397</ele>
				<time>2026-05-23T12:20:51Z</time>
			</trkpt>
			<trkpt lat="47.26866657330971" lon="18.989770315312448">
				<ele>97.54640056937933</ele>
				<time>2026-05-23T12:20:53Z</time>
			</trkpt>
			<trkpt lat="47.268697632377" lon="18.989763747614678">
				<ele>96.9987528026104</ele>
				<time>2026-05-23T12:20:55Z</time>
			</trkpt>
			<trkpt lat="47.26872636322728" lon="18.989751252364822">
				<ele>97.41621076501906</ele>
				<time>2026-05-23T12:20:57Z</time>
			</trkpt>
			<trkpt lat="47.268753284171105" lon="18.989738712472768">
				<ele>97.84158658795059</ele>
				<time>2026-05-23T12:20:59Z</time>
			</trkpt>
			<trkpt lat="47.26877884354935" lon="18.98972137698421">
				<ele>96.9396201306954</ele>
				<time>2026-05-23T12:21:02Z</time>
			</trkpt>
			<trkpt lat="47.26879628137947" lon="18.98970801682983">
				<ele>96.70611622836441</ele>
				<time>2026-05-23T12:21:04Z</time>
			</trkpt>
			<trkpt lat="47.26881988036408" lon="18.989688931979583">
				<ele>97.43066942598671</ele>
				<time>2026-05-23T12:21:06Z</time>
			</trkpt>
			<trkpt lat="47.26885483898192" lon="18.989656159769762">
				<ele>98.31293318793178</ele>
				<time>2026-05-23T12:21:09Z</time>
			</trkpt>
			<trkpt lat="47.26887637430513" lon="18.98964926798487">
				<ele>99.50319066084921</ele>
				<time>2026-05-23T12:21:11Z</time>
			</trkpt>
			<trkpt lat="47.2689070298461" lon="18.989644406966203">
				<ele>100.03312251064926</ele>
				<time>2026-05-23T12:21:14Z</time>
			</trkpt>
			<trkpt lat="47.2689183643975" lon="18.98965751048248">
				<ele>99.80365302786231</ele>
				<time>2026-05-23T12:21:15Z</time>
			</trkpt>
			<trkpt lat="47.26895046222739" lon="18.98966020246636">
				<ele>99.9613625202328</ele>
				<time>2026-05-23T12:21:18Z</time>
			</trkpt>
			<trkpt lat="47.2689780310384" lon="18.989652656763152">
				<ele>100.44035979546607</ele>
				<time>2026-05-23T12:21:20Z</time>
			</trkpt>
			<trkpt lat="47.26900573715107" lon="18.98964849743567">
				<ele>100.00644812174141</ele>
				<time>2026-05-23T12:21:22Z</time>
			</trkpt>
			<trkpt lat="47.26902966976186" lon="18.989650529822487">
				<ele>100.26066233403981</ele>
				<time>2026-05-23T12:21:24Z</time>
			</trkpt>
			<trkpt lat="47.26905250384334" lon="18.989655416107215">
				<ele>100.17778918053955</ele>
				<time>2026-05-23T12:21:26Z</time>
			</trkpt>
			<trkpt lat="47.2690814318728" lon="18.989661601144864">
				<ele>99.7246298538521</ele>
				<time>2026-05-23T12:21:28Z</time>
			</trkpt>
			<trkpt lat="47.26910895125489" lon="18.989665939333136">
				<ele>99.23173180781305</ele>
				<time>2026-05-23T12:21:30Z</time>
			</trkpt>
			<trkpt lat="47.26913231436778" lon="18.98968419701166">
				<ele>99.38765769638121</ele>
				<time>2026-05-23T12:21:32Z</time>
			</trkpt>
			<trkpt lat="47.26915505474299" lon="18.98969524177814">
				<ele>99.6355634573847</ele>
				<time>2026-05-23T12:21:34Z</time>
			</trkpt>
			<trkpt lat="47.26917759998186" lon="18.98971293089179">
				<ele>98.56634703837335</ele>
				<time>2026-05-23T12:21:37Z</time>
			</trkpt>
			<trkpt lat="47.26920450365461" lon="18.989716658582555">
				<ele>98.11508372239769</ele>
				<time>2026-05-23T12:21:40Z</time>
			</trkpt>
			<trkpt lat="47.26923367798661" lon="18.989711121303024">
				<ele>98.19773062225431</ele>
				<time>2026-05-23T12:21:43Z</time>
			</trkpt>
			<trkpt lat="47.269245323796646" lon="18.98970581551123">
				<ele>97.4709672788158</ele>
				<time>2026-05-23T12:21:44Z</time>
			</trkpt>
			<trkpt lat="47.26927155046921" lon="18.989693966836764">
				<ele>96.69823318906128</ele>
				<time>2026-05-23T12:21:46Z</time>
			</trkpt>
			<trkpt lat="47.269297534685755" lon="18.989679470379023">
				<ele>96.48413078859448</ele>
				<time>2026-05-23T12:21:48Z</time>
			</trkpt>
			<trkpt lat="47.26932424269243" lon="18.98965963177514">
				<ele>96.45948731899261</ele>
				<time>2026-05-23T12:21:50Z</time>
			</trkpt>
			<trkpt lat="47.26934588095674" lon="18.989643989648865">
				<ele>95.89557630382478</ele>
				<time>2026-05-23T12:21:52Z</time>
			</trkpt>
			<trkpt lat="47.269364465998244" lon="18.98963329789297">
				<ele>97.83926814701408</ele>
				<time>2026-05-23T12:21:54Z</time>
			</trkpt>
			<trkpt lat="47.26938804564076" lon="18.989610576705243">
				<ele>98.15008787903935</ele>
				<time>2026-05-23T12:21:56Z</time>
			</trkpt>
			<trkpt lat="47.269410239829696" lon="18.98960029888201">
				<ele>99.22503361292183</ele>
				<time>2026-05-23T12:21:58Z</time>
			</trkpt>
			<trkpt lat="47.26944405744374" lon="18.989590731259902">
				<ele>100.2926538810134</ele>
				<time>2026-05-23T12:22:01Z</time>
			</trkpt>
			<trkpt lat="47.26946489858772" lon="18.98958636583605">
				<ele>99.16319449339062</ele>
				<time>2026-05-23T12:22:03Z</time>
			</trkpt>
			<trkpt lat="47.26948242369056" lon="18.989578145259678">
				<ele>98.63546676561236</ele>
				<time>2026-05-23T12:22:05Z</time>
			</trkpt>
			<trkpt lat="47.26950065568968" lon="18.989570104132504">
				<ele>98.97666206862777</ele>
				<time>2026-05-23T12:22:07Z</time>
			</trkpt>
			<trkpt lat="47.26951860032023" lon="18.989562783528196">
				<ele>97.92996669188142</ele>
				<time>2026-05-23T12:22:09Z</time>
			</trkpt>
			<trkpt lat="47.269543330734365" lon="18.989557547356625">
				<ele>98.45234885532409</ele>
				<time>2026-05-23T12:22:11Z</time>
			</trkpt>
			<trkpt lat="47.2695655748591" lon="18.989559404152992">
				<ele>98.49709950014949</ele>
				<time>2026-05-23T12:22:13Z</time>
			</trkpt>
			<trkpt lat="47.26958859785156" lon="18.989561605596695">
				<ele>97.76638100296259</ele>
				<time>2026-05-23T12:22:15Z</time>
			</trkpt>
			<trkpt lat="47.26961404623744" lon="18.98955825948646">
				<ele>97.44605193659663</ele>
				<time>2026-05-23T12:22:17Z</time>
			</trkpt>
			<trkpt lat="47.26962932131182" lon="18.98956745416232">
				<ele>97.79843684379011</ele>
				<time>2026-05-23T12:22:18Z</time>
			</trkpt>
			<trkpt lat="47.26965466445957" lon="18.98957968585202">
				<ele>97.79776844289154</ele>
				<time>2026-05-23T12:22:20Z</time>
			</trkpt>
			<trkpt lat="47.26967953754625" lon="18.98959744187192">
				<ele>98.82343838177621</ele>
				<time>2026-05-23T12:22:22Z</time>
			</trkpt>
			<trkpt lat="47.26969181655805" lon="18.989591114435104">
				<ele>98.66777175385505</ele>
				<time>2026-05-23T12:22:23Z</time>
			</trkpt>
			<trkpt lat="47.26971332049528" lon="18.98960138743504">
				<ele>98.94567330367863</ele>
				<time>2026-05-23T12:22:25Z</time>
			</trkpt>
			<trkpt lat="47.26974965747849" lon="18.98960864903445">
				<ele>98.23513438273221</ele>
				<time>2026-05-23T12:22:28Z</time>
			</trkpt>
			<trkpt lat="47.26979458188217" lon="18.98959099125292">
				<ele>98.26815376523882</ele>
				<time>2026-05-23T12:22:32Z</time>
			</trkpt>
			<trkpt lat="47.26981160441347" lon="18.989577579588136">
				<ele>98.2072953460738</ele>
				<time>2026-05-23T12:22:34Z</time>
			</trkpt>
			<trkpt lat="47.269833230984894" lon="18.989567340072437">
				<ele>98.31025566067547</ele>
				<time>2026-05-23T12:22:36Z</time>
			</trkpt>
			<trkpt lat="47.26986482188626" lon="18.989558167511927">
				<ele>97.83149114530534</ele>
				<time>2026-05-23T12:22:39Z</time>
			</trkpt>
			<trkpt lat="47.26989447175849" lon="18.989548671026835">
				<ele>98.20964866224676</ele>
				<time>2026-05-23T12:22:42Z</time>
			</trkpt>
			<trkpt lat="47.26992484501564" lon="18.989532915915607">
				<ele>98.45406879577786</ele>
				<time>2026-05-23T12:22:45Z</time>
			</trkpt>
			<trkpt lat="47.269937779795136" lon="18.98952748082314">
				<ele>98.45502915140241</ele>
				<time>2026-05-23T12:22:47Z</time>
			</trkpt>
			<trkpt lat="47.26994791461297" lon="18.989521289102207">
				<ele>98.32796386722475</ele>
				<time>2026-05-23T12:22:49Z</time>
			</trkpt>
			<trkpt lat="47.269957905660355" lon="18.989510839021257">
				<ele>98.46420940477401</ele>
				<time>2026-05-23T12:22:51Z</time>
			</trkpt>
			<trkpt lat="47.269973949407884" lon="18.989486180320604">
				<ele>98.12764049228281</ele>
				<time>2026-05-23T12:22:53Z</time>
			</trkpt>
			<trkpt lat="47.269992142195626" lon="18.98945294405184">
				<ele>98.3113495837897</ele>
				<time>2026-05-23T12:22:55Z</time>
			</trkpt>
			<trkpt lat="47.27000344048528" lon="18.989428451943823">
				<ele>98.54152942635119</ele>
				<time>2026-05-23T12:22:57Z</time>
			</trkpt>
			<trkpt lat="47.27001365243892" lon="18.989412214394996">
				<ele>98.45101197436452</ele>
				<time>2026-05-23T12:22:59Z</time>
			</trkpt>
			<trkpt lat="47.270030242758835" lon="18.989380083229968">
				<ele>98.04735741391778</ele>
				<time>2026-05-23T12:23:01Z</time>
			</trkpt>
			<trkpt lat="47.27004851617265" lon="18.989340908469057">
				<ele>98.44527068547904</ele>
				<time>2026-05-23T12:23:03Z</time>
			</trkpt>
			<trkpt lat="47.27007185361777" lon="18.989286562019842">
				<ele>99.01992349792272</ele>
				<time>2026-05-23T12:23:06Z</time>
			</trkpt>
			<trkpt lat="47.27008709526165" lon="18.989245285705014">
				<ele>100.31642011087388</ele>
				<time>2026-05-23T12:23:08Z</time>
			</trkpt>
			<trkpt lat="47.27009819378183" lon="18.989209836739985">
				<ele>99.39707279670984</ele>
				<time>2026-05-23T12:23:10Z</time>
			</trkpt>
			<trkpt lat="47.2701086045319" lon="18.98917773511328">
				<ele>99.18606947548687</ele>
				<time>2026-05-23T12:23:12Z</time>
			</trkpt>
			<trkpt lat="47.27011767007474" lon="18.98914762945152">
				<ele>99.33992879558355</ele>
				<time>2026-05-23T12:23:14Z</time>
			</trkpt>
			<trkpt lat="47.2701300071522" lon="18.98911938496331">
				<ele>98.78729466442019</ele>
				<time>2026-05-23T12:23:16Z</time>
			</trkpt>
			<trkpt lat="47.270144690538615" lon="18.989096070194254">
				<ele>99.11203740630299</ele>
				<time>2026-05-23T12:23:18Z</time>
			</trkpt>
			<trkpt lat="47.27016089404079" lon="18.98907374622392">
				<ele>98.21239485498518</ele>
				<time>2026-05-23T12:23:20Z</time>
			</trkpt>
			<trkpt lat="47.27017507243703" lon="18.989050727132494">
				<ele>99.15688483696431</ele>
				<time>2026-05-23T12:23:22Z</time>
			</trkpt>
			<trkpt lat="47.270201429401325" lon="18.989021224919277">
				<ele>98.31917999498546</ele>
				<time>2026-05-23T12:23:25Z</time>
			</trkpt>
			<trkpt lat="47.2702246540404" lon="18.989007694386967">
				<ele>99.28556241933256</ele>
				<time>2026-05-23T12:23:27Z</time>
			</trkpt>
			<trkpt lat="47.2702494801338" lon="18.988997315386264">
				<ele>99.49734503496438</ele>
				<time>2026-05-23T12:23:29Z</time>
			</trkpt>
			<trkpt lat="47.27026522792433" lon="18.988996273895115">
				<ele>98.89612538646907</ele>
				<time>2026-05-23T12:23:31Z</time>
			</trkpt>
			<trkpt lat="47.27028139131555" lon="18.988998462292933">
				<ele>100.06046117004007</ele>
				<time>2026-05-23T12:23:32Z</time>
			</trkpt>
			<trkpt lat="47.270298801017354" lon="18.9889963687668">
				<ele>99.20441298000515</ele>
				<time>2026-05-23T12:23:33Z</time>
			</trkpt>
			<trkpt lat="47.27032726462962" lon="18.988984606597338">
				<ele>98.52799061033875</ele>
				<time>2026-05-23T12:23:35Z</time>
			</trkpt>
			<trkpt lat="47.270354275896544" lon="18.988974793096848">
				<ele>98.74712081998587</ele>
				<time>2026-05-23T12:23:37Z</time>
			</trkpt>
			<trkpt lat="47.27037120126361" lon="18.988969350600875">
				<ele>99.3316513299942</ele>
				<time>2026-05-23T12:23:38Z</time>
			</trkpt>
			<trkpt lat="47.27040397513826" lon="18.988962517153553">
				<ele>98.75534536782652</ele>
				<time>2026-05-23T12:23:40Z</time>
			</trkpt>
			<trkpt lat="47.270431826530086" lon="18.988964947741785">
				<ele>97.7909247521311</ele>
				<time>2026-05-23T12:23:42Z</time>
			</trkpt>
			<trkpt lat="47.27045590001731" lon="18.988964175444128">
				<ele>97.6217829156667</ele>
				<time>2026-05-23T12:23:44Z</time>
			</trkpt>
			<trkpt lat="47.270482082407185" lon="18.98895805386555">
				<ele>97.27813122794032</ele>
				<time>2026-05-23T12:23:46Z</time>
			</trkpt>
			<trkpt lat="47.27050406724618" lon="18.988961994314227">
				<ele>97.19321039505303</ele>
				<time>2026-05-23T12:23:48Z</time>
			</trkpt>
			<trkpt lat="47.27052812709588" lon="18.988963460547808">
				<ele>97.68027590122074</ele>
				<time>2026-05-23T12:23:50Z</time>
			</trkpt>
			<trkpt lat="47.27056591958821" lon="18.988977409031282">
				<ele>97.67018417268991</ele>
				<time>2026-05-23T12:23:54Z</time>
			</trkpt>
			<trkpt lat="47.27057329356959" lon="18.988961137289078">
				<ele>97.58365798555315</ele>
				<time>2026-05-23T12:23:55Z</time>
			</trkpt>
			<trkpt lat="47.270593433252515" lon="18.988945804381714">
				<ele>98.65023784898221</ele>
				<time>2026-05-23T12:23:57Z</time>
			</trkpt>
			<trkpt lat="47.27061642450644" lon="18.98893915634151">
				<ele>98.37735936418176</ele>
				<time>2026-05-23T12:23:59Z</time>
			</trkpt>
			<trkpt lat="47.27064007077746" lon="18.988919221250004">
				<ele>97.97366420459002</ele>
				<time>2026-05-23T12:24:02Z</time>
			</trkpt>
			<trkpt lat="47.27066060318361" lon="18.98889260576177">
				<ele>98.0281505100429</ele>
				<time>2026-05-23T12:24:04Z</time>
			</trkpt>
			<trkpt lat="47.270681656751194" lon="18.988879943371785">
				<ele>98.4487240826711</ele>
				<time>2026-05-23T12:24:06Z</time>
			</trkpt>
			<trkpt lat="47.27069938776695" lon="18.988866464243156">
				<ele>98.35131403338164</ele>
				<time>2026-05-23T12:24:08Z</time>
			</trkpt>
			<trkpt lat="47.27071216272309" lon="18.988846530733436">
				<ele>98.54493033699691</ele>
				<time>2026-05-23T12:24:11Z</time>
			</trkpt>
			<trkpt lat="47.27072867193235" lon="18.988825314933127">
				<ele>98.60174025502056</ele>
				<time>2026-05-23T12:24:13Z</time>
			</trkpt>
			<trkpt lat="47.27074915012706" lon="18.988801289476832">
				<ele>98.03917931951582</ele>
				<time>2026-05-23T12:24:15Z</time>
			</trkpt>
			<trkpt lat="47.27076960981665" lon="18.9887814837416">
				<ele>98.09546119719744</ele>
				<time>2026-05-23T12:24:17Z</time>
			</trkpt>
			<trkpt lat="47.27079309669367" lon="18.988767764246">
				<ele>97.74350703321397</ele>
				<time>2026-05-23T12:24:19Z</time>
			</trkpt>
			<trkpt lat="47.27080966535195" lon="18.98876375472622">
				<ele>98.06642593909055</ele>
				<time>2026-05-23T12:24:21Z</time>
			</trkpt>
			<trkpt lat="47.27082685530968" lon="18.98875517537435">
				<ele>97.92383540421724</ele>
				<time>2026-05-23T12:24:22Z</time>
			</trkpt>
			<trkpt lat="47.270855359632485" lon="18.98873166977066">
				<ele>97.64319642167538</ele>
				<time>2026-05-23T12:24:24Z</time>
			</trkpt>
			<trkpt lat="47.2708732910615" lon="18.988714367816538">
				<ele>97.46202985662967</ele>
				<time>2026-05-23T12:24:25Z</time>
			</trkpt>
			<trkpt lat="47.27091078616805" lon="18.98865292353303">
				<ele>97.79396827705204</ele>
				<time>2026-05-23T12:24:29Z</time>
			</trkpt>
			<trkpt lat="47.27091996604029" lon="18.98861332319437">
				<ele>97.45892776548862</ele>
				<time>2026-05-23T12:24:32Z</time>
			</trkpt>
			<trkpt lat="47.27092481367054" lon="18.98858504841561">
				<ele>96.33972768113017</ele>
				<time>2026-05-23T12:24:34Z</time>
			</trkpt>
			<trkpt lat="47.27092805616661" lon="18.9885667944874">
				<ele>97.93444436322898</ele>
				<time>2026-05-23T12:24:36Z</time>
			</trkpt>
			<trkpt lat="47.27093255593337" lon="18.98853992977073">
				<ele>96.72029966115952</ele>
				<time>2026-05-23T12:24:38Z</time>
			</trkpt>
			<trkpt lat="47.27093488426728" lon="18.988518173163158">
				<ele>97.16027156636119</ele>
				<time>2026-05-23T12:24:40Z</time>
			</trkpt>
			<trkpt lat="47.270935245180894" lon="18.9884827927043">
				<ele>97.70201762579381</ele>
				<time>2026-05-23T12:24:42Z</time>
			</trkpt>
			<trkpt lat="47.27093530749001" lon="18.988440363174757">
				<ele>97.40605705603957</ele>
				<time>2026-05-23T12:24:44Z</time>
			</trkpt>
			<trkpt lat="47.27093211933859" lon="18.988401563142833">
				<ele>97.61082428321242</ele>
				<time>2026-05-23T12:24:46Z</time>
			</trkpt>
			<trkpt lat="47.27092739428043" lon="18.988363166583948">
				<ele>97.18757481407374</ele>
				<time>2026-05-23T12:24:48Z</time>
			</trkpt>
			<trkpt lat="47.27092068547353" lon="18.988327476759775">
				<ele>97.13906393200159</ele>
				<time>2026-05-23T12:24:50Z</time>
			</trkpt>
			<trkpt lat="47.27091541247037" lon="18.98828992301551">
				<ele>97.86206202115864</ele>
				<time>2026-05-23T12:24:52Z</time>
			</trkpt>
			<trkpt lat="47.27091228515743" lon="18.988238167276698">
				<ele>98.78495251201093</ele>
				<time>2026-05-23T12:24:54Z</time>
			</trkpt>
			<trkpt lat="47.27090851768367" lon="18.988196964875467">
				<ele>99.17849871329963</ele>
				<time>2026-05-23T12:24:56Z</time>
			</trkpt>
			<trkpt lat="47.27091140643968" lon="18.988161194525787">
				<ele>100.00722778402269</ele>
				<time>2026-05-23T12:24:58Z</time>
			</trkpt>
			<trkpt lat="47.27091416010689" lon="18.988123499946695">
				<ele>99.5161259053275</ele>
				<time>2026-05-23T12:25:00Z</time>
			</trkpt>
			<trkpt lat="47.27091245792294" lon="18.988084082200942">
				<ele>99.20861136075109</ele>
				<time>2026-05-23T12:25:02Z</time>
			</trkpt>
			<trkpt lat="47.2709215508079" lon="18.988034918917716">
				<ele>99.32714727148414</ele>
				<time>2026-05-23T12:25:05Z</time>
			</trkpt>
			<trkpt lat="47.270923137904944" lon="18.98799894955961">
				<ele>99.93338182475418</ele>
				<time>2026-05-23T12:25:07Z</time>
			</trkpt>
			<trkpt lat="47.270920306219054" lon="18.98796715627398">
				<ele>99.65323693491518</ele>
				<time>2026-05-23T12:25:09Z</time>
			</trkpt>
			<trkpt lat="47.27092322182335" lon="18.987955778443062">
				<ele>99.21633391361684</ele>
				<time>2026-05-23T12:25:11Z</time>
			</trkpt>
			<trkpt lat="47.2709224535708" lon="18.98794170545199">
				<ele>99.01522032916546</ele>
				<time>2026-05-23T12:25:12Z</time>
			</trkpt>
			<trkpt lat="47.270920487030246" lon="18.98791054574684">
				<ele>99.37846616655588</ele>
				<time>2026-05-23T12:25:14Z</time>
			</trkpt>
			<trkpt lat="47.270922172083296" lon="18.987872510290654">
				<ele>99.0198654551059</ele>
				<time>2026-05-23T12:25:16Z</time>
			</trkpt>
			<trkpt lat="47.27092415477241" lon="18.987827350097294">
				<ele>99.81762764137238</ele>
				<time>2026-05-23T12:25:18Z</time>
			</trkpt>
			<trkpt lat="47.27092270904735" lon="18.98779073643871">
				<ele>99.03919560834765</ele>
				<time>2026-05-23T12:25:20Z</time>
			</trkpt>
			<trkpt lat="47.27091853407866" lon="18.98775022125907">
				<ele>98.69632808025926</ele>
				<time>2026-05-23T12:25:22Z</time>
			</trkpt>
			<trkpt lat="47.27092230973614" lon="18.987710561169106">
				<ele>99.36583780217916</ele>
				<time>2026-05-23T12:25:24Z</time>
			</trkpt>
			<trkpt lat="47.27092028676806" lon="18.987691478657677">
				<ele>98.82213278021663</ele>
				<time>2026-05-23T12:25:25Z</time>
			</trkpt>
			<trkpt lat="47.2709207722264" lon="18.98765342901578">
				<ele>98.98837930243462</ele>
				<time>2026-05-23T12:25:27Z</time>
			</trkpt>
			<trkpt lat="47.27092192258184" lon="18.9876178825067">
				<ele>98.26733399741352</ele>
				<time>2026-05-23T12:25:29Z</time>
			</trkpt>
			<trkpt lat="47.27092808774311" lon="18.987582691663828">
				<ele>98.51352907530963</ele>
				<time>2026-05-23T12:25:31Z</time>
			</trkpt>
			<trkpt lat="47.27093147680759" lon="18.98754505626399">
				<ele>98.4810290178284</ele>
				<time>2026-05-23T12:25:33Z</time>
			</trkpt>
			<trkpt lat="47.27092852629384" lon="18.987519976277103">
				<ele>98.63142270315439</ele>
				<time>2026-05-23T12:25:34Z</time>
			</trkpt>
			<trkpt lat="47.2709321401778" lon="18.987480320148833">
				<ele>98.81586542539299</ele>
				<time>2026-05-23T12:25:36Z</time>
			</trkpt>
			<trkpt lat="47.270943282121884" lon="18.9874456122111">
				<ele>99.46618012245744</ele>
				<time>2026-05-23T12:25:38Z</time>
			</trkpt>
			<trkpt lat="47.270950364875645" lon="18.987408117226327">
				<ele>98.98841148335487</ele>
				<time>2026-05-23T12:25:40Z</time>
			</trkpt>
			<trkpt lat="47.27094884282083" lon="18.987380072207042">
				<ele>98.68680504336953</ele>
				<time>2026-05-23T12:25:43Z</time>
			</trkpt>
			<trkpt lat="47.27095344303185" lon="18.98736657765455">
				<ele>98.06988549232483</ele>
				<time>2026-05-23T12:25:44Z</time>
			</trkpt>
			<trkpt lat="47.27095276772543" lon="18.987346985345347">
				<ele>98.01783551089466</ele>
				<time>2026-05-23T12:25:45Z</time>
			</trkpt>
			<trkpt lat="47.27094913086508" lon="18.98730502132904">
				<ele>98.7366548916325</ele>
				<time>2026-05-23T12:25:47Z</time>
			</trkpt>
			<trkpt lat="47.270948934260346" lon="18.987260808659236">
				<ele>98.56688002496958</ele>
				<time>2026-05-23T12:25:49Z</time>
			</trkpt>
			<trkpt lat="47.270951960887096" lon="18.987227969758642">
				<ele>99.19558753445745</ele>
				<time>2026-05-23T12:25:51Z</time>
			</trkpt>
			<trkpt lat="47.270959626471836" lon="18.98719534591678">
				<ele>99.16086879372597</ele>
				<time>2026-05-23T12:25:53Z</time>
			</trkpt>
			<trkpt lat="47.270961910495636" lon="18.9871527723779">
				<ele>99.30731323082</ele>
				<time>2026-05-23T12:25:55Z</time>
			</trkpt>
			<trkpt lat="47.270966520075085" lon="18.987110611719217">
				<ele>99.85650195740163</ele>
				<time>2026-05-23T12:25:57Z</time>
			</trkpt>
			<trkpt lat="47.2709627278022" lon="18.98706196698568">
				<ele>100.26908723823726</ele>
				<time>2026-05-23T12:25:59Z</time>
			</trkpt>
			<trkpt lat="47.270965634905785" lon="18.987013139688898">
				<ele>98.36838468629867</ele>
				<time>2026-05-23T12:26:02Z</time>
			</trkpt>
			<trkpt lat="47.270967435200184" lon="18.986980462393422">
				<ele>98.41966542508453</ele>
				<time>2026-05-23T12:26:04Z</time>
			</trkpt>
			<trkpt lat="47.270969428752466" lon="18.986946058050975">
				<ele>98.40153187420219</ele>
				<time>2026-05-23T12:26:06Z</time>
			</trkpt>
			<trkpt lat="47.27096923439096" lon="18.986904125789472">
				<ele>98.42001722566783</ele>
				<time>2026-05-23T12:26:08Z</time>
			</trkpt>
			<trkpt lat="47.27097563529792" lon="18.986870156215744">
				<ele>99.57041172496974</ele>
				<time>2026-05-23T12:26:10Z</time>
			</trkpt>
			<trkpt lat="47.270977795021494" lon="18.98683251649779">
				<ele>99.3174221450463</ele>
				<time>2026-05-23T12:26:12Z</time>
			</trkpt>
			<trkpt lat="47.270983978643855" lon="18.98679056884458">
				<ele>99.59585098177195</ele>
				<time>2026-05-23T12:26:14Z</time>
			</trkpt>
			<trkpt lat="47.270984830905086" lon="18.986766134239435">
				<ele>99.39608536567539</ele>
				<time>2026-05-23T12:26:15Z</time>
			</trkpt>
			<trkpt lat="47.27098621681804" lon="18.986729724108564">
				<ele>98.92150648590177</ele>
				<time>2026-05-23T12:26:17Z</time>
			</trkpt>
			<trkpt lat="47.27099422413464" lon="18.986700555794542">
				<ele>98.87593514006585</ele>
				<time>2026-05-23T12:26:19Z</time>
			</trkpt>
			<trkpt lat="47.27100486414775" lon="18.98667404609768">
				<ele>98.10482939239591</ele>
				<time>2026-05-23T12:26:21Z</time>
			</trkpt>
			<trkpt lat="47.271006259996426" lon="18.98665373674176">
				<ele>98.05988531373441</ele>
				<time>2026-05-23T12:26:22Z</time>
			</trkpt>
			<trkpt lat="47.27100894751536" lon="18.98662930963001">
				<ele>99.59611385408789</ele>
				<time>2026-05-23T12:26:23Z</time>
			</trkpt>
			<trkpt lat="47.27101760041908" lon="18.986597589728223">
				<ele>98.95256202388555</ele>
				<time>2026-05-23T12:26:26Z</time>
			</trkpt>
			<trkpt lat="47.27102218557099" lon="18.98656052854082">
				<ele>98.18149611353874</ele>
				<time>2026-05-23T12:26:28Z</time>
			</trkpt>
			<trkpt lat="47.27102679775116" lon="18.98652481853619">
				<ele>98.60335836466402</ele>
				<time>2026-05-23T12:26:30Z</time>
			</trkpt>
			<trkpt lat="47.271033300005655" lon="18.98649153709516">
				<ele>98.35294551495463</ele>
				<time>2026-05-23T12:26:33Z</time>
			</trkpt>
			<trkpt lat="47.27103576734671" lon="18.98646337196537">
				<ele>98.45239262003452</ele>
				<time>2026-05-23T12:26:35Z</time>
			</trkpt>
			<trkpt lat="47.271046156438366" lon="18.986431564410967">
				<ele>99.01795630063862</ele>
				<time>2026-05-23T12:26:38Z</time>
			</trkpt>
			<trkpt lat="47.27104715944861" lon="18.98638776746049">
				<ele>99.52852459345013</ele>
				<time>2026-05-23T12:26:40Z</time>
			</trkpt>
			<trkpt lat="47.27105763927624" lon="18.986345951714906">
				<ele>99.10697622224689</ele>
				<time>2026-05-23T12:26:42Z</time>
			</trkpt>
			<trkpt lat="47.27106740567538" lon="18.986307323228168">
				<ele>99.62950543127954</ele>
				<time>2026-05-23T12:26:45Z</time>
			</trkpt>
			<trkpt lat="47.27107536671046" lon="18.98628819051758">
				<ele>99.71488155052066</ele>
				<time>2026-05-23T12:26:47Z</time>
			</trkpt>
			<trkpt lat="47.271080114596124" lon="18.986258807534664">
				<ele>99.24961918592453</ele>
				<time>2026-05-23T12:26:48Z</time>
			</trkpt>
			<trkpt lat="47.27109258061917" lon="18.98622115715842">
				<ele>98.9051518207416</ele>
				<time>2026-05-23T12:26:50Z</time>
			</trkpt>
			<trkpt lat="47.27110849709583" lon="18.986190979358764">
				<ele>98.3322702459991</ele>
				<time>2026-05-23T12:26:52Z</time>
			</trkpt>
			<trkpt lat="47.27112796569258" lon="18.98615902460315">
				<ele>98.86689997185022</ele>
				<time>2026-05-23T12:26:54Z</time>
			</trkpt>
			<trkpt lat="47.27114646732428" lon="18.986107304886463">
				<ele>99.14627458993345</ele>
				<time>2026-05-23T12:26:57Z</time>
			</trkpt>
			<trkpt lat="47.27115588613177" lon="18.986086432806317">
				<ele>98.46834568213671</ele>
				<time>2026-05-23T12:27:00Z</time>
			</trkpt>
			<trkpt lat="47.27116678295698" lon="18.986069553834877">
				<ele>98.43399321194738</ele>
				<time>2026-05-23T12:27:02Z</time>
			</trkpt>
			<trkpt lat="47.2711852033735" lon="18.98602769548272">
				<ele>98.19831921998411</ele>
				<time>2026-05-23T12:27:05Z</time>
			</trkpt>
			<trkpt lat="47.271208528092885" lon="18.985991460871613">
				<ele>98.98069500364363</ele>
				<time>2026-05-23T12:27:08Z</time>
			</trkpt>
			<trkpt lat="47.27123421226761" lon="18.98596477471347">
				<ele>98.81060646567494</ele>
				<time>2026-05-23T12:27:11Z</time>
			</trkpt>
			<trkpt lat="47.27126103782423" lon="18.985944720741244">
				<ele>98.76846267469227</ele>
				<time>2026-05-23T12:27:14Z</time>
			</trkpt>
			<trkpt lat="47.27128091456022" lon="18.98593259686915">
				<ele>98.99701216258109</ele>
				<time>2026-05-23T12:27:16Z</time>
			</trkpt>
			<trkpt lat="47.27130096241004" lon="18.985930087413678">
				<ele>98.90795477665961</ele>
				<time>2026-05-23T12:27:18Z</time>
			</trkpt>
			<trkpt lat="47.271311887008565" lon="18.985925432427976">
				<ele>98.27736191265285</ele>
				<time>2026-05-23T12:27:20Z</time>
			</trkpt>
			<trkpt lat="47.2713259564574" lon="18.985908931035357">
				<ele>98.86962901055813</ele>
				<time>2026-05-23T12:27:22Z</time>
			</trkpt>
			<trkpt lat="47.27134430286505" lon="18.985887411217075">
				<ele>98.6484041037038</ele>
				<time>2026-05-23T12:27:24Z</time>
			</trkpt>
			<trkpt lat="47.271366883562955" lon="18.98587083110867">
				<ele>99.37699513323605</ele>
				<time>2026-05-23T12:27:26Z</time>
			</trkpt>
			<trkpt lat="47.2713865396677" lon="18.985850442909605">
				<ele>98.8217016318813</ele>
				<time>2026-05-23T12:27:28Z</time>
			</trkpt>
			<trkpt lat="47.27139798966626" lon="18.98582112475753">
				<ele>98.74834840372205</ele>
				<time>2026-05-23T12:27:30Z</time>
			</trkpt>
			<trkpt lat="47.27141391908269" lon="18.985792676095645">
				<ele>99.54828287195414</ele>
				<time>2026-05-23T12:27:32Z</time>
			</trkpt>
			<trkpt lat="47.27142688582812" lon="18.985761579003384">
				<ele>99.22175521589816</ele>
				<time>2026-05-23T12:27:34Z</time>
			</trkpt>
			<trkpt lat="47.27143258759598" lon="18.985728578542467">
				<ele>99.37852841522545</ele>
				<time>2026-05-23T12:27:36Z</time>
			</trkpt>
			<trkpt lat="47.271442645793044" lon="18.98569337430802">
				<ele>99.2606073981151</ele>
				<time>2026-05-23T12:27:38Z</time>
			</trkpt>
			<trkpt lat="47.27145914045421" lon="18.98565877384787">
				<ele>99.88043589424342</ele>
				<time>2026-05-23T12:27:40Z</time>
			</trkpt>
			<trkpt lat="47.27146997343774" lon="18.985625516590936">
				<ele>100.05259144399315</ele>
				<time>2026-05-23T12:27:42Z</time>
			</trkpt>
			<trkpt lat="47.27148019196803" lon="18.985593205427055">
				<ele>99.46688379440457</ele>
				<time>2026-05-23T12:27:44Z</time>
			</trkpt>
			<trkpt lat="47.271491850063924" lon="18.985558639444655">
				<ele>100.1845921035856</ele>
				<time>2026-05-23T12:27:46Z</time>
			</trkpt>
			<trkpt lat="47.271508356779016" lon="18.985527244594078">
				<ele>100.3844068851322</ele>
				<time>2026-05-23T12:27:48Z</time>
			</trkpt>
			<trkpt lat="47.271526565530976" lon="18.98549515948645">
				<ele>99.08569062035531</ele>
				<time>2026-05-23T12:27:50Z</time>
			</trkpt>
			<trkpt lat="47.27153795678994" lon="18.98546401793988">
				<ele>99.4962529502809</ele>
				<time>2026-05-23T12:27:52Z</time>
			</trkpt>
			<trkpt lat="47.27155078264066" lon="18.985432703159052">
				<ele>99.29686993081123</ele>
				<time>2026-05-23T12:27:54Z</time>
			</trkpt>
			<trkpt lat="47.27156561585149" lon="18.985401758729434">
				<ele>99.92755569610745</ele>
				<time>2026-05-23T12:27:56Z</time>
			</trkpt>
			<trkpt lat="47.27157512513844" lon="18.985366898922337">
				<ele>99.64802418183535</ele>
				<time>2026-05-23T12:27:58Z</time>
			</trkpt>
			<trkpt lat="47.27159401007123" lon="18.985331024276633">
				<ele>99.1978390449658</ele>
				<time>2026-05-23T12:28:01Z</time>
			</trkpt>
			<trkpt lat="47.27160336491032" lon="18.985300144189257">
				<ele>99.07445932738483</ele>
				<time>2026-05-23T12:28:03Z</time>
			</trkpt>
			<trkpt lat="47.271611841575826" lon="18.985265070735302">
				<ele>99.50466719083488</ele>
				<time>2026-05-23T12:28:05Z</time>
			</trkpt>
			<trkpt lat="47.27161745403108" lon="18.985229743718815">
				<ele>99.03236996289343</ele>
				<time>2026-05-23T12:28:07Z</time>
			</trkpt>
			<trkpt lat="47.271628580166706" lon="18.985215614478918">
				<ele>98.51401143334806</ele>
				<time>2026-05-23T12:28:08Z</time>
			</trkpt>
			<trkpt lat="47.27164310707637" lon="18.985180083606227">
				<ele>99.19312610756606</ele>
				<time>2026-05-23T12:28:10Z</time>
			</trkpt>
			<trkpt lat="47.27165084118217" lon="18.985135935584477">
				<ele>99.35057484079152</ele>
				<time>2026-05-23T12:28:12Z</time>
			</trkpt>
			<trkpt lat="47.271671372185864" lon="18.98509855635618">
				<ele>98.90851860586554</ele>
				<time>2026-05-23T12:28:15Z</time>
			</trkpt>
			<trkpt lat="47.27168337517102" lon="18.98507671456704">
				<ele>98.0924799060449</ele>
				<time>2026-05-23T12:28:17Z</time>
			</trkpt>
			<trkpt lat="47.27169007103229" lon="18.985060184362247">
				<ele>97.72745788097382</ele>
				<time>2026-05-23T12:28:19Z</time>
			</trkpt>
			<trkpt lat="47.27170011762704" lon="18.985038510726923">
				<ele>97.73929441347718</ele>
				<time>2026-05-23T12:28:21Z</time>
			</trkpt>
			<trkpt lat="47.27171398652654" lon="18.98497099226485">
				<ele>98.50322340987623</ele>
				<time>2026-05-23T12:28:25Z</time>
			</trkpt>
			<trkpt lat="47.27172328408781" lon="18.98493619690194">
				<ele>97.64553875289857</ele>
				<time>2026-05-23T12:28:27Z</time>
			</trkpt>
			<trkpt lat="47.27173568651149" lon="18.98491059964051">
				<ele>98.06556097697467</ele>
				<time>2026-05-23T12:28:29Z</time>
			</trkpt>
			<trkpt lat="47.27175979494876" lon="18.98488094353506">
				<ele>97.5934392856434</ele>
				<time>2026-05-23T12:28:32Z</time>
			</trkpt>
			<trkpt lat="47.27177125407198" lon="18.984863209879276">
				<ele>97.47743128612638</ele>
				<time>2026-05-23T12:28:33Z</time>
			</trkpt>
			<trkpt lat="47.27178912236293" lon="18.984829989520893">
				<ele>98.28997338190675</ele>
				<time>2026-05-23T12:28:37Z</time>
			</trkpt>
			<trkpt lat="47.27178923053009" lon="18.984811756052725">
				<ele>98.07209050562233</ele>
				<time>2026-05-23T12:28:38Z</time>
			</trkpt>
			<trkpt lat="47.27179770382943" lon="18.984783851187547">
				<ele>98.01529921032488</ele>
				<time>2026-05-23T12:28:40Z</time>
			</trkpt>
			<trkpt lat="47.27180857358225" lon="18.984760824996044">
				<ele>97.87184592988342</ele>
				<time>2026-05-23T12:28:43Z</time>
			</trkpt>
			<trkpt lat="47.2718247515771" lon="18.984733438504595">
				<ele>98.5375889018178</ele>
				<time>2026-05-23T12:28:46Z</time>
			</trkpt>
			<trkpt lat="47.27183413759499" lon="18.984706777807737">
				<ele>98.34433453623205</ele>
				<time>2026-05-23T12:28:47Z</time>
			</trkpt>
			<trkpt lat="47.27184758391456" lon="18.98466680677587">
				<ele>97.78083550184965</ele>
				<time>2026-05-23T12:28:49Z</time>
			</trkpt>
			<trkpt lat="47.27186588500505" lon="18.98463683510756">
				<ele>98.65156624466181</ele>
				<time>2026-05-23T12:28:51Z</time>
			</trkpt>
			<trkpt lat="47.27188280089476" lon="18.98461197317148">
				<ele>99.11955384351313</ele>
				<time>2026-05-23T12:28:53Z</time>
			</trkpt>
			<trkpt lat="47.2718928302815" lon="18.98459936432483">
				<ele>98.99107749387622</ele>
				<time>2026-05-23T12:28:55Z</time>
			</trkpt>
			<trkpt lat="47.27190527433884" lon="18.984577850314473">
				<ele>99.12054152041674</ele>
				<time>2026-05-23T12:28:57Z</time>
			</trkpt>
			<trkpt lat="47.2719242323447" lon="18.984550784221014">
				<ele>98.26370244473219</ele>
				<time>2026-05-23T12:28:59Z</time>
			</trkpt>
			<trkpt lat="47.27193967088169" lon="18.984517602750337">
				<ele>98.7424940187484</ele>
				<time>2026-05-23T12:29:01Z</time>
			</trkpt>
			<trkpt lat="47.27194571639195" lon="18.984491709307406">
				<ele>99.05541192740202</ele>
				<time>2026-05-23T12:29:02Z</time>
			</trkpt>
			<trkpt lat="47.27196386615965" lon="18.98445553715621">
				<ele>98.6152965631336</ele>
				<time>2026-05-23T12:29:04Z</time>
			</trkpt>
			<trkpt lat="47.271985355437884" lon="18.984424562528673">
				<ele>98.62863012775779</ele>
				<time>2026-05-23T12:29:06Z</time>
			</trkpt>
			<trkpt lat="47.27200966170107" lon="18.984392841236467">
				<ele>98.93381351884454</ele>
				<time>2026-05-23T12:29:09Z</time>
			</trkpt>
			<trkpt lat="47.27202228613618" lon="18.984380318452097">
				<ele>98.9411139646545</ele>
				<time>2026-05-23T12:29:10Z</time>
			</trkpt>
			<trkpt lat="47.27204220391686" lon="18.984357509880617">
				<ele>99.06420246977359</ele>
				<time>2026-05-23T12:29:12Z</time>
			</trkpt>
			<trkpt lat="47.272059340038886" lon="18.984328591038036">
				<ele>98.30662853550166</ele>
				<time>2026-05-23T12:29:14Z</time>
			</trkpt>
			<trkpt lat="47.27207292626668" lon="18.984301346292625">
				<ele>97.75408434681594</ele>
				<time>2026-05-23T12:29:16Z</time>
			</trkpt>
			<trkpt lat="47.27209458971993" lon="18.98427464474007">
				<ele>97.39729711133987</ele>
				<time>2026-05-23T12:29:18Z</time>
			</trkpt>
			<trkpt lat="47.272113848089646" lon="18.984240784183797">
				<ele>97.27234185952693</ele>
				<time>2026-05-23T12:29:20Z</time>
			</trkpt>
			<trkpt lat="47.27213363132306" lon="18.984215539417992">
				<ele>97.74843193311244</ele>
				<time>2026-05-23T12:29:22Z</time>
			</trkpt>
			<trkpt lat="47.27214862184843" lon="18.98418887944405">
				<ele>98.35356063582003</ele>
				<time>2026-05-23T12:29:24Z</time>
			</trkpt>
			<trkpt lat="47.27215915934705" lon="18.9841718014871">
				<ele>98.3463405109942</ele>
				<time>2026-05-23T12:29:25Z</time>
			</trkpt>
			<trkpt lat="47.272181192865865" lon="18.98413502225385">
				<ele>98.26113441213965</ele>
				<time>2026-05-23T12:29:27Z</time>
			</trkpt>
			<trkpt lat="47.27220216391628" lon="18.984094935197813">
				<ele>98.38142106123269</ele>
				<time>2026-05-23T12:29:30Z</time>
			</trkpt>
			<trkpt lat="47.27220510953579" lon="18.984069087188466">
				<ele>98.26541725266725</ele>
				<time>2026-05-23T12:29:32Z</time>
			</trkpt>
			<trkpt lat="47.27220857388524" lon="18.984041760669204">
				<ele>97.99159283470362</ele>
				<time>2026-05-23T12:29:34Z</time>
			</trkpt>
			<trkpt lat="47.27221309561505" lon="18.984021947991177">
				<ele>98.02088551037014</ele>
				<time>2026-05-23T12:29:35Z</time>
			</trkpt>
			<trkpt lat="47.27222118641787" lon="18.98398439537284">
				<ele>98.02563063148409</ele>
				<time>2026-05-23T12:29:37Z</time>
			</trkpt>
			<trkpt lat="47.27222649614177" lon="18.983948509987485">
				<ele>98.17888330854475</ele>
				<time>2026-05-23T12:29:39Z</time>
			</trkpt>
			<trkpt lat="47.2722282682489" lon="18.98392793535142">
				<ele>98.10088047757745</ele>
				<time>2026-05-23T12:29:40Z</time>
			</trkpt>
			<trkpt lat="47.27223401601007" lon="18.983894357836004">
				<ele>97.92265142686665</ele>
				<time>2026-05-23T12:29:43Z</time>
			</trkpt>
			<trkpt lat="47.272243104748696" lon="18.98386177903127">
				<ele>98.42352070380002</ele>
				<time>2026-05-23T12:29:45Z</time>
			</trkpt>
			<trkpt lat="47.27224913763354" lon="18.983814213685132">
				<ele>98.51195078343153</ele>
				<time>2026-05-23T12:29:47Z</time>
			</trkpt>
			<trkpt lat="47.27225493192905" lon="18.983770346371845">
				<ele>97.93856159225106</ele>
				<time>2026-05-23T12:29:49Z</time>
			</trkpt>
			<trkpt lat="47.27225772244984" lon="18.9837314971165">
				<ele>97.99884337745607</ele>
				<time>2026-05-23T12:29:51Z</time>
			</trkpt>
			<trkpt lat="47.272260293472996" lon="18.983696421698546">
				<ele>98.70274772495031</ele>
				<time>2026-05-23T12:29:53Z</time>
			</trkpt>
			<trkpt lat="47.27226231004475" lon="18.983671096567736">
				<ele>98.77740353345871</ele>
				<time>2026-05-23T12:29:54Z</time>
			</trkpt>
			<trkpt lat="47.27226651914027" lon="18.98360545426242">
				<ele>99.76510748453438</ele>
				<time>2026-05-23T12:29:57Z</time>
			</trkpt>
			<trkpt lat="47.2722683070057" lon="18.983580552378424">
				<ele>98.74980345461518</ele>
				<time>2026-05-23T12:29:58Z</time>
			</trkpt>
			<trkpt lat="47.27226964968389" lon="18.983539094537626">
				<ele>98.71011557336897</ele>
				<time>2026-05-23T12:30:00Z</time>
			</trkpt>
			<trkpt lat="47.27227464761465" lon="18.98351778428356">
				<ele>99.32552884984761</ele>
				<time>2026-05-23T12:30:01Z</time>
			</trkpt>
			<trkpt lat="47.2722804604434" lon="18.983468623917798">
				<ele>99.91853722557425</ele>
				<time>2026-05-23T12:30:03Z</time>
			</trkpt>
			<trkpt lat="47.2722890529308" lon="18.983398827713245">
				<ele>99.30578523688018</ele>
				<time>2026-05-23T12:30:07Z</time>
			</trkpt>
			<trkpt lat="47.27229989661292" lon="18.9833660516014">
				<ele>100.55454819556326</ele>
				<time>2026-05-23T12:30:09Z</time>
			</trkpt>
			<trkpt lat="47.27230047778751" lon="18.983332516176326">
				<ele>100.06091328989714</ele>
				<time>2026-05-23T12:30:11Z</time>
			</trkpt>
			<trkpt lat="47.272304212131964" lon="18.983302042008916">
				<ele>100.08152537047863</ele>
				<time>2026-05-23T12:30:13Z</time>
			</trkpt>
			<trkpt lat="47.272306474268895" lon="18.98327058624111">
				<ele>99.9796454552561</ele>
				<time>2026-05-23T12:30:15Z</time>
			</trkpt>
			<trkpt lat="47.27232178624186" lon="18.983227809282504">
				<ele>99.94849076494575</ele>
				<time>2026-05-23T12:30:18Z</time>
			</trkpt>
			<trkpt lat="47.272327657521274" lon="18.98319239007912">
				<ele>99.114755673334</ele>
				<time>2026-05-23T12:30:20Z</time>
			</trkpt>
			<trkpt lat="47.272332528436266" lon="18.983161910105352">
				<ele>99.9521438702941</ele>
				<time>2026-05-23T12:30:22Z</time>
			</trkpt>
			<trkpt lat="47.27234356168555" lon="18.983128835043743">
				<ele>99.35283708944917</ele>
				<time>2026-05-23T12:30:24Z</time>
			</trkpt>
			<trkpt lat="47.27235199063897" lon="18.983092736094427">
				<ele>99.12658854853362</ele>
				<time>2026-05-23T12:30:26Z</time>
			</trkpt>
			<trkpt lat="47.272357534950366" lon="18.983058439273684">
				<ele>98.58082955051214</ele>
				<time>2026-05-23T12:30:28Z</time>
			</trkpt>
			<trkpt lat="47.27236500379076" lon="18.983037827067246">
				<ele>100.012775904499</ele>
				<time>2026-05-23T12:30:29Z</time>
			</trkpt>
			<trkpt lat="47.272374236760996" lon="18.983002569314788">
				<ele>99.77194513194263</ele>
				<time>2026-05-23T12:30:31Z</time>
			</trkpt>
			<trkpt lat="47.272384565861046" lon="18.982969393462195">
				<ele>99.30027648154646</ele>
				<time>2026-05-23T12:30:33Z</time>
			</trkpt>
			<trkpt lat="47.27238737076492" lon="18.9829361726547">
				<ele>99.35145129263401</ele>
				<time>2026-05-23T12:30:35Z</time>
			</trkpt>
			<trkpt lat="47.27239151913231" lon="18.982899929520837">
				<ele>99.5056253541261</ele>
				<time>2026-05-23T12:30:37Z</time>
			</trkpt>
			<trkpt lat="47.27240377001063" lon="18.982851580558123">
				<ele>98.54374542087317</ele>
				<time>2026-05-23T12:30:40Z</time>
			</trkpt>
			<trkpt lat="47.27241426144158" lon="18.982817691789915">
				<ele>99.09625846613199</ele>
				<time>2026-05-23T12:30:42Z</time>
			</trkpt>
			<trkpt lat="47.27242857107748" lon="18.98279494531328">
				<ele>99.32590611744672</ele>
				<time>2026-05-23T12:30:45Z</time>
			</trkpt>
			<trkpt lat="47.27243365139926" lon="18.98276957794331">
				<ele>98.8994525000453</ele>
				<time>2026-05-23T12:30:46Z</time>
			</trkpt>
			<trkpt lat="47.2724362722201" lon="18.98273827098701">
				<ele>99.81157142948359</ele>
				<time>2026-05-23T12:30:47Z</time>
			</trkpt>
			<trkpt lat="47.27245631777924" lon="18.982689118355353">
				<ele>100.45584446750581</ele>
				<time>2026-05-23T12:30:50Z</time>
			</trkpt>
			<trkpt lat="47.27246780956763" lon="18.98266637136885">
				<ele>99.87205104157329</ele>
				<time>2026-05-23T12:30:52Z</time>
			</trkpt>
			<trkpt lat="47.27247199653749" lon="18.982634466840338">
				<ele>99.21489834599197</ele>
				<time>2026-05-23T12:30:54Z</time>
			</trkpt>
			<trkpt lat="47.27247378339151" lon="18.982616486449828">
				<ele>99.34832732845098</ele>
				<time>2026-05-23T12:30:56Z</time>
			</trkpt>
			<trkpt lat="47.2724728467973" lon="18.98259796078313">
				<ele>99.65453144256026</ele>
				<time>2026-05-23T12:30:57Z</time>
			</trkpt>
			<trkpt lat="47.27247147991385" lon="18.982564049320587">
				<ele>99.04460164159536</ele>
				<time>2026-05-23T12:30:59Z</time>
			</trkpt>
			<trkpt lat="47.272478821151616" lon="18.982527313779162">
				<ele>99.09466257505119</ele>
				<time>2026-05-23T12:31:01Z</time>
			</trkpt>
			<trkpt lat="47.272492473339156" lon="18.982483338705293">
				<ele>99.33187186252326</ele>
				<time>2026-05-23T12:31:04Z</time>
			</trkpt>
			<trkpt lat="47.27250173261883" lon="18.982444539667306">
				<ele>99.58428593538702</ele>
				<time>2026-05-23T12:31:06Z</time>
			</trkpt>
			<trkpt lat="47.272512723915504" lon="18.982408201959537">
				<ele>100.4163576848805</ele>
				<time>2026-05-23T12:31:08Z</time>
			</trkpt>
			<trkpt lat="47.272530142815995" lon="18.982368886846768">
				<ele>98.64359209313989</ele>
				<time>2026-05-23T12:31:11Z</time>
			</trkpt>
			<trkpt lat="47.272538308491086" lon="18.982338951897635">
				<ele>98.37310051266104</ele>
				<time>2026-05-23T12:31:13Z</time>
			</trkpt>
			<trkpt lat="47.27254120926918" lon="18.98231389641421">
				<ele>99.00086542963982</ele>
				<time>2026-05-23T12:31:16Z</time>
			</trkpt>
			<trkpt lat="47.27254386652818" lon="18.982290539435553">
				<ele>99.07455585245043</ele>
				<time>2026-05-23T12:31:18Z</time>
			</trkpt>
			<trkpt lat="47.272543489862876" lon="18.98225722958928">
				<ele>98.81074533518404</ele>
				<time>2026-05-23T12:31:20Z</time>
			</trkpt>
			<trkpt lat="47.27254421030391" lon="18.98221059287467">
				<ele>98.43616807460785</ele>
				<time>2026-05-23T12:31:23Z</time>
			</trkpt>
			<trkpt lat="47.2725407207106" lon="18.982178237262882">
				<ele>98.9127116445452</ele>
				<time>2026-05-23T12:31:25Z</time>
			</trkpt>
			<trkpt lat="47.27254673748668" lon="18.98215181685498">
				<ele>98.69530625268817</ele>
				<time>2026-05-23T12:31:27Z</time>
			</trkpt>
			<trkpt lat="47.272545844278056" lon="18.98213329408285">
				<ele>98.27301984000951</ele>
				<time>2026-05-23T12:31:28Z</time>
			</trkpt>
			<trkpt lat="47.27254950534225" lon="18.982081970176715">
				<ele>97.79097697045654</ele>
				<time>2026-05-23T12:31:31Z</time>
			</trkpt>
			<trkpt lat="47.27255798340296" lon="18.982052469660836">
				<ele>98.15812259167433</ele>
				<time>2026-05-23T12:31:33Z</time>
			</trkpt>
			<trkpt lat="47.2725613170005" lon="18.98203677763084">
				<ele>98.35825216583908</ele>
				<time>2026-05-23T12:31:35Z</time>
			</trkpt>
			<trkpt lat="47.272561151389986" lon="18.982025614597656">
				<ele>98.27248877566308</ele>
				<time>2026-05-23T12:31:37Z</time>
			</trkpt>
			<trkpt lat="47.27256125753304" lon="18.98201166658103">
				<ele>98.01165524125099</ele>
				<time>2026-05-23T12:31:39Z</time>
			</trkpt>
			<trkpt lat="47.27256285652466" lon="18.981988459050438">
				<ele>98.05658991262317</ele>
				<time>2026-05-23T12:31:42Z</time>
			</trkpt>
			<trkpt lat="47.27256616702152" lon="18.98196320975392">
				<ele>98.51181464176625</ele>
				<time>2026-05-23T12:31:45Z</time>
			</trkpt>
			<trkpt lat="47.27256606974295" lon="18.981941264724277">
				<ele>98.26370071154088</ele>
				<time>2026-05-23T12:31:47Z</time>
			</trkpt>
			<trkpt lat="47.27256526106892" lon="18.981899212412454">
				<ele>98.325728145428</ele>
				<time>2026-05-23T12:31:50Z</time>
			</trkpt>
			<trkpt lat="47.27256837703611" lon="18.981862720429362">
				<ele>98.98392201308161</ele>
				<time>2026-05-23T12:31:53Z</time>
			</trkpt>
			<trkpt lat="47.27256908170182" lon="18.981836288065768">
				<ele>98.32384753320366</ele>
				<time>2026-05-23T12:31:57Z</time>
			</trkpt>
			<trkpt lat="47.272573192587146" lon="18.98181216123458">
				<ele>97.881625585258</ele>
				<time>2026-05-23T12:32:00Z</time>
			</trkpt>
			<trkpt lat="47.27257507571743" lon="18.98176884543593">
				<ele>97.92645533569157</ele>
				<time>2026-05-23T12:32:03Z</time>
			</trkpt>
			<trkpt lat="47.272585095382254" lon="18.98173039220706">
				<ele>99.13529346697032</ele>
				<time>2026-05-23T12:32:05Z</time>
			</trkpt>
			<trkpt lat="47.27258837220883" lon="18.98170824818138">
				<ele>98.22501353360713</ele>
				<time>2026-05-23T12:32:07Z</time>
			</trkpt>
			<trkpt lat="47.272591794829786" lon="18.981690907103278">
				<ele>98.6741606965661</ele>
				<time>2026-05-23T12:32:09Z</time>
			</trkpt>
			<trkpt lat="47.272594763454975" lon="18.981665483049444">
				<ele>98.45740152243525</ele>
				<time>2026-05-23T12:32:12Z</time>
			</trkpt>
			<trkpt lat="47.27259769225778" lon="18.981637433772022">
				<ele>98.65108777862042</ele>
				<time>2026-05-23T12:32:15Z</time>
			</trkpt>
			<trkpt lat="47.27260047407893" lon="18.981612163909">
				<ele>98.58911243733019</ele>
				<time>2026-05-23T12:32:17Z</time>
			</trkpt>
			<trkpt lat="47.27260543129413" lon="18.981584377139047">
				<ele>97.8149578506127</ele>
				<time>2026-05-23T12:32:20Z</time>
			</trkpt>
			<trkpt lat="47.27260707666691" lon="18.981551675959647">
				<ele>98.0834287982434</ele>
				<time>2026-05-23T12:32:23Z</time>
			</trkpt>
			<trkpt lat="47.27260851987565" lon="18.981510324126">
				<ele>98.78298168350011</ele>
				<time>2026-05-23T12:32:25Z</time>
			</trkpt>
			<trkpt lat="47.272609352435985" lon="18.981480417799997">
				<ele>98.64282950293273</ele>
				<time>2026-05-23T12:32:27Z</time>
			</trkpt>
			<trkpt lat="47.27260937851533" lon="18.981457896703425">
				<ele>98.61509349755943</ele>
				<time>2026-05-23T12:32:29Z</time>
			</trkpt>
			<trkpt lat="47.27260743929154" lon="18.98143261244344">
				<ele>98.55793098639697</ele>
				<time>2026-05-23T12:32:31Z</time>
			</trkpt>
			<trkpt lat="47.272601687379364" lon="18.98139166210581">
				<ele>98.29856986366212</ele>
				<time>2026-05-23T12:32:33Z</time>
			</trkpt>
			<trkpt lat="47.27259841689838" lon="18.98136000838886">
				<ele>98.42974585853517</ele>
				<time>2026-05-23T12:32:35Z</time>
			</trkpt>
			<trkpt lat="47.272596531867315" lon="18.981332673417466">
				<ele>98.8096439987421</ele>
				<time>2026-05-23T12:32:37Z</time>
			</trkpt>
			<trkpt lat="47.272593868706885" lon="18.98129159073277">
				<ele>98.36575974430889</ele>
				<time>2026-05-23T12:32:39Z</time>
			</trkpt>
			<trkpt lat="47.27258864672128" lon="18.981243606693553">
				<ele>98.41879630088806</ele>
				<time>2026-05-23T12:32:41Z</time>
			</trkpt>
			<trkpt lat="47.27258250221972" lon="18.981195952885525">
				<ele>98.27019323967397</ele>
				<time>2026-05-23T12:32:42Z</time>
			</trkpt>
			<trkpt lat="47.27257497306609" lon="18.981151911241028">
				<ele>98.77508164662868</ele>
				<time>2026-05-23T12:32:44Z</time>
			</trkpt>
			<trkpt lat="47.2725642417832" lon="18.981098798554815">
				<ele>99.19224168732762</ele>
				<time>2026-05-23T12:32:47Z</time>
			</trkpt>
			<trkpt lat="47.27255073365939" lon="18.98106257998567">
				<ele>98.52986280620098</ele>
				<time>2026-05-23T12:32:49Z</time>
			</trkpt>
			<trkpt lat="47.272545306476154" lon="18.98101802663367">
				<ele>99.32463568914682</ele>
				<time>2026-05-23T12:32:51Z</time>
			</trkpt>
			<trkpt lat="47.2725408042076" lon="18.980974044970353">
				<ele>99.14799756743014</ele>
				<time>2026-05-23T12:32:53Z</time>
			</trkpt>
			<trkpt lat="47.27253551356683" lon="18.980940576519792">
				<ele>98.54153885506094</ele>
				<time>2026-05-23T12:32:55Z</time>
			</trkpt>
			<trkpt lat="47.272532630876256" lon="18.98090910089962">
				<ele>98.81482408195734</ele>
				<time>2026-05-23T12:32:57Z</time>
			</trkpt>
			<trkpt lat="47.27252801093495" lon="18.980876798966197">
				<ele>98.84899555239826</ele>
				<time>2026-05-23T12:32:59Z</time>
			</trkpt>
			<trkpt lat="47.27252551950349" lon="18.98084444540912">
				<ele>98.02329704910517</ele>
				<time>2026-05-23T12:33:01Z</time>
			</trkpt>
			<trkpt lat="47.27252413307964" lon="18.980827940296113">
				<ele>97.98098715674132</ele>
				<time>2026-05-23T12:33:03Z</time>
			</trkpt>
			<trkpt lat="47.27251847273596" lon="18.980804030178923">
				<ele>97.40613048244268</ele>
				<time>2026-05-23T12:33:05Z</time>
			</trkpt>
			<trkpt lat="47.2725209728354" lon="18.98076976382972">
				<ele>97.6784013863653</ele>
				<time>2026-05-23T12:33:07Z</time>
			</trkpt>
			<trkpt lat="47.27252681198868" lon="18.980733425149985">
				<ele>98.37888257671148</ele>
				<time>2026-05-23T12:33:09Z</time>
			</trkpt>
			<trkpt lat="47.27252225437058" lon="18.98071267207443">
				<ele>97.83554893452674</ele>
				<time>2026-05-23T12:33:10Z</time>
			</trkpt>
			<trkpt lat="47.27252000054998" lon="18.980688245126093">
				<ele>97.75056944787502</ele>
				<time>2026-05-23T12:33:11Z</time>
			</trkpt>
			<trkpt lat="47.27251889847716" lon="18.98064853940282">
				<ele>98.45960744284093</ele>
				<time>2026-05-23T12:33:13Z</time>
			</trkpt>
			<trkpt lat="47.272518994211076" lon="18.980628318703452">
				<ele>98.58127776999027</ele>
				<time>2026-05-23T12:33:15Z</time>
			</trkpt>
			<trkpt lat="47.27251793691977" lon="18.980596383886088">
				<ele>99.04050216916949</ele>
				<time>2026-05-23T12:33:17Z</time>
			</trkpt>
			<trkpt lat="47.27251268067386" lon="18.980555099101345">
				<ele>99.07791415788233</ele>
				<time>2026-05-23T12:33:19Z</time>
			</trkpt>
			<trkpt lat="47.272509820100204" lon="18.98051590500088">
				<ele>98.44356961268932</ele>
				<time>2026-05-23T12:33:21Z</time>
			</trkpt>
			<trkpt lat="47.27251005188434" lon="18.9804715443426">
				<ele>98.76069959811866</ele>
				<time>2026-05-23T12:33:23Z</time>
			</trkpt>
			<trkpt lat="47.27251046541586" lon="18.980431297690416">
				<ele>99.3376039871946</ele>
				<time>2026-05-23T12:33:25Z</time>
			</trkpt>
			<trkpt lat="47.27250870572689" lon="18.980391163844125">
				<ele>99.17936610616744</ele>
				<time>2026-05-23T12:33:27Z</time>
			</trkpt>
			<trkpt lat="47.27251053657119" lon="18.98035192680781">
				<ele>99.34929677750915</ele>
				<time>2026-05-23T12:33:29Z</time>
			</trkpt>
			<trkpt lat="47.272511652303706" lon="18.980332923775375">
				<ele>99.02384136244655</ele>
				<time>2026-05-23T12:33:31Z</time>
			</trkpt>
			<trkpt lat="47.272510930415095" lon="18.980321787783442">
				<ele>99.2833291972056</ele>
				<time>2026-05-23T12:33:33Z</time>
			</trkpt>
			<trkpt lat="47.27250874303802" lon="18.980306160316577">
				<ele>98.20702941343188</ele>
				<time>2026-05-23T12:33:35Z</time>
			</trkpt>
			<trkpt lat="47.27250848260378" lon="18.980288725851025">
				<ele>98.42890911456198</ele>
				<time>2026-05-23T12:33:37Z</time>
			</trkpt>
			<trkpt lat="47.27250701398462" lon="18.980262841879583">
				<ele>97.88779453840107</ele>
				<time>2026-05-23T12:33:40Z</time>
			</trkpt>
			<trkpt lat="47.27250438508941" lon="18.980220394494143">
				<ele>97.75523050595075</ele>
				<time>2026-05-23T12:33:42Z</time>
			</trkpt>
			<trkpt lat="47.27250145563566" lon="18.9801626873093">
				<ele>98.39525434374809</ele>
				<time>2026-05-23T12:33:46Z</time>
			</trkpt>
			<trkpt lat="47.27250021557866" lon="18.980135693747773">
				<ele>98.47570747230202</ele>
				<time>2026-05-23T12:33:48Z</time>
			</trkpt>
			<trkpt lat="47.27249460129256" lon="18.9800994691398">
				<ele>98.32930608652532</ele>
				<time>2026-05-23T12:33:50Z</time>
			</trkpt>
			<trkpt lat="47.27248979890655" lon="18.980063003550175">
				<ele>97.42790424916893</ele>
				<time>2026-05-23T12:33:53Z</time>
			</trkpt>
			<trkpt lat="47.272487535118216" lon="18.980042254943246">
				<ele>97.52741988934577</ele>
				<time>2026-05-23T12:33:55Z</time>
			</trkpt>
			<trkpt lat="47.27248219278954" lon="18.980005370787843">
				<ele>97.86869737971574</ele>
				<time>2026-05-23T12:33:57Z</time>
			</trkpt>
			<trkpt lat="47.27247302537833" lon="18.97996133217032">
				<ele>98.49803090747446</ele>
				<time>2026-05-23T12:33:59Z</time>
			</trkpt>
			<trkpt lat="47.27246605769347" lon="18.97991823569865">
				<ele>98.37229208275676</ele>
				<time>2026-05-23T12:34:01Z</time>
			</trkpt>
			<trkpt lat="47.272463401974605" lon="18.979877433996766">
				<ele>98.1600398067385</ele>
				<time>2026-05-23T12:34:03Z</time>
			</trkpt>
			<trkpt lat="47.27245545706551" lon="18.97983489685835">
				<ele>98.31963284127414</ele>
				<time>2026-05-23T12:34:05Z</time>
			</trkpt>
			<trkpt lat="47.27244729822205" lon="18.979797122719162">
				<ele>97.72729192394763</ele>
				<time>2026-05-23T12:34:07Z</time>
			</trkpt>
			<trkpt lat="47.27244074615567" lon="18.97975966739242">
				<ele>97.47675931453705</ele>
				<time>2026-05-23T12:34:09Z</time>
			</trkpt>
			<trkpt lat="47.2724349393224" lon="18.979725154744404">
				<ele>97.3742175847292</ele>
				<time>2026-05-23T12:34:11Z</time>
			</trkpt>
			<trkpt lat="47.27242854600624" lon="18.97969260932231">
				<ele>97.37524284329265</ele>
				<time>2026-05-23T12:34:13Z</time>
			</trkpt>
			<trkpt lat="47.27242492031388" lon="18.979674985836798">
				<ele>97.30252958275378</ele>
				<time>2026-05-23T12:34:15Z</time>
			</trkpt>
			<trkpt lat="47.27242338359724" lon="18.97966256630509">
				<ele>97.30916217062622</ele>
				<time>2026-05-23T12:34:17Z</time>
			</trkpt>
			<trkpt lat="47.27241976265836" lon="18.97962804345253">
				<ele>97.56990015693009</ele>
				<time>2026-05-23T12:34:19Z</time>
			</trkpt>
			<trkpt lat="47.272412077270715" lon="18.979584735550972">
				<ele>97.70013970416039</ele>
				<time>2026-05-23T12:34:21Z</time>
			</trkpt>
			<trkpt lat="47.272403976546975" lon="18.979541187521388">
				<ele>97.68334433436394</ele>
				<time>2026-05-23T12:34:23Z</time>
			</trkpt>
			<trkpt lat="47.272397551535875" lon="18.979499043916615">
				<ele>98.02205906901509</ele>
				<time>2026-05-23T12:34:25Z</time>
			</trkpt>
			<trkpt lat="47.27239443393766" lon="18.979476233849464">
				<ele>97.80436529032886</ele>
				<time>2026-05-23T12:34:27Z</time>
			</trkpt>
			<trkpt lat="47.27239246340679" lon="18.97946030314752">
				<ele>97.90826719906181</ele>
				<time>2026-05-23T12:34:29Z</time>
			</trkpt>
			<trkpt lat="47.27239037640934" lon="18.97944287886347">
				<ele>98.15912892762572</ele>
				<time>2026-05-23T12:34:31Z</time>
			</trkpt>
			<trkpt lat="47.272388258916074" lon="18.97942231257072">
				<ele>98.49126758985221</ele>
				<time>2026-05-23T12:34:33Z</time>
			</trkpt>
			<trkpt lat="47.27238601430205" lon="18.979399334767333">
				<ele>98.73387287929654</ele>
				<time>2026-05-23T12:34:35Z</time>
			</trkpt>
			<trkpt lat="47.272382986037435" lon="18.979374287115768">
				<ele>98.8581551965326</ele>
				<time>2026-05-23T12:34:37Z</time>
			</trkpt>
			<trkpt lat="47.27237853888221" lon="18.979340655737925">
				<ele>98.98211031034589</ele>
				<time>2026-05-23T12:34:40Z</time>
			</trkpt>
			<trkpt lat="47.27237322920856" lon="18.97930566391589">
				<ele>98.9165406152606</ele>
				<time>2026-05-23T12:34:43Z</time>
			</trkpt>
			<trkpt lat="47.2723671785634" lon="18.979269706544663">
				<ele>98.87785604037344</ele>
				<time>2026-05-23T12:34:46Z</time>
			</trkpt>
			<trkpt lat="47.27236163315155" lon="18.97923685310308">
				<ele>98.98445308953524</ele>
				<time>2026-05-23T12:34:49Z</time>
			</trkpt>
			<trkpt lat="47.27235624385403" lon="18.979206622367993">
				<ele>99.00486352387816</ele>
				<time>2026-05-23T12:34:52Z</time>
			</trkpt>
			<trkpt lat="47.27235141523512" lon="18.97917748680078">
				<ele>99.0510287778452</ele>
				<time>2026-05-23T12:34:55Z</time>
			</trkpt>
			<trkpt lat="47.272347780376144" lon="18.979151336493118">
				<ele>99.12682938110083</ele>
				<time>2026-05-23T12:34:58Z</time>
			</trkpt>
			<trkpt lat="47.272342934316285" lon="18.979120838287187">
				<ele>99.16691073589027</ele>
				<time>2026-05-23T12:35:02Z</time>
			</trkpt>
			<trkpt lat="47.27233965592844" lon="18.979090458007825">
				<ele>99.85621482506394</ele>
				<time>2026-05-23T12:35:05Z</time>
			</trkpt>
			<trkpt lat="47.27233453635831" lon="18.979057864082044">
				<ele>99.50896562356502</ele>
				<time>2026-05-23T12:35:08Z</time>
			</trkpt>
			<trkpt lat="47.27233314415949" lon="18.979030667369827">
				<ele>98.74295048415661</ele>
				<time>2026-05-23T12:35:10Z</time>
			</trkpt>
			<trkpt lat="47.272330917074555" lon="18.978997332844482">
				<ele>99.4884812971577</ele>
				<time>2026-05-23T12:35:13Z</time>
			</trkpt>
			<trkpt lat="47.27232898952009" lon="18.978967264086776">
				<ele>99.34426668006927</ele>
				<time>2026-05-23T12:35:15Z</time>
			</trkpt>
			<trkpt lat="47.27232834536788" lon="18.978929064597217">
				<ele>99.77167285233736</ele>
				<time>2026-05-23T12:35:17Z</time>
			</trkpt>
			<trkpt lat="47.272326597082255" lon="18.978880131647074">
				<ele>99.79198336787522</ele>
				<time>2026-05-23T12:35:19Z</time>
			</trkpt>
			<trkpt lat="47.272329289395124" lon="18.97881371412903">
				<ele>98.87597696390003</ele>
				<time>2026-05-23T12:35:22Z</time>
			</trkpt>
			<trkpt lat="47.272329755492315" lon="18.978760872700725">
				<ele>97.9051703363657</ele>
				<time>2026-05-23T12:35:25Z</time>
			</trkpt>
			<trkpt lat="47.27232937839794" lon="18.978724143982962">
				<ele>98.94390430022031</ele>
				<time>2026-05-23T12:35:27Z</time>
			</trkpt>
			<trkpt lat="47.27233217295998" lon="18.978704504518888">
				<ele>98.7784246020019</ele>
				<time>2026-05-23T12:35:29Z</time>
			</trkpt>
			<trkpt lat="47.27233302264033" lon="18.97869202829792">
				<ele>98.47728787455708</ele>
				<time>2026-05-23T12:35:31Z</time>
			</trkpt>
			<trkpt lat="47.27233322910818" lon="18.97867731017525">
				<ele>98.67184411175549</ele>
				<time>2026-05-23T12:35:33Z</time>
			</trkpt>
			<trkpt lat="47.27232931554514" lon="18.978653923509057">
				<ele>98.62079220917076</ele>
				<time>2026-05-23T12:35:36Z</time>
			</trkpt>
			<trkpt lat="47.27232774721473" lon="18.978630754839557">
				<ele>98.22829348314553</ele>
				<time>2026-05-23T12:35:38Z</time>
			</trkpt>
			<trkpt lat="47.272322926548306" lon="18.978592784175643">
				<ele>97.92530700284988</ele>
				<time>2026-05-23T12:35:40Z</time>
			</trkpt>
			<trkpt lat="47.27231920654534" lon="18.978554987585603">
				<ele>98.31365145277232</ele>
				<time>2026-05-23T12:35:43Z</time>
			</trkpt>
			<trkpt lat="47.27231401205643" lon="18.97851474752285">
				<ele>97.34201717935503</ele>
				<time>2026-05-23T12:35:46Z</time>
			</trkpt>
			<trkpt lat="47.27231118361522" lon="18.978477147467093">
				<ele>97.34998588636518</ele>
				<time>2026-05-23T12:35:48Z</time>
			</trkpt>
			<trkpt lat="47.27230765668693" lon="18.978453260388733">
				<ele>98.15885461587459</ele>
				<time>2026-05-23T12:35:50Z</time>
			</trkpt>
			<trkpt lat="47.272304319652605" lon="18.97843593875991">
				<ele>98.1223203856498</ele>
				<time>2026-05-23T12:35:52Z</time>
			</trkpt>
			<trkpt lat="47.27230095577507" lon="18.978419577538805">
				<ele>98.18900632951409</ele>
				<time>2026-05-23T12:35:54Z</time>
			</trkpt>
			<trkpt lat="47.2722945294451" lon="18.978399002380158">
				<ele>97.85156245157123</ele>
				<time>2026-05-23T12:35:57Z</time>
			</trkpt>
			<trkpt lat="47.27228886339596" lon="18.978376174034004">
				<ele>98.24009859003127</ele>
				<time>2026-05-23T12:35:59Z</time>
			</trkpt>
			<trkpt lat="47.27227863803004" lon="18.97834150173556">
				<ele>97.27234519738704</ele>
				<time>2026-05-23T12:36:03Z</time>
			</trkpt>
			<trkpt lat="47.27227173913815" lon="18.97831500343117">
				<ele>97.64241407159716</ele>
				<time>2026-05-23T12:36:05Z</time>
			</trkpt>
			<trkpt lat="47.27226269844722" lon="18.97828743182046">
				<ele>97.63174887560308</ele>
				<time>2026-05-23T12:36:08Z</time>
			</trkpt>
			<trkpt lat="47.27225360693475" lon="18.97825914769468">
				<ele>98.05509607493877</ele>
				<time>2026-05-23T12:36:11Z</time>
			</trkpt>
			<trkpt lat="47.27224498629588" lon="18.978230474137618">
				<ele>97.78366949502379</ele>
				<time>2026-05-23T12:36:14Z</time>
			</trkpt>
			<trkpt lat="47.272236046551974" lon="18.97819748492671">
				<ele>97.42512324545532</ele>
				<time>2026-05-23T12:36:18Z</time>
			</trkpt>
			<trkpt lat="47.272224989334" lon="18.978163995269345">
				<ele>97.04028390534222</ele>
				<time>2026-05-23T12:36:22Z</time>
			</trkpt>
			<trkpt lat="47.27219319192179" lon="18.978091984275537">
				<ele>97.11699865479022</ele>
				<time>2026-05-23T12:36:49Z</time>
			</trkpt>
			<trkpt lat="47.272191261827956" lon="18.97806526145707">
				<ele>97.21099755354226</ele>
				<time>2026-05-23T12:36:54Z</time>
			</trkpt>
			<trkpt lat="47.27218733372669" lon="18.978042805853548">
				<ele>97.94681433495134</ele>
				<time>2026-05-23T12:36:56Z</time>
			</trkpt>
			<trkpt lat="47.2721880734675" lon="18.978016225152828">
				<ele>98.19664461165667</ele>
				<time>2026-05-23T12:37:01Z</time>
			</trkpt>
			<trkpt lat="47.27218831019825" lon="18.977992149287935">
				<ele>98.50377457216382</ele>
				<time>2026-05-23T12:37:03Z</time>
			</trkpt>
			<trkpt lat="47.272196006396406" lon="18.977973713772606">
				<ele>98.99241000041366</ele>
				<time>2026-05-23T12:37:05Z</time>
			</trkpt>
			<trkpt lat="47.272206363580274" lon="18.977949258952396">
				<ele>98.9499345086515</ele>
				<time>2026-05-23T12:37:08Z</time>
			</trkpt>
			<trkpt lat="47.27221782999779" lon="18.977927934070248">
				<ele>98.90511734317988</ele>
				<time>2026-05-23T12:37:10Z</time>
			</trkpt>
			<trkpt lat="47.27222760547987" lon="18.977902388906827">
				<ele>98.87960016541183</ele>
				<time>2026-05-23T12:37:12Z</time>
			</trkpt>
			<trkpt lat="47.2722370549423" lon="18.97785350635979">
				<ele>98.91574397590011</ele>
				<time>2026-05-23T12:37:14Z</time>
			</trkpt>
			<trkpt lat="47.27224705009251" lon="18.977802161482987">
				<ele>99.57434729393572</ele>
				<time>2026-05-23T12:37:16Z</time>
			</trkpt>
			<trkpt lat="47.272254921481135" lon="18.97772999264858">
				<ele>98.54335758835077</ele>
				<time>2026-05-23T12:37:22Z</time>
			</trkpt>
			<trkpt lat="47.27226114609284" lon="18.97770881279536">
				<ele>98.77153797727078</ele>
				<time>2026-05-23T12:37:25Z</time>
			</trkpt>
			<trkpt lat="47.27226485295622" lon="18.97768558391508">
				<ele>99.19417979940772</ele>
				<time>2026-05-23T12:37:28Z</time>
			</trkpt>
			<trkpt lat="47.27227479084174" lon="18.977669516002003">
				<ele>98.94448678568006</ele>
				<time>2026-05-23T12:37:31Z</time>
			</trkpt>
			<trkpt lat="47.27228342523848" lon="18.977648616347853">
				<ele>99.28438405878842</ele>
				<time>2026-05-23T12:37:33Z</time>
			</trkpt>
			<trkpt lat="47.27228796612028" lon="18.977602318098004">
				<ele>100.22573479171842</ele>
				<time>2026-05-23T12:37:40Z</time>
			</trkpt>
			<trkpt lat="47.272279119346024" lon="18.977587706394363">
				<ele>100.07047118712217</ele>
				<time>2026-05-23T12:37:42Z</time>
			</trkpt>
			<trkpt lat="47.27226821476978" lon="18.977588888312148">
				<ele>99.6618925286457</ele>
				<time>2026-05-23T12:37:45Z</time>
			</trkpt>
			<trkpt lat="47.2722595883546" lon="18.97759603889539">
				<ele>99.6416402310133</ele>
				<time>2026-05-23T12:37:47Z</time>
			</trkpt>
			<trkpt lat="47.2722519129068" lon="18.977610727799657">
				<ele>99.48701101075858</ele>
				<time>2026-05-23T12:37:49Z</time>
			</trkpt>
			<trkpt lat="47.27224247253155" lon="18.977629838753025">
				<ele>99.57083206623793</ele>
				<time>2026-05-23T12:37:51Z</time>
			</trkpt>
			<trkpt lat="47.272226123735514" lon="18.977656553594237">
				<ele>99.512305656448</ele>
				<time>2026-05-23T12:37:54Z</time>
			</trkpt>
			<trkpt lat="47.27220654161493" lon="18.977687393631854">
				<ele>99.3944477532059</ele>
				<time>2026-05-23T12:37:57Z</time>
			</trkpt>
			<trkpt lat="47.2721930067601" lon="18.977719263169785">
				<ele>99.64891976863146</ele>
				<time>2026-05-23T12:38:00Z</time>
			</trkpt>
			<trkpt lat="47.272192022635565" lon="18.977747116781032">
				<ele>99.99743756651878</ele>
				<time>2026-05-23T12:38:02Z</time>
			</trkpt>
		</trkseg>
	</trk>
</gpx>
