<?xml version="1.0" encoding="UTF-8"?>
<gpx xmlns:xsi="http://www.w3.org/2001/XMLSchema-instance" xmlns="http://www.topografix.com/GPX/1/1" xsi:schemaLocation="http://www.topografix.com/GPX/1/1 http://www.topografix.com/GPX/1/1/gpx.xsd" version="1.1" creator="GPX Export">
	<trk>
		<trkseg>
			<trkpt lat="47.68534597670478" lon="20.73286992632964">
				<ele>91.35588744507709</ele>
				<time>2026-06-14T08:59:37Z</time>
			</trkpt>
			<trkpt lat="47.685321719879305" lon="20.732874812632016">
				<ele>91.6025887354617</ele>
				<time>2026-06-14T08:59:41Z</time>
			</trkpt>
			<trkpt lat="47.68531000772082" lon="20.73286822824743">
				<ele>91.39663347013598</ele>
				<time>2026-06-14T08:59:44Z</time>
			</trkpt>
			<trkpt lat="47.68528128494236" lon="20.732861023758204">
				<ele>90.46349932535895</ele>
				<time>2026-06-14T08:59:47Z</time>
			</trkpt>
			<trkpt lat="47.68525615721198" lon="20.732864151365817">
				<ele>90.45521583035588</ele>
				<time>2026-06-14T08:59:50Z</time>
			</trkpt>
			<trkpt lat="47.68524131111109" lon="20.732878182688165">
				<ele>90.30265939794481</ele>
				<time>2026-06-14T08:59:52Z</time>
			</trkpt>
			<trkpt lat="47.68521782681383" lon="20.73289532887685">
				<ele>89.80248708091676</ele>
				<time>2026-06-14T08:59:55Z</time>
			</trkpt>
			<trkpt lat="47.68519823857372" lon="20.732897477621304">
				<ele>90.01762194000185</ele>
				<time>2026-06-14T08:59:57Z</time>
			</trkpt>
			<trkpt lat="47.68515996496345" lon="20.732892904890207">
				<ele>90.2242867173627</ele>
				<time>2026-06-14T09:00:01Z</time>
			</trkpt>
			<trkpt lat="47.685141570383244" lon="20.732887302150424">
				<ele>90.32251256983727</ele>
				<time>2026-06-14T09:00:03Z</time>
			</trkpt>
			<trkpt lat="47.68512235608837" lon="20.732885957388532">
				<ele>90.22457406204194</ele>
				<time>2026-06-14T09:00:05Z</time>
			</trkpt>
			<trkpt lat="47.685109505106404" lon="20.732883624666528">
				<ele>90.55241168197244</ele>
				<time>2026-06-14T09:00:06Z</time>
			</trkpt>
			<trkpt lat="47.68508880390861" lon="20.732878550405083">
				<ele>93.06818568985909</ele>
				<time>2026-06-14T09:00:09Z</time>
			</trkpt>
			<trkpt lat="47.68506534546804" lon="20.732876116491873">
				<ele>93.0186257660389</ele>
				<time>2026-06-14T09:00:11Z</time>
			</trkpt>
			<trkpt lat="47.68504312178102" lon="20.732872372324742">
				<ele>92.97555676847696</ele>
				<time>2026-06-14T09:00:14Z</time>
			</trkpt>
			<trkpt lat="47.685032362064476" lon="20.732867101683972">
				<ele>92.18344345316291</ele>
				<time>2026-06-14T09:00:17Z</time>
			</trkpt>
			<trkpt lat="47.68502014349131" lon="20.732861855471388">
				<ele>92.933747401461</ele>
				<time>2026-06-14T09:00:20Z</time>
			</trkpt>
			<trkpt lat="47.68500047462122" lon="20.732859837423486">
				<ele>92.19103871844709</ele>
				<time>2026-06-14T09:00:26Z</time>
			</trkpt>
			<trkpt lat="47.68497665909244" lon="20.732858883091478">
				<ele>91.222590893507</ele>
				<time>2026-06-14T09:00:34Z</time>
			</trkpt>
			<trkpt lat="47.68496353803934" lon="20.73287332964825">
				<ele>92.49932899326086</ele>
				<time>2026-06-14T09:00:39Z</time>
			</trkpt>
			<trkpt lat="47.684958078807036" lon="20.73289583119151">
				<ele>91.92425851803273</ele>
				<time>2026-06-14T09:00:44Z</time>
			</trkpt>
			<trkpt lat="47.684961034425825" lon="20.732920743162683">
				<ele>92.48913148976862</ele>
				<time>2026-06-14T09:00:48Z</time>
			</trkpt>
			<trkpt lat="47.68497216302102" lon="20.732937477026077">
				<ele>92.67725548986346</ele>
				<time>2026-06-14T09:00:51Z</time>
			</trkpt>
			<trkpt lat="47.684987335146914" lon="20.732946039046436">
				<ele>93.54746270272881</ele>
				<time>2026-06-14T09:00:54Z</time>
			</trkpt>
			<trkpt lat="47.685012186577595" lon="20.73295653062532">
				<ele>93.76798934303224</ele>
				<time>2026-06-14T09:01:00Z</time>
			</trkpt>
			<trkpt lat="47.685031500124474" lon="20.73293675788734">
				<ele>93.56659874785691</ele>
				<time>2026-06-14T09:01:37Z</time>
			</trkpt>
			<trkpt lat="47.68502120305463" lon="20.73292405014919">
				<ele>93.52034854702652</ele>
				<time>2026-06-14T09:01:42Z</time>
			</trkpt>
			<trkpt lat="47.68501083450114" lon="20.732912036103535">
				<ele>93.62890136986971</ele>
				<time>2026-06-14T09:01:45Z</time>
			</trkpt>
			<trkpt lat="47.684998098891015" lon="20.73290221207098">
				<ele>93.65017731674016</ele>
				<time>2026-06-14T09:01:48Z</time>
			</trkpt>
			<trkpt lat="47.68498223860361" lon="20.732892987098907">
				<ele>93.2075074147433</ele>
				<time>2026-06-14T09:01:51Z</time>
			</trkpt>
			<trkpt lat="47.684964344617434" lon="20.732883499439858">
				<ele>93.13897511828691</ele>
				<time>2026-06-14T09:01:54Z</time>
			</trkpt>
			<trkpt lat="47.68494133841514" lon="20.7328723492175">
				<ele>93.24816539045423</ele>
				<time>2026-06-14T09:01:58Z</time>
			</trkpt>
			<trkpt lat="47.68492059003963" lon="20.732864438302634">
				<ele>93.27177332993597</ele>
				<time>2026-06-14T09:02:02Z</time>
			</trkpt>
			<trkpt lat="47.68489894824167" lon="20.732858236017982">
				<ele>93.06047998648137</ele>
				<time>2026-06-14T09:02:07Z</time>
			</trkpt>
			<trkpt lat="47.68487522846323" lon="20.732862236032727">
				<ele>93.06086666695774</ele>
				<time>2026-06-14T09:02:14Z</time>
			</trkpt>
			<trkpt lat="47.68485445181693" lon="20.73288196388064">
				<ele>92.22482872754335</ele>
				<time>2026-06-14T09:02:27Z</time>
			</trkpt>
			<trkpt lat="47.68486603722839" lon="20.73289311618806">
				<ele>92.4576487801969</ele>
				<time>2026-06-14T09:02:41Z</time>
			</trkpt>
			<trkpt lat="47.68488524704967" lon="20.732900389595407">
				<ele>92.89316375181079</ele>
				<time>2026-06-14T09:02:58Z</time>
			</trkpt>
			<trkpt lat="47.68489354262804" lon="20.73292091346858">
				<ele>93.24518109764904</ele>
				<time>2026-06-14T09:03:09Z</time>
			</trkpt>
			<trkpt lat="47.68489423348663" lon="20.73294397429582">
				<ele>93.09542845096439</ele>
				<time>2026-06-14T09:03:16Z</time>
			</trkpt>
			<trkpt lat="47.68488940861727" lon="20.732967178506243">
				<ele>93.44537360128015</ele>
				<time>2026-06-14T09:03:22Z</time>
			</trkpt>
			<trkpt lat="47.684872775680226" lon="20.73298799653717">
				<ele>93.15133782662451</ele>
				<time>2026-06-14T09:03:33Z</time>
			</trkpt>
			<trkpt lat="47.68485198279573" lon="20.733004944770315">
				<ele>92.57820964697748</ele>
				<time>2026-06-14T09:04:08Z</time>
			</trkpt>
			<trkpt lat="47.68483728661547" lon="20.733004663217347">
				<ele>92.64996709022671</ele>
				<time>2026-06-14T09:04:18Z</time>
			</trkpt>
			<trkpt lat="47.68481942644159" lon="20.73300374832179">
				<ele>93.03710261825472</ele>
				<time>2026-06-14T09:04:26Z</time>
			</trkpt>
			<trkpt lat="47.68480315817058" lon="20.73299381670223">
				<ele>93.28297085128725</ele>
				<time>2026-06-14T09:04:31Z</time>
			</trkpt>
			<trkpt lat="47.68478721714123" lon="20.732982327860867">
				<ele>93.52702317386866</ele>
				<time>2026-06-14T09:04:36Z</time>
			</trkpt>
			<trkpt lat="47.684768145259355" lon="20.732961428118852">
				<ele>93.0260648522526</ele>
				<time>2026-06-14T09:04:42Z</time>
			</trkpt>
			<trkpt lat="47.68475211656479" lon="20.73295864304956">
				<ele>93.29806125350296</ele>
				<time>2026-06-14T09:04:47Z</time>
			</trkpt>
			<trkpt lat="47.68473657645874" lon="20.73296389526096">
				<ele>93.08798151183873</ele>
				<time>2026-06-14T09:04:51Z</time>
			</trkpt>
			<trkpt lat="47.684716969882984" lon="20.732972867537743">
				<ele>93.15747512225062</ele>
				<time>2026-06-14T09:04:56Z</time>
			</trkpt>
			<trkpt lat="47.68469625524087" lon="20.732979891570853">
				<ele>92.94605210237205</ele>
				<time>2026-06-14T09:05:01Z</time>
			</trkpt>
			<trkpt lat="47.684665766690216" lon="20.732977793993417">
				<ele>92.48642888572067</ele>
				<time>2026-06-14T09:05:10Z</time>
			</trkpt>
			<trkpt lat="47.684641059721926" lon="20.73296822107465">
				<ele>92.40500544384122</ele>
				<time>2026-06-14T09:05:24Z</time>
			</trkpt>
			<trkpt lat="47.68462997823592" lon="20.732950539179633">
				<ele>92.13350911997259</ele>
				<time>2026-06-14T09:05:33Z</time>
			</trkpt>
			<trkpt lat="47.6846143752468" lon="20.73294886751062">
				<ele>92.99954238254577</ele>
				<time>2026-06-14T09:05:41Z</time>
			</trkpt>
			<trkpt lat="47.68459532027789" lon="20.732934983151456">
				<ele>93.71642178017646</ele>
				<time>2026-06-14T09:05:47Z</time>
			</trkpt>
			<trkpt lat="47.684581839841044" lon="20.73292967601726">
				<ele>93.33272047620267</ele>
				<time>2026-06-14T09:05:48Z</time>
			</trkpt>
			<trkpt lat="47.68455452274842" lon="20.732932100339006">
				<ele>94.48783598374575</ele>
				<time>2026-06-14T09:05:50Z</time>
			</trkpt>
			<trkpt lat="47.68452788017054" lon="20.73293272437627">
				<ele>92.86234084330499</ele>
				<time>2026-06-14T09:05:52Z</time>
			</trkpt>
			<trkpt lat="47.684510028678055" lon="20.73293581970625">
				<ele>93.02034885436296</ele>
				<time>2026-06-14T09:05:53Z</time>
			</trkpt>
			<trkpt lat="47.68447981588747" lon="20.732933466005328">
				<ele>92.65939714573324</ele>
				<time>2026-06-14T09:05:55Z</time>
			</trkpt>
			<trkpt lat="47.68446270809525" lon="20.732933565239346">
				<ele>92.7804850237444</ele>
				<time>2026-06-14T09:05:57Z</time>
			</trkpt>
			<trkpt lat="47.684443724287135" lon="20.73293469244693">
				<ele>93.03565907850862</ele>
				<time>2026-06-14T09:06:00Z</time>
			</trkpt>
			<trkpt lat="47.68441950348755" lon="20.732929606248355">
				<ele>92.34083388745785</ele>
				<time>2026-06-14T09:06:02Z</time>
			</trkpt>
			<trkpt lat="47.684389312726154" lon="20.73292192940983">
				<ele>91.7378095202148</ele>
				<time>2026-06-14T09:06:04Z</time>
			</trkpt>
			<trkpt lat="47.68436039614009" lon="20.73291483676643">
				<ele>91.92559253238142</ele>
				<time>2026-06-14T09:06:07Z</time>
			</trkpt>
			<trkpt lat="47.68433810285889" lon="20.732910820880445">
				<ele>91.24946514610201</ele>
				<time>2026-06-14T09:06:10Z</time>
			</trkpt>
			<trkpt lat="47.68431898457566" lon="20.7329073892106">
				<ele>91.30370363406837</ele>
				<time>2026-06-14T09:06:12Z</time>
			</trkpt>
			<trkpt lat="47.68429047386307" lon="20.73290267704603">
				<ele>91.26744580082595</ele>
				<time>2026-06-14T09:06:14Z</time>
			</trkpt>
			<trkpt lat="47.684259517776574" lon="20.732893457598514">
				<ele>91.9648257996887</ele>
				<time>2026-06-14T09:06:16Z</time>
			</trkpt>
			<trkpt lat="47.68423000120155" lon="20.732883790650323">
				<ele>91.7573024155572</ele>
				<time>2026-06-14T09:06:18Z</time>
			</trkpt>
			<trkpt lat="47.6841998249066" lon="20.73288056934913">
				<ele>91.52773248404264</ele>
				<time>2026-06-14T09:06:20Z</time>
			</trkpt>
			<trkpt lat="47.684167604254476" lon="20.73287754001067">
				<ele>91.81717178504914</ele>
				<time>2026-06-14T09:06:22Z</time>
			</trkpt>
			<trkpt lat="47.68414616363869" lon="20.73287421824315">
				<ele>92.15931834932417</ele>
				<time>2026-06-14T09:06:25Z</time>
			</trkpt>
			<trkpt lat="47.68413494770852" lon="20.732866095521555">
				<ele>92.37868804577738</ele>
				<time>2026-06-14T09:06:26Z</time>
			</trkpt>
			<trkpt lat="47.68412308486042" lon="20.7328572249769">
				<ele>92.64776198286563</ele>
				<time>2026-06-14T09:06:28Z</time>
			</trkpt>
			<trkpt lat="47.684107688476644" lon="20.7328458016387">
				<ele>93.28647197037935</ele>
				<time>2026-06-14T09:06:30Z</time>
			</trkpt>
			<trkpt lat="47.68408702270827" lon="20.73283129723478">
				<ele>93.77838441263884</ele>
				<time>2026-06-14T09:06:34Z</time>
			</trkpt>
			<trkpt lat="47.68408030400451" lon="20.73281076834323">
				<ele>93.45325243007392</ele>
				<time>2026-06-14T09:06:41Z</time>
			</trkpt>
			<trkpt lat="47.68408562421138" lon="20.73279140214397">
				<ele>93.5161456828937</ele>
				<time>2026-06-14T09:06:45Z</time>
			</trkpt>
			<trkpt lat="47.68409483153529" lon="20.732783408369535">
				<ele>93.29235152620822</ele>
				<time>2026-06-14T09:06:47Z</time>
			</trkpt>
			<trkpt lat="47.68410910222485" lon="20.73277908293168">
				<ele>93.33917923178524</ele>
				<time>2026-06-14T09:06:50Z</time>
			</trkpt>
			<trkpt lat="47.68412740344252" lon="20.732779113610345">
				<ele>93.1852264534682</ele>
				<time>2026-06-14T09:06:53Z</time>
			</trkpt>
			<trkpt lat="47.68414376573176" lon="20.73278184463468">
				<ele>93.19917187280953</ele>
				<time>2026-06-14T09:06:55Z</time>
			</trkpt>
			<trkpt lat="47.684163673142855" lon="20.73278664011378">
				<ele>92.91262861527503</ele>
				<time>2026-06-14T09:06:58Z</time>
			</trkpt>
			<trkpt lat="47.68418607514594" lon="20.7327934633433">
				<ele>93.04860664717853</ele>
				<time>2026-06-14T09:07:01Z</time>
			</trkpt>
			<trkpt lat="47.68420443810535" lon="20.73279908433401">
				<ele>92.82976929377764</ele>
				<time>2026-06-14T09:07:03Z</time>
			</trkpt>
			<trkpt lat="47.68422088110214" lon="20.732806088308138">
				<ele>92.71203193441033</ele>
				<time>2026-06-14T09:07:05Z</time>
			</trkpt>
			<trkpt lat="47.68423915279032" lon="20.732814753256818">
				<ele>92.69057092256844</ele>
				<time>2026-06-14T09:07:08Z</time>
			</trkpt>
			<trkpt lat="47.68426027830135" lon="20.73282440121268">
				<ele>92.53502022475004</ele>
				<time>2026-06-14T09:07:11Z</time>
			</trkpt>
			<trkpt lat="47.6842814097386" lon="20.73283376094952">
				<ele>92.74769150279462</ele>
				<time>2026-06-14T09:07:14Z</time>
			</trkpt>
			<trkpt lat="47.68430253448992" lon="20.73284256264807">
				<ele>92.75096671003848</ele>
				<time>2026-06-14T09:07:17Z</time>
			</trkpt>
			<trkpt lat="47.68432258305243" lon="20.732851202290572">
				<ele>93.06877125520259</ele>
				<time>2026-06-14T09:07:20Z</time>
			</trkpt>
			<trkpt lat="47.6843417236051" lon="20.732859240648477">
				<ele>93.25212035700679</ele>
				<time>2026-06-14T09:07:23Z</time>
			</trkpt>
			<trkpt lat="47.68436092397631" lon="20.732865992961287">
				<ele>93.20973114203662</ele>
				<time>2026-06-14T09:07:26Z</time>
			</trkpt>
			<trkpt lat="47.68437873114324" lon="20.73287241003717">
				<ele>93.31999672297388</ele>
				<time>2026-06-14T09:07:29Z</time>
			</trkpt>
			<trkpt lat="47.68439801606615" lon="20.732879340041666">
				<ele>93.72737439349294</ele>
				<time>2026-06-14T09:07:32Z</time>
			</trkpt>
			<trkpt lat="47.68442146282291" lon="20.73288651938674">
				<ele>94.30749797448516</ele>
				<time>2026-06-14T09:07:36Z</time>
			</trkpt>
			<trkpt lat="47.684447031719586" lon="20.73288713373435">
				<ele>94.25632566493005</ele>
				<time>2026-06-14T09:07:40Z</time>
			</trkpt>
			<trkpt lat="47.68446988197672" lon="20.7328875575003">
				<ele>94.06908942665905</ele>
				<time>2026-06-14T09:07:44Z</time>
			</trkpt>
			<trkpt lat="47.684491862080094" lon="20.732885189177615">
				<ele>94.1298147579655</ele>
				<time>2026-06-14T09:07:48Z</time>
			</trkpt>
			<trkpt lat="47.684512891342955" lon="20.732876585822876">
				<ele>93.97443269565701</ele>
				<time>2026-06-14T09:07:52Z</time>
			</trkpt>
			<trkpt lat="47.68452970334896" lon="20.732858647083596">
				<ele>93.7488614236936</ele>
				<time>2026-06-14T09:07:57Z</time>
			</trkpt>
			<trkpt lat="47.68453264345492" lon="20.732833559046774">
				<ele>93.85884482692927</ele>
				<time>2026-06-14T09:08:04Z</time>
			</trkpt>
			<trkpt lat="47.684519176304526" lon="20.73281389609486">
				<ele>93.41316173318774</ele>
				<time>2026-06-14T09:08:09Z</time>
			</trkpt>
			<trkpt lat="47.68450316748857" lon="20.732817726944166">
				<ele>94.4510860806331</ele>
				<time>2026-06-14T09:08:11Z</time>
			</trkpt>
			<trkpt lat="47.68448234530595" lon="20.732826947462073">
				<ele>93.16272758692503</ele>
				<time>2026-06-14T09:08:16Z</time>
			</trkpt>
			<trkpt lat="47.68446874127067" lon="20.732830714731996">
				<ele>94.24983912240714</ele>
				<time>2026-06-14T09:08:20Z</time>
			</trkpt>
			<trkpt lat="47.68444945623811" lon="20.73282959045911">
				<ele>93.74018985591829</ele>
				<time>2026-06-14T09:08:25Z</time>
			</trkpt>
			<trkpt lat="47.6844290992747" lon="20.732833709008034">
				<ele>93.40087104495615</ele>
				<time>2026-06-14T09:08:31Z</time>
			</trkpt>
			<trkpt lat="47.68440797656569" lon="20.732832515407235">
				<ele>93.58248433098197</ele>
				<time>2026-06-14T09:08:38Z</time>
			</trkpt>
			<trkpt lat="47.6843896747412" lon="20.73283307462998">
				<ele>93.43075977638364</ele>
				<time>2026-06-14T09:08:43Z</time>
			</trkpt>
			<trkpt lat="47.68437432620296" lon="20.732839155484236">
				<ele>93.1821065498516</ele>
				<time>2026-06-14T09:08:48Z</time>
			</trkpt>
			<trkpt lat="47.68435896625237" lon="20.73284051861464">
				<ele>93.4322162522003</ele>
				<time>2026-06-14T09:08:52Z</time>
			</trkpt>
			<trkpt lat="47.684334006928495" lon="20.73283610562523">
				<ele>93.32998576946557</ele>
				<time>2026-06-14T09:08:59Z</time>
			</trkpt>
			<trkpt lat="47.68430913052463" lon="20.73282945398">
				<ele>92.99821635894477</ele>
				<time>2026-06-14T09:09:05Z</time>
			</trkpt>
			<trkpt lat="47.684281834734136" lon="20.73281728168287">
				<ele>93.48388840537518</ele>
				<time>2026-06-14T09:09:15Z</time>
			</trkpt>
			<trkpt lat="47.684248792622796" lon="20.73280933550146">
				<ele>92.17065422981977</ele>
				<time>2026-06-14T09:09:38Z</time>
			</trkpt>
			<trkpt lat="47.684232734454795" lon="20.732810999310328">
				<ele>91.75378883536905</ele>
				<time>2026-06-14T09:09:41Z</time>
			</trkpt>
			<trkpt lat="47.68420777622293" lon="20.732807756849738">
				<ele>91.0629788134247</ele>
				<time>2026-06-14T09:09:44Z</time>
			</trkpt>
			<trkpt lat="47.68418164880943" lon="20.73280367519409">
				<ele>91.7350086858496</ele>
				<time>2026-06-14T09:09:46Z</time>
			</trkpt>
			<trkpt lat="47.68415639694359" lon="20.732802277438022">
				<ele>91.6070659449324</ele>
				<time>2026-06-14T09:09:48Z</time>
			</trkpt>
			<trkpt lat="47.68412828888794" lon="20.732799524113968">
				<ele>91.13916848879308</ele>
				<time>2026-06-14T09:09:50Z</time>
			</trkpt>
			<trkpt lat="47.68409165088842" lon="20.732786326995214">
				<ele>91.31099702324718</ele>
				<time>2026-06-14T09:09:53Z</time>
			</trkpt>
			<trkpt lat="47.68406460563745" lon="20.732779855870483">
				<ele>91.34323018230498</ele>
				<time>2026-06-14T09:09:55Z</time>
			</trkpt>
			<trkpt lat="47.684035169813534" lon="20.732771926204375">
				<ele>92.00842632818967</ele>
				<time>2026-06-14T09:09:57Z</time>
			</trkpt>
			<trkpt lat="47.68400789254312" lon="20.73275924643935">
				<ele>91.64297272637486</ele>
				<time>2026-06-14T09:09:59Z</time>
			</trkpt>
			<trkpt lat="47.68399415269713" lon="20.732747829725657">
				<ele>91.31152172852308</ele>
				<time>2026-06-14T09:10:00Z</time>
			</trkpt>
			<trkpt lat="47.683968487192914" lon="20.73272992699949">
				<ele>92.92216922622174</ele>
				<time>2026-06-14T09:10:02Z</time>
			</trkpt>
			<trkpt lat="47.68394398129816" lon="20.732717568872157">
				<ele>91.9526465376839</ele>
				<time>2026-06-14T09:10:04Z</time>
			</trkpt>
			<trkpt lat="47.68393040860969" lon="20.732707056017258">
				<ele>92.06009221356362</ele>
				<time>2026-06-14T09:10:05Z</time>
			</trkpt>
			<trkpt lat="47.68390492893027" lon="20.73269144555849">
				<ele>91.20682074688375</ele>
				<time>2026-06-14T09:10:07Z</time>
			</trkpt>
			<trkpt lat="47.683878799646564" lon="20.73267277134081">
				<ele>92.18544181063771</ele>
				<time>2026-06-14T09:10:09Z</time>
			</trkpt>
			<trkpt lat="47.683851166080636" lon="20.732661529496365">
				<ele>91.70677704084665</ele>
				<time>2026-06-14T09:10:11Z</time>
			</trkpt>
			<trkpt lat="47.68382134960671" lon="20.73265726426191">
				<ele>91.73359559569508</ele>
				<time>2026-06-14T09:10:13Z</time>
			</trkpt>
			<trkpt lat="47.68380571984663" lon="20.732652555054194">
				<ele>91.92272596154362</ele>
				<time>2026-06-14T09:10:14Z</time>
			</trkpt>
			<trkpt lat="47.68377430640987" lon="20.73263996885372">
				<ele>92.11246419511735</ele>
				<time>2026-06-14T09:10:16Z</time>
			</trkpt>
			<trkpt lat="47.683743902531724" lon="20.732622979010433">
				<ele>91.4169062320143</ele>
				<time>2026-06-14T09:10:18Z</time>
			</trkpt>
			<trkpt lat="47.68371640674079" lon="20.73260998360809">
				<ele>90.82329572550952</ele>
				<time>2026-06-14T09:10:20Z</time>
			</trkpt>
			<trkpt lat="47.683696600806506" lon="20.73259697067955">
				<ele>90.78088413272053</ele>
				<time>2026-06-14T09:10:22Z</time>
			</trkpt>
			<trkpt lat="47.68367244094511" lon="20.73258127409815">
				<ele>91.19484825152904</ele>
				<time>2026-06-14T09:10:24Z</time>
			</trkpt>
			<trkpt lat="47.6836580109148" lon="20.732573235963024">
				<ele>91.69915621262044</ele>
				<time>2026-06-14T09:10:25Z</time>
			</trkpt>
			<trkpt lat="47.683633135422824" lon="20.732552167160957">
				<ele>91.72272008750588</ele>
				<time>2026-06-14T09:10:27Z</time>
			</trkpt>
			<trkpt lat="47.68361099275006" lon="20.732529212967457">
				<ele>91.1488658329472</ele>
				<time>2026-06-14T09:10:29Z</time>
			</trkpt>
			<trkpt lat="47.683593872335905" lon="20.73249809931405">
				<ele>91.81492155045271</ele>
				<time>2026-06-14T09:10:31Z</time>
			</trkpt>
			<trkpt lat="47.683571351387826" lon="20.732473142368555">
				<ele>91.74509474728256</ele>
				<time>2026-06-14T09:10:33Z</time>
			</trkpt>
			<trkpt lat="47.68354729760042" lon="20.73245451764176">
				<ele>90.97150033153594</ele>
				<time>2026-06-14T09:10:35Z</time>
			</trkpt>
			<trkpt lat="47.68352258225833" lon="20.73243710726562">
				<ele>89.95622698124498</ele>
				<time>2026-06-14T09:10:37Z</time>
			</trkpt>
			<trkpt lat="47.68350306364235" lon="20.73241699127596">
				<ele>89.14579156879336</ele>
				<time>2026-06-14T09:10:39Z</time>
			</trkpt>
			<trkpt lat="47.68348360619848" lon="20.732391667417087">
				<ele>89.61693852208555</ele>
				<time>2026-06-14T09:10:41Z</time>
			</trkpt>
			<trkpt lat="47.68347428514923" lon="20.732372349982313">
				<ele>90.88711005914956</ele>
				<time>2026-06-14T09:10:42Z</time>
			</trkpt>
			<trkpt lat="47.68345590419325" lon="20.732339632151966">
				<ele>90.30488116946071</ele>
				<time>2026-06-14T09:10:44Z</time>
			</trkpt>
			<trkpt lat="47.68343569815813" lon="20.732315503061823">
				<ele>90.46229250729084</ele>
				<time>2026-06-14T09:10:46Z</time>
			</trkpt>
			<trkpt lat="47.68341584033488" lon="20.73229484395548">
				<ele>91.51487096399069</ele>
				<time>2026-06-14T09:10:48Z</time>
			</trkpt>
			<trkpt lat="47.68339970505949" lon="20.732283410501974">
				<ele>91.93102783709764</ele>
				<time>2026-06-14T09:10:49Z</time>
			</trkpt>
			<trkpt lat="47.68337656181054" lon="20.73226257436676">
				<ele>92.05942969862372</ele>
				<time>2026-06-14T09:10:51Z</time>
			</trkpt>
			<trkpt lat="47.68335605401395" lon="20.7322446066197">
				<ele>92.28026031982154</ele>
				<time>2026-06-14T09:10:53Z</time>
			</trkpt>
			<trkpt lat="47.683339372255304" lon="20.73222583364009">
				<ele>92.21145706810057</ele>
				<time>2026-06-14T09:10:55Z</time>
			</trkpt>
			<trkpt lat="47.683315987244356" lon="20.732197860832276">
				<ele>92.12842489872128</ele>
				<time>2026-06-14T09:10:58Z</time>
			</trkpt>
			<trkpt lat="47.68330004537515" lon="20.7321805230756">
				<ele>91.83646560180932</ele>
				<time>2026-06-14T09:11:00Z</time>
			</trkpt>
			<trkpt lat="47.683287835138884" lon="20.73217154170749">
				<ele>91.86254221200943</ele>
				<time>2026-06-14T09:11:02Z</time>
			</trkpt>
			<trkpt lat="47.6832709783129" lon="20.732158984731484">
				<ele>91.78513319045305</ele>
				<time>2026-06-14T09:11:05Z</time>
			</trkpt>
			<trkpt lat="47.683258778132966" lon="20.732146861107367">
				<ele>92.25586558226496</ele>
				<time>2026-06-14T09:11:07Z</time>
			</trkpt>
			<trkpt lat="47.68324350680037" lon="20.732131010740517">
				<ele>92.07502758316696</ele>
				<time>2026-06-14T09:11:10Z</time>
			</trkpt>
			<trkpt lat="47.683229806511335" lon="20.732114409359905">
				<ele>92.37087145540863</ele>
				<time>2026-06-14T09:11:13Z</time>
			</trkpt>
			<trkpt lat="47.68321680026547" lon="20.73209761594336">
				<ele>92.53487771376967</ele>
				<time>2026-06-14T09:11:16Z</time>
			</trkpt>
			<trkpt lat="47.683204087771685" lon="20.73208175235288">
				<ele>92.24188997410238</ele>
				<time>2026-06-14T09:11:19Z</time>
			</trkpt>
			<trkpt lat="47.683192500790526" lon="20.73206755252266">
				<ele>92.86599300056696</ele>
				<time>2026-06-14T09:11:21Z</time>
			</trkpt>
			<trkpt lat="47.68317816441998" lon="20.732046616334408">
				<ele>92.70212786830962</ele>
				<time>2026-06-14T09:11:24Z</time>
			</trkpt>
			<trkpt lat="47.683162609833325" lon="20.73202566105282">
				<ele>92.2709437282756</ele>
				<time>2026-06-14T09:11:27Z</time>
			</trkpt>
			<trkpt lat="47.68315077938041" lon="20.732008619836286">
				<ele>92.65226775687188</ele>
				<time>2026-06-14T09:11:29Z</time>
			</trkpt>
			<trkpt lat="47.68313332126624" lon="20.73197907006841">
				<ele>92.80354586150497</ele>
				<time>2026-06-14T09:11:31Z</time>
			</trkpt>
			<trkpt lat="47.68310851766439" lon="20.731933974045297">
				<ele>92.78776158671826</ele>
				<time>2026-06-14T09:11:34Z</time>
			</trkpt>
			<trkpt lat="47.68309356770661" lon="20.73190544911359">
				<ele>92.88246533833444</ele>
				<time>2026-06-14T09:11:37Z</time>
			</trkpt>
			<trkpt lat="47.68308371571391" lon="20.731887441856795">
				<ele>93.15791035722941</ele>
				<time>2026-06-14T09:11:40Z</time>
			</trkpt>
			<trkpt lat="47.683073161178925" lon="20.73186713560645">
				<ele>93.06542082037777</ele>
				<time>2026-06-14T09:11:43Z</time>
			</trkpt>
			<trkpt lat="47.68306366765554" lon="20.73184435566979">
				<ele>92.2754700127989</ele>
				<time>2026-06-14T09:11:46Z</time>
			</trkpt>
			<trkpt lat="47.6830523398427" lon="20.731814064434847">
				<ele>93.09104664158076</ele>
				<time>2026-06-14T09:11:48Z</time>
			</trkpt>
			<trkpt lat="47.683030250771544" lon="20.731752272752118">
				<ele>92.48692913539708</ele>
				<time>2026-06-14T09:11:52Z</time>
			</trkpt>
			<trkpt lat="47.683019931921685" lon="20.731725314343148">
				<ele>92.50298135727644</ele>
				<time>2026-06-14T09:11:55Z</time>
			</trkpt>
			<trkpt lat="47.68300763136087" lon="20.731689157034836">
				<ele>92.69642429798841</ele>
				<time>2026-06-14T09:11:58Z</time>
			</trkpt>
			<trkpt lat="47.68299883468169" lon="20.7316604245028">
				<ele>92.57268679328263</ele>
				<time>2026-06-14T09:12:01Z</time>
			</trkpt>
			<trkpt lat="47.68299213044532" lon="20.731640971414038">
				<ele>92.69387926906347</ele>
				<time>2026-06-14T09:12:05Z</time>
			</trkpt>
			<trkpt lat="47.68298752521192" lon="20.731623709714356">
				<ele>92.98892888519913</ele>
				<time>2026-06-14T09:12:07Z</time>
			</trkpt>
			<trkpt lat="47.682979589073994" lon="20.731582061786852">
				<ele>93.06771013326943</ele>
				<time>2026-06-14T09:12:10Z</time>
			</trkpt>
			<trkpt lat="47.68296703865981" lon="20.731534090836018">
				<ele>92.86078942660242</ele>
				<time>2026-06-14T09:12:13Z</time>
			</trkpt>
			<trkpt lat="47.68295901315" lon="20.73150014183843">
				<ele>92.8250730773434</ele>
				<time>2026-06-14T09:12:17Z</time>
			</trkpt>
			<trkpt lat="47.682956412900445" lon="20.731485866107743">
				<ele>92.66264981217682</ele>
				<time>2026-06-14T09:12:20Z</time>
			</trkpt>
			<trkpt lat="47.68294994672133" lon="20.73145702401805">
				<ele>93.40028514619917</ele>
				<time>2026-06-14T09:12:23Z</time>
			</trkpt>
			<trkpt lat="47.68294269598758" lon="20.73142741285396">
				<ele>92.65389887616038</ele>
				<time>2026-06-14T09:12:27Z</time>
			</trkpt>
			<trkpt lat="47.68293134505853" lon="20.73140071238466">
				<ele>93.47191075794399</ele>
				<time>2026-06-14T09:12:30Z</time>
			</trkpt>
			<trkpt lat="47.68292120944661" lon="20.731369687519614">
				<ele>92.69571585860103</ele>
				<time>2026-06-14T09:12:34Z</time>
			</trkpt>
			<trkpt lat="47.682915819170404" lon="20.731348182557248">
				<ele>92.73229902796447</ele>
				<time>2026-06-14T09:12:38Z</time>
			</trkpt>
			<trkpt lat="47.682907088073776" lon="20.731319105803344">
				<ele>92.92167184036225</ele>
				<time>2026-06-14T09:12:42Z</time>
			</trkpt>
			<trkpt lat="47.68289982442855" lon="20.73129433855771">
				<ele>93.06359569635242</ele>
				<time>2026-06-14T09:12:45Z</time>
			</trkpt>
			<trkpt lat="47.682893464098875" lon="20.73126995042384">
				<ele>92.42252699844539</ele>
				<time>2026-06-14T09:12:48Z</time>
			</trkpt>
			<trkpt lat="47.68288865690707" lon="20.73124931097696">
				<ele>92.50632064137608</ele>
				<time>2026-06-14T09:12:50Z</time>
			</trkpt>
			<trkpt lat="47.682883294157506" lon="20.7312254659992">
				<ele>91.83086425811052</ele>
				<time>2026-06-14T09:12:53Z</time>
			</trkpt>
			<trkpt lat="47.68287091504439" lon="20.731187017662364">
				<ele>92.18384109903127</ele>
				<time>2026-06-14T09:13:00Z</time>
			</trkpt>
			<trkpt lat="47.682872303095735" lon="20.731163588045725">
				<ele>92.41380983404815</ele>
				<time>2026-06-14T09:13:36Z</time>
			</trkpt>
			<trkpt lat="47.682875390178275" lon="20.731190493199076">
				<ele>92.571851413697</ele>
				<time>2026-06-14T09:13:57Z</time>
			</trkpt>
			<trkpt lat="47.68287141729246" lon="20.731207320312357">
				<ele>92.47788541018963</ele>
				<time>2026-06-14T09:14:03Z</time>
			</trkpt>
			<trkpt lat="47.68285765428888" lon="20.731232860338547">
				<ele>91.87339081149548</ele>
				<time>2026-06-14T09:14:10Z</time>
			</trkpt>
			<trkpt lat="47.68284671539341" lon="20.731267287641426">
				<ele>92.00789859797806</ele>
				<time>2026-06-14T09:14:20Z</time>
			</trkpt>
			<trkpt lat="47.68283949518132" lon="20.731298526058627">
				<ele>92.95773654617369</ele>
				<time>2026-06-14T09:14:32Z</time>
			</trkpt>
			<trkpt lat="47.682833535295245" lon="20.731323552918006">
				<ele>92.70282696094364</ele>
				<time>2026-06-14T09:14:47Z</time>
			</trkpt>
			<trkpt lat="47.682827773188315" lon="20.731349316451524">
				<ele>93.0322229983285</ele>
				<time>2026-06-14T09:15:02Z</time>
			</trkpt>
			<trkpt lat="47.68281943988082" lon="20.731378252310794">
				<ele>92.8229105649516</ele>
				<time>2026-06-14T09:15:20Z</time>
			</trkpt>
			<trkpt lat="47.682813223159656" lon="20.73141627375742">
				<ele>92.79613743908703</ele>
				<time>2026-06-14T09:15:45Z</time>
			</trkpt>
			<trkpt lat="47.682819476662964" lon="20.7314379923953">
				<ele>92.25342651177198</ele>
				<time>2026-06-14T09:15:59Z</time>
			</trkpt>
			<trkpt lat="47.682834400677926" lon="20.731440060904017">
				<ele>91.89916706457734</ele>
				<time>2026-06-14T09:16:11Z</time>
			</trkpt>
			<trkpt lat="47.682851822256666" lon="20.731429545669165">
				<ele>91.39226983301342</ele>
				<time>2026-06-14T09:16:26Z</time>
			</trkpt>
			<trkpt lat="47.68286665362715" lon="20.73140730960375">
				<ele>90.40550183877349</ele>
				<time>2026-06-14T09:16:49Z</time>
			</trkpt>
			<trkpt lat="47.68288053040253" lon="20.73138804914837">
				<ele>90.63784715346992</ele>
				<time>2026-06-14T09:17:18Z</time>
			</trkpt>
			<trkpt lat="47.682894488542175" lon="20.73138514757158">
				<ele>91.31593417935073</ele>
				<time>2026-06-14T09:17:28Z</time>
			</trkpt>
			<trkpt lat="47.682855755371214" lon="20.731395003440984">
				<ele>91.94120450224727</ele>
				<time>2026-06-14T09:22:46Z</time>
			</trkpt>
			<trkpt lat="47.682850537972314" lon="20.73141459198368">
				<ele>92.51879218686372</ele>
				<time>2026-06-14T09:23:04Z</time>
			</trkpt>
			<trkpt lat="47.68284154705097" lon="20.731430307044782">
				<ele>91.84375883173198</ele>
				<time>2026-06-14T09:23:07Z</time>
			</trkpt>
			<trkpt lat="47.68282591160184" lon="20.73146880021566">
				<ele>92.41103848535568</ele>
				<time>2026-06-14T09:23:10Z</time>
			</trkpt>
			<trkpt lat="47.68280268644875" lon="20.731510872152807">
				<ele>92.01944812573493</ele>
				<time>2026-06-14T09:23:13Z</time>
			</trkpt>
			<trkpt lat="47.682789280129896" lon="20.731532401582704">
				<ele>91.98250711150467</ele>
				<time>2026-06-14T09:23:16Z</time>
			</trkpt>
			<trkpt lat="47.682781393683136" lon="20.73154652569572">
				<ele>92.46066074911505</ele>
				<time>2026-06-14T09:23:19Z</time>
			</trkpt>
			<trkpt lat="47.68277130354603" lon="20.73156574814613">
				<ele>92.04701925069094</ele>
				<time>2026-06-14T09:23:23Z</time>
			</trkpt>
			<trkpt lat="47.68276211745351" lon="20.731586600060208">
				<ele>92.07060569059104</ele>
				<time>2026-06-14T09:23:26Z</time>
			</trkpt>
			<trkpt lat="47.68275541443924" lon="20.73161023726031">
				<ele>92.75501597952098</ele>
				<time>2026-06-14T09:23:29Z</time>
			</trkpt>
			<trkpt lat="47.68275060587066" lon="20.73163912733615">
				<ele>92.9737226003781</ele>
				<time>2026-06-14T09:23:32Z</time>
			</trkpt>
			<trkpt lat="47.68274565126723" lon="20.731665509907803">
				<ele>93.01288030017167</ele>
				<time>2026-06-14T09:23:34Z</time>
			</trkpt>
			<trkpt lat="47.68273974192115" lon="20.73170170057042">
				<ele>92.52911564521492</ele>
				<time>2026-06-14T09:23:36Z</time>
			</trkpt>
			<trkpt lat="47.68272638059066" lon="20.73176663714391">
				<ele>92.99979654792696</ele>
				<time>2026-06-14T09:23:39Z</time>
			</trkpt>
			<trkpt lat="47.68271060959193" lon="20.731828849887773">
				<ele>92.86182993184775</ele>
				<time>2026-06-14T09:23:42Z</time>
			</trkpt>
			<trkpt lat="47.68270243982395" lon="20.73188612064029">
				<ele>93.30037869792432</ele>
				<time>2026-06-14T09:23:45Z</time>
			</trkpt>
			<trkpt lat="47.68269923068527" lon="20.731918988937945">
				<ele>92.69615276809782</ele>
				<time>2026-06-14T09:23:48Z</time>
			</trkpt>
			<trkpt lat="47.68269363104536" lon="20.731947844258684">
				<ele>92.23140901699662</ele>
				<time>2026-06-14T09:23:50Z</time>
			</trkpt>
			<trkpt lat="47.68268820906331" lon="20.73198759700634">
				<ele>92.56721651554108</ele>
				<time>2026-06-14T09:23:52Z</time>
			</trkpt>
			<trkpt lat="47.68268359755953" lon="20.732020743598415">
				<ele>92.46641288418323</ele>
				<time>2026-06-14T09:23:55Z</time>
			</trkpt>
			<trkpt lat="47.68267717620541" lon="20.732056420524906">
				<ele>92.94477577973157</ele>
				<time>2026-06-14T09:23:57Z</time>
			</trkpt>
			<trkpt lat="47.682665682077065" lon="20.732090809663255">
				<ele>92.2718948237598</ele>
				<time>2026-06-14T09:23:59Z</time>
			</trkpt>
			<trkpt lat="47.682655645400075" lon="20.732125761672567">
				<ele>92.26943528279662</ele>
				<time>2026-06-14T09:24:01Z</time>
			</trkpt>
			<trkpt lat="47.682648407580395" lon="20.732159675249246">
				<ele>91.55872780364007</ele>
				<time>2026-06-14T09:24:03Z</time>
			</trkpt>
			<trkpt lat="47.682646578872486" lon="20.732178348605565">
				<ele>91.87639007717371</ele>
				<time>2026-06-14T09:24:05Z</time>
			</trkpt>
			<trkpt lat="47.6826460580839" lon="20.732203765902682">
				<ele>92.15307190548629</ele>
				<time>2026-06-14T09:24:07Z</time>
			</trkpt>
			<trkpt lat="47.68264473149601" lon="20.732237580302883">
				<ele>92.57841257099062</ele>
				<time>2026-06-14T09:24:09Z</time>
			</trkpt>
			<trkpt lat="47.6826408090507" lon="20.732272060193793">
				<ele>92.4878502972424</ele>
				<time>2026-06-14T09:24:11Z</time>
			</trkpt>
			<trkpt lat="47.68263557024742" lon="20.732320721737324">
				<ele>92.26236791815609</ele>
				<time>2026-06-14T09:24:14Z</time>
			</trkpt>
			<trkpt lat="47.682632487452054" lon="20.73234357487894">
				<ele>92.4830159842968</ele>
				<time>2026-06-14T09:24:17Z</time>
			</trkpt>
			<trkpt lat="47.682629777703966" lon="20.73235196291303">
				<ele>92.90820902120322</ele>
				<time>2026-06-14T09:24:19Z</time>
			</trkpt>
			<trkpt lat="47.68262230767971" lon="20.732385919901173">
				<ele>93.00346221122891</ele>
				<time>2026-06-14T09:24:22Z</time>
			</trkpt>
			<trkpt lat="47.68261691792286" lon="20.732416180879977">
				<ele>92.78342593926936</ele>
				<time>2026-06-14T09:24:25Z</time>
			</trkpt>
			<trkpt lat="47.682616662733636" lon="20.732437649867347">
				<ele>92.31670949980617</ele>
				<time>2026-06-14T09:24:28Z</time>
			</trkpt>
			<trkpt lat="47.68261442183465" lon="20.73247172044252">
				<ele>92.58140685688704</ele>
				<time>2026-06-14T09:24:30Z</time>
			</trkpt>
			<trkpt lat="47.682608447778186" lon="20.73253233423802">
				<ele>92.64067188557237</ele>
				<time>2026-06-14T09:24:33Z</time>
			</trkpt>
			<trkpt lat="47.68260272095727" lon="20.732591227507264">
				<ele>93.07525495719165</ele>
				<time>2026-06-14T09:24:36Z</time>
			</trkpt>
			<trkpt lat="47.68259795668087" lon="20.732641963624342">
				<ele>92.84738406352699</ele>
				<time>2026-06-14T09:24:39Z</time>
			</trkpt>
			<trkpt lat="47.6825915289541" lon="20.732684998047922">
				<ele>92.22455723583698</ele>
				<time>2026-06-14T09:24:42Z</time>
			</trkpt>
			<trkpt lat="47.68258650102986" lon="20.73272660115254">
				<ele>92.16686455067247</ele>
				<time>2026-06-14T09:24:45Z</time>
			</trkpt>
			<trkpt lat="47.68258212536102" lon="20.732749415200193">
				<ele>91.09193646814674</ele>
				<time>2026-06-14T09:24:48Z</time>
			</trkpt>
			<trkpt lat="47.68257526620458" lon="20.732776626791722">
				<ele>90.90183096844703</ele>
				<time>2026-06-14T09:24:50Z</time>
			</trkpt>
			<trkpt lat="47.68256510004312" lon="20.732817514045426">
				<ele>91.93570419959724</ele>
				<time>2026-06-14T09:24:53Z</time>
			</trkpt>
			<trkpt lat="47.68255875938694" lon="20.732838763677524">
				<ele>91.072635226883</ele>
				<time>2026-06-14T09:24:56Z</time>
			</trkpt>
			<trkpt lat="47.68255331678548" lon="20.732853478342932">
				<ele>91.33723511360586</ele>
				<time>2026-06-14T09:24:59Z</time>
			</trkpt>
			<trkpt lat="47.682543428336174" lon="20.7329038244334">
				<ele>91.46325984224677</ele>
				<time>2026-06-14T09:25:03Z</time>
			</trkpt>
			<trkpt lat="47.682531659118226" lon="20.73296115880639">
				<ele>91.26133572962135</ele>
				<time>2026-06-14T09:25:06Z</time>
			</trkpt>
			<trkpt lat="47.68252428798998" lon="20.73299332660046">
				<ele>90.9493199326098</ele>
				<time>2026-06-14T09:25:09Z</time>
			</trkpt>
			<trkpt lat="47.68251833422913" lon="20.733022594104522">
				<ele>91.51908428035676</ele>
				<time>2026-06-14T09:25:11Z</time>
			</trkpt>
			<trkpt lat="47.68251071994151" lon="20.73306965485337">
				<ele>91.43385060690343</ele>
				<time>2026-06-14T09:25:14Z</time>
			</trkpt>
			<trkpt lat="47.68250823883628" lon="20.733087982567504">
				<ele>91.50840567052364</ele>
				<time>2026-06-14T09:25:16Z</time>
			</trkpt>
			<trkpt lat="47.68250471150006" lon="20.73311504200632">
				<ele>92.00610956922174</ele>
				<time>2026-06-14T09:25:18Z</time>
			</trkpt>
			<trkpt lat="47.68249712419511" lon="20.73316071090036">
				<ele>92.18587329331785</ele>
				<time>2026-06-14T09:25:21Z</time>
			</trkpt>
			<trkpt lat="47.68249219832816" lon="20.733187891611138">
				<ele>92.13235853984952</ele>
				<time>2026-06-14T09:25:24Z</time>
			</trkpt>
			<trkpt lat="47.6824900053006" lon="20.733204243141007">
				<ele>92.21963822003454</ele>
				<time>2026-06-14T09:25:27Z</time>
			</trkpt>
			<trkpt lat="47.68248748658541" lon="20.73322432453358">
				<ele>92.25581751391292</ele>
				<time>2026-06-14T09:25:30Z</time>
			</trkpt>
			<trkpt lat="47.6824836563245" lon="20.733251099664148">
				<ele>92.23894454352558</ele>
				<time>2026-06-14T09:25:33Z</time>
			</trkpt>
			<trkpt lat="47.68247886437939" lon="20.733282689262836">
				<ele>91.72138831205666</ele>
				<time>2026-06-14T09:25:36Z</time>
			</trkpt>
			<trkpt lat="47.682472367420516" lon="20.73332885446512">
				<ele>92.0953668942675</ele>
				<time>2026-06-14T09:25:38Z</time>
			</trkpt>
			<trkpt lat="47.68246713149463" lon="20.733374551813725">
				<ele>91.19309878908098</ele>
				<time>2026-06-14T09:25:40Z</time>
			</trkpt>
			<trkpt lat="47.682467021902426" lon="20.733403168227756">
				<ele>91.9216046789661</ele>
				<time>2026-06-14T09:25:42Z</time>
			</trkpt>
			<trkpt lat="47.682466608175844" lon="20.73343608809562">
				<ele>91.67782716453075</ele>
				<time>2026-06-14T09:25:44Z</time>
			</trkpt>
			<trkpt lat="47.68246592285641" lon="20.733470533177197">
				<ele>91.85106934513897</ele>
				<time>2026-06-14T09:25:47Z</time>
			</trkpt>
			<trkpt lat="47.68246390365358" lon="20.733505942212595">
				<ele>91.9403123985976</ele>
				<time>2026-06-14T09:25:49Z</time>
			</trkpt>
			<trkpt lat="47.68245667957521" lon="20.733558466402016">
				<ele>91.62448969576508</ele>
				<time>2026-06-14T09:25:52Z</time>
			</trkpt>
			<trkpt lat="47.68245122938158" lon="20.733588181982327">
				<ele>91.19291231874377</ele>
				<time>2026-06-14T09:25:55Z</time>
			</trkpt>
			<trkpt lat="47.68244819219805" lon="20.73360328594675">
				<ele>91.73535323515534</ele>
				<time>2026-06-14T09:25:57Z</time>
			</trkpt>
			<trkpt lat="47.68243966424337" lon="20.733643950258497">
				<ele>91.64192849677056</ele>
				<time>2026-06-14T09:26:00Z</time>
			</trkpt>
			<trkpt lat="47.6824315680676" lon="20.733680118416547">
				<ele>91.74788807053119</ele>
				<time>2026-06-14T09:26:03Z</time>
			</trkpt>
			<trkpt lat="47.682417076466514" lon="20.73371989781405">
				<ele>91.9332435131073</ele>
				<time>2026-06-14T09:26:06Z</time>
			</trkpt>
			<trkpt lat="47.68240780543797" lon="20.73375078272108">
				<ele>91.24796733260155</ele>
				<time>2026-06-14T09:26:09Z</time>
			</trkpt>
			<trkpt lat="47.682403261916406" lon="20.73377808851825">
				<ele>91.73571041226387</ele>
				<time>2026-06-14T09:26:11Z</time>
			</trkpt>
			<trkpt lat="47.6823976952174" lon="20.733807365015196">
				<ele>91.79448573570698</ele>
				<time>2026-06-14T09:26:14Z</time>
			</trkpt>
			<trkpt lat="47.68238934977532" lon="20.733837208169128">
				<ele>91.54315210599452</ele>
				<time>2026-06-14T09:26:16Z</time>
			</trkpt>
			<trkpt lat="47.68237464027621" lon="20.73388774941381">
				<ele>91.33638115413487</ele>
				<time>2026-06-14T09:26:19Z</time>
			</trkpt>
			<trkpt lat="47.68236257891399" lon="20.733936943728818">
				<ele>91.39268204662949</ele>
				<time>2026-06-14T09:26:22Z</time>
			</trkpt>
			<trkpt lat="47.68235642438801" lon="20.733963051001272">
				<ele>91.233358791098</ele>
				<time>2026-06-14T09:26:25Z</time>
			</trkpt>
			<trkpt lat="47.68234771318311" lon="20.733991221451753">
				<ele>91.88137046061456</ele>
				<time>2026-06-14T09:26:27Z</time>
			</trkpt>
			<trkpt lat="47.682338121787666" lon="20.734023930082852">
				<ele>91.6215441422537</ele>
				<time>2026-06-14T09:26:29Z</time>
			</trkpt>
			<trkpt lat="47.68232571437242" lon="20.734070352056733">
				<ele>91.54008968640119</ele>
				<time>2026-06-14T09:26:32Z</time>
			</trkpt>
			<trkpt lat="47.682319384446075" lon="20.734094651019902">
				<ele>91.63062795717269</ele>
				<time>2026-06-14T09:26:35Z</time>
			</trkpt>
			<trkpt lat="47.68231633782447" lon="20.73410413648379">
				<ele>91.79562562610954</ele>
				<time>2026-06-14T09:26:37Z</time>
			</trkpt>
			<trkpt lat="47.68230940682719" lon="20.734119665306284">
				<ele>91.66131747327745</ele>
				<time>2026-06-14T09:26:40Z</time>
			</trkpt>
			<trkpt lat="47.68230242954951" lon="20.73413638944596">
				<ele>91.4616017267108</ele>
				<time>2026-06-14T09:26:42Z</time>
			</trkpt>
			<trkpt lat="47.682295165860346" lon="20.7341615444915">
				<ele>91.236651385203</ele>
				<time>2026-06-14T09:26:46Z</time>
			</trkpt>
			<trkpt lat="47.68228933826999" lon="20.734183295364037">
				<ele>91.2420988259837</ele>
				<time>2026-06-14T09:26:48Z</time>
			</trkpt>
			<trkpt lat="47.68228252112029" lon="20.73422832341734">
				<ele>91.58792610745877</ele>
				<time>2026-06-14T09:26:51Z</time>
			</trkpt>
			<trkpt lat="47.68227472339944" lon="20.734268647460166">
				<ele>91.37132183741778</ele>
				<time>2026-06-14T09:26:54Z</time>
			</trkpt>
			<trkpt lat="47.682267933183084" lon="20.734309089598643">
				<ele>91.2660271357745</ele>
				<time>2026-06-14T09:26:56Z</time>
			</trkpt>
			<trkpt lat="47.68225777254148" lon="20.73436737242569">
				<ele>91.85711727757007</ele>
				<time>2026-06-14T09:26:59Z</time>
			</trkpt>
			<trkpt lat="47.68224988318493" lon="20.73440674142267">
				<ele>92.14759323652834</ele>
				<time>2026-06-14T09:27:01Z</time>
			</trkpt>
			<trkpt lat="47.68224526899145" lon="20.734428217795124">
				<ele>91.7177637796849</ele>
				<time>2026-06-14T09:27:03Z</time>
			</trkpt>
			<trkpt lat="47.68224171495554" lon="20.734442807173878">
				<ele>92.14959286246449</ele>
				<time>2026-06-14T09:27:05Z</time>
			</trkpt>
			<trkpt lat="47.68223775902816" lon="20.734459076874504">
				<ele>91.83726046979427</ele>
				<time>2026-06-14T09:27:07Z</time>
			</trkpt>
			<trkpt lat="47.68222924181224" lon="20.7344896778795">
				<ele>91.90281895361841</ele>
				<time>2026-06-14T09:27:09Z</time>
			</trkpt>
			<trkpt lat="47.682219303365116" lon="20.73453039508037">
				<ele>92.43164615985006</ele>
				<time>2026-06-14T09:27:11Z</time>
			</trkpt>
			<trkpt lat="47.682211023862195" lon="20.734567735180327">
				<ele>92.0612585907802</ele>
				<time>2026-06-14T09:27:14Z</time>
			</trkpt>
			<trkpt lat="47.682203768322005" lon="20.73460354441281">
				<ele>92.50351068284363</ele>
				<time>2026-06-14T09:27:16Z</time>
			</trkpt>
			<trkpt lat="47.68219134300693" lon="20.73466489180582">
				<ele>91.7172891292721</ele>
				<time>2026-06-14T09:27:19Z</time>
			</trkpt>
			<trkpt lat="47.682181214519716" lon="20.734702382760904">
				<ele>91.34179766476154</ele>
				<time>2026-06-14T09:27:21Z</time>
			</trkpt>
			<trkpt lat="47.68217519833148" lon="20.734721631550205">
				<ele>90.8520082719624</ele>
				<time>2026-06-14T09:27:23Z</time>
			</trkpt>
			<trkpt lat="47.68216786160914" lon="20.734748873514555">
				<ele>90.9315804084763</ele>
				<time>2026-06-14T09:27:25Z</time>
			</trkpt>
			<trkpt lat="47.6821593305476" lon="20.734783853808374">
				<ele>91.1529545839876</ele>
				<time>2026-06-14T09:27:27Z</time>
			</trkpt>
			<trkpt lat="47.68214564074431" lon="20.734838939463938">
				<ele>91.89342595916241</ele>
				<time>2026-06-14T09:27:30Z</time>
			</trkpt>
			<trkpt lat="47.68213545537321" lon="20.734875598485097">
				<ele>91.68797950074077</ele>
				<time>2026-06-14T09:27:32Z</time>
			</trkpt>
			<trkpt lat="47.68212412092525" lon="20.7349250715555">
				<ele>91.28563594445586</ele>
				<time>2026-06-14T09:27:35Z</time>
			</trkpt>
			<trkpt lat="47.68211781247528" lon="20.73495510154876">
				<ele>91.36491110734642</ele>
				<time>2026-06-14T09:27:37Z</time>
			</trkpt>
			<trkpt lat="47.68210779311731" lon="20.734998083253576">
				<ele>90.52557000610977</ele>
				<time>2026-06-14T09:27:40Z</time>
			</trkpt>
			<trkpt lat="47.682106258148536" lon="20.73501190881909">
				<ele>90.74901822116226</ele>
				<time>2026-06-14T09:27:42Z</time>
			</trkpt>
			<trkpt lat="47.68210064371095" lon="20.73503537629896">
				<ele>90.42127679567784</ele>
				<time>2026-06-14T09:27:44Z</time>
			</trkpt>
			<trkpt lat="47.682090917367816" lon="20.73507056091448">
				<ele>90.86726201232523</ele>
				<time>2026-06-14T09:27:46Z</time>
			</trkpt>
			<trkpt lat="47.68208203459469" lon="20.735103328973146">
				<ele>90.42802996281534</ele>
				<time>2026-06-14T09:27:49Z</time>
			</trkpt>
			<trkpt lat="47.68206862491093" lon="20.735143558625975">
				<ele>91.39091321732849</ele>
				<time>2026-06-14T09:27:52Z</time>
			</trkpt>
			<trkpt lat="47.6820564269747" lon="20.735174139219115">
				<ele>91.08058346994221</ele>
				<time>2026-06-14T09:27:55Z</time>
			</trkpt>
			<trkpt lat="47.68205451666194" lon="20.73519030030977">
				<ele>91.5653995173052</ele>
				<time>2026-06-14T09:27:57Z</time>
			</trkpt>
			<trkpt lat="47.68205079438776" lon="20.73520756968442">
				<ele>91.44928500521928</ele>
				<time>2026-06-14T09:27:59Z</time>
			</trkpt>
			<trkpt lat="47.682035588552154" lon="20.735248720535996">
				<ele>91.49791170656681</ele>
				<time>2026-06-14T09:28:02Z</time>
			</trkpt>
			<trkpt lat="47.68202458391914" lon="20.735285283701586">
				<ele>91.36027579195797</ele>
				<time>2026-06-14T09:28:05Z</time>
			</trkpt>
			<trkpt lat="47.68201866374033" lon="20.735307334559433">
				<ele>90.76048151217401</ele>
				<time>2026-06-14T09:28:08Z</time>
			</trkpt>
			<trkpt lat="47.682013237853525" lon="20.735327914937933">
				<ele>91.09856488648802</ele>
				<time>2026-06-14T09:28:10Z</time>
			</trkpt>
			<trkpt lat="47.68200183516529" lon="20.735371842195498">
				<ele>91.16268464457244</ele>
				<time>2026-06-14T09:28:13Z</time>
			</trkpt>
			<trkpt lat="47.6819901745961" lon="20.735415519735085">
				<ele>92.07692941837013</ele>
				<time>2026-06-14T09:28:15Z</time>
			</trkpt>
			<trkpt lat="47.6819794876758" lon="20.73545446062354">
				<ele>91.44228613004088</ele>
				<time>2026-06-14T09:28:17Z</time>
			</trkpt>
			<trkpt lat="47.68197314502845" lon="20.735476576543633">
				<ele>90.82330177910626</ele>
				<time>2026-06-14T09:28:19Z</time>
			</trkpt>
			<trkpt lat="47.68196276069909" lon="20.735503864851644">
				<ele>90.55202634632587</ele>
				<time>2026-06-14T09:28:21Z</time>
			</trkpt>
			<trkpt lat="47.681949690062574" lon="20.735539281922577">
				<ele>90.92826405819505</ele>
				<time>2026-06-14T09:28:23Z</time>
			</trkpt>
			<trkpt lat="47.681935145039276" lon="20.735573112792913">
				<ele>90.95060191117227</ele>
				<time>2026-06-14T09:28:25Z</time>
			</trkpt>
			<trkpt lat="47.681918366143904" lon="20.735620199757268">
				<ele>90.68202180601656</ele>
				<time>2026-06-14T09:28:28Z</time>
			</trkpt>
			<trkpt lat="47.681912969686145" lon="20.735637959810397">
				<ele>90.06112198531628</ele>
				<time>2026-06-14T09:28:30Z</time>
			</trkpt>
			<trkpt lat="47.68190793140708" lon="20.735651378258417">
				<ele>89.57427480723709</ele>
				<time>2026-06-14T09:28:32Z</time>
			</trkpt>
			<trkpt lat="47.681899564687654" lon="20.73567966982861">
				<ele>90.14236573595554</ele>
				<time>2026-06-14T09:28:34Z</time>
			</trkpt>
			<trkpt lat="47.6818916285332" lon="20.73571831295653">
				<ele>90.98603772278875</ele>
				<time>2026-06-14T09:28:36Z</time>
			</trkpt>
			<trkpt lat="47.681882421424014" lon="20.735755234395253">
				<ele>90.34333724249154</ele>
				<time>2026-06-14T09:28:38Z</time>
			</trkpt>
			<trkpt lat="47.68187281378304" lon="20.735805173830723">
				<ele>90.97125056944788</ele>
				<time>2026-06-14T09:28:41Z</time>
			</trkpt>
			<trkpt lat="47.68186673317435" lon="20.735838431127895">
				<ele>91.33102785144001</ele>
				<time>2026-06-14T09:28:43Z</time>
			</trkpt>
			<trkpt lat="47.681857570985095" lon="20.735890105625572">
				<ele>92.14110018406063</ele>
				<time>2026-06-14T09:28:46Z</time>
			</trkpt>
			<trkpt lat="47.68185042500481" lon="20.735937296066922">
				<ele>91.33489555492997</ele>
				<time>2026-06-14T09:28:49Z</time>
			</trkpt>
			<trkpt lat="47.681849377096476" lon="20.735951798507042">
				<ele>91.0909977061674</ele>
				<time>2026-06-14T09:28:51Z</time>
			</trkpt>
			<trkpt lat="47.68184333031093" lon="20.735986104626075">
				<ele>91.65911536011845</ele>
				<time>2026-06-14T09:28:54Z</time>
			</trkpt>
			<trkpt lat="47.681836126534535" lon="20.736018548836444">
				<ele>92.0371960112825</ele>
				<time>2026-06-14T09:28:56Z</time>
			</trkpt>
			<trkpt lat="47.681826858979285" lon="20.73606111639383">
				<ele>92.6485093459487</ele>
				<time>2026-06-14T09:29:00Z</time>
			</trkpt>
			<trkpt lat="47.681817229550674" lon="20.73609767443681">
				<ele>92.22698863595724</ele>
				<time>2026-06-14T09:29:03Z</time>
			</trkpt>
			<trkpt lat="47.68180384164179" lon="20.736138541408828">
				<ele>92.77944880910218</ele>
				<time>2026-06-14T09:29:06Z</time>
			</trkpt>
			<trkpt lat="47.68178963171577" lon="20.7361910103043">
				<ele>92.56270338501781</ele>
				<time>2026-06-14T09:29:09Z</time>
			</trkpt>
			<trkpt lat="47.68177057664622" lon="20.736238950232423">
				<ele>92.17823485378176</ele>
				<time>2026-06-14T09:29:12Z</time>
			</trkpt>
			<trkpt lat="47.681760369113896" lon="20.736265869670056">
				<ele>91.53743792604655</ele>
				<time>2026-06-14T09:29:15Z</time>
			</trkpt>
			<trkpt lat="47.6817506302427" lon="20.736295572389224">
				<ele>91.7453678837046</ele>
				<time>2026-06-14T09:29:17Z</time>
			</trkpt>
			<trkpt lat="47.68174164131599" lon="20.7363452702647">
				<ele>91.76665882673115</ele>
				<time>2026-06-14T09:29:20Z</time>
			</trkpt>
			<trkpt lat="47.68173315800518" lon="20.736376032588073">
				<ele>91.16067783534527</ele>
				<time>2026-06-14T09:29:22Z</time>
			</trkpt>
			<trkpt lat="47.68172817968551" lon="20.73639464632552">
				<ele>91.61161302682012</ele>
				<time>2026-06-14T09:29:24Z</time>
			</trkpt>
			<trkpt lat="47.681718669337755" lon="20.736424108285203">
				<ele>91.94736013561487</ele>
				<time>2026-06-14T09:29:26Z</time>
			</trkpt>
			<trkpt lat="47.681708150798855" lon="20.73645581981533">
				<ele>92.00484288204461</ele>
				<time>2026-06-14T09:29:29Z</time>
			</trkpt>
			<trkpt lat="47.68169978387851" lon="20.73647799555526">
				<ele>92.42451898753643</ele>
				<time>2026-06-14T09:29:32Z</time>
			</trkpt>
			<trkpt lat="47.68168811840885" lon="20.73651002791526">
				<ele>92.7855840343982</ele>
				<time>2026-06-14T09:29:34Z</time>
			</trkpt>
			<trkpt lat="47.681665840254766" lon="20.736554053478333">
				<ele>92.64954991545528</ele>
				<time>2026-06-14T09:29:37Z</time>
			</trkpt>
			<trkpt lat="47.68164991943116" lon="20.736577719151477">
				<ele>92.30687098298222</ele>
				<time>2026-06-14T09:29:40Z</time>
			</trkpt>
			<trkpt lat="47.681633217090834" lon="20.736596154716192">
				<ele>92.89061122946441</ele>
				<time>2026-06-14T09:29:42Z</time>
			</trkpt>
			<trkpt lat="47.68162059922438" lon="20.736609019828435">
				<ele>92.41129272710532</ele>
				<time>2026-06-14T09:29:44Z</time>
			</trkpt>
			<trkpt lat="47.68161126619286" lon="20.736617934369246">
				<ele>92.50439211726189</ele>
				<time>2026-06-14T09:29:46Z</time>
			</trkpt>
			<trkpt lat="47.68159160653555" lon="20.73663516125652">
				<ele>92.21231319196522</ele>
				<time>2026-06-14T09:29:48Z</time>
			</trkpt>
			<trkpt lat="47.68155865105153" lon="20.736663654398612">
				<ele>92.7694346215576</ele>
				<time>2026-06-14T09:29:51Z</time>
			</trkpt>
			<trkpt lat="47.68154405513455" lon="20.736678681695583">
				<ele>93.46924906317145</ele>
				<time>2026-06-14T09:29:53Z</time>
			</trkpt>
			<trkpt lat="47.68152043242796" lon="20.736695811800228">
				<ele>93.25341593753546</ele>
				<time>2026-06-14T09:29:55Z</time>
			</trkpt>
			<trkpt lat="47.68149829287322" lon="20.736713321656595">
				<ele>92.99298570491374</ele>
				<time>2026-06-14T09:29:58Z</time>
			</trkpt>
			<trkpt lat="47.681488012178534" lon="20.736722284696096">
				<ele>93.16241962276399</ele>
				<time>2026-06-14T09:30:00Z</time>
			</trkpt>
			<trkpt lat="47.68147327884435" lon="20.736734082178078">
				<ele>92.70109024178237</ele>
				<time>2026-06-14T09:30:03Z</time>
			</trkpt>
			<trkpt lat="47.68145645367855" lon="20.736745327718964">
				<ele>92.96118769887835</ele>
				<time>2026-06-14T09:30:06Z</time>
			</trkpt>
			<trkpt lat="47.681441022468455" lon="20.736755206086396">
				<ele>93.39391611889005</ele>
				<time>2026-06-14T09:30:08Z</time>
			</trkpt>
			<trkpt lat="47.68142530197544" lon="20.73676566804304">
				<ele>92.7005141787231</ele>
				<time>2026-06-14T09:30:10Z</time>
			</trkpt>
			<trkpt lat="47.68139643193923" lon="20.736783491236817">
				<ele>92.58917186129838</ele>
				<time>2026-06-14T09:30:12Z</time>
			</trkpt>
			<trkpt lat="47.68136473735246" lon="20.736799424579733">
				<ele>92.05072405561805</ele>
				<time>2026-06-14T09:30:15Z</time>
			</trkpt>
			<trkpt lat="47.68132968272851" lon="20.73681241943597">
				<ele>91.20221532601863</ele>
				<time>2026-06-14T09:30:18Z</time>
			</trkpt>
			<trkpt lat="47.681309208840815" lon="20.736821225504965">
				<ele>91.45766630861908</ele>
				<time>2026-06-14T09:30:20Z</time>
			</trkpt>
			<trkpt lat="47.68128613922914" lon="20.736834391276272">
				<ele>91.92885668668896</ele>
				<time>2026-06-14T09:30:22Z</time>
			</trkpt>
			<trkpt lat="47.68126066012853" lon="20.736848013315182">
				<ele>92.0575531674549</ele>
				<time>2026-06-14T09:30:24Z</time>
			</trkpt>
			<trkpt lat="47.68123814253524" lon="20.736860125221177">
				<ele>90.94475806783885</ele>
				<time>2026-06-14T09:30:26Z</time>
			</trkpt>
			<trkpt lat="47.68121456516546" lon="20.736868003028093">
				<ele>90.87971290294081</ele>
				<time>2026-06-14T09:30:28Z</time>
			</trkpt>
			<trkpt lat="47.681191940230505" lon="20.736877409775907">
				<ele>90.80193127132952</ele>
				<time>2026-06-14T09:30:30Z</time>
			</trkpt>
			<trkpt lat="47.68117093866925" lon="20.736886950894256">
				<ele>92.89732778072357</ele>
				<time>2026-06-14T09:30:32Z</time>
			</trkpt>
			<trkpt lat="47.681148116406405" lon="20.736895088155688">
				<ele>92.23409615643322</ele>
				<time>2026-06-14T09:30:34Z</time>
			</trkpt>
			<trkpt lat="47.68111904207614" lon="20.73691467587166">
				<ele>93.72651805635542</ele>
				<time>2026-06-14T09:30:37Z</time>
			</trkpt>
			<trkpt lat="47.681095345766614" lon="20.736932965483227">
				<ele>93.96619102358818</ele>
				<time>2026-06-14T09:30:40Z</time>
			</trkpt>
			<trkpt lat="47.68108632388913" lon="20.73693987028059">
				<ele>93.60315375588834</ele>
				<time>2026-06-14T09:30:42Z</time>
			</trkpt>
			<trkpt lat="47.68106901391267" lon="20.73694705304449">
				<ele>93.85003525484353</ele>
				<time>2026-06-14T09:30:44Z</time>
			</trkpt>
			<trkpt lat="47.68105092369352" lon="20.73695981699696">
				<ele>93.09051227010787</ele>
				<time>2026-06-14T09:30:47Z</time>
			</trkpt>
			<trkpt lat="47.681036329902184" lon="20.73696878379896">
				<ele>92.60804185457528</ele>
				<time>2026-06-14T09:30:50Z</time>
			</trkpt>
			<trkpt lat="47.68102171993466" lon="20.736975577368245">
				<ele>93.025794477202</ele>
				<time>2026-06-14T09:30:52Z</time>
			</trkpt>
			<trkpt lat="47.68099664989242" lon="20.73698369158731">
				<ele>92.38909603934735</ele>
				<time>2026-06-14T09:30:54Z</time>
			</trkpt>
			<trkpt lat="47.68095872465938" lon="20.73700195483896">
				<ele>91.85277321469039</ele>
				<time>2026-06-14T09:30:57Z</time>
			</trkpt>
			<trkpt lat="47.68092326454122" lon="20.737016936126974">
				<ele>90.67400974128395</ele>
				<time>2026-06-14T09:31:00Z</time>
			</trkpt>
			<trkpt lat="47.68090992035921" lon="20.737025955122544">
				<ele>90.93467488512397</ele>
				<time>2026-06-14T09:31:02Z</time>
			</trkpt>
			<trkpt lat="47.68089100323799" lon="20.73704172510336">
				<ele>91.5230824938044</ele>
				<time>2026-06-14T09:31:04Z</time>
			</trkpt>
			<trkpt lat="47.68086880120642" lon="20.73705510179759">
				<ele>91.36386103369296</ele>
				<time>2026-06-14T09:31:07Z</time>
			</trkpt>
			<trkpt lat="47.68085438624224" lon="20.737066476868204">
				<ele>91.14377715811133</ele>
				<time>2026-06-14T09:31:10Z</time>
			</trkpt>
			<trkpt lat="47.68082391914975" lon="20.73708548529319">
				<ele>91.29223720077425</ele>
				<time>2026-06-14T09:31:13Z</time>
			</trkpt>
			<trkpt lat="47.68079846324604" lon="20.73709912959469">
				<ele>90.85934243910015</ele>
				<time>2026-06-14T09:31:16Z</time>
			</trkpt>
			<trkpt lat="47.68077586287956" lon="20.737110365483527">
				<ele>91.11700064968318</ele>
				<time>2026-06-14T09:31:18Z</time>
			</trkpt>
			<trkpt lat="47.68075048284299" lon="20.737122269432536">
				<ele>90.92390951514244</ele>
				<time>2026-06-14T09:31:20Z</time>
			</trkpt>
			<trkpt lat="47.680721642477884" lon="20.73712943013541">
				<ele>90.17050510831177</ele>
				<time>2026-06-14T09:31:22Z</time>
			</trkpt>
			<trkpt lat="47.680684888716165" lon="20.73714428215139">
				<ele>91.15161165501922</ele>
				<time>2026-06-14T09:31:25Z</time>
			</trkpt>
			<trkpt lat="47.680666088933" lon="20.73715380728698">
				<ele>90.95064954645932</ele>
				<time>2026-06-14T09:31:28Z</time>
			</trkpt>
			<trkpt lat="47.68064817238049" lon="20.737167011086164">
				<ele>91.08922720793635</ele>
				<time>2026-06-14T09:31:30Z</time>
			</trkpt>
			<trkpt lat="47.680617120990256" lon="20.737177997202636">
				<ele>90.81854442693293</ele>
				<time>2026-06-14T09:31:33Z</time>
			</trkpt>
			<trkpt lat="47.68058839688999" lon="20.737190432351497">
				<ele>90.6580367917195</ele>
				<time>2026-06-14T09:31:36Z</time>
			</trkpt>
			<trkpt lat="47.68057874252091" lon="20.737196343146387">
				<ele>90.63353612553328</ele>
				<time>2026-06-14T09:31:38Z</time>
			</trkpt>
			<trkpt lat="47.68057060243928" lon="20.73720256477384">
				<ele>91.13944441080093</ele>
				<time>2026-06-14T09:31:40Z</time>
			</trkpt>
			<trkpt lat="47.680549765238545" lon="20.737212360484392">
				<ele>91.55837270617485</ele>
				<time>2026-06-14T09:31:42Z</time>
			</trkpt>
			<trkpt lat="47.68052397441019" lon="20.73722275912201">
				<ele>91.63667135313153</ele>
				<time>2026-06-14T09:31:44Z</time>
			</trkpt>
			<trkpt lat="47.68049888146214" lon="20.737228716337867">
				<ele>91.4652531389147</ele>
				<time>2026-06-14T09:31:46Z</time>
			</trkpt>
			<trkpt lat="47.68047409059131" lon="20.73723329821392">
				<ele>90.9577051717788</ele>
				<time>2026-06-14T09:31:48Z</time>
			</trkpt>
			<trkpt lat="47.68044951622406" lon="20.73723940374145">
				<ele>92.15854795277119</ele>
				<time>2026-06-14T09:31:50Z</time>
			</trkpt>
			<trkpt lat="47.68043730431699" lon="20.737246145685003">
				<ele>92.51417888887227</ele>
				<time>2026-06-14T09:31:52Z</time>
			</trkpt>
			<trkpt lat="47.68041551432155" lon="20.737253628741545">
				<ele>92.71324004698545</ele>
				<time>2026-06-14T09:31:54Z</time>
			</trkpt>
			<trkpt lat="47.680392696971786" lon="20.737262867151482">
				<ele>93.44354445766658</ele>
				<time>2026-06-14T09:31:57Z</time>
			</trkpt>
			<trkpt lat="47.6803821029169" lon="20.737271184643127">
				<ele>93.44508791249245</ele>
				<time>2026-06-14T09:31:59Z</time>
			</trkpt>
			<trkpt lat="47.68036851315421" lon="20.737281771491705">
				<ele>93.43212528992444</ele>
				<time>2026-06-14T09:32:02Z</time>
			</trkpt>
			<trkpt lat="47.680352554693236" lon="20.737294441680497">
				<ele>94.03178473003209</ele>
				<time>2026-06-14T09:32:05Z</time>
			</trkpt>
			<trkpt lat="47.68033863314372" lon="20.737306595510518">
				<ele>93.61189098842442</ele>
				<time>2026-06-14T09:32:07Z</time>
			</trkpt>
			<trkpt lat="47.68030972385653" lon="20.737333407658532">
				<ele>93.74714838434011</ele>
				<time>2026-06-14T09:32:10Z</time>
			</trkpt>
			<trkpt lat="47.68028583189417" lon="20.737354172411262">
				<ele>95.17905680835247</ele>
				<time>2026-06-14T09:32:13Z</time>
			</trkpt>
			<trkpt lat="47.68026462531764" lon="20.737368311963856">
				<ele>94.49730379041284</ele>
				<time>2026-06-14T09:32:15Z</time>
			</trkpt>
			<trkpt lat="47.68024590241972" lon="20.73738436918871">
				<ele>94.13528098259121</ele>
				<time>2026-06-14T09:32:18Z</time>
			</trkpt>
			<trkpt lat="47.68022729742597" lon="20.737401516345805">
				<ele>94.43522129859775</ele>
				<time>2026-06-14T09:32:20Z</time>
			</trkpt>
			<trkpt lat="47.68020549191929" lon="20.737417396502213">
				<ele>93.47621282096952</ele>
				<time>2026-06-14T09:32:23Z</time>
			</trkpt>
			<trkpt lat="47.68018233621214" lon="20.73742518255948">
				<ele>93.73180116899312</ele>
				<time>2026-06-14T09:32:25Z</time>
			</trkpt>
			<trkpt lat="47.68015755753606" lon="20.737433332311152">
				<ele>93.90648110210896</ele>
				<time>2026-06-14T09:32:28Z</time>
			</trkpt>
			<trkpt lat="47.68014381164573" lon="20.7374384867832">
				<ele>94.69194245524704</ele>
				<time>2026-06-14T09:32:30Z</time>
			</trkpt>
			<trkpt lat="47.68012864805513" lon="20.737443309994777">
				<ele>95.12417067214847</ele>
				<time>2026-06-14T09:32:32Z</time>
			</trkpt>
			<trkpt lat="47.68010821896148" lon="20.737448810362878">
				<ele>95.2394491173327</ele>
				<time>2026-06-14T09:32:35Z</time>
			</trkpt>
			<trkpt lat="47.68008032093673" lon="20.737454793360993">
				<ele>95.43179656378925</ele>
				<time>2026-06-14T09:32:37Z</time>
			</trkpt>
			<trkpt lat="47.68005139435784" lon="20.73746094814639">
				<ele>95.35561674647033</ele>
				<time>2026-06-14T09:32:40Z</time>
			</trkpt>
			<trkpt lat="47.68002831053894" lon="20.73746759544526">
				<ele>95.63772480003536</ele>
				<time>2026-06-14T09:32:43Z</time>
			</trkpt>
			<trkpt lat="47.68000029325872" lon="20.737468796266597">
				<ele>95.03538556210697</ele>
				<time>2026-06-14T09:32:45Z</time>
			</trkpt>
			<trkpt lat="47.6799711121041" lon="20.737468037420573">
				<ele>94.31830994971097</ele>
				<time>2026-06-14T09:32:47Z</time>
			</trkpt>
			<trkpt lat="47.679941047865825" lon="20.737467005525613">
				<ele>94.0121579747647</ele>
				<time>2026-06-14T09:32:49Z</time>
			</trkpt>
			<trkpt lat="47.67991229258032" lon="20.73746637679009">
				<ele>93.75542312394828</ele>
				<time>2026-06-14T09:32:51Z</time>
			</trkpt>
			<trkpt lat="47.67988416522378" lon="20.737464057749474">
				<ele>93.98055775184184</ele>
				<time>2026-06-14T09:32:53Z</time>
			</trkpt>
			<trkpt lat="47.679855304325805" lon="20.737457726218096">
				<ele>94.26664609834552</ele>
				<time>2026-06-14T09:32:55Z</time>
			</trkpt>
			<trkpt lat="47.67981563524944" lon="20.737455787410447">
				<ele>94.74141083657742</ele>
				<time>2026-06-14T09:32:58Z</time>
			</trkpt>
			<trkpt lat="47.67979215051146" lon="20.737444988467296">
				<ele>95.38295237813145</ele>
				<time>2026-06-14T09:33:00Z</time>
			</trkpt>
			<trkpt lat="47.67976939962532" lon="20.737437053943896">
				<ele>95.56271104421467</ele>
				<time>2026-06-14T09:33:02Z</time>
			</trkpt>
			<trkpt lat="47.67975277322226" lon="20.737432324879745">
				<ele>94.3152240132913</ele>
				<time>2026-06-14T09:33:05Z</time>
			</trkpt>
			<trkpt lat="47.67974147710762" lon="20.73742646790342">
				<ele>95.17429003026336</ele>
				<time>2026-06-14T09:33:06Z</time>
			</trkpt>
			<trkpt lat="47.679730709044655" lon="20.737424354456028">
				<ele>95.44368201773614</ele>
				<time>2026-06-14T09:33:08Z</time>
			</trkpt>
			<trkpt lat="47.679722242938766" lon="20.73742182526464">
				<ele>95.70835416950285</ele>
				<time>2026-06-14T09:33:10Z</time>
			</trkpt>
			<trkpt lat="47.679710759991394" lon="20.737423118635583">
				<ele>97.44428756460547</ele>
				<time>2026-06-14T09:33:12Z</time>
			</trkpt>
			<trkpt lat="47.67969587208352" lon="20.73742498111329">
				<ele>97.79060858022422</ele>
				<time>2026-06-14T09:33:14Z</time>
			</trkpt>
			<trkpt lat="47.679678045047915" lon="20.73742407899059">
				<ele>97.71217244211584</ele>
				<time>2026-06-14T09:33:16Z</time>
			</trkpt>
			<trkpt lat="47.67965788461219" lon="20.73742344336328">
				<ele>98.05722548998892</ele>
				<time>2026-06-14T09:33:18Z</time>
			</trkpt>
			<trkpt lat="47.679613014851626" lon="20.73741884445849">
				<ele>98.49978287052363</ele>
				<time>2026-06-14T09:33:21Z</time>
			</trkpt>
			<trkpt lat="47.679572966528006" lon="20.73741885459881">
				<ele>98.72001283615828</ele>
				<time>2026-06-14T09:33:23Z</time>
			</trkpt>
			<trkpt lat="47.67953976223878" lon="20.73741499680218">
				<ele>99.00153538677841</ele>
				<time>2026-06-14T09:33:25Z</time>
			</trkpt>
			<trkpt lat="47.67951382364438" lon="20.737401986488564">
				<ele>98.08765509724617</ele>
				<time>2026-06-14T09:33:27Z</time>
			</trkpt>
			<trkpt lat="47.679482949606644" lon="20.737377670571153">
				<ele>97.71608560532331</ele>
				<time>2026-06-14T09:33:30Z</time>
			</trkpt>
			<trkpt lat="47.67945948204542" lon="20.7373492491922">
				<ele>97.01686562597752</ele>
				<time>2026-06-14T09:33:33Z</time>
			</trkpt>
			<trkpt lat="47.67943738028952" lon="20.737322622659192">
				<ele>97.989342154935</ele>
				<time>2026-06-14T09:33:36Z</time>
			</trkpt>
			<trkpt lat="47.6794317585859" lon="20.73730957266647">
				<ele>96.51421523746103</ele>
				<time>2026-06-14T09:33:38Z</time>
			</trkpt>
			<trkpt lat="47.67942242194199" lon="20.73729813605625">
				<ele>96.15932111628354</ele>
				<time>2026-06-14T09:33:41Z</time>
			</trkpt>
			<trkpt lat="47.67940370875164" lon="20.737286995287533">
				<ele>96.75300957635045</ele>
				<time>2026-06-14T09:33:43Z</time>
			</trkpt>
			<trkpt lat="47.67938862162894" lon="20.737282092109634">
				<ele>97.18809028621763</ele>
				<time>2026-06-14T09:33:45Z</time>
			</trkpt>
			<trkpt lat="47.679367840051455" lon="20.73727518191545">
				<ele>96.28229969460517</ele>
				<time>2026-06-14T09:33:47Z</time>
			</trkpt>
			<trkpt lat="47.67934474345497" lon="20.73726814368951">
				<ele>95.89452142361552</ele>
				<time>2026-06-14T09:33:50Z</time>
			</trkpt>
			<trkpt lat="47.679313205266375" lon="20.737261083462034">
				<ele>95.81504944246262</ele>
				<time>2026-06-14T09:33:53Z</time>
			</trkpt>
			<trkpt lat="47.6792875850858" lon="20.737254576559593">
				<ele>95.41664650291204</ele>
				<time>2026-06-14T09:33:56Z</time>
			</trkpt>
			<trkpt lat="47.67926578902595" lon="20.73724704032938">
				<ele>95.47973670065403</ele>
				<time>2026-06-14T09:33:58Z</time>
			</trkpt>
			<trkpt lat="47.67923196084362" lon="20.737227510706667">
				<ele>94.01781584322453</ele>
				<time>2026-06-14T09:34:01Z</time>
			</trkpt>
			<trkpt lat="47.679210808182795" lon="20.737216828245437">
				<ele>93.71804185956717</ele>
				<time>2026-06-14T09:34:04Z</time>
			</trkpt>
			<trkpt lat="47.67919729395125" lon="20.737213812009937">
				<ele>92.87630443181843</ele>
				<time>2026-06-14T09:34:07Z</time>
			</trkpt>
			<trkpt lat="47.679171498842976" lon="20.73720849531544">
				<ele>93.60896481294185</ele>
				<time>2026-06-14T09:34:10Z</time>
			</trkpt>
			<trkpt lat="47.67914542487644" lon="20.737197767828306">
				<ele>93.64542490523309</ele>
				<time>2026-06-14T09:34:12Z</time>
			</trkpt>
			<trkpt lat="47.67912139932817" lon="20.737187812880865">
				<ele>94.14969125483185</ele>
				<time>2026-06-14T09:34:15Z</time>
			</trkpt>
			<trkpt lat="47.67910862596336" lon="20.73718561037755">
				<ele>94.71242207475007</ele>
				<time>2026-06-14T09:34:17Z</time>
			</trkpt>
			<trkpt lat="47.67909512722408" lon="20.737184023922506">
				<ele>95.35850613750517</ele>
				<time>2026-06-14T09:34:19Z</time>
			</trkpt>
			<trkpt lat="47.679072246572616" lon="20.73718533156781">
				<ele>95.57564877904952</ele>
				<time>2026-06-14T09:34:21Z</time>
			</trkpt>
			<trkpt lat="47.67903308240161" lon="20.737191679926962">
				<ele>94.73131960909814</ele>
				<time>2026-06-14T09:34:24Z</time>
			</trkpt>
			<trkpt lat="47.6789931182753" lon="20.737186701194233">
				<ele>94.9581150971353</ele>
				<time>2026-06-14T09:34:27Z</time>
			</trkpt>
			<trkpt lat="47.6789612108475" lon="20.737193840832497">
				<ele>93.87689578719437</ele>
				<time>2026-06-14T09:34:30Z</time>
			</trkpt>
			<trkpt lat="47.67894060449302" lon="20.737197679284755">
				<ele>94.21412213891745</ele>
				<time>2026-06-14T09:34:32Z</time>
			</trkpt>
			<trkpt lat="47.67891332818367" lon="20.737191973697193">
				<ele>93.35542008467019</ele>
				<time>2026-06-14T09:34:35Z</time>
			</trkpt>
			<trkpt lat="47.678896953079146" lon="20.737184706096073">
				<ele>92.94313238561153</ele>
				<time>2026-06-14T09:34:38Z</time>
			</trkpt>
			<trkpt lat="47.67887105462979" lon="20.737184114106807">
				<ele>93.42442796844989</ele>
				<time>2026-06-14T09:34:41Z</time>
			</trkpt>
			<trkpt lat="47.678855510402805" lon="20.73718490816867">
				<ele>93.41253584157676</ele>
				<time>2026-06-14T09:34:43Z</time>
			</trkpt>
			<trkpt lat="47.67883810569686" lon="20.73718222417248">
				<ele>93.1940903076902</ele>
				<time>2026-06-14T09:34:46Z</time>
			</trkpt>
			<trkpt lat="47.67881238812442" lon="20.73718063801">
				<ele>93.19015044905245</ele>
				<time>2026-06-14T09:34:48Z</time>
			</trkpt>
			<trkpt lat="47.67878621994631" lon="20.737174988979113">
				<ele>93.19384692050517</ele>
				<time>2026-06-14T09:34:50Z</time>
			</trkpt>
			<trkpt lat="47.678761351147614" lon="20.737165975822563">
				<ele>93.0423522349447</ele>
				<time>2026-06-14T09:34:52Z</time>
			</trkpt>
			<trkpt lat="47.67873214769382" lon="20.737151852567067">
				<ele>92.29172026645392</ele>
				<time>2026-06-14T09:34:54Z</time>
			</trkpt>
			<trkpt lat="47.67869494531747" lon="20.737137871267453">
				<ele>92.6686737621203</ele>
				<time>2026-06-14T09:34:57Z</time>
			</trkpt>
			<trkpt lat="47.67866219375381" lon="20.73712815526331">
				<ele>91.59309616312385</ele>
				<time>2026-06-14T09:35:00Z</time>
			</trkpt>
			<trkpt lat="47.67863298150931" lon="20.7371125774041">
				<ele>91.60211693029851</ele>
				<time>2026-06-14T09:35:03Z</time>
			</trkpt>
			<trkpt lat="47.678612284493624" lon="20.737103850799045">
				<ele>92.57513763662428</ele>
				<time>2026-06-14T09:35:05Z</time>
			</trkpt>
			<trkpt lat="47.67858784330191" lon="20.737098259323048">
				<ele>92.66725839208812</ele>
				<time>2026-06-14T09:35:08Z</time>
			</trkpt>
			<trkpt lat="47.67857930267696" lon="20.737096129183335">
				<ele>90.90118301846087</ele>
				<time>2026-06-14T09:35:10Z</time>
			</trkpt>
			<trkpt lat="47.67857220867981" lon="20.737092631869704">
				<ele>91.09323275275528</ele>
				<time>2026-06-14T09:35:12Z</time>
			</trkpt>
			<trkpt lat="47.67855775539184" lon="20.737089740936124">
				<ele>91.77725920639932</ele>
				<time>2026-06-14T09:35:15Z</time>
			</trkpt>
			<trkpt lat="47.67854274405397" lon="20.737089994799963">
				<ele>91.20440658647567</ele>
				<time>2026-06-14T09:35:17Z</time>
			</trkpt>
			<trkpt lat="47.678518551639584" lon="20.737083377983762">
				<ele>92.24552258569747</ele>
				<time>2026-06-14T09:35:19Z</time>
			</trkpt>
			<trkpt lat="47.67849007977344" lon="20.737075596036075">
				<ele>91.96365458983928</ele>
				<time>2026-06-14T09:35:21Z</time>
			</trkpt>
			<trkpt lat="47.678464151235225" lon="20.73706439092891">
				<ele>91.70192764606327</ele>
				<time>2026-06-14T09:35:23Z</time>
			</trkpt>
			<trkpt lat="47.67843581799254" lon="20.737050453799316">
				<ele>91.33338555600494</ele>
				<time>2026-06-14T09:35:25Z</time>
			</trkpt>
			<trkpt lat="47.678406413922744" lon="20.737039417771946">
				<ele>92.02823855821043</ele>
				<time>2026-06-14T09:35:27Z</time>
			</trkpt>
			<trkpt lat="47.678379782103995" lon="20.73703178688803">
				<ele>91.93793950788677</ele>
				<time>2026-06-14T09:35:29Z</time>
			</trkpt>
			<trkpt lat="47.67835627648326" lon="20.73702247951637">
				<ele>90.97023158241063</ele>
				<time>2026-06-14T09:35:31Z</time>
			</trkpt>
			<trkpt lat="47.6783432675649" lon="20.737017927091728">
				<ele>91.28835007641464</ele>
				<time>2026-06-14T09:35:33Z</time>
			</trkpt>
			<trkpt lat="47.67832852501119" lon="20.737010746802767">
				<ele>91.70093233883381</ele>
				<time>2026-06-14T09:35:34Z</time>
			</trkpt>
			<trkpt lat="47.67830390289229" lon="20.736996361712514">
				<ele>91.97439333982766</ele>
				<time>2026-06-14T09:35:36Z</time>
			</trkpt>
			<trkpt lat="47.67827860671386" lon="20.736983352898495">
				<ele>91.9999493509531</ele>
				<time>2026-06-14T09:35:38Z</time>
			</trkpt>
			<trkpt lat="47.678244873255956" lon="20.73696014910998">
				<ele>91.82425908464938</ele>
				<time>2026-06-14T09:35:41Z</time>
			</trkpt>
			<trkpt lat="47.67822482366689" lon="20.736942975321476">
				<ele>91.60134746227413</ele>
				<time>2026-06-14T09:35:43Z</time>
			</trkpt>
			<trkpt lat="47.678198487971386" lon="20.7369159598728">
				<ele>90.86721506435424</ele>
				<time>2026-06-14T09:35:46Z</time>
			</trkpt>
			<trkpt lat="47.67818265359391" lon="20.736902238315494">
				<ele>90.49834880977869</ele>
				<time>2026-06-14T09:35:48Z</time>
			</trkpt>
			<trkpt lat="47.67816306878999" lon="20.736888743782004">
				<ele>92.6887765424326</ele>
				<time>2026-06-14T09:35:50Z</time>
			</trkpt>
			<trkpt lat="47.678134223872775" lon="20.736870324840684">
				<ele>93.28358470275998</ele>
				<time>2026-06-14T09:35:53Z</time>
			</trkpt>
			<trkpt lat="47.6781142936759" lon="20.736863228739022">
				<ele>93.73236811067909</ele>
				<time>2026-06-14T09:35:55Z</time>
			</trkpt>
			<trkpt lat="47.678087506455554" lon="20.73684941622938">
				<ele>94.90176100376993</ele>
				<time>2026-06-14T09:35:57Z</time>
			</trkpt>
			<trkpt lat="47.678065699829865" lon="20.736841596603174">
				<ele>95.15196403395385</ele>
				<time>2026-06-14T09:36:00Z</time>
			</trkpt>
			<trkpt lat="47.67804544044074" lon="20.73684354898639">
				<ele>95.67471443675458</ele>
				<time>2026-06-14T09:36:02Z</time>
			</trkpt>
			<trkpt lat="47.678008311082" lon="20.736835911642068">
				<ele>94.52205668762326</ele>
				<time>2026-06-14T09:36:05Z</time>
			</trkpt>
			<trkpt lat="47.67798328973543" lon="20.736826941659913">
				<ele>94.25979300681502</ele>
				<time>2026-06-14T09:36:07Z</time>
			</trkpt>
			<trkpt lat="47.67796239397646" lon="20.736815022089704">
				<ele>93.2384457718581</ele>
				<time>2026-06-14T09:36:09Z</time>
			</trkpt>
			<trkpt lat="47.67794275007454" lon="20.73679825407891">
				<ele>93.16237147897482</ele>
				<time>2026-06-14T09:36:11Z</time>
			</trkpt>
			<trkpt lat="47.67793249967382" lon="20.73679075620701">
				<ele>92.72714976780117</ele>
				<time>2026-06-14T09:36:13Z</time>
			</trkpt>
			<trkpt lat="47.67792444158202" lon="20.736788154395537">
				<ele>92.38684380147606</ele>
				<time>2026-06-14T09:36:15Z</time>
			</trkpt>
			<trkpt lat="47.677906265298546" lon="20.736774449015268">
				<ele>92.20948407519609</ele>
				<time>2026-06-14T09:36:17Z</time>
			</trkpt>
			<trkpt lat="47.6778785817326" lon="20.736760296774126">
				<ele>93.38040172029287</ele>
				<time>2026-06-14T09:36:19Z</time>
			</trkpt>
			<trkpt lat="47.67785279854817" lon="20.736746488563725">
				<ele>92.26941000111401</ele>
				<time>2026-06-14T09:36:21Z</time>
			</trkpt>
			<trkpt lat="47.67783717624701" lon="20.736744811247373">
				<ele>92.70070361346006</ele>
				<time>2026-06-14T09:36:23Z</time>
			</trkpt>
			<trkpt lat="47.67781540212621" lon="20.736744381070274">
				<ele>93.2538703950122</ele>
				<time>2026-06-14T09:36:25Z</time>
			</trkpt>
			<trkpt lat="47.67778905516567" lon="20.73674483718013">
				<ele>93.56464245729148</ele>
				<time>2026-06-14T09:36:27Z</time>
			</trkpt>
			<trkpt lat="47.677772350256205" lon="20.736744820095524">
				<ele>93.26602669339627</ele>
				<time>2026-06-14T09:36:29Z</time>
			</trkpt>
			<trkpt lat="47.677744714645065" lon="20.736747095892888">
				<ele>93.39857379719615</ele>
				<time>2026-06-14T09:36:32Z</time>
			</trkpt>
			<trkpt lat="47.677720829824224" lon="20.736749010720548">
				<ele>93.75621471460909</ele>
				<time>2026-06-14T09:36:35Z</time>
			</trkpt>
			<trkpt lat="47.6776918969671" lon="20.73675353222848">
				<ele>94.12886808346957</ele>
				<time>2026-06-14T09:36:38Z</time>
			</trkpt>
			<trkpt lat="47.677666309180744" lon="20.736758891591787">
				<ele>93.87266757991165</ele>
				<time>2026-06-14T09:36:41Z</time>
			</trkpt>
			<trkpt lat="47.6776389205484" lon="20.736769884285142">
				<ele>96.16809468809515</ele>
				<time>2026-06-14T09:36:44Z</time>
			</trkpt>
			<trkpt lat="47.6776210190249" lon="20.736774697797443">
				<ele>95.33815170358866</ele>
				<time>2026-06-14T09:36:46Z</time>
			</trkpt>
			<trkpt lat="47.677607146615614" lon="20.736777007009504">
				<ele>94.90756114479154</ele>
				<time>2026-06-14T09:36:48Z</time>
			</trkpt>
			<trkpt lat="47.677592402117874" lon="20.736779490858563">
				<ele>95.0520086158067</ele>
				<time>2026-06-14T09:36:50Z</time>
			</trkpt>
			<trkpt lat="47.67756414610585" lon="20.736789279641304">
				<ele>96.49037498608232</ele>
				<time>2026-06-14T09:36:52Z</time>
			</trkpt>
			<trkpt lat="47.67753106739158" lon="20.736796275488803">
				<ele>95.71012871526182</ele>
				<time>2026-06-14T09:36:54Z</time>
			</trkpt>
			<trkpt lat="47.67750428266263" lon="20.73681279959254">
				<ele>95.95054564625025</ele>
				<time>2026-06-14T09:36:56Z</time>
			</trkpt>
			<trkpt lat="47.677482384354164" lon="20.736829384709758">
				<ele>94.8073288211599</ele>
				<time>2026-06-14T09:36:58Z</time>
			</trkpt>
			<trkpt lat="47.67745810369423" lon="20.736837019295358">
				<ele>95.61043602786958</ele>
				<time>2026-06-14T09:37:00Z</time>
			</trkpt>
			<trkpt lat="47.677429605727696" lon="20.73685935398578">
				<ele>94.71114241983742</ele>
				<time>2026-06-14T09:37:03Z</time>
			</trkpt>
			<trkpt lat="47.67741439759606" lon="20.73689622891259">
				<ele>94.95153142232448</ele>
				<time>2026-06-14T09:37:06Z</time>
			</trkpt>
			<trkpt lat="47.67740753145936" lon="20.736916668465472">
				<ele>95.84410802368075</ele>
				<time>2026-06-14T09:37:08Z</time>
			</trkpt>
			<trkpt lat="47.67739068448246" lon="20.736930906409487">
				<ele>95.59974996838719</ele>
				<time>2026-06-14T09:37:10Z</time>
			</trkpt>
			<trkpt lat="47.67737115393941" lon="20.736950226599514">
				<ele>95.16508468799293</ele>
				<time>2026-06-14T09:37:13Z</time>
			</trkpt>
			<trkpt lat="47.67734672535563" lon="20.736961911997092">
				<ele>95.47102867159992</ele>
				<time>2026-06-14T09:37:15Z</time>
			</trkpt>
			<trkpt lat="47.677320571341276" lon="20.73697794879816">
				<ele>95.53151516150683</ele>
				<time>2026-06-14T09:37:17Z</time>
			</trkpt>
			<trkpt lat="47.67729760852287" lon="20.73699500098743">
				<ele>96.07833123207092</ele>
				<time>2026-06-14T09:37:19Z</time>
			</trkpt>
			<trkpt lat="47.67728477576563" lon="20.737008181623843">
				<ele>95.99373248685151</ele>
				<time>2026-06-14T09:37:21Z</time>
			</trkpt>
			<trkpt lat="47.67727602781401" lon="20.73701950347712">
				<ele>96.15210023149848</ele>
				<time>2026-06-14T09:37:23Z</time>
			</trkpt>
			<trkpt lat="47.677252272248744" lon="20.737043862812687">
				<ele>97.62225121818483</ele>
				<time>2026-06-14T09:37:25Z</time>
			</trkpt>
			<trkpt lat="47.67722711757767" lon="20.737070574388458">
				<ele>97.08120543882251</ele>
				<time>2026-06-14T09:37:28Z</time>
			</trkpt>
			<trkpt lat="47.677207445868184" lon="20.737094477886526">
				<ele>97.02908436767757</ele>
				<time>2026-06-14T09:37:30Z</time>
			</trkpt>
			<trkpt lat="47.677171848616666" lon="20.7371352109447">
				<ele>97.28797545935959</ele>
				<time>2026-06-14T09:37:34Z</time>
			</trkpt>
			<trkpt lat="47.67716149527319" lon="20.73714887493046">
				<ele>98.09284977801144</ele>
				<time>2026-06-14T09:37:36Z</time>
			</trkpt>
			<trkpt lat="47.67714748801401" lon="20.737171746135626">
				<ele>98.39270799048245</ele>
				<time>2026-06-14T09:37:38Z</time>
			</trkpt>
			<trkpt lat="47.67713340705002" lon="20.737198207543415">
				<ele>97.69846547488123</ele>
				<time>2026-06-14T09:37:40Z</time>
			</trkpt>
			<trkpt lat="47.67711851724687" lon="20.737224281167475">
				<ele>97.43324849382043</ele>
				<time>2026-06-14T09:37:42Z</time>
			</trkpt>
			<trkpt lat="47.677103361471204" lon="20.737249200847625">
				<ele>96.6433549663052</ele>
				<time>2026-06-14T09:37:44Z</time>
			</trkpt>
			<trkpt lat="47.67709051505929" lon="20.737277042534945">
				<ele>95.86798697710037</ele>
				<time>2026-06-14T09:37:46Z</time>
			</trkpt>
			<trkpt lat="47.67707843313293" lon="20.737304494759467">
				<ele>96.55059381760657</ele>
				<time>2026-06-14T09:37:48Z</time>
			</trkpt>
			<trkpt lat="47.67706981357453" lon="20.73732058135626">
				<ele>96.52387892175466</ele>
				<time>2026-06-14T09:37:50Z</time>
			</trkpt>
			<trkpt lat="47.677063858143505" lon="20.73733272994248">
				<ele>96.06059669330716</ele>
				<time>2026-06-14T09:37:52Z</time>
			</trkpt>
			<trkpt lat="47.67704926359996" lon="20.737360060013646">
				<ele>95.34659762028605</ele>
				<time>2026-06-14T09:37:54Z</time>
			</trkpt>
			<trkpt lat="47.67702333457171" lon="20.73739628660636">
				<ele>94.76159851718694</ele>
				<time>2026-06-14T09:37:57Z</time>
			</trkpt>
			<trkpt lat="47.677011804167186" lon="20.73741150522682">
				<ele>95.08618291467428</ele>
				<time>2026-06-14T09:37:59Z</time>
			</trkpt>
			<trkpt lat="47.676999211376724" lon="20.737426004059525">
				<ele>95.30323228426278</ele>
				<time>2026-06-14T09:38:00Z</time>
			</trkpt>
			<trkpt lat="47.67697178509019" lon="20.737470285866877">
				<ele>94.47687487024814</ele>
				<time>2026-06-14T09:38:04Z</time>
			</trkpt>
			<trkpt lat="47.67695914726642" lon="20.73749708538564">
				<ele>93.41764787677675</ele>
				<time>2026-06-14T09:38:06Z</time>
			</trkpt>
			<trkpt lat="47.67694525956778" lon="20.73752207741258">
				<ele>92.93062305543572</ele>
				<time>2026-06-14T09:38:08Z</time>
			</trkpt>
			<trkpt lat="47.676934718675795" lon="20.737546532809198">
				<ele>93.29845848772675</ele>
				<time>2026-06-14T09:38:11Z</time>
			</trkpt>
			<trkpt lat="47.67692870188659" lon="20.737556484024978">
				<ele>93.46464157290757</ele>
				<time>2026-06-14T09:38:13Z</time>
			</trkpt>
			<trkpt lat="47.67691947642387" lon="20.737573065224193">
				<ele>93.13415971212089</ele>
				<time>2026-06-14T09:38:16Z</time>
			</trkpt>
			<trkpt lat="47.676899731038205" lon="20.737595942935332">
				<ele>93.18687604367733</ele>
				<time>2026-06-14T09:38:18Z</time>
			</trkpt>
			<trkpt lat="47.676866274660135" lon="20.73762505404231">
				<ele>92.29122992325574</ele>
				<time>2026-06-14T09:38:21Z</time>
			</trkpt>
			<trkpt lat="47.67684058036762" lon="20.737652342142706">
				<ele>91.50942085217685</ele>
				<time>2026-06-14T09:38:23Z</time>
			</trkpt>
			<trkpt lat="47.67681444325659" lon="20.737688740535436">
				<ele>91.43035632558167</ele>
				<time>2026-06-14T09:38:26Z</time>
			</trkpt>
			<trkpt lat="47.676806801749414" lon="20.737700903483702">
				<ele>91.17068584728986</ele>
				<time>2026-06-14T09:38:28Z</time>
			</trkpt>
			<trkpt lat="47.67679181171321" lon="20.737721347048552">
				<ele>90.92503704689443</ele>
				<time>2026-06-14T09:38:30Z</time>
			</trkpt>
			<trkpt lat="47.67677179440675" lon="20.737748030664193">
				<ele>91.39416456595063</ele>
				<time>2026-06-14T09:38:32Z</time>
			</trkpt>
			<trkpt lat="47.67675275667704" lon="20.737775158224718">
				<ele>91.7156714675948</ele>
				<time>2026-06-14T09:38:35Z</time>
			</trkpt>
			<trkpt lat="47.67674295608872" lon="20.73779172929155">
				<ele>91.81769237481058</ele>
				<time>2026-06-14T09:38:37Z</time>
			</trkpt>
			<trkpt lat="47.67672973387406" lon="20.737813099823683">
				<ele>92.04418896697462</ele>
				<time>2026-06-14T09:38:40Z</time>
			</trkpt>
			<trkpt lat="47.67670990865656" lon="20.737843198624645">
				<ele>91.45165706332773</ele>
				<time>2026-06-14T09:38:42Z</time>
			</trkpt>
			<trkpt lat="47.676694942051654" lon="20.73786109316411">
				<ele>92.3366565760225</ele>
				<time>2026-06-14T09:38:44Z</time>
			</trkpt>
			<trkpt lat="47.67667809813939" lon="20.73787902777998">
				<ele>91.46587530709803</ele>
				<time>2026-06-14T09:38:47Z</time>
			</trkpt>
			<trkpt lat="47.67665764181296" lon="20.73789893469553">
				<ele>91.80787559878081</ele>
				<time>2026-06-14T09:38:50Z</time>
			</trkpt>
			<trkpt lat="47.67663752422947" lon="20.737918366273586">
				<ele>91.50518220290542</ele>
				<time>2026-06-14T09:38:53Z</time>
			</trkpt>
			<trkpt lat="47.67661959242013" lon="20.737938304532182">
				<ele>90.97865208424628</ele>
				<time>2026-06-14T09:38:56Z</time>
			</trkpt>
			<trkpt lat="47.67660181411246" lon="20.737955932162823">
				<ele>91.99462027661502</ele>
				<time>2026-06-14T09:38:59Z</time>
			</trkpt>
			<trkpt lat="47.676587176126354" lon="20.737968811278005">
				<ele>92.61467896495014</ele>
				<time>2026-06-14T09:39:01Z</time>
			</trkpt>
			<trkpt lat="47.67656593023805" lon="20.73798842851001">
				<ele>91.56697469204664</ele>
				<time>2026-06-14T09:39:03Z</time>
			</trkpt>
			<trkpt lat="47.67654276200295" lon="20.738007212193285">
				<ele>90.94685107003897</ele>
				<time>2026-06-14T09:39:06Z</time>
			</trkpt>
			<trkpt lat="47.67652841126634" lon="20.738017621948412">
				<ele>91.17631576955318</ele>
				<time>2026-06-14T09:39:08Z</time>
			</trkpt>
			<trkpt lat="47.67650306458972" lon="20.738039425529422">
				<ele>92.03054783027619</ele>
				<time>2026-06-14T09:39:10Z</time>
			</trkpt>
			<trkpt lat="47.67647853402712" lon="20.73806170417892">
				<ele>91.69779518805444</ele>
				<time>2026-06-14T09:39:13Z</time>
			</trkpt>
			<trkpt lat="47.67645924498766" lon="20.738078914371606">
				<ele>91.397486791946</ele>
				<time>2026-06-14T09:39:15Z</time>
			</trkpt>
			<trkpt lat="47.67643563537274" lon="20.738094184363728">
				<ele>91.50935481581837</ele>
				<time>2026-06-14T09:39:17Z</time>
			</trkpt>
			<trkpt lat="47.67641415302354" lon="20.738112527167353">
				<ele>91.69299678131938</ele>
				<time>2026-06-14T09:39:19Z</time>
			</trkpt>
			<trkpt lat="47.67639383527764" lon="20.738131691580246">
				<ele>91.06393723841757</ele>
				<time>2026-06-14T09:39:21Z</time>
			</trkpt>
			<trkpt lat="47.67638313459052" lon="20.7381438183749">
				<ele>91.18193756137043</ele>
				<time>2026-06-14T09:39:23Z</time>
			</trkpt>
			<trkpt lat="47.676366651877196" lon="20.738156709508917">
				<ele>90.43808828294277</ele>
				<time>2026-06-14T09:39:25Z</time>
			</trkpt>
			<trkpt lat="47.6763466952473" lon="20.73817534029804">
				<ele>89.89935891050845</ele>
				<time>2026-06-14T09:39:27Z</time>
			</trkpt>
			<trkpt lat="47.67633475431289" lon="20.738189318919197">
				<ele>89.97683875635266</ele>
				<time>2026-06-14T09:39:29Z</time>
			</trkpt>
			<trkpt lat="47.67632423301601" lon="20.738198784620714">
				<ele>90.73316420428455</ele>
				<time>2026-06-14T09:39:31Z</time>
			</trkpt>
			<trkpt lat="47.67630832013019" lon="20.738213410106383">
				<ele>91.31070736981928</ele>
				<time>2026-06-14T09:39:34Z</time>
			</trkpt>
			<trkpt lat="47.67628901995315" lon="20.73823562656129">
				<ele>91.45107916556299</ele>
				<time>2026-06-14T09:39:37Z</time>
			</trkpt>
			<trkpt lat="47.676254633031114" lon="20.738273623730734">
				<ele>91.04440856166184</ele>
				<time>2026-06-14T09:39:41Z</time>
			</trkpt>
			<trkpt lat="47.676235093455894" lon="20.738301415565676">
				<ele>91.56542248651385</ele>
				<time>2026-06-14T09:39:44Z</time>
			</trkpt>
			<trkpt lat="47.67621847796429" lon="20.73832098900112">
				<ele>90.23027837648988</ele>
				<time>2026-06-14T09:39:46Z</time>
			</trkpt>
			<trkpt lat="47.676200723250695" lon="20.738340338702084">
				<ele>91.25719239655882</ele>
				<time>2026-06-14T09:39:49Z</time>
			</trkpt>
			<trkpt lat="47.676190970723965" lon="20.738351670823626">
				<ele>91.89646785799414</ele>
				<time>2026-06-14T09:39:51Z</time>
			</trkpt>
			<trkpt lat="47.67617894146935" lon="20.738367539244393">
				<ele>93.84679951053113</ele>
				<time>2026-06-14T09:39:54Z</time>
			</trkpt>
			<trkpt lat="47.67616475440757" lon="20.73838871033354">
				<ele>95.48778617195785</ele>
				<time>2026-06-14T09:39:57Z</time>
			</trkpt>
			<trkpt lat="47.67614536976757" lon="20.738415888519494">
				<ele>95.23301451839507</ele>
				<time>2026-06-14T09:40:03Z</time>
			</trkpt>
			<trkpt lat="47.6761278703049" lon="20.738434191194923">
				<ele>96.2222678521648</ele>
				<time>2026-06-14T09:40:07Z</time>
			</trkpt>
			<trkpt lat="47.676112461555725" lon="20.738446222181878">
				<ele>94.25403452664614</ele>
				<time>2026-06-14T09:40:10Z</time>
			</trkpt>
			<trkpt lat="47.6760968941292" lon="20.738454836945817">
				<ele>94.63463103678077</ele>
				<time>2026-06-14T09:40:12Z</time>
			</trkpt>
			<trkpt lat="47.676068039546" lon="20.738481830156346">
				<ele>92.90712554380298</ele>
				<time>2026-06-14T09:40:22Z</time>
			</trkpt>
			<trkpt lat="47.6760501528054" lon="20.73849887766074">
				<ele>93.64585049450397</ele>
				<time>2026-06-14T09:40:27Z</time>
			</trkpt>
			<trkpt lat="47.67603702255662" lon="20.738524510915266">
				<ele>94.86095663625747</ele>
				<time>2026-06-14T09:40:36Z</time>
			</trkpt>
			<trkpt lat="47.67602355296417" lon="20.738519180635745">
				<ele>93.55823794659227</ele>
				<time>2026-06-14T09:40:40Z</time>
			</trkpt>
			<trkpt lat="47.676009671488224" lon="20.738519605752774">
				<ele>94.02082275319844</ele>
				<time>2026-06-14T09:40:43Z</time>
			</trkpt>
			<trkpt lat="47.675993169429795" lon="20.73853174256092">
				<ele>92.82606934383512</ele>
				<time>2026-06-14T09:40:46Z</time>
			</trkpt>
			<trkpt lat="47.67596938264971" lon="20.738553491756626">
				<ele>92.14216341637075</ele>
				<time>2026-06-14T09:40:48Z</time>
			</trkpt>
			<trkpt lat="47.67594797505825" lon="20.73858173515005">
				<ele>92.95708040799946</ele>
				<time>2026-06-14T09:40:50Z</time>
			</trkpt>
			<trkpt lat="47.67592574963947" lon="20.738609117611386">
				<ele>93.60938153695315</ele>
				<time>2026-06-14T09:40:52Z</time>
			</trkpt>
			<trkpt lat="47.67590835438228" lon="20.738657019831354">
				<ele>93.94800873566419</ele>
				<time>2026-06-14T09:40:55Z</time>
			</trkpt>
			<trkpt lat="47.67590177228247" lon="20.738672357555455">
				<ele>94.01862668059766</ele>
				<time>2026-06-14T09:40:57Z</time>
			</trkpt>
			<trkpt lat="47.67588857266527" lon="20.738691448055565">
				<ele>92.81771551072598</ele>
				<time>2026-06-14T09:40:59Z</time>
			</trkpt>
			<trkpt lat="47.67587348552812" lon="20.738718584856336">
				<ele>92.56588591914624</ele>
				<time>2026-06-14T09:41:01Z</time>
			</trkpt>
			<trkpt lat="47.675855144960266" lon="20.738744113018612">
				<ele>93.3369225366041</ele>
				<time>2026-06-14T09:41:03Z</time>
			</trkpt>
			<trkpt lat="47.67583391795741" lon="20.738770010622527">
				<ele>93.13738059811294</ele>
				<time>2026-06-14T09:41:05Z</time>
			</trkpt>
			<trkpt lat="47.67581592185856" lon="20.73879646313707">
				<ele>92.99626767542213</ele>
				<time>2026-06-14T09:41:07Z</time>
			</trkpt>
			<trkpt lat="47.67579461208837" lon="20.73881445631542">
				<ele>93.06536373309791</ele>
				<time>2026-06-14T09:41:09Z</time>
			</trkpt>
			<trkpt lat="47.67578293082571" lon="20.738826378403083">
				<ele>92.63924146443605</ele>
				<time>2026-06-14T09:41:11Z</time>
			</trkpt>
			<trkpt lat="47.675770016507265" lon="20.738839003805612">
				<ele>92.46173879131675</ele>
				<time>2026-06-14T09:41:14Z</time>
			</trkpt>
			<trkpt lat="47.675758022935135" lon="20.738848835458963">
				<ele>93.31976472306997</ele>
				<time>2026-06-14T09:41:16Z</time>
			</trkpt>
			<trkpt lat="47.67574362494159" lon="20.73886020760432">
				<ele>93.21255938708782</ele>
				<time>2026-06-14T09:41:18Z</time>
			</trkpt>
			<trkpt lat="47.675704919354104" lon="20.73888689395942">
				<ele>93.978639729321</ele>
				<time>2026-06-14T09:41:21Z</time>
			</trkpt>
			<trkpt lat="47.67566164934514" lon="20.738918645703297">
				<ele>94.33013533242047</ele>
				<time>2026-06-14T09:41:24Z</time>
			</trkpt>
			<trkpt lat="47.67563328282072" lon="20.738942824605527">
				<ele>94.63236215990037</ele>
				<time>2026-06-14T09:41:26Z</time>
			</trkpt>
			<trkpt lat="47.67560484766802" lon="20.73896124187893">
				<ele>94.94818486552685</ele>
				<time>2026-06-14T09:41:28Z</time>
			</trkpt>
			<trkpt lat="47.67558454614816" lon="20.738976223873696">
				<ele>95.26620567310601</ele>
				<time>2026-06-14T09:41:31Z</time>
			</trkpt>
			<trkpt lat="47.675573733879865" lon="20.738985786790845">
				<ele>95.45955117605627</ele>
				<time>2026-06-14T09:41:34Z</time>
			</trkpt>
			<trkpt lat="47.67557477305409" lon="20.739004903404734">
				<ele>94.86344441771507</ele>
				<time>2026-06-14T09:41:35Z</time>
			</trkpt>
			<trkpt lat="47.67557027873856" lon="20.739022089269373">
				<ele>94.78001797944307</ele>
				<time>2026-06-14T09:41:37Z</time>
			</trkpt>
			<trkpt lat="47.675550982136166" lon="20.739041468301973">
				<ele>95.79672909900546</ele>
				<time>2026-06-14T09:41:39Z</time>
			</trkpt>
			<trkpt lat="47.67553950662614" lon="20.739059894146994">
				<ele>95.47654529474676</ele>
				<time>2026-06-14T09:41:41Z</time>
			</trkpt>
			<trkpt lat="47.67551535562784" lon="20.739119029146565">
				<ele>96.16167546249926</ele>
				<time>2026-06-14T09:41:47Z</time>
			</trkpt>
			<trkpt lat="47.675502506166474" lon="20.739152223169697">
				<ele>95.62856710515916</ele>
				<time>2026-06-14T09:41:49Z</time>
			</trkpt>
			<trkpt lat="47.67549241343074" lon="20.739176359705013">
				<ele>95.7258958760649</ele>
				<time>2026-06-14T09:41:52Z</time>
			</trkpt>
			<trkpt lat="47.67548595481755" lon="20.739185883249423">
				<ele>95.98205234576017</ele>
				<time>2026-06-14T09:41:54Z</time>
			</trkpt>
			<trkpt lat="47.675462227485816" lon="20.739204411945863">
				<ele>96.03157130908221</ele>
				<time>2026-06-14T09:41:56Z</time>
			</trkpt>
			<trkpt lat="47.675435520021516" lon="20.7392243530266">
				<ele>94.64719454571605</ele>
				<time>2026-06-14T09:41:58Z</time>
			</trkpt>
			<trkpt lat="47.67540888527119" lon="20.73924570992711">
				<ele>95.25031833723187</ele>
				<time>2026-06-14T09:42:00Z</time>
			</trkpt>
			<trkpt lat="47.67538597698476" lon="20.739264077868455">
				<ele>96.42010672576725</ele>
				<time>2026-06-14T09:42:03Z</time>
			</trkpt>
			<trkpt lat="47.67537563239991" lon="20.739272796933133">
				<ele>96.51166793890297</ele>
				<time>2026-06-14T09:42:05Z</time>
			</trkpt>
			<trkpt lat="47.6753665636023" lon="20.7392863937669">
				<ele>95.28158190846443</ele>
				<time>2026-06-14T09:42:07Z</time>
			</trkpt>
			<trkpt lat="47.67535642133861" lon="20.73929950973327">
				<ele>95.07185818254948</ele>
				<time>2026-06-14T09:42:09Z</time>
			</trkpt>
			<trkpt lat="47.67533214456412" lon="20.739329579528818">
				<ele>97.62060652114451</ele>
				<time>2026-06-14T09:42:12Z</time>
			</trkpt>
			<trkpt lat="47.67529899044375" lon="20.739369037988507">
				<ele>98.00879117287695</ele>
				<time>2026-06-14T09:42:15Z</time>
			</trkpt>
			<trkpt lat="47.67528161156772" lon="20.739383086874604">
				<ele>98.16745234280825</ele>
				<time>2026-06-14T09:42:16Z</time>
			</trkpt>
			<trkpt lat="47.67525414472367" lon="20.739410529907133">
				<ele>96.88437134772539</ele>
				<time>2026-06-14T09:42:20Z</time>
			</trkpt>
			<trkpt lat="47.675245936171954" lon="20.739421924694167">
				<ele>97.41452317126095</ele>
				<time>2026-06-14T09:42:22Z</time>
			</trkpt>
			<trkpt lat="47.675234545702885" lon="20.739433591518598">
				<ele>98.22614120040089</ele>
				<time>2026-06-14T09:42:24Z</time>
			</trkpt>
			<trkpt lat="47.67522235683948" lon="20.739447249941353">
				<ele>98.6744677349925</ele>
				<time>2026-06-14T09:42:26Z</time>
			</trkpt>
			<trkpt lat="47.675199768406095" lon="20.73946773194886">
				<ele>97.4604151789099</ele>
				<time>2026-06-14T09:42:28Z</time>
			</trkpt>
			<trkpt lat="47.67517039950436" lon="20.73949453076003">
				<ele>97.6114951968193</ele>
				<time>2026-06-14T09:42:30Z</time>
			</trkpt>
			<trkpt lat="47.67514272834987" lon="20.739518753705998">
				<ele>97.35459342319518</ele>
				<time>2026-06-14T09:42:32Z</time>
			</trkpt>
			<trkpt lat="47.675122640513585" lon="20.739542896652928">
				<ele>96.71158615686</ele>
				<time>2026-06-14T09:42:34Z</time>
			</trkpt>
			<trkpt lat="47.67510426531069" lon="20.73957002940504">
				<ele>95.67842295393348</ele>
				<time>2026-06-14T09:42:36Z</time>
			</trkpt>
			<trkpt lat="47.67507607504495" lon="20.73959635206679">
				<ele>95.21341806370765</ele>
				<time>2026-06-14T09:42:39Z</time>
			</trkpt>
			<trkpt lat="47.67506523083223" lon="20.739604162347444">
				<ele>96.17881543934345</ele>
				<time>2026-06-14T09:42:41Z</time>
			</trkpt>
			<trkpt lat="47.675051597795566" lon="20.739613307861667">
				<ele>96.33141507767141</ele>
				<time>2026-06-14T09:42:42Z</time>
			</trkpt>
			<trkpt lat="47.67502473035512" lon="20.739639195207133">
				<ele>95.97723116818815</ele>
				<time>2026-06-14T09:42:45Z</time>
			</trkpt>
			<trkpt lat="47.675005527527205" lon="20.739662134427466">
				<ele>96.81634902209044</ele>
				<time>2026-06-14T09:42:47Z</time>
			</trkpt>
			<trkpt lat="47.674996420218235" lon="20.73967884727141">
				<ele>97.48438221774995</ele>
				<time>2026-06-14T09:42:49Z</time>
			</trkpt>
			<trkpt lat="47.67499008163474" lon="20.739696606738978">
				<ele>98.73932860046625</ele>
				<time>2026-06-14T09:42:52Z</time>
			</trkpt>
			<trkpt lat="47.67498612011471" lon="20.739716200279453">
				<ele>98.91557722259313</ele>
				<time>2026-06-14T09:42:55Z</time>
			</trkpt>
			<trkpt lat="47.67498151757004" lon="20.73973413744379">
				<ele>98.86720922309905</ele>
				<time>2026-06-14T09:42:57Z</time>
			</trkpt>
			<trkpt lat="47.67497361397202" lon="20.739751522743084">
				<ele>98.03213157411665</ele>
				<time>2026-06-14T09:43:00Z</time>
			</trkpt>
			<trkpt lat="47.67495101810937" lon="20.739773726730338">
				<ele>97.48980392608792</ele>
				<time>2026-06-14T09:43:02Z</time>
			</trkpt>
			<trkpt lat="47.67493347163099" lon="20.739791549808242">
				<ele>97.49733049049973</ele>
				<time>2026-06-14T09:43:04Z</time>
			</trkpt>
			<trkpt lat="47.6749184060057" lon="20.739807284495697">
				<ele>97.82006840966642</ele>
				<time>2026-06-14T09:43:06Z</time>
			</trkpt>
			<trkpt lat="47.67489429294628" lon="20.739829271416973">
				<ele>97.71048245299608</ele>
				<time>2026-06-14T09:43:08Z</time>
			</trkpt>
			<trkpt lat="47.67484990696707" lon="20.739862409885877">
				<ele>96.25380108784884</ele>
				<time>2026-06-14T09:43:11Z</time>
			</trkpt>
			<trkpt lat="47.67481843526023" lon="20.73988142169141">
				<ele>96.41023527178913</ele>
				<time>2026-06-14T09:43:13Z</time>
			</trkpt>
			<trkpt lat="47.67479003017058" lon="20.739896398209748">
				<ele>95.81136537063867</ele>
				<time>2026-06-14T09:43:15Z</time>
			</trkpt>
			<trkpt lat="47.67476430569819" lon="20.739914562646433">
				<ele>95.13227946124971</ele>
				<time>2026-06-14T09:43:17Z</time>
			</trkpt>
			<trkpt lat="47.67474104867223" lon="20.739935185644676">
				<ele>94.73087334632874</ele>
				<time>2026-06-14T09:43:19Z</time>
			</trkpt>
			<trkpt lat="47.67472082507138" lon="20.739957833872744">
				<ele>94.42380935605615</ele>
				<time>2026-06-14T09:43:21Z</time>
			</trkpt>
			<trkpt lat="47.67470171243207" lon="20.739975389478104">
				<ele>94.148217683658</ele>
				<time>2026-06-14T09:43:23Z</time>
			</trkpt>
			<trkpt lat="47.674691358088765" lon="20.7399860906568">
				<ele>95.1053947629407</ele>
				<time>2026-06-14T09:43:25Z</time>
			</trkpt>
			<trkpt lat="47.67468553952685" lon="20.739995725867573">
				<ele>95.43364132847637</ele>
				<time>2026-06-14T09:43:27Z</time>
			</trkpt>
			<trkpt lat="47.67467707409974" lon="20.740005819858794">
				<ele>95.46127436961979</ele>
				<time>2026-06-14T09:43:29Z</time>
			</trkpt>
			<trkpt lat="47.674657542066875" lon="20.740025080658118">
				<ele>96.70548927877098</ele>
				<time>2026-06-14T09:43:31Z</time>
			</trkpt>
			<trkpt lat="47.674624085158236" lon="20.740056448355624">
				<ele>96.45602564979345</ele>
				<time>2026-06-14T09:43:34Z</time>
			</trkpt>
			<trkpt lat="47.67460993643725" lon="20.74007169044755">
				<ele>96.22408743388951</ele>
				<time>2026-06-14T09:43:36Z</time>
			</trkpt>
			<trkpt lat="47.674592797649396" lon="20.740092746420277">
				<ele>96.37378411833197</ele>
				<time>2026-06-14T09:43:38Z</time>
			</trkpt>
			<trkpt lat="47.67456027989514" lon="20.740123072829334">
				<ele>95.10326887946576</ele>
				<time>2026-06-14T09:43:41Z</time>
			</trkpt>
			<trkpt lat="47.67453926917085" lon="20.740140312786295">
				<ele>94.88507578615099</ele>
				<time>2026-06-14T09:43:44Z</time>
			</trkpt>
			<trkpt lat="47.6745154385854" lon="20.740157877981773">
				<ele>95.41376617737114</ele>
				<time>2026-06-14T09:43:46Z</time>
			</trkpt>
			<trkpt lat="47.67449227608684" lon="20.7401784484572">
				<ele>96.64974419213831</ele>
				<time>2026-06-14T09:43:49Z</time>
			</trkpt>
			<trkpt lat="47.674469450868536" lon="20.74020153144241">
				<ele>96.83992453478277</ele>
				<time>2026-06-14T09:43:51Z</time>
			</trkpt>
			<trkpt lat="47.67444809221148" lon="20.740221029347317">
				<ele>96.26233906019479</ele>
				<time>2026-06-14T09:43:54Z</time>
			</trkpt>
			<trkpt lat="47.67443417852482" lon="20.740231819834435">
				<ele>96.80391111783683</ele>
				<time>2026-06-14T09:43:57Z</time>
			</trkpt>
			<trkpt lat="47.674422982900914" lon="20.74024483211474">
				<ele>97.01557590160519</ele>
				<time>2026-06-14T09:43:59Z</time>
			</trkpt>
			<trkpt lat="47.67441225639317" lon="20.740260654308884">
				<ele>97.71539537981153</ele>
				<time>2026-06-14T09:44:01Z</time>
			</trkpt>
			<trkpt lat="47.67438559644368" lon="20.740295392433847">
				<ele>98.65251724887639</ele>
				<time>2026-06-14T09:44:04Z</time>
			</trkpt>
			<trkpt lat="47.67436136533121" lon="20.740328353104402">
				<ele>97.77714572660625</ele>
				<time>2026-06-14T09:44:07Z</time>
			</trkpt>
			<trkpt lat="47.674350962757046" lon="20.740345282375003">
				<ele>98.326181137003</ele>
				<time>2026-06-14T09:44:09Z</time>
			</trkpt>
			<trkpt lat="47.67433983358668" lon="20.74036375116425">
				<ele>96.78971816692501</ele>
				<time>2026-06-14T09:44:12Z</time>
			</trkpt>
			<trkpt lat="47.67432548988277" lon="20.740385001217213">
				<ele>96.5412571458146</ele>
				<time>2026-06-14T09:44:15Z</time>
			</trkpt>
			<trkpt lat="47.67430646655977" lon="20.740417843338598">
				<ele>96.48205930087715</ele>
				<time>2026-06-14T09:44:17Z</time>
			</trkpt>
			<trkpt lat="47.67428200033657" lon="20.740446157026426">
				<ele>96.17399925272912</ele>
				<time>2026-06-14T09:44:19Z</time>
			</trkpt>
			<trkpt lat="47.674257099469855" lon="20.740479230109038">
				<ele>96.50056056678295</ele>
				<time>2026-06-14T09:44:21Z</time>
			</trkpt>
			<trkpt lat="47.67422679917989" lon="20.740515660137138">
				<ele>95.12566490657628</ele>
				<time>2026-06-14T09:44:24Z</time>
			</trkpt>
			<trkpt lat="47.67421254107087" lon="20.740538104127463">
				<ele>95.97376352362335</ele>
				<time>2026-06-14T09:44:27Z</time>
			</trkpt>
			<trkpt lat="47.67419953544822" lon="20.74056212522618">
				<ele>96.70248339418322</ele>
				<time>2026-06-14T09:44:29Z</time>
			</trkpt>
			<trkpt lat="47.67418748771216" lon="20.74058497648588">
				<ele>96.92073650564998</ele>
				<time>2026-06-14T09:44:32Z</time>
			</trkpt>
			<trkpt lat="47.674180764585685" lon="20.740601811913685">
				<ele>98.62467175815254</ele>
				<time>2026-06-14T09:44:35Z</time>
			</trkpt>
			<trkpt lat="47.674169994738655" lon="20.74061961359449">
				<ele>99.85673123411834</ele>
				<time>2026-06-14T09:44:39Z</time>
			</trkpt>
			<trkpt lat="47.67416178111981" lon="20.74064061376794">
				<ele>99.41650894936174</ele>
				<time>2026-06-14T09:44:42Z</time>
			</trkpt>
			<trkpt lat="47.67415362276709" lon="20.74066069523245">
				<ele>99.43484401050955</ele>
				<time>2026-06-14T09:44:45Z</time>
			</trkpt>
			<trkpt lat="47.67414476912231" lon="20.740680854098635">
				<ele>100.01710888650268</ele>
				<time>2026-06-14T09:44:48Z</time>
			</trkpt>
			<trkpt lat="47.67413347048735" lon="20.740702329129252">
				<ele>102.26780892722309</ele>
				<time>2026-06-14T09:44:52Z</time>
			</trkpt>
			<trkpt lat="47.674097353164676" lon="20.74076790978416">
				<ele>98.8511634496972</ele>
				<time>2026-06-14T09:44:58Z</time>
			</trkpt>
			<trkpt lat="47.67408847505412" lon="20.74079039393857">
				<ele>98.0481600528583</ele>
				<time>2026-06-14T09:45:00Z</time>
			</trkpt>
			<trkpt lat="47.67407094847153" lon="20.740821378659803">
				<ele>97.15059515926987</ele>
				<time>2026-06-14T09:45:02Z</time>
			</trkpt>
			<trkpt lat="47.67405665314576" lon="20.74086194442083">
				<ele>96.50534277036786</ele>
				<time>2026-06-14T09:45:04Z</time>
			</trkpt>
			<trkpt lat="47.674043262196015" lon="20.740902050609535">
				<ele>96.55070856865495</ele>
				<time>2026-06-14T09:45:06Z</time>
			</trkpt>
			<trkpt lat="47.6740228335683" lon="20.740936090284656">
				<ele>95.81253920029849</ele>
				<time>2026-06-14T09:45:08Z</time>
			</trkpt>
			<trkpt lat="47.67400773632894" lon="20.740965979522713">
				<ele>94.32869289442897</ele>
				<time>2026-06-14T09:45:10Z</time>
			</trkpt>
			<trkpt lat="47.67399508428816" lon="20.740992199533753">
				<ele>93.40333335008472</ele>
				<time>2026-06-14T09:45:12Z</time>
			</trkpt>
			<trkpt lat="47.67398334023242" lon="20.741020698049354">
				<ele>93.93738438282162</ele>
				<time>2026-06-14T09:45:14Z</time>
			</trkpt>
			<trkpt lat="47.6739727618935" lon="20.741049818260645">
				<ele>93.23958388343453</ele>
				<time>2026-06-14T09:45:16Z</time>
			</trkpt>
			<trkpt lat="47.67395584992131" lon="20.741077661712307">
				<ele>93.9542172094807</ele>
				<time>2026-06-14T09:45:18Z</time>
			</trkpt>
			<trkpt lat="47.673940749576985" lon="20.74110399683578">
				<ele>94.18398965988308</ele>
				<time>2026-06-14T09:45:20Z</time>
			</trkpt>
			<trkpt lat="47.67392686730472" lon="20.741129907712075">
				<ele>94.01010422687978</ele>
				<time>2026-06-14T09:45:22Z</time>
			</trkpt>
			<trkpt lat="47.673913027678616" lon="20.74115334125201">
				<ele>94.63501576986164</ele>
				<time>2026-06-14T09:45:24Z</time>
			</trkpt>
			<trkpt lat="47.67390124622146" lon="20.741176270183548">
				<ele>95.08269474748522</ele>
				<time>2026-06-14T09:45:26Z</time>
			</trkpt>
			<trkpt lat="47.67389981774961" lon="20.74119678691979">
				<ele>95.34224149305373</ele>
				<time>2026-06-14T09:45:29Z</time>
			</trkpt>
			<trkpt lat="47.67389470579702" lon="20.741221512904332">
				<ele>95.24251258838922</ele>
				<time>2026-06-14T09:45:31Z</time>
			</trkpt>
			<trkpt lat="47.67388391419126" lon="20.741252990781987">
				<ele>94.453592736274</ele>
				<time>2026-06-14T09:45:33Z</time>
			</trkpt>
			<trkpt lat="47.673878861651275" lon="20.741274810615533">
				<ele>94.6975061930716</ele>
				<time>2026-06-14T09:45:35Z</time>
			</trkpt>
			<trkpt lat="47.67387460612269" lon="20.74130592114157">
				<ele>94.91740001365542</ele>
				<time>2026-06-14T09:45:37Z</time>
			</trkpt>
			<trkpt lat="47.673869853103746" lon="20.741343195000653">
				<ele>94.95825958903879</ele>
				<time>2026-06-14T09:45:39Z</time>
			</trkpt>
			<trkpt lat="47.67386699701955" lon="20.741367230502608">
				<ele>96.24130969680846</ele>
				<time>2026-06-14T09:45:41Z</time>
			</trkpt>
			<trkpt lat="47.673868757351904" lon="20.741409460513072">
				<ele>95.49168208055198</ele>
				<time>2026-06-14T09:45:43Z</time>
			</trkpt>
			<trkpt lat="47.67386528369009" lon="20.74144799995552">
				<ele>95.17561772745103</ele>
				<time>2026-06-14T09:45:46Z</time>
			</trkpt>
			<trkpt lat="47.673863594862404" lon="20.741467651878473">
				<ele>95.24188571702689</ele>
				<time>2026-06-14T09:45:48Z</time>
			</trkpt>
			<trkpt lat="47.673862139035535" lon="20.74148765139077">
				<ele>93.49257630482316</ele>
				<time>2026-06-14T09:45:50Z</time>
			</trkpt>
			<trkpt lat="47.67385803945028" lon="20.741516894886114">
				<ele>92.70048316009343</ele>
				<time>2026-06-14T09:45:51Z</time>
			</trkpt>
			<trkpt lat="47.67385052465925" lon="20.741576493725454">
				<ele>92.89523119665682</ele>
				<time>2026-06-14T09:45:54Z</time>
			</trkpt>
			<trkpt lat="47.67385058422656" lon="20.741602902941636">
				<ele>92.37388531118631</ele>
				<time>2026-06-14T09:45:56Z</time>
			</trkpt>
			<trkpt lat="47.673852301308195" lon="20.74162263172819">
				<ele>92.57294826861471</ele>
				<time>2026-06-14T09:45:58Z</time>
			</trkpt>
			<trkpt lat="47.673852501488064" lon="20.74166292769899">
				<ele>92.26106322091073</ele>
				<time>2026-06-14T09:46:00Z</time>
			</trkpt>
			<trkpt lat="47.67385171226661" lon="20.7417086515429">
				<ele>91.55712037812918</ele>
				<time>2026-06-14T09:46:02Z</time>
			</trkpt>
			<trkpt lat="47.673847127165615" lon="20.74175481303182">
				<ele>91.79317288007587</ele>
				<time>2026-06-14T09:46:04Z</time>
			</trkpt>
			<trkpt lat="47.67383774731976" lon="20.741798537236413">
				<ele>91.92343856859952</ele>
				<time>2026-06-14T09:46:06Z</time>
			</trkpt>
			<trkpt lat="47.673827030999206" lon="20.7418432876715">
				<ele>91.714598512277</ele>
				<time>2026-06-14T09:46:08Z</time>
			</trkpt>
			<trkpt lat="47.6738147859492" lon="20.741882255868948">
				<ele>92.10706845112145</ele>
				<time>2026-06-14T09:46:10Z</time>
			</trkpt>
			<trkpt lat="47.673800579562766" lon="20.74191652401514">
				<ele>91.28879393823445</ele>
				<time>2026-06-14T09:46:12Z</time>
			</trkpt>
			<trkpt lat="47.673795065009436" lon="20.741951991535366">
				<ele>91.48588685225695</ele>
				<time>2026-06-14T09:46:14Z</time>
			</trkpt>
			<trkpt lat="47.673790418031956" lon="20.741973007288564">
				<ele>91.10090386029333</ele>
				<time>2026-06-14T09:46:15Z</time>
			</trkpt>
			<trkpt lat="47.67378287935068" lon="20.742008503714572">
				<ele>91.4059927277267</ele>
				<time>2026-06-14T09:46:17Z</time>
			</trkpt>
			<trkpt lat="47.67377598590401" lon="20.742044633153203">
				<ele>91.75040471088141</ele>
				<time>2026-06-14T09:46:19Z</time>
			</trkpt>
			<trkpt lat="47.673767016746744" lon="20.74206071742725">
				<ele>91.65082829259336</ele>
				<time>2026-06-14T09:46:20Z</time>
			</trkpt>
			<trkpt lat="47.673753015533094" lon="20.742092248363747">
				<ele>91.94381316378713</ele>
				<time>2026-06-14T09:46:22Z</time>
			</trkpt>
			<trkpt lat="47.67374546786638" lon="20.742109854603495">
				<ele>92.45878013968468</ele>
				<time>2026-06-14T09:46:24Z</time>
			</trkpt>
			<trkpt lat="47.673736693097474" lon="20.742131528985684">
				<ele>92.88765564840287</ele>
				<time>2026-06-14T09:46:25Z</time>
			</trkpt>
			<trkpt lat="47.67372059352835" lon="20.742168629245512">
				<ele>92.35907925851643</ele>
				<time>2026-06-14T09:46:27Z</time>
			</trkpt>
			<trkpt lat="47.673711531097666" lon="20.742211604086453">
				<ele>92.1066794814542</ele>
				<time>2026-06-14T09:46:29Z</time>
			</trkpt>
			<trkpt lat="47.67370519035386" lon="20.7422485040215">
				<ele>91.43749816715717</ele>
				<time>2026-06-14T09:46:31Z</time>
			</trkpt>
			<trkpt lat="47.67369601843426" lon="20.742285384002628">
				<ele>91.46084651723504</ele>
				<time>2026-06-14T09:46:33Z</time>
			</trkpt>
			<trkpt lat="47.67368920705649" lon="20.74231808867998">
				<ele>91.51958116237074</ele>
				<time>2026-06-14T09:46:35Z</time>
			</trkpt>
			<trkpt lat="47.673688024208815" lon="20.742354396048146">
				<ele>91.7988172210753</ele>
				<time>2026-06-14T09:46:37Z</time>
			</trkpt>
			<trkpt lat="47.673688687109134" lon="20.74239488840725">
				<ele>92.04576161783189</ele>
				<time>2026-06-14T09:46:39Z</time>
			</trkpt>
			<trkpt lat="47.673683089449305" lon="20.74242938590618">
				<ele>93.11284858454019</ele>
				<time>2026-06-14T09:46:41Z</time>
			</trkpt>
			<trkpt lat="47.673677680179324" lon="20.74246339606801">
				<ele>93.00266545079648</ele>
				<time>2026-06-14T09:46:43Z</time>
			</trkpt>
			<trkpt lat="47.673676228150605" lon="20.742502080325878">
				<ele>93.84010116942227</ele>
				<time>2026-06-14T09:46:45Z</time>
			</trkpt>
			<trkpt lat="47.67367106608622" lon="20.7425429207074">
				<ele>93.97405006550252</ele>
				<time>2026-06-14T09:46:47Z</time>
			</trkpt>
			<trkpt lat="47.67367079957345" lon="20.742580632821113">
				<ele>93.14797718264163</ele>
				<time>2026-06-14T09:46:49Z</time>
			</trkpt>
			<trkpt lat="47.67366650624137" lon="20.742616999006405">
				<ele>92.22131488844752</ele>
				<time>2026-06-14T09:46:51Z</time>
			</trkpt>
			<trkpt lat="47.67367368483664" lon="20.742672789469257">
				<ele>92.76924820709974</ele>
				<time>2026-06-14T09:46:54Z</time>
			</trkpt>
			<trkpt lat="47.67367737476168" lon="20.742715417598255">
				<ele>92.26196964737028</ele>
				<time>2026-06-14T09:46:57Z</time>
			</trkpt>
			<trkpt lat="47.67367378277047" lon="20.742731691304204">
				<ele>92.02084508351982</ele>
				<time>2026-06-14T09:46:58Z</time>
			</trkpt>
			<trkpt lat="47.67366650020232" lon="20.74276394103204">
				<ele>93.00792287290096</ele>
				<time>2026-06-14T09:47:00Z</time>
			</trkpt>
			<trkpt lat="47.67365876672061" lon="20.742795496910556">
				<ele>94.39316193107516</ele>
				<time>2026-06-14T09:47:02Z</time>
			</trkpt>
			<trkpt lat="47.67365191170363" lon="20.742813669552156">
				<ele>94.36298245284706</ele>
				<time>2026-06-14T09:47:04Z</time>
			</trkpt>
			<trkpt lat="47.673647236265154" lon="20.742826493843243">
				<ele>95.48531455826014</ele>
				<time>2026-06-14T09:47:06Z</time>
			</trkpt>
			<trkpt lat="47.67364383700753" lon="20.742861821036726">
				<ele>96.44105697143823</ele>
				<time>2026-06-14T09:47:09Z</time>
			</trkpt>
			<trkpt lat="47.673636874580964" lon="20.742908633996528">
				<ele>93.30293891578913</ele>
				<time>2026-06-14T09:47:12Z</time>
			</trkpt>
			<trkpt lat="47.6736253524626" lon="20.742946012137118">
				<ele>93.14116526581347</ele>
				<time>2026-06-14T09:47:14Z</time>
			</trkpt>
			<trkpt lat="47.67361789748505" lon="20.742970974667465">
				<ele>93.67814743239433</ele>
				<time>2026-06-14T09:47:15Z</time>
			</trkpt>
			<trkpt lat="47.67361042862674" lon="20.743009528962418">
				<ele>94.41375254280865</ele>
				<time>2026-06-14T09:47:17Z</time>
			</trkpt>
			<trkpt lat="47.6736026469382" lon="20.743062995481214">
				<ele>93.89534587971866</ele>
				<time>2026-06-14T09:47:20Z</time>
			</trkpt>
			<trkpt lat="47.67359866668581" lon="20.743098111418075">
				<ele>94.35679516848177</ele>
				<time>2026-06-14T09:47:22Z</time>
			</trkpt>
			<trkpt lat="47.67359861665327" lon="20.74311682039339">
				<ele>94.71185260266066</ele>
				<time>2026-06-14T09:47:24Z</time>
			</trkpt>
			<trkpt lat="47.67360126067029" lon="20.743130822922105">
				<ele>95.32604540325701</ele>
				<time>2026-06-14T09:47:26Z</time>
			</trkpt>
			<trkpt lat="47.67359817294879" lon="20.743154346218837">
				<ele>95.15383820980787</ele>
				<time>2026-06-14T09:47:27Z</time>
			</trkpt>
			<trkpt lat="47.67359149180754" lon="20.74317764609703">
				<ele>95.32439290639013</ele>
				<time>2026-06-14T09:47:28Z</time>
			</trkpt>
			<trkpt lat="47.673585907532456" lon="20.74321304303356">
				<ele>95.11138932779431</ele>
				<time>2026-06-14T09:47:31Z</time>
			</trkpt>
			<trkpt lat="47.67358850742608" lon="20.74323247830008">
				<ele>95.2197634857148</ele>
				<time>2026-06-14T09:47:33Z</time>
			</trkpt>
			<trkpt lat="47.67359109625609" lon="20.743252058203648">
				<ele>95.4230970274657</ele>
				<time>2026-06-14T09:47:35Z</time>
			</trkpt>
			<trkpt lat="47.673595178497145" lon="20.743271277564695">
				<ele>94.93827339075506</ele>
				<time>2026-06-14T09:47:37Z</time>
			</trkpt>
			<trkpt lat="47.67359981155736" lon="20.743296016746946">
				<ele>95.51677989866585</ele>
				<time>2026-06-14T09:47:40Z</time>
			</trkpt>
			<trkpt lat="47.67360446746508" lon="20.743324421807532">
				<ele>95.18250359408557</ele>
				<time>2026-06-14T09:47:43Z</time>
			</trkpt>
			<trkpt lat="47.67360162590715" lon="20.74335937445766">
				<ele>95.76148316450417</ele>
				<time>2026-06-14T09:47:46Z</time>
			</trkpt>
			<trkpt lat="47.67359239214648" lon="20.743383577362316">
				<ele>96.88254420552403</ele>
				<time>2026-06-14T09:47:48Z</time>
			</trkpt>
			<trkpt lat="47.67358027351508" lon="20.74342231046549">
				<ele>98.15537351183593</ele>
				<time>2026-06-14T09:47:50Z</time>
			</trkpt>
			<trkpt lat="47.67356198137562" lon="20.743467746607784">
				<ele>98.0111132580787</ele>
				<time>2026-06-14T09:47:52Z</time>
			</trkpt>
			<trkpt lat="47.673544801440514" lon="20.743505115184476">
				<ele>98.65439133904874</ele>
				<time>2026-06-14T09:47:55Z</time>
			</trkpt>
			<trkpt lat="47.67353159445966" lon="20.743527591788567">
				<ele>98.0067471107468</ele>
				<time>2026-06-14T09:47:56Z</time>
			</trkpt>
			<trkpt lat="47.67351175290911" lon="20.74356249535856">
				<ele>98.34213455207646</ele>
				<time>2026-06-14T09:47:58Z</time>
			</trkpt>
			<trkpt lat="47.673495388145234" lon="20.743606761421397">
				<ele>97.31218603998423</ele>
				<time>2026-06-14T09:48:00Z</time>
			</trkpt>
			<trkpt lat="47.67348164240213" lon="20.7436503142989">
				<ele>96.80457576643676</ele>
				<time>2026-06-14T09:48:02Z</time>
			</trkpt>
			<trkpt lat="47.67347593610999" lon="20.743687170128247">
				<ele>96.456113435328</ele>
				<time>2026-06-14T09:48:04Z</time>
			</trkpt>
			<trkpt lat="47.67347594340983" lon="20.743735841536203">
				<ele>95.31634823419154</ele>
				<time>2026-06-14T09:48:06Z</time>
			</trkpt>
			<trkpt lat="47.673471443976915" lon="20.743784751028645">
				<ele>95.6985860709101</ele>
				<time>2026-06-14T09:48:08Z</time>
			</trkpt>
			<trkpt lat="47.67345659780586" lon="20.74382422823293">
				<ele>96.35052351560444</ele>
				<time>2026-06-14T09:48:10Z</time>
			</trkpt>
			<trkpt lat="47.67344052024196" lon="20.743857886681713">
				<ele>96.21320250537246</ele>
				<time>2026-06-14T09:48:12Z</time>
			</trkpt>
			<trkpt lat="47.67342445523307" lon="20.74389166755775">
				<ele>96.17185350973159</ele>
				<time>2026-06-14T09:48:14Z</time>
			</trkpt>
			<trkpt lat="47.673408039678606" lon="20.743918730547673">
				<ele>95.7871690383181</ele>
				<time>2026-06-14T09:48:16Z</time>
			</trkpt>
			<trkpt lat="47.67340167059604" lon="20.74393284009135">
				<ele>95.60816083755344</ele>
				<time>2026-06-14T09:48:18Z</time>
			</trkpt>
			<trkpt lat="47.673392785813576" lon="20.743961338887583">
				<ele>95.6969290021807</ele>
				<time>2026-06-14T09:48:20Z</time>
			</trkpt>
			<trkpt lat="47.67338453590344" lon="20.744009241488246">
				<ele>94.83970158919692</ele>
				<time>2026-06-14T09:48:23Z</time>
			</trkpt>
			<trkpt lat="47.67338170499917" lon="20.74404730197107">
				<ele>96.10425624251366</ele>
				<time>2026-06-14T09:48:25Z</time>
			</trkpt>
			<trkpt lat="47.67337497945197" lon="20.74408283712849">
				<ele>96.71142088156193</ele>
				<time>2026-06-14T09:48:28Z</time>
			</trkpt>
			<trkpt lat="47.67336586392032" lon="20.744130623457472">
				<ele>96.91785718873143</ele>
				<time>2026-06-14T09:48:31Z</time>
			</trkpt>
			<trkpt lat="47.67335839218419" lon="20.74416267151505">
				<ele>95.42807449307293</ele>
				<time>2026-06-14T09:48:33Z</time>
			</trkpt>
			<trkpt lat="47.67335371515174" lon="20.744179712044026">
				<ele>95.66119486000389</ele>
				<time>2026-06-14T09:48:35Z</time>
			</trkpt>
			<trkpt lat="47.673348849719254" lon="20.744192577173784">
				<ele>96.77671420760453</ele>
				<time>2026-06-14T09:48:37Z</time>
			</trkpt>
			<trkpt lat="47.673346474492774" lon="20.744208051713173">
				<ele>95.86796978488564</ele>
				<time>2026-06-14T09:48:39Z</time>
			</trkpt>
			<trkpt lat="47.67334204079289" lon="20.744225897076422">
				<ele>96.69243081472814</ele>
				<time>2026-06-14T09:48:41Z</time>
			</trkpt>
			<trkpt lat="47.673334070377905" lon="20.74425817990468">
				<ele>96.8876215973869</ele>
				<time>2026-06-14T09:48:43Z</time>
			</trkpt>
			<trkpt lat="47.673323329470826" lon="20.744296355358752">
				<ele>96.96314175985754</ele>
				<time>2026-06-14T09:48:45Z</time>
			</trkpt>
			<trkpt lat="47.67331203247087" lon="20.744329815947353">
				<ele>95.60172114335</ele>
				<time>2026-06-14T09:48:48Z</time>
			</trkpt>
			<trkpt lat="47.673299933620946" lon="20.74436907780814">
				<ele>94.20816483255476</ele>
				<time>2026-06-14T09:48:50Z</time>
			</trkpt>
			<trkpt lat="47.67328703851846" lon="20.7444071364756">
				<ele>94.26508386060596</ele>
				<time>2026-06-14T09:48:52Z</time>
			</trkpt>
			<trkpt lat="47.67328022533098" lon="20.744430552544916">
				<ele>94.19519263226539</ele>
				<time>2026-06-14T09:48:54Z</time>
			</trkpt>
			<trkpt lat="47.67326698615194" lon="20.744477276436967">
				<ele>93.57337320782244</ele>
				<time>2026-06-14T09:48:57Z</time>
			</trkpt>
			<trkpt lat="47.6732593298722" lon="20.744500307278816">
				<ele>93.44226656574756</ele>
				<time>2026-06-14T09:48:59Z</time>
			</trkpt>
			<trkpt lat="47.67325039616117" lon="20.74452314205734">
				<ele>93.8660014634952</ele>
				<time>2026-06-14T09:49:02Z</time>
			</trkpt>
			<trkpt lat="47.67324584351395" lon="20.744557876139442">
				<ele>93.77173846028745</ele>
				<time>2026-06-14T09:49:04Z</time>
			</trkpt>
			<trkpt lat="47.67325216954372" lon="20.744591879028516">
				<ele>92.41413915995508</ele>
				<time>2026-06-14T09:49:06Z</time>
			</trkpt>
			<trkpt lat="47.673253768359906" lon="20.744612023366965">
				<ele>92.97758269775659</ele>
				<time>2026-06-14T09:49:08Z</time>
			</trkpt>
			<trkpt lat="47.673248281072084" lon="20.744640442905578">
				<ele>92.33812124747783</ele>
				<time>2026-06-14T09:49:10Z</time>
			</trkpt>
			<trkpt lat="47.67323342469126" lon="20.74469129869178">
				<ele>92.0722373528406</ele>
				<time>2026-06-14T09:49:13Z</time>
			</trkpt>
			<trkpt lat="47.67322355120548" lon="20.744725257779077">
				<ele>93.12147498037666</ele>
				<time>2026-06-14T09:49:16Z</time>
			</trkpt>
			<trkpt lat="47.67322079449417" lon="20.7447431776834">
				<ele>93.11276347283274</ele>
				<time>2026-06-14T09:49:18Z</time>
			</trkpt>
			<trkpt lat="47.67320621163486" lon="20.744783798588426">
				<ele>92.93779710773379</ele>
				<time>2026-06-14T09:49:21Z</time>
			</trkpt>
			<trkpt lat="47.67319715188162" lon="20.74480977121614">
				<ele>93.73891193885356</ele>
				<time>2026-06-14T09:49:23Z</time>
			</trkpt>
			<trkpt lat="47.67319235104074" lon="20.74482945403885">
				<ele>93.02240128815174</ele>
				<time>2026-06-14T09:49:25Z</time>
			</trkpt>
			<trkpt lat="47.67318207126077" lon="20.744858709598837">
				<ele>92.92467472329736</ele>
				<time>2026-06-14T09:49:27Z</time>
			</trkpt>
			<trkpt lat="47.67317492607665" lon="20.74488239600568">
				<ele>94.04430439230055</ele>
				<time>2026-06-14T09:49:29Z</time>
			</trkpt>
			<trkpt lat="47.67316897934439" lon="20.74490669930765">
				<ele>93.37397400382906</ele>
				<time>2026-06-14T09:49:32Z</time>
			</trkpt>
			<trkpt lat="47.673161727209404" lon="20.74493448592829">
				<ele>93.50370805803686</ele>
				<time>2026-06-14T09:49:35Z</time>
			</trkpt>
			<trkpt lat="47.67315394195045" lon="20.744960017856965">
				<ele>93.67939595039934</ele>
				<time>2026-06-14T09:49:37Z</time>
			</trkpt>
			<trkpt lat="47.67314605060328" lon="20.744984310880053">
				<ele>93.35684378165752</ele>
				<time>2026-06-14T09:49:39Z</time>
			</trkpt>
			<trkpt lat="47.67313605831305" lon="20.74501294960958">
				<ele>94.74956909287721</ele>
				<time>2026-06-14T09:49:42Z</time>
			</trkpt>
			<trkpt lat="47.67312710283608" lon="20.745036067931565">
				<ele>95.5077555552125</ele>
				<time>2026-06-14T09:49:44Z</time>
			</trkpt>
			<trkpt lat="47.673115899025596" lon="20.74506464255713">
				<ele>96.50559336692095</ele>
				<time>2026-06-14T09:49:47Z</time>
			</trkpt>
			<trkpt lat="47.67310420996955" lon="20.745094431507898">
				<ele>96.49360807519406</ele>
				<time>2026-06-14T09:49:50Z</time>
			</trkpt>
			<trkpt lat="47.67309308287333" lon="20.745121253883244">
				<ele>98.62179787550122</ele>
				<time>2026-06-14T09:49:53Z</time>
			</trkpt>
			<trkpt lat="47.67308269867007" lon="20.745150880016165">
				<ele>97.38428942393512</ele>
				<time>2026-06-14T09:49:57Z</time>
			</trkpt>
			<trkpt lat="47.673073508583975" lon="20.745183484840968">
				<ele>98.01090527698398</ele>
				<time>2026-06-14T09:50:00Z</time>
			</trkpt>
			<trkpt lat="47.673066898071454" lon="20.745216347784197">
				<ele>99.6922322511673</ele>
				<time>2026-06-14T09:50:03Z</time>
			</trkpt>
			<trkpt lat="47.6730591689432" lon="20.74525342321689">
				<ele>101.63768872991204</ele>
				<time>2026-06-14T09:50:07Z</time>
			</trkpt>
			<trkpt lat="47.673049928725646" lon="20.745313184905537">
				<ele>99.2635252084583</ele>
				<time>2026-06-14T09:50:16Z</time>
			</trkpt>
			<trkpt lat="47.67304017549888" lon="20.745361013102148">
				<ele>99.31842667516321</ele>
				<time>2026-06-14T09:50:22Z</time>
			</trkpt>
			<trkpt lat="47.673032299890345" lon="20.74538979653027">
				<ele>97.12494793441147</ele>
				<time>2026-06-14T09:50:26Z</time>
			</trkpt>
			<trkpt lat="47.67302526913178" lon="20.745409481073132">
				<ele>96.66738317441195</ele>
				<time>2026-06-14T09:50:29Z</time>
			</trkpt>
			<trkpt lat="47.67301318856746" lon="20.74545004028201">
				<ele>94.23195318318903</ele>
				<time>2026-06-14T09:50:36Z</time>
			</trkpt>
			<trkpt lat="47.67300542790096" lon="20.745478646739638">
				<ele>95.86440712492913</ele>
				<time>2026-06-14T09:50:40Z</time>
			</trkpt>
			<trkpt lat="47.67299887133205" lon="20.745499549297307">
				<ele>95.31045902334154</ele>
				<time>2026-06-14T09:50:44Z</time>
			</trkpt>
			<trkpt lat="47.67299004433327" lon="20.745522780365647">
				<ele>94.50520956795663</ele>
				<time>2026-06-14T09:50:48Z</time>
			</trkpt>
			<trkpt lat="47.67298027501407" lon="20.745544885057644">
				<ele>94.73405808210373</ele>
				<time>2026-06-14T09:50:52Z</time>
			</trkpt>
			<trkpt lat="47.67297162125287" lon="20.74556354824747">
				<ele>94.49833106156439</ele>
				<time>2026-06-14T09:50:56Z</time>
			</trkpt>
			<trkpt lat="47.6729604243474" lon="20.7455852047835">
				<ele>94.5806680591777</ele>
				<time>2026-06-14T09:51:01Z</time>
			</trkpt>
			<trkpt lat="47.67294684474092" lon="20.745610593482148">
				<ele>95.04096517339349</ele>
				<time>2026-06-14T09:51:06Z</time>
			</trkpt>
			<trkpt lat="47.67293096264371" lon="20.74563380287045">
				<ele>95.13756756205112</ele>
				<time>2026-06-14T09:51:11Z</time>
			</trkpt>
			<trkpt lat="47.672915271796164" lon="20.745638005325134">
				<ele>94.87462058849633</ele>
				<time>2026-06-14T09:51:15Z</time>
			</trkpt>
			<trkpt lat="47.67289881386043" lon="20.74562262176266">
				<ele>93.73960189707577</ele>
				<time>2026-06-14T09:51:25Z</time>
			</trkpt>
			<trkpt lat="47.67289360659237" lon="20.74560476948286">
				<ele>92.65064655058086</ele>
				<time>2026-06-14T09:51:28Z</time>
			</trkpt>
			<trkpt lat="47.672892531082006" lon="20.745587077959048">
				<ele>92.29592463746667</ele>
				<time>2026-06-14T09:51:30Z</time>
			</trkpt>
			<trkpt lat="47.67289165630876" lon="20.74556289108415">
				<ele>92.29421235993505</ele>
				<time>2026-06-14T09:51:33Z</time>
			</trkpt>
			<trkpt lat="47.67289201532987" lon="20.74554058726897">
				<ele>92.19575337786227</ele>
				<time>2026-06-14T09:51:35Z</time>
			</trkpt>
			<trkpt lat="47.672894729304815" lon="20.745514197328365">
				<ele>93.15119448490441</ele>
				<time>2026-06-14T09:51:38Z</time>
			</trkpt>
			<trkpt lat="47.67289533457852" lon="20.745483059075575">
				<ele>93.60208254307508</ele>
				<time>2026-06-14T09:51:41Z</time>
			</trkpt>
			<trkpt lat="47.67289458697087" lon="20.745451185127155">
				<ele>92.99247574154288</ele>
				<time>2026-06-14T09:51:44Z</time>
			</trkpt>
			<trkpt lat="47.67289304160391" lon="20.74542074540836">
				<ele>93.39129941165447</ele>
				<time>2026-06-14T09:51:47Z</time>
			</trkpt>
			<trkpt lat="47.67289450243668" lon="20.745389294423056">
				<ele>93.68393517378718</ele>
				<time>2026-06-14T09:51:51Z</time>
			</trkpt>
			<trkpt lat="47.67289751355782" lon="20.74535732292849">
				<ele>93.87360098492354</ele>
				<time>2026-06-14T09:51:55Z</time>
			</trkpt>
			<trkpt lat="47.67290086519187" lon="20.74532981357989">
				<ele>94.9873075215146</ele>
				<time>2026-06-14T09:51:58Z</time>
			</trkpt>
			<trkpt lat="47.67290871198098" lon="20.745301118665417">
				<ele>95.61748536676168</ele>
				<time>2026-06-14T09:52:02Z</time>
			</trkpt>
			<trkpt lat="47.672922102929995" lon="20.745286245410007">
				<ele>95.75772654730827</ele>
				<time>2026-06-14T09:52:12Z</time>
			</trkpt>
			<trkpt lat="47.672927021014075" lon="20.745296089252708">
				<ele>95.27856679353863</ele>
				<time>2026-06-14T09:52:14Z</time>
			</trkpt>
			<trkpt lat="47.672927606840126" lon="20.74531009214823">
				<ele>95.3187702158466</ele>
				<time>2026-06-14T09:52:17Z</time>
			</trkpt>
			<trkpt lat="47.67292588837964" lon="20.745327381799957">
				<ele>95.273028713651</ele>
				<time>2026-06-14T09:52:21Z</time>
			</trkpt>
			<trkpt lat="47.67292465694386" lon="20.74535426180583">
				<ele>94.44299439433962</ele>
				<time>2026-06-14T09:52:26Z</time>
			</trkpt>
			<trkpt lat="47.67292309338617" lon="20.74539269908425">
				<ele>93.79233103152364</ele>
				<time>2026-06-14T09:52:32Z</time>
			</trkpt>
			<trkpt lat="47.672918106738905" lon="20.745441103922424">
				<ele>95.09332021325827</ele>
				<time>2026-06-14T09:52:40Z</time>
			</trkpt>
			<trkpt lat="47.67291587543157" lon="20.74547389458646">
				<ele>94.78474609088153</ele>
				<time>2026-06-14T09:52:45Z</time>
			</trkpt>
			<trkpt lat="47.672907772161" lon="20.745524362006787">
				<ele>94.75120878778398</ele>
				<time>2026-06-14T09:52:57Z</time>
			</trkpt>
			<trkpt lat="47.67290907310865" lon="20.74555018105223">
				<ele>94.15626861341298</ele>
				<time>2026-06-14T09:53:00Z</time>
			</trkpt>
			<trkpt lat="47.672911180543764" lon="20.745571787548677">
				<ele>93.45230904780328</ele>
				<time>2026-06-14T09:53:03Z</time>
			</trkpt>
			<trkpt lat="47.67291001618561" lon="20.745605637787715">
				<ele>93.53527092002332</ele>
				<time>2026-06-14T09:53:05Z</time>
			</trkpt>
			<trkpt lat="47.67290574591384" lon="20.745640684921952">
				<ele>93.30684906523675</ele>
				<time>2026-06-14T09:53:08Z</time>
			</trkpt>
			<trkpt lat="47.67290203107055" lon="20.74565753364563">
				<ele>93.00073024258018</ele>
				<time>2026-06-14T09:53:10Z</time>
			</trkpt>
			<trkpt lat="47.67288705121705" lon="20.745696793342915">
				<ele>92.69176648836583</ele>
				<time>2026-06-14T09:53:13Z</time>
			</trkpt>
			<trkpt lat="47.67287753420332" lon="20.745731293772128">
				<ele>93.24593337997794</ele>
				<time>2026-06-14T09:53:16Z</time>
			</trkpt>
			<trkpt lat="47.67287222774104" lon="20.745750647154683">
				<ele>93.3383074477315</ele>
				<time>2026-06-14T09:53:18Z</time>
			</trkpt>
			<trkpt lat="47.67286710503566" lon="20.74577065428609">
				<ele>93.39859729725868</ele>
				<time>2026-06-14T09:53:20Z</time>
			</trkpt>
			<trkpt lat="47.67286195009469" lon="20.745792322755328">
				<ele>94.00141556095332</ele>
				<time>2026-06-14T09:53:22Z</time>
			</trkpt>
			<trkpt lat="47.67284870993657" lon="20.745836342070746">
				<ele>92.62293952610344</ele>
				<time>2026-06-14T09:53:25Z</time>
			</trkpt>
			<trkpt lat="47.672838186355555" lon="20.745880795493285">
				<ele>92.57822264079005</ele>
				<time>2026-06-14T09:53:27Z</time>
			</trkpt>
			<trkpt lat="47.67282785353668" lon="20.7459255040478">
				<ele>92.60361004248261</ele>
				<time>2026-06-14T09:53:29Z</time>
			</trkpt>
			<trkpt lat="47.672820369103995" lon="20.74596888179593">
				<ele>91.99181591439992</ele>
				<time>2026-06-14T09:53:31Z</time>
			</trkpt>
			<trkpt lat="47.67281457829961" lon="20.746008941487275">
				<ele>91.24887196719646</ele>
				<time>2026-06-14T09:53:33Z</time>
			</trkpt>
			<trkpt lat="47.67280585760516" lon="20.74603265073739">
				<ele>90.99885454401374</ele>
				<time>2026-06-14T09:53:34Z</time>
			</trkpt>
			<trkpt lat="47.67280470867398" lon="20.746056410922666">
				<ele>91.00174794625491</ele>
				<time>2026-06-14T09:53:35Z</time>
			</trkpt>
			<trkpt lat="47.67280016132442" lon="20.746084594342907">
				<ele>90.29235257580876</ele>
				<time>2026-06-14T09:53:36Z</time>
			</trkpt>
			<trkpt lat="47.67279021288095" lon="20.746125696607187">
				<ele>90.58135654963553</ele>
				<time>2026-06-14T09:53:38Z</time>
			</trkpt>
			<trkpt lat="47.672784924237206" lon="20.74614499116954">
				<ele>90.74744967836887</ele>
				<time>2026-06-14T09:53:40Z</time>
			</trkpt>
			<trkpt lat="47.67277936419565" lon="20.74617687886353">
				<ele>90.81606030650437</ele>
				<time>2026-06-14T09:53:42Z</time>
			</trkpt>
			<trkpt lat="47.672774377039566" lon="20.746198927508903">
				<ele>91.21665199194103</ele>
				<time>2026-06-14T09:53:44Z</time>
			</trkpt>
			<trkpt lat="47.67276579032064" lon="20.746229961923444">
				<ele>91.2059924993664</ele>
				<time>2026-06-14T09:53:46Z</time>
			</trkpt>
			<trkpt lat="47.672756046157915" lon="20.746268156027806">
				<ele>91.23004954867065</ele>
				<time>2026-06-14T09:53:48Z</time>
			</trkpt>
			<trkpt lat="47.67274743399189" lon="20.746301947507913">
				<ele>91.45844197180122</ele>
				<time>2026-06-14T09:53:51Z</time>
			</trkpt>
			<trkpt lat="47.67273789047551" lon="20.746334142422327">
				<ele>92.06316267047077</ele>
				<time>2026-06-14T09:53:53Z</time>
			</trkpt>
			<trkpt lat="47.672720936168176" lon="20.746386510819786">
				<ele>91.13432149030268</ele>
				<time>2026-06-14T09:53:56Z</time>
			</trkpt>
			<trkpt lat="47.6727061309369" lon="20.746423483945257">
				<ele>90.4902135739103</ele>
				<time>2026-06-14T09:53:58Z</time>
			</trkpt>
			<trkpt lat="47.67268700928602" lon="20.746466200699995">
				<ele>89.29975507501513</ele>
				<time>2026-06-14T09:54:00Z</time>
			</trkpt>
			<trkpt lat="47.67266656897614" lon="20.746523559277225">
				<ele>88.85287528950721</ele>
				<time>2026-06-14T09:54:03Z</time>
			</trkpt>
			<trkpt lat="47.672656017246474" lon="20.746559052833764">
				<ele>88.10662126448005</ele>
				<time>2026-06-14T09:54:05Z</time>
			</trkpt>
			<trkpt lat="47.67264676109269" lon="20.74659449966409">
				<ele>88.16204908117652</ele>
				<time>2026-06-14T09:54:07Z</time>
			</trkpt>
			<trkpt lat="47.67263891581163" lon="20.746627035535553">
				<ele>89.37906566541642</ele>
				<time>2026-06-14T09:54:09Z</time>
			</trkpt>
			<trkpt lat="47.67262685676515" lon="20.74665950164688">
				<ele>90.27881368435919</ele>
				<time>2026-06-14T09:54:11Z</time>
			</trkpt>
			<trkpt lat="47.672617071234065" lon="20.746694203778404">
				<ele>91.3693206012249</ele>
				<time>2026-06-14T09:54:13Z</time>
			</trkpt>
			<trkpt lat="47.67261269188041" lon="20.746723927060696">
				<ele>90.87699969019741</ele>
				<time>2026-06-14T09:54:16Z</time>
			</trkpt>
			<trkpt lat="47.672614361746696" lon="20.74673647759171">
				<ele>90.70449654292315</ele>
				<time>2026-06-14T09:54:18Z</time>
			</trkpt>
			<trkpt lat="47.67261646473613" lon="20.74675053484603">
				<ele>91.37277177534997</ele>
				<time>2026-06-14T09:54:20Z</time>
			</trkpt>
			<trkpt lat="47.67261399711562" lon="20.746766249858716">
				<ele>91.18354580365121</ele>
				<time>2026-06-14T09:54:22Z</time>
			</trkpt>
			<trkpt lat="47.672609975573934" lon="20.74678552247967">
				<ele>91.30629901401699</ele>
				<time>2026-06-14T09:54:24Z</time>
			</trkpt>
			<trkpt lat="47.67260397623721" lon="20.746807765227786">
				<ele>92.21876564342529</ele>
				<time>2026-06-14T09:54:26Z</time>
			</trkpt>
			<trkpt lat="47.67259370224486" lon="20.74684832383644">
				<ele>92.92379276454449</ele>
				<time>2026-06-14T09:54:28Z</time>
			</trkpt>
			<trkpt lat="47.672582850003415" lon="20.746894769228167">
				<ele>91.6943677579984</ele>
				<time>2026-06-14T09:54:30Z</time>
			</trkpt>
			<trkpt lat="47.67257814772913" lon="20.74694070909383">
				<ele>91.00594852026552</ele>
				<time>2026-06-14T09:54:32Z</time>
			</trkpt>
			<trkpt lat="47.67256750670956" lon="20.746962451553518">
				<ele>90.97667490597814</ele>
				<time>2026-06-14T09:54:33Z</time>
			</trkpt>
			<trkpt lat="47.67255381865171" lon="20.747003115179396">
				<ele>90.89603577088565</ele>
				<time>2026-06-14T09:54:35Z</time>
			</trkpt>
			<trkpt lat="47.672545273336404" lon="20.7470423103193">
				<ele>91.04983797762543</ele>
				<time>2026-06-14T09:54:37Z</time>
			</trkpt>
			<trkpt lat="47.67253823725213" lon="20.74708174099941">
				<ele>92.35909078083932</ele>
				<time>2026-06-14T09:54:39Z</time>
			</trkpt>
			<trkpt lat="47.67253298200783" lon="20.74710724025509">
				<ele>92.4322659932077</ele>
				<time>2026-06-14T09:54:40Z</time>
			</trkpt>
			<trkpt lat="47.67252190421912" lon="20.747145528384674">
				<ele>91.49959760159254</ele>
				<time>2026-06-14T09:54:42Z</time>
			</trkpt>
			<trkpt lat="47.67251129422429" lon="20.747190562134016">
				<ele>91.33864937350154</ele>
				<time>2026-06-14T09:54:44Z</time>
			</trkpt>
			<trkpt lat="47.67250144884631" lon="20.74723143164625">
				<ele>90.9117565350607</ele>
				<time>2026-06-14T09:54:46Z</time>
			</trkpt>
			<trkpt lat="47.6724969965072" lon="20.747266998743378">
				<ele>90.59438559319824</ele>
				<time>2026-06-14T09:54:48Z</time>
			</trkpt>
			<trkpt lat="47.672489329939786" lon="20.747301926832094">
				<ele>90.86636166647077</ele>
				<time>2026-06-14T09:54:50Z</time>
			</trkpt>
			<trkpt lat="47.67248202957682" lon="20.747338863560444">
				<ele>90.90088636241853</ele>
				<time>2026-06-14T09:54:52Z</time>
			</trkpt>
			<trkpt lat="47.67247473258113" lon="20.74737420916123">
				<ele>91.09644822124392</ele>
				<time>2026-06-14T09:54:54Z</time>
			</trkpt>
			<trkpt lat="47.67246586311916" lon="20.74740914799078">
				<ele>90.23654638417065</ele>
				<time>2026-06-14T09:54:56Z</time>
			</trkpt>
			<trkpt lat="47.672462336842116" lon="20.747445543816713">
				<ele>89.96742314379662</ele>
				<time>2026-06-14T09:54:58Z</time>
			</trkpt>
			<trkpt lat="47.672453525466814" lon="20.74747780827014">
				<ele>90.30135075096041</ele>
				<time>2026-06-14T09:55:00Z</time>
			</trkpt>
			<trkpt lat="47.672447865208774" lon="20.747493407576105">
				<ele>91.35711621399969</ele>
				<time>2026-06-14T09:55:02Z</time>
			</trkpt>
			<trkpt lat="47.67243798986584" lon="20.747516235124284">
				<ele>91.5427629891783</ele>
				<time>2026-06-14T09:55:04Z</time>
			</trkpt>
			<trkpt lat="47.67242746496139" lon="20.74754843901219">
				<ele>91.87703255470842</ele>
				<time>2026-06-14T09:55:06Z</time>
			</trkpt>
			<trkpt lat="47.6724152982809" lon="20.74758454688158">
				<ele>91.65579582937062</ele>
				<time>2026-06-14T09:55:08Z</time>
			</trkpt>
			<trkpt lat="47.67240642216109" lon="20.747620532460417">
				<ele>91.42007007449865</ele>
				<time>2026-06-14T09:55:10Z</time>
			</trkpt>
			<trkpt lat="47.67239722719575" lon="20.747640336207805">
				<ele>91.28563100565225</ele>
				<time>2026-06-14T09:55:11Z</time>
			</trkpt>
			<trkpt lat="47.672384432645934" lon="20.74767953753711">
				<ele>91.75648411829025</ele>
				<time>2026-06-14T09:55:13Z</time>
			</trkpt>
			<trkpt lat="47.67238048402621" lon="20.747700610725058">
				<ele>91.49372152984142</ele>
				<time>2026-06-14T09:55:15Z</time>
			</trkpt>
			<trkpt lat="47.67237482999235" lon="20.747719125143814">
				<ele>91.2896349709481</ele>
				<time>2026-06-14T09:55:16Z</time>
			</trkpt>
			<trkpt lat="47.67236494461776" lon="20.74774914037151">
				<ele>92.00191472098231</ele>
				<time>2026-06-14T09:55:18Z</time>
			</trkpt>
			<trkpt lat="47.672352300872035" lon="20.747785543525097">
				<ele>91.89798673428595</ele>
				<time>2026-06-14T09:55:20Z</time>
			</trkpt>
			<trkpt lat="47.67234549662596" lon="20.747815283394896">
				<ele>90.75391056668013</ele>
				<time>2026-06-14T09:55:23Z</time>
			</trkpt>
			<trkpt lat="47.67233664782031" lon="20.747853178560725">
				<ele>91.31132363155484</ele>
				<time>2026-06-14T09:55:26Z</time>
			</trkpt>
			<trkpt lat="47.67232916215812" lon="20.747885503400997">
				<ele>90.95594592392445</ele>
				<time>2026-06-14T09:55:29Z</time>
			</trkpt>
			<trkpt lat="47.67232408648839" lon="20.747912338238955">
				<ele>91.70945722330362</ele>
				<time>2026-06-14T09:55:31Z</time>
			</trkpt>
			<trkpt lat="47.67231372097237" lon="20.747947508766924">
				<ele>91.05535016488284</ele>
				<time>2026-06-14T09:55:33Z</time>
			</trkpt>
			<trkpt lat="47.672305336250204" lon="20.747978964817857">
				<ele>90.94816752895713</ele>
				<time>2026-06-14T09:55:36Z</time>
			</trkpt>
			<trkpt lat="47.672300332414075" lon="20.74799300722518">
				<ele>91.6490368489176</ele>
				<time>2026-06-14T09:55:38Z</time>
			</trkpt>
			<trkpt lat="47.67229248661749" lon="20.74800760487738">
				<ele>92.03024234622717</ele>
				<time>2026-06-14T09:55:40Z</time>
			</trkpt>
			<trkpt lat="47.6722818778854" lon="20.748031552025036">
				<ele>92.15765608567744</ele>
				<time>2026-06-14T09:55:43Z</time>
			</trkpt>
			<trkpt lat="47.67227283918213" lon="20.74805463797997">
				<ele>92.5537419449538</ele>
				<time>2026-06-14T09:55:45Z</time>
			</trkpt>
			<trkpt lat="47.672264392196425" lon="20.748081647082447">
				<ele>92.46654147934169</ele>
				<time>2026-06-14T09:55:48Z</time>
			</trkpt>
			<trkpt lat="47.67225780376788" lon="20.748117723951697">
				<ele>92.23521446064115</ele>
				<time>2026-06-14T09:55:49Z</time>
			</trkpt>
			<trkpt lat="47.67225351841899" lon="20.748157338865862">
				<ele>91.96246741805226</ele>
				<time>2026-06-14T09:55:52Z</time>
			</trkpt>
			<trkpt lat="47.67224419038861" lon="20.748194743372302">
				<ele>90.72462968528271</ele>
				<time>2026-06-14T09:55:54Z</time>
			</trkpt>
			<trkpt lat="47.672233686693254" lon="20.74823643516268">
				<ele>90.52660507056862</ele>
				<time>2026-06-14T09:55:56Z</time>
			</trkpt>
			<trkpt lat="47.67222975422781" lon="20.74827952374947">
				<ele>89.78423081804067</ele>
				<time>2026-06-14T09:55:58Z</time>
			</trkpt>
			<trkpt lat="47.672227242321085" lon="20.748307661988015">
				<ele>89.47500948328525</ele>
				<time>2026-06-14T09:55:59Z</time>
			</trkpt>
			<trkpt lat="47.6722230207952" lon="20.74834878276726">
				<ele>88.79690583329648</ele>
				<time>2026-06-14T09:56:01Z</time>
			</trkpt>
			<trkpt lat="47.672220552634236" lon="20.74838279160917">
				<ele>89.15214075054973</ele>
				<time>2026-06-14T09:56:04Z</time>
			</trkpt>
			<trkpt lat="47.67221416717968" lon="20.748410419922408">
				<ele>90.00630638375878</ele>
				<time>2026-06-14T09:56:06Z</time>
			</trkpt>
			<trkpt lat="47.67220860019209" lon="20.748431126460403">
				<ele>90.24432341009378</ele>
				<time>2026-06-14T09:56:08Z</time>
			</trkpt>
			<trkpt lat="47.67220139479825" lon="20.748453300012972">
				<ele>91.06250820774585</ele>
				<time>2026-06-14T09:56:09Z</time>
			</trkpt>
			<trkpt lat="47.672187548167344" lon="20.748500779593787">
				<ele>90.87586105521768</ele>
				<time>2026-06-14T09:56:12Z</time>
			</trkpt>
			<trkpt lat="47.6721793665084" lon="20.74852189121566">
				<ele>91.9912450844422</ele>
				<time>2026-06-14T09:56:14Z</time>
			</trkpt>
			<trkpt lat="47.67217129420979" lon="20.748543580598135">
				<ele>92.0417184298858</ele>
				<time>2026-06-14T09:56:17Z</time>
			</trkpt>
			<trkpt lat="47.67215711221697" lon="20.748585285334702">
				<ele>93.06336208060384</ele>
				<time>2026-06-14T09:56:20Z</time>
			</trkpt>
			<trkpt lat="47.67214715431944" lon="20.748619129468928">
				<ele>94.44237419310957</ele>
				<time>2026-06-14T09:56:23Z</time>
			</trkpt>
			<trkpt lat="47.672141561870625" lon="20.748636833759388">
				<ele>94.25841368734837</ele>
				<time>2026-06-14T09:56:25Z</time>
			</trkpt>
			<trkpt lat="47.67212904840066" lon="20.748681180058636">
				<ele>94.37704844307154</ele>
				<time>2026-06-14T09:56:28Z</time>
			</trkpt>
			<trkpt lat="47.67212269065389" lon="20.748709048148697">
				<ele>94.75550886057317</ele>
				<time>2026-06-14T09:56:30Z</time>
			</trkpt>
			<trkpt lat="47.67211413091549" lon="20.74874530193577">
				<ele>93.69637988507748</ele>
				<time>2026-06-14T09:56:32Z</time>
			</trkpt>
			<trkpt lat="47.67210530775583" lon="20.748790550679722">
				<ele>93.69827662780881</ele>
				<time>2026-06-14T09:56:34Z</time>
			</trkpt>
			<trkpt lat="47.6720943556208" lon="20.74884868047101">
				<ele>95.01391598302871</ele>
				<time>2026-06-14T09:56:37Z</time>
			</trkpt>
			<trkpt lat="47.67208994594318" lon="20.748870320274534">
				<ele>94.10980044864118</ele>
				<time>2026-06-14T09:56:39Z</time>
			</trkpt>
			<trkpt lat="47.6720860927594" lon="20.748904041741426">
				<ele>93.21579714678228</ele>
				<time>2026-06-14T09:56:41Z</time>
			</trkpt>
			<trkpt lat="47.672084895382596" lon="20.74892801035235">
				<ele>93.43058118689805</ele>
				<time>2026-06-14T09:56:43Z</time>
			</trkpt>
			<trkpt lat="47.67207013948566" lon="20.74896787721838">
				<ele>94.35721281263977</ele>
				<time>2026-06-14T09:56:46Z</time>
			</trkpt>
			<trkpt lat="47.67206417854886" lon="20.748990190034803">
				<ele>94.24981940165162</ele>
				<time>2026-06-14T09:56:48Z</time>
			</trkpt>
			<trkpt lat="47.67206276760643" lon="20.749009608560716">
				<ele>94.02195991203189</ele>
				<time>2026-06-14T09:56:50Z</time>
			</trkpt>
			<trkpt lat="47.67206114506174" lon="20.749047624711924">
				<ele>95.34596371464431</ele>
				<time>2026-06-14T09:56:52Z</time>
			</trkpt>
			<trkpt lat="47.672051270626824" lon="20.74911441464453">
				<ele>94.41446741484106</ele>
				<time>2026-06-14T09:56:56Z</time>
			</trkpt>
			<trkpt lat="47.67204603172235" lon="20.749158187902196">
				<ele>93.49150999542326</ele>
				<time>2026-06-14T09:56:59Z</time>
			</trkpt>
			<trkpt lat="47.67203925683538" lon="20.749187887404965">
				<ele>93.80787910707295</ele>
				<time>2026-06-14T09:57:01Z</time>
			</trkpt>
			<trkpt lat="47.67203067716572" lon="20.749222420366884">
				<ele>92.86189028248191</ele>
				<time>2026-06-14T09:57:05Z</time>
			</trkpt>
			<trkpt lat="47.672021838172945" lon="20.74924788413914">
				<ele>93.52293050382286</ele>
				<time>2026-06-14T09:57:07Z</time>
			</trkpt>
			<trkpt lat="47.67201480178361" lon="20.749266379497808">
				<ele>93.57201609387994</ele>
				<time>2026-06-14T09:57:09Z</time>
			</trkpt>
			<trkpt lat="47.672007954668075" lon="20.749290340138447">
				<ele>93.79754786659032</ele>
				<time>2026-06-14T09:57:10Z</time>
			</trkpt>
			<trkpt lat="47.67199587331533" lon="20.749330488730248">
				<ele>92.35273268260062</ele>
				<time>2026-06-14T09:57:12Z</time>
			</trkpt>
			<trkpt lat="47.67198418351338" lon="20.749367543883437">
				<ele>91.5909356540069</ele>
				<time>2026-06-14T09:57:14Z</time>
			</trkpt>
			<trkpt lat="47.671967918987555" lon="20.74941449960872">
				<ele>92.12189873773605</ele>
				<time>2026-06-14T09:57:17Z</time>
			</trkpt>
			<trkpt lat="47.67194796099049" lon="20.749456043534114">
				<ele>92.24559047352523</ele>
				<time>2026-06-14T09:57:20Z</time>
			</trkpt>
			<trkpt lat="47.67193379790426" lon="20.749483458656734">
				<ele>92.59907472599298</ele>
				<time>2026-06-14T09:57:22Z</time>
			</trkpt>
			<trkpt lat="47.67193063369327" lon="20.749498828093863">
				<ele>92.18490580562502</ele>
				<time>2026-06-14T09:57:24Z</time>
			</trkpt>
			<trkpt lat="47.67193052241544" lon="20.749511912036926">
				<ele>92.65177238173783</ele>
				<time>2026-06-14T09:57:26Z</time>
			</trkpt>
			<trkpt lat="47.67192830687634" lon="20.749529753089412">
				<ele>92.27869304455817</ele>
				<time>2026-06-14T09:57:28Z</time>
			</trkpt>
			<trkpt lat="47.671923098264465" lon="20.749569076286377">
				<ele>92.53904144465923</ele>
				<time>2026-06-14T09:57:29Z</time>
			</trkpt>
			<trkpt lat="47.67191773695859" lon="20.74961993019344">
				<ele>92.24638247769326</ele>
				<time>2026-06-14T09:57:31Z</time>
			</trkpt>
			<trkpt lat="47.67191172967842" lon="20.749663747437427">
				<ele>91.95457242336124</ele>
				<time>2026-06-14T09:57:33Z</time>
			</trkpt>
			<trkpt lat="47.67190642070017" lon="20.749703614362076">
				<ele>91.58325887750834</ele>
				<time>2026-06-14T09:57:35Z</time>
			</trkpt>
			<trkpt lat="47.67189209292876" lon="20.74973968936926">
				<ele>91.56959637347609</ele>
				<time>2026-06-14T09:57:37Z</time>
			</trkpt>
			<trkpt lat="47.67187750863976" lon="20.74977555747949">
				<ele>91.44302050676197</ele>
				<time>2026-06-14T09:57:39Z</time>
			</trkpt>
			<trkpt lat="47.67186415500149" lon="20.749811362341756">
				<ele>91.38621389959008</ele>
				<time>2026-06-14T09:57:41Z</time>
			</trkpt>
			<trkpt lat="47.67185457343814" lon="20.749848872330666">
				<ele>92.07518995180726</ele>
				<time>2026-06-14T09:57:43Z</time>
			</trkpt>
			<trkpt lat="47.67184938889966" lon="20.74988618268278">
				<ele>91.59571321960539</ele>
				<time>2026-06-14T09:57:45Z</time>
			</trkpt>
			<trkpt lat="47.671846001674695" lon="20.749914447211427">
				<ele>92.67995426151901</ele>
				<time>2026-06-14T09:57:48Z</time>
			</trkpt>
			<trkpt lat="47.67184403748465" lon="20.749942364633103">
				<ele>92.84506621118635</ele>
				<time>2026-06-14T09:57:49Z</time>
			</trkpt>
			<trkpt lat="47.671838100972195" lon="20.749979930669774">
				<ele>94.40928460843861</ele>
				<time>2026-06-14T09:57:53Z</time>
			</trkpt>
			<trkpt lat="47.67183812620978" lon="20.75002224726103">
				<ele>93.55067271180451</ele>
				<time>2026-06-14T09:57:55Z</time>
			</trkpt>
			<trkpt lat="47.67182755858084" lon="20.75008090263063">
				<ele>93.28393458668143</ele>
				<time>2026-06-14T09:57:58Z</time>
			</trkpt>
			<trkpt lat="47.671815451147936" lon="20.75011291512521">
				<ele>92.8074865443632</ele>
				<time>2026-06-14T09:58:00Z</time>
			</trkpt>
			<trkpt lat="47.67180804741025" lon="20.750144342416394">
				<ele>92.39376540761441</ele>
				<time>2026-06-14T09:58:02Z</time>
			</trkpt>
			<trkpt lat="47.67180265621495" lon="20.750174194795733">
				<ele>91.46853911876678</ele>
				<time>2026-06-14T09:58:04Z</time>
			</trkpt>
			<trkpt lat="47.67179799964643" lon="20.750193317209813">
				<ele>91.13802964240313</ele>
				<time>2026-06-14T09:58:05Z</time>
			</trkpt>
			<trkpt lat="47.67178871087847" lon="20.750227620925813">
				<ele>90.41472664102912</ele>
				<time>2026-06-14T09:58:07Z</time>
			</trkpt>
			<trkpt lat="47.671779780783794" lon="20.750265961877304">
				<ele>88.93236777000129</ele>
				<time>2026-06-14T09:58:09Z</time>
			</trkpt>
			<trkpt lat="47.671769300439834" lon="20.75030203623548">
				<ele>89.23054238874465</ele>
				<time>2026-06-14T09:58:11Z</time>
			</trkpt>
			<trkpt lat="47.67176322823849" lon="20.750327941459066">
				<ele>87.85410108789802</ele>
				<time>2026-06-14T09:58:14Z</time>
			</trkpt>
			<trkpt lat="47.67175954023564" lon="20.7503605109405">
				<ele>87.85320268850774</ele>
				<time>2026-06-14T09:58:18Z</time>
			</trkpt>
			<trkpt lat="47.67175517671196" lon="20.750399522571072">
				<ele>88.53103259578347</ele>
				<time>2026-06-14T09:58:20Z</time>
			</trkpt>
			<trkpt lat="47.671749338296486" lon="20.750456731638273">
				<ele>89.14643888920546</ele>
				<time>2026-06-14T09:58:23Z</time>
			</trkpt>
			<trkpt lat="47.671744089589986" lon="20.7504936742229">
				<ele>89.18470128718764</ele>
				<time>2026-06-14T09:58:25Z</time>
			</trkpt>
			<trkpt lat="47.67173832094617" lon="20.75053031312425">
				<ele>89.93272829428315</ele>
				<time>2026-06-14T09:58:27Z</time>
			</trkpt>
			<trkpt lat="47.671728124192924" lon="20.750560935661046">
				<ele>90.97535308636725</ele>
				<time>2026-06-14T09:58:29Z</time>
			</trkpt>
			<trkpt lat="47.6717240385615" lon="20.750577778498453">
				<ele>91.68984297290444</ele>
				<time>2026-06-14T09:58:31Z</time>
			</trkpt>
			<trkpt lat="47.6717230478223" lon="20.75058829606927">
				<ele>90.72923856694251</ele>
				<time>2026-06-14T09:58:33Z</time>
			</trkpt>
			<trkpt lat="47.67171742507066" lon="20.750611308709278">
				<ele>90.51626329123974</ele>
				<time>2026-06-14T09:58:34Z</time>
			</trkpt>
			<trkpt lat="47.671706444130685" lon="20.75064763938727">
				<ele>90.6496901344508</ele>
				<time>2026-06-14T09:58:36Z</time>
			</trkpt>
			<trkpt lat="47.67169745237749" lon="20.750688353631276">
				<ele>90.45090182684362</ele>
				<time>2026-06-14T09:58:38Z</time>
			</trkpt>
			<trkpt lat="47.671687037942796" lon="20.75072738360078">
				<ele>90.19815329276025</ele>
				<time>2026-06-14T09:58:40Z</time>
			</trkpt>
			<trkpt lat="47.67167321872485" lon="20.750765025671175">
				<ele>90.21591954119503</ele>
				<time>2026-06-14T09:58:42Z</time>
			</trkpt>
			<trkpt lat="47.671662322085666" lon="20.750781619970848">
				<ele>89.92641360033303</ele>
				<time>2026-06-14T09:58:43Z</time>
			</trkpt>
			<trkpt lat="47.67165167423404" lon="20.75080098593908">
				<ele>90.75987929105759</ele>
				<time>2026-06-14T09:58:45Z</time>
			</trkpt>
			<trkpt lat="47.67164065483807" lon="20.750830459556813">
				<ele>90.96854184009135</ele>
				<time>2026-06-14T09:58:47Z</time>
			</trkpt>
			<trkpt lat="47.67162906161105" lon="20.75086591115238">
				<ele>89.65258803032339</ele>
				<time>2026-06-14T09:58:49Z</time>
			</trkpt>
			<trkpt lat="47.67162387107622" lon="20.75090630986907">
				<ele>89.44666496571153</ele>
				<time>2026-06-14T09:58:51Z</time>
			</trkpt>
			<trkpt lat="47.67162495754007" lon="20.750946406516025">
				<ele>88.96608621254563</ele>
				<time>2026-06-14T09:58:53Z</time>
			</trkpt>
			<trkpt lat="47.671622350232674" lon="20.750966226650856">
				<ele>90.31348125357181</ele>
				<time>2026-06-14T09:58:54Z</time>
			</trkpt>
			<trkpt lat="47.67162048476786" lon="20.750987719548853">
				<ele>89.59023809619248</ele>
				<time>2026-06-14T09:58:56Z</time>
			</trkpt>
			<trkpt lat="47.67161710488277" lon="20.75101852820866">
				<ele>89.68841421697289</ele>
				<time>2026-06-14T09:58:58Z</time>
			</trkpt>
			<trkpt lat="47.67161027524323" lon="20.75106389036215">
				<ele>90.42382795363665</ele>
				<time>2026-06-14T09:59:00Z</time>
			</trkpt>
			<trkpt lat="47.67160572947384" lon="20.751107517829976">
				<ele>90.79399181809276</ele>
				<time>2026-06-14T09:59:02Z</time>
			</trkpt>
			<trkpt lat="47.67160491646549" lon="20.7511526875479">
				<ele>92.0161841372028</ele>
				<time>2026-06-14T09:59:05Z</time>
			</trkpt>
			<trkpt lat="47.67160664134544" lon="20.751172986114323">
				<ele>91.72277490515262</ele>
				<time>2026-06-14T09:59:08Z</time>
			</trkpt>
			<trkpt lat="47.67160959186215" lon="20.75118626913438">
				<ele>90.955925562419</ele>
				<time>2026-06-14T09:59:11Z</time>
			</trkpt>
			<trkpt lat="47.6716070277027" lon="20.751200635435698">
				<ele>90.79562533646822</ele>
				<time>2026-06-14T09:59:13Z</time>
			</trkpt>
			<trkpt lat="47.67160145197348" lon="20.75122624224229">
				<ele>90.11303918622434</ele>
				<time>2026-06-14T09:59:14Z</time>
			</trkpt>
			<trkpt lat="47.67158959055745" lon="20.75126556256867">
				<ele>89.8874783590436</ele>
				<time>2026-06-14T09:59:16Z</time>
			</trkpt>
			<trkpt lat="47.671583186374534" lon="20.751292822581554">
				<ele>89.33684167824686</ele>
				<time>2026-06-14T09:59:18Z</time>
			</trkpt>
			<trkpt lat="47.67158017315131" lon="20.751322036282108">
				<ele>88.50318762753159</ele>
				<time>2026-06-14T09:59:19Z</time>
			</trkpt>
			<trkpt lat="47.671576917261575" lon="20.75136523932132">
				<ele>89.1680996613577</ele>
				<time>2026-06-14T09:59:21Z</time>
			</trkpt>
			<trkpt lat="47.671566672660845" lon="20.751425384084943">
				<ele>88.04175252001733</ele>
				<time>2026-06-14T09:59:24Z</time>
			</trkpt>
			<trkpt lat="47.67155712550722" lon="20.751465618943246">
				<ele>88.04735475033522</ele>
				<time>2026-06-14T09:59:26Z</time>
			</trkpt>
			<trkpt lat="47.67155175635298" lon="20.75148765016765">
				<ele>89.24744300823659</ele>
				<time>2026-06-14T09:59:28Z</time>
			</trkpt>
			<trkpt lat="47.67154792540043" lon="20.751501628343703">
				<ele>88.89387792348862</ele>
				<time>2026-06-14T09:59:30Z</time>
			</trkpt>
			<trkpt lat="47.67153882453575" lon="20.751526156603852">
				<ele>88.38144053239375</ele>
				<time>2026-06-14T09:59:32Z</time>
			</trkpt>
			<trkpt lat="47.671527862290084" lon="20.751560945756275">
				<ele>87.35679203271866</ele>
				<time>2026-06-14T09:59:34Z</time>
			</trkpt>
			<trkpt lat="47.67151582398815" lon="20.751604170907214">
				<ele>89.78753242455423</ele>
				<time>2026-06-14T09:59:37Z</time>
			</trkpt>
			<trkpt lat="47.67151200012489" lon="20.751626393895076">
				<ele>89.21864068415016</ele>
				<time>2026-06-14T09:59:39Z</time>
			</trkpt>
			<trkpt lat="47.67151033741741" lon="20.751653664686646">
				<ele>88.67090877424926</ele>
				<time>2026-06-14T09:59:40Z</time>
			</trkpt>
			<trkpt lat="47.67150635138506" lon="20.751698987958488">
				<ele>87.84753118176013</ele>
				<time>2026-06-14T09:59:45Z</time>
			</trkpt>
			<trkpt lat="47.6715039133643" lon="20.751716038111336">
				<ele>88.2383315032348</ele>
				<time>2026-06-14T09:59:48Z</time>
			</trkpt>
			<trkpt lat="47.671495118878966" lon="20.75173602133907">
				<ele>85.97456766106188</ele>
				<time>2026-06-14T09:59:53Z</time>
			</trkpt>
			<trkpt lat="47.67148251044785" lon="20.751755328773772">
				<ele>86.3701499523595</ele>
				<time>2026-06-14T09:59:56Z</time>
			</trkpt>
			<trkpt lat="47.671469212717305" lon="20.751789218628527">
				<ele>89.7768273819238</ele>
				<time>2026-06-14T10:00:01Z</time>
			</trkpt>
			<trkpt lat="47.67145441441475" lon="20.75181997191574">
				<ele>90.51739930920303</ele>
				<time>2026-06-14T10:00:05Z</time>
			</trkpt>
			<trkpt lat="47.671448230711746" lon="20.751843761533266">
				<ele>91.33402108214796</ele>
				<time>2026-06-14T10:00:08Z</time>
			</trkpt>
			<trkpt lat="47.67143417360968" lon="20.751881560762314">
				<ele>91.18297497928143</ele>
				<time>2026-06-14T10:00:17Z</time>
			</trkpt>
			<trkpt lat="47.671437296821445" lon="20.751906299126723">
				<ele>91.7903699260205</ele>
				<time>2026-06-14T10:00:24Z</time>
			</trkpt>
			<trkpt lat="47.67144156480238" lon="20.75193098819843">
				<ele>93.6084120310843</ele>
				<time>2026-06-14T10:00:31Z</time>
			</trkpt>
			<trkpt lat="47.671438257678076" lon="20.751949529026028">
				<ele>92.39108706824481</ele>
				<time>2026-06-14T10:00:35Z</time>
			</trkpt>
			<trkpt lat="47.671430761435055" lon="20.751973380020086">
				<ele>93.38637695275247</ele>
				<time>2026-06-14T10:00:39Z</time>
			</trkpt>
			<trkpt lat="47.67142532166136" lon="20.751996569476617">
				<ele>93.31535593420267</ele>
				<time>2026-06-14T10:00:42Z</time>
			</trkpt>
			<trkpt lat="47.67141919286228" lon="20.75201534142867">
				<ele>93.84689964260906</ele>
				<time>2026-06-14T10:00:44Z</time>
			</trkpt>
			<trkpt lat="47.671413685064586" lon="20.75203391490969">
				<ele>93.95870169904083</ele>
				<time>2026-06-14T10:00:46Z</time>
			</trkpt>
			<trkpt lat="47.671405313760474" lon="20.752056432512727">
				<ele>93.5569230299443</ele>
				<time>2026-06-14T10:00:49Z</time>
			</trkpt>
			<trkpt lat="47.67139558855482" lon="20.752084084485286">
				<ele>93.72977364249527</ele>
				<time>2026-06-14T10:00:52Z</time>
			</trkpt>
			<trkpt lat="47.671387491601486" lon="20.7521175168619">
				<ele>93.47876053676009</ele>
				<time>2026-06-14T10:00:55Z</time>
			</trkpt>
			<trkpt lat="47.67137845433893" lon="20.752155644038137">
				<ele>92.36297111772001</ele>
				<time>2026-06-14T10:00:56Z</time>
			</trkpt>
			<trkpt lat="47.67136914178171" lon="20.752201656859814">
				<ele>91.59902739431709</ele>
				<time>2026-06-14T10:00:58Z</time>
			</trkpt>
			<trkpt lat="47.6713538952832" lon="20.75226295768421">
				<ele>90.59813447203487</ele>
				<time>2026-06-14T10:01:01Z</time>
			</trkpt>
			<trkpt lat="47.67134268580357" lon="20.752307758042715">
				<ele>91.81418733391911</ele>
				<time>2026-06-14T10:01:03Z</time>
			</trkpt>
			<trkpt lat="47.671332223073804" lon="20.75235025083279">
				<ele>91.43264570645988</ele>
				<time>2026-06-14T10:01:05Z</time>
			</trkpt>
			<trkpt lat="47.67132626842432" lon="20.75238853084187">
				<ele>91.38469446543604</ele>
				<time>2026-06-14T10:01:07Z</time>
			</trkpt>
			<trkpt lat="47.67132575689936" lon="20.752418273563013">
				<ele>90.37155185639858</ele>
				<time>2026-06-14T10:01:10Z</time>
			</trkpt>
			<trkpt lat="47.67132800986395" lon="20.752447387296456">
				<ele>89.99334815051407</ele>
				<time>2026-06-14T10:01:12Z</time>
			</trkpt>
			<trkpt lat="47.671324903706434" lon="20.75248706013509">
				<ele>90.52125930972397</ele>
				<time>2026-06-14T10:01:14Z</time>
			</trkpt>
			<trkpt lat="47.67132016489559" lon="20.752525175218082">
				<ele>90.38019014243037</ele>
				<time>2026-06-14T10:01:16Z</time>
			</trkpt>
			<trkpt lat="47.67131311371274" lon="20.752576060963186">
				<ele>88.87553994450718</ele>
				<time>2026-06-14T10:01:19Z</time>
			</trkpt>
			<trkpt lat="47.6713065791758" lon="20.752617375628745">
				<ele>89.01129087992013</ele>
				<time>2026-06-14T10:01:21Z</time>
			</trkpt>
			<trkpt lat="47.671293564626204" lon="20.752651795114364">
				<ele>88.76297626644373</ele>
				<time>2026-06-14T10:01:23Z</time>
			</trkpt>
			<trkpt lat="47.67128288686422" lon="20.752680465766872">
				<ele>89.80919936671853</ele>
				<time>2026-06-14T10:01:25Z</time>
			</trkpt>
			<trkpt lat="47.67127473562727" lon="20.752709600049553">
				<ele>89.96188100613654</ele>
				<time>2026-06-14T10:01:27Z</time>
			</trkpt>
			<trkpt lat="47.671273406511844" lon="20.752729072152487">
				<ele>89.60457390639931</ele>
				<time>2026-06-14T10:01:28Z</time>
			</trkpt>
			<trkpt lat="47.671268098622775" lon="20.752766506969945">
				<ele>89.33936031349003</ele>
				<time>2026-06-14T10:01:30Z</time>
			</trkpt>
			<trkpt lat="47.67126798841043" lon="20.752805874934758">
				<ele>89.60755790304393</ele>
				<time>2026-06-14T10:01:32Z</time>
			</trkpt>
			<trkpt lat="47.67126283144146" lon="20.752843417695885">
				<ele>89.91601630207151</ele>
				<time>2026-06-14T10:01:34Z</time>
			</trkpt>
			<trkpt lat="47.671250708051865" lon="20.75287542915659">
				<ele>88.62052039522678</ele>
				<time>2026-06-14T10:01:36Z</time>
			</trkpt>
			<trkpt lat="47.671241716757834" lon="20.75290906238517">
				<ele>88.7025551898405</ele>
				<time>2026-06-14T10:01:38Z</time>
			</trkpt>
			<trkpt lat="47.67122964160432" lon="20.75294218442684">
				<ele>89.63561843894422</ele>
				<time>2026-06-14T10:01:40Z</time>
			</trkpt>
			<trkpt lat="47.67122147074851" lon="20.752989797486237">
				<ele>89.55945504270494</ele>
				<time>2026-06-14T10:01:43Z</time>
			</trkpt>
			<trkpt lat="47.67121569811673" lon="20.753022092456465">
				<ele>90.18402266316116</ele>
				<time>2026-06-14T10:01:45Z</time>
			</trkpt>
			<trkpt lat="47.67120972761112" lon="20.753052689360988">
				<ele>90.86109580472112</ele>
				<time>2026-06-14T10:01:47Z</time>
			</trkpt>
			<trkpt lat="47.67119844261209" lon="20.75308843293568">
				<ele>90.74478761572391</ele>
				<time>2026-06-14T10:01:49Z</time>
			</trkpt>
			<trkpt lat="47.671195216734475" lon="20.75312246167999">
				<ele>90.76616657432169</ele>
				<time>2026-06-14T10:01:51Z</time>
			</trkpt>
			<trkpt lat="47.671190807595885" lon="20.75315549341646">
				<ele>90.77991273161024</ele>
				<time>2026-06-14T10:01:53Z</time>
			</trkpt>
			<trkpt lat="47.67118638444303" lon="20.753182651127595">
				<ele>92.80861464422196</ele>
				<time>2026-06-14T10:01:56Z</time>
			</trkpt>
			<trkpt lat="47.67118646647555" lon="20.753207106237998">
				<ele>93.54266471415758</ele>
				<time>2026-06-14T10:01:58Z</time>
			</trkpt>
			<trkpt lat="47.67118142090314" lon="20.753241644107227">
				<ele>93.34110512398183</ele>
				<time>2026-06-14T10:02:00Z</time>
			</trkpt>
			<trkpt lat="47.67117925676823" lon="20.753263495739265">
				<ele>93.34487515967339</ele>
				<time>2026-06-14T10:02:02Z</time>
			</trkpt>
			<trkpt lat="47.67116854752056" lon="20.75329170106564">
				<ele>93.51521622017026</ele>
				<time>2026-06-14T10:02:04Z</time>
			</trkpt>
			<trkpt lat="47.67115872978324" lon="20.753317069397404">
				<ele>93.9064857326448</ele>
				<time>2026-06-14T10:02:05Z</time>
			</trkpt>
			<trkpt lat="47.67113867524411" lon="20.753371125194178">
				<ele>93.98572559468448</ele>
				<time>2026-06-14T10:02:08Z</time>
			</trkpt>
			<trkpt lat="47.6711254867179" lon="20.753415186220135">
				<ele>93.81971318274736</ele>
				<time>2026-06-14T10:02:10Z</time>
			</trkpt>
			<trkpt lat="47.671113733221574" lon="20.753447442759548">
				<ele>94.54815151449293</ele>
				<time>2026-06-14T10:02:13Z</time>
			</trkpt>
			<trkpt lat="47.67109542881861" lon="20.753474799503785">
				<ele>94.87446297798306</ele>
				<time>2026-06-14T10:02:15Z</time>
			</trkpt>
			<trkpt lat="47.6710619483005" lon="20.753524272808722">
				<ele>94.85344602819532</ele>
				<time>2026-06-14T10:02:18Z</time>
			</trkpt>
			<trkpt lat="47.67105364222897" lon="20.753558054334988">
				<ele>94.1583915296942</ele>
				<time>2026-06-14T10:02:20Z</time>
			</trkpt>
			<trkpt lat="47.67104482161429" lon="20.7535860365626">
				<ele>93.41138499416411</ele>
				<time>2026-06-14T10:02:22Z</time>
			</trkpt>
			<trkpt lat="47.67103969390819" lon="20.753615078018623">
				<ele>94.43670564517379</ele>
				<time>2026-06-14T10:02:24Z</time>
			</trkpt>
			<trkpt lat="47.67103649009976" lon="20.753646039987515">
				<ele>94.54705091565847</ele>
				<time>2026-06-14T10:02:26Z</time>
			</trkpt>
			<trkpt lat="47.6710409026681" lon="20.753679706897767">
				<ele>93.60448557138443</ele>
				<time>2026-06-14T10:02:28Z</time>
			</trkpt>
			<trkpt lat="47.67104172830459" lon="20.753700022605027">
				<ele>93.52866959571838</ele>
				<time>2026-06-14T10:02:29Z</time>
			</trkpt>
			<trkpt lat="47.671038635473444" lon="20.75373621395009">
				<ele>92.92832897230983</ele>
				<time>2026-06-14T10:02:31Z</time>
			</trkpt>
			<trkpt lat="47.67103341866417" lon="20.753769383868832">
				<ele>91.83506680093706</ele>
				<time>2026-06-14T10:02:33Z</time>
			</trkpt>
			<trkpt lat="47.671028729788205" lon="20.753790192794202">
				<ele>90.57116905692965</ele>
				<time>2026-06-14T10:02:34Z</time>
			</trkpt>
			<trkpt lat="47.67101948531395" lon="20.753845250038328">
				<ele>89.94885192718357</ele>
				<time>2026-06-14T10:02:37Z</time>
			</trkpt>
			<trkpt lat="47.671013801969465" lon="20.75388248440622">
				<ele>90.20125700905919</ele>
				<time>2026-06-14T10:02:39Z</time>
			</trkpt>
			<trkpt lat="47.67100418100566" lon="20.753919830768645">
				<ele>90.98902027960867</ele>
				<time>2026-06-14T10:02:41Z</time>
			</trkpt>
			<trkpt lat="47.6709986390112" lon="20.753951647776113">
				<ele>90.8739237319678</ele>
				<time>2026-06-14T10:02:43Z</time>
			</trkpt>
			<trkpt lat="47.67099155798059" lon="20.753985688744145">
				<ele>90.8229053011164</ele>
				<time>2026-06-14T10:02:45Z</time>
			</trkpt>
			<trkpt lat="47.6709836742237" lon="20.754021843334097">
				<ele>91.52316011395305</ele>
				<time>2026-06-14T10:02:47Z</time>
			</trkpt>
			<trkpt lat="47.67098178601342" lon="20.754040446417104">
				<ele>91.79812712036073</ele>
				<time>2026-06-14T10:02:49Z</time>
			</trkpt>
			<trkpt lat="47.67097494481661" lon="20.75407025186265">
				<ele>91.97241975087672</ele>
				<time>2026-06-14T10:02:51Z</time>
			</trkpt>
			<trkpt lat="47.67096611129127" lon="20.754108351143948">
				<ele>92.22874074894935</ele>
				<time>2026-06-14T10:02:53Z</time>
			</trkpt>
			<trkpt lat="47.67095495676041" lon="20.75413820766188">
				<ele>94.2292251251638</ele>
				<time>2026-06-14T10:02:55Z</time>
			</trkpt>
			<trkpt lat="47.670950173897445" lon="20.75416845230165">
				<ele>94.17554041929543</ele>
				<time>2026-06-14T10:02:57Z</time>
			</trkpt>
			<trkpt lat="47.67095029690432" lon="20.754197478049825">
				<ele>94.15300173591822</ele>
				<time>2026-06-14T10:02:59Z</time>
			</trkpt>
			<trkpt lat="47.67095206859499" lon="20.754222170040116">
				<ele>94.41945298947394</ele>
				<time>2026-06-14T10:03:02Z</time>
			</trkpt>
			<trkpt lat="47.67095744845925" lon="20.754232177766717">
				<ele>94.63926913775504</ele>
				<time>2026-06-14T10:03:04Z</time>
			</trkpt>
			<trkpt lat="47.670962055965454" lon="20.754244548160838">
				<ele>95.22241551894695</ele>
				<time>2026-06-14T10:03:06Z</time>
			</trkpt>
			<trkpt lat="47.670963882019414" lon="20.754265818323265">
				<ele>95.28874792251736</ele>
				<time>2026-06-14T10:03:09Z</time>
			</trkpt>
			<trkpt lat="47.67095919767215" lon="20.75430503527569">
				<ele>95.72389359585941</ele>
				<time>2026-06-14T10:03:11Z</time>
			</trkpt>
			<trkpt lat="47.67095660394171" lon="20.7543337105972">
				<ele>95.54269005637616</ele>
				<time>2026-06-14T10:03:13Z</time>
			</trkpt>
			<trkpt lat="47.670945397638775" lon="20.754373300202996">
				<ele>96.32962725777179</ele>
				<time>2026-06-14T10:03:15Z</time>
			</trkpt>
			<trkpt lat="47.67092266980972" lon="20.754463047902853">
				<ele>96.6025127209723</ele>
				<time>2026-06-14T10:03:20Z</time>
			</trkpt>
			<trkpt lat="47.67091592820491" lon="20.754501999725136">
				<ele>96.54516130778939</ele>
				<time>2026-06-14T10:03:22Z</time>
			</trkpt>
			<trkpt lat="47.670900979687694" lon="20.75455823136112">
				<ele>95.9127935981378</ele>
				<time>2026-06-14T10:03:25Z</time>
			</trkpt>
			<trkpt lat="47.67089352691192" lon="20.754590118697987">
				<ele>96.44995434954762</ele>
				<time>2026-06-14T10:03:28Z</time>
			</trkpt>
			<trkpt lat="47.67088588928852" lon="20.754619975338212">
				<ele>95.63717970065773</ele>
				<time>2026-06-14T10:03:30Z</time>
			</trkpt>
			<trkpt lat="47.670887842615514" lon="20.754657931571703">
				<ele>96.59688068926334</ele>
				<time>2026-06-14T10:03:32Z</time>
			</trkpt>
			<trkpt lat="47.67088606094059" lon="20.75468152759299">
				<ele>95.83739495743066</ele>
				<time>2026-06-14T10:03:33Z</time>
			</trkpt>
			<trkpt lat="47.670880302929085" lon="20.75471939478536">
				<ele>95.97528368514031</ele>
				<time>2026-06-14T10:03:35Z</time>
			</trkpt>
			<trkpt lat="47.670873248969954" lon="20.754756808112717">
				<ele>95.25507842097431</ele>
				<time>2026-06-14T10:03:37Z</time>
			</trkpt>
			<trkpt lat="47.670869088179145" lon="20.754776952978922">
				<ele>94.73735932540148</ele>
				<time>2026-06-14T10:03:39Z</time>
			</trkpt>
			<trkpt lat="47.67086355745786" lon="20.75479926784158">
				<ele>94.14507954474539</ele>
				<time>2026-06-14T10:03:40Z</time>
			</trkpt>
			<trkpt lat="47.67085920758729" lon="20.75483707164207">
				<ele>94.60414136108011</ele>
				<time>2026-06-14T10:03:42Z</time>
			</trkpt>
			<trkpt lat="47.6708543810734" lon="20.754873507123772">
				<ele>93.5357949892059</ele>
				<time>2026-06-14T10:03:44Z</time>
			</trkpt>
			<trkpt lat="47.67085271189739" lon="20.754916679428305">
				<ele>93.56470246519893</ele>
				<time>2026-06-14T10:03:46Z</time>
			</trkpt>
			<trkpt lat="47.67084958411835" lon="20.754959496272967">
				<ele>93.58536443021148</ele>
				<time>2026-06-14T10:03:48Z</time>
			</trkpt>
			<trkpt lat="47.67084340894936" lon="20.75500253904415">
				<ele>92.60627565719187</ele>
				<time>2026-06-14T10:03:50Z</time>
			</trkpt>
			<trkpt lat="47.67083486232813" lon="20.755042931778686">
				<ele>93.8293095305562</ele>
				<time>2026-06-14T10:03:52Z</time>
			</trkpt>
			<trkpt lat="47.67082377283394" lon="20.755078385343165">
				<ele>95.11401346512139</ele>
				<time>2026-06-14T10:03:54Z</time>
			</trkpt>
			<trkpt lat="47.670813006294544" lon="20.755112367481747">
				<ele>97.27759171556681</ele>
				<time>2026-06-14T10:03:56Z</time>
			</trkpt>
			<trkpt lat="47.670805277857774" lon="20.75513081759384">
				<ele>97.60911976452917</ele>
				<time>2026-06-14T10:03:58Z</time>
			</trkpt>
			<trkpt lat="47.670798524292806" lon="20.755141067967113">
				<ele>98.72132671810687</ele>
				<time>2026-06-14T10:04:00Z</time>
			</trkpt>
			<trkpt lat="47.670790139545446" lon="20.755156899958003">
				<ele>98.43916826881468</ele>
				<time>2026-06-14T10:04:03Z</time>
			</trkpt>
			<trkpt lat="47.67078125844883" lon="20.75517755591122">
				<ele>99.09112514276057</ele>
				<time>2026-06-14T10:04:06Z</time>
			</trkpt>
			<trkpt lat="47.670773134551276" lon="20.75520072730586">
				<ele>99.34577405359596</ele>
				<time>2026-06-14T10:04:09Z</time>
			</trkpt>
			<trkpt lat="47.670765819912724" lon="20.755225812608213">
				<ele>101.35800635814667</ele>
				<time>2026-06-14T10:04:12Z</time>
			</trkpt>
			<trkpt lat="47.670759856755204" lon="20.755255760167085">
				<ele>102.46805677656084</ele>
				<time>2026-06-14T10:04:15Z</time>
			</trkpt>
			<trkpt lat="47.67075326448188" lon="20.755286230708233">
				<ele>101.2579044084996</ele>
				<time>2026-06-14T10:04:18Z</time>
			</trkpt>
			<trkpt lat="47.67074543625919" lon="20.75531761719004">
				<ele>98.52678216062486</ele>
				<time>2026-06-14T10:04:22Z</time>
			</trkpt>
			<trkpt lat="47.670738120213244" lon="20.755349218542737">
				<ele>98.12907435838133</ele>
				<time>2026-06-14T10:04:26Z</time>
			</trkpt>
			<trkpt lat="47.67072697745843" lon="20.755390931877468">
				<ele>97.67735085822642</ele>
				<time>2026-06-14T10:04:28Z</time>
			</trkpt>
			<trkpt lat="47.670717254137664" lon="20.755438780216984">
				<ele>95.30395226739347</ele>
				<time>2026-06-14T10:04:32Z</time>
			</trkpt>
			<trkpt lat="47.670718090326325" lon="20.75545680347961">
				<ele>94.74648889899254</ele>
				<time>2026-06-14T10:04:34Z</time>
			</trkpt>
			<trkpt lat="47.67072055543847" lon="20.75549117475151">
				<ele>95.22251173201948</ele>
				<time>2026-06-14T10:04:36Z</time>
			</trkpt>
			<trkpt lat="47.67072220724249" lon="20.75552825035714">
				<ele>94.47959357034415</ele>
				<time>2026-06-14T10:04:39Z</time>
			</trkpt>
			<trkpt lat="47.67071965160721" lon="20.755546034779062">
				<ele>94.97309943009168</ele>
				<time>2026-06-14T10:04:41Z</time>
			</trkpt>
			<trkpt lat="47.67071207380634" lon="20.755573729451605">
				<ele>95.10240115318447</ele>
				<time>2026-06-14T10:04:44Z</time>
			</trkpt>
			<trkpt lat="47.670709905649616" lon="20.75559897672977">
				<ele>96.2258673273027</ele>
				<time>2026-06-14T10:04:46Z</time>
			</trkpt>
			<trkpt lat="47.67070773142699" lon="20.755622945646003">
				<ele>97.39832709822804</ele>
				<time>2026-06-14T10:04:48Z</time>
			</trkpt>
			<trkpt lat="47.67070455870056" lon="20.755657834845117">
				<ele>97.22306250035763</ele>
				<time>2026-06-14T10:04:53Z</time>
			</trkpt>
			<trkpt lat="47.67069929250133" lon="20.755688934694184">
				<ele>97.26909526623785</ele>
				<time>2026-06-14T10:04:56Z</time>
			</trkpt>
			<trkpt lat="47.670689942359324" lon="20.755732325311083">
				<ele>97.09039785712957</ele>
				<time>2026-06-14T10:05:01Z</time>
			</trkpt>
			<trkpt lat="47.67068469630117" lon="20.75576322418427">
				<ele>96.6035762662068</ele>
				<time>2026-06-14T10:05:03Z</time>
			</trkpt>
			<trkpt lat="47.67067571979179" lon="20.755803596284427">
				<ele>96.32273932173848</ele>
				<time>2026-06-14T10:05:05Z</time>
			</trkpt>
			<trkpt lat="47.67066742367632" lon="20.7558350688202">
				<ele>96.18382694013417</ele>
				<time>2026-06-14T10:05:06Z</time>
			</trkpt>
			<trkpt lat="47.67065711530466" lon="20.75587654058177">
				<ele>96.25439789984375</ele>
				<time>2026-06-14T10:05:08Z</time>
			</trkpt>
			<trkpt lat="47.67065055372049" lon="20.755916888034648">
				<ele>96.44012104161084</ele>
				<time>2026-06-14T10:05:10Z</time>
			</trkpt>
			<trkpt lat="47.67064510850802" lon="20.755953612029433">
				<ele>95.84484972711653</ele>
				<time>2026-06-14T10:05:12Z</time>
			</trkpt>
			<trkpt lat="47.67063927207908" lon="20.75597328519125">
				<ele>94.45401880796999</ele>
				<time>2026-06-14T10:05:14Z</time>
			</trkpt>
			<trkpt lat="47.670630767467934" lon="20.75600048052696">
				<ele>94.69406639318913</ele>
				<time>2026-06-14T10:05:16Z</time>
			</trkpt>
			<trkpt lat="47.67061920831946" lon="20.756036112468372">
				<ele>93.57959178090096</ele>
				<time>2026-06-14T10:05:18Z</time>
			</trkpt>
			<trkpt lat="47.67060135967657" lon="20.756086196906768">
				<ele>94.95075052790344</ele>
				<time>2026-06-14T10:05:21Z</time>
			</trkpt>
			<trkpt lat="47.67059544999522" lon="20.75610360952998">
				<ele>95.22619847301394</ele>
				<time>2026-06-14T10:05:23Z</time>
			</trkpt>
			<trkpt lat="47.67059029007226" lon="20.756114634556422">
				<ele>95.56054387800395</ele>
				<time>2026-06-14T10:05:25Z</time>
			</trkpt>
			<trkpt lat="47.67058171418807" lon="20.756132725090595">
				<ele>95.0549998851493</ele>
				<time>2026-06-14T10:05:28Z</time>
			</trkpt>
			<trkpt lat="47.67057752544606" lon="20.7561657976621">
				<ele>96.02025521732867</ele>
				<time>2026-06-14T10:05:30Z</time>
			</trkpt>
			<trkpt lat="47.67057070902815" lon="20.756194669985764">
				<ele>96.56998087465763</ele>
				<time>2026-06-14T10:05:33Z</time>
			</trkpt>
			<trkpt lat="47.67055854309934" lon="20.756230829732083">
				<ele>97.05567947309464</ele>
				<time>2026-06-14T10:05:36Z</time>
			</trkpt>
			<trkpt lat="47.670553178191575" lon="20.75625316659661">
				<ele>96.44270184449852</ele>
				<time>2026-06-14T10:05:38Z</time>
			</trkpt>
			<trkpt lat="47.67054847624087" lon="20.756269745622284">
				<ele>96.425776171498</ele>
				<time>2026-06-14T10:05:40Z</time>
			</trkpt>
			<trkpt lat="47.67054477825488" lon="20.756289941766877">
				<ele>97.05930329114199</ele>
				<time>2026-06-14T10:05:43Z</time>
			</trkpt>
			<trkpt lat="47.670541311395084" lon="20.75631052910247">
				<ele>96.83853344619274</ele>
				<time>2026-06-14T10:05:45Z</time>
			</trkpt>
			<trkpt lat="47.670529468394065" lon="20.756356034482547">
				<ele>96.406031020917</ele>
				<time>2026-06-14T10:05:48Z</time>
			</trkpt>
			<trkpt lat="47.67052125293948" lon="20.756418697009273">
				<ele>96.74877998791635</ele>
				<time>2026-06-14T10:05:51Z</time>
			</trkpt>
			<trkpt lat="47.67051582730948" lon="20.756462900433903">
				<ele>96.12713010236621</ele>
				<time>2026-06-14T10:05:53Z</time>
			</trkpt>
			<trkpt lat="47.67050991551945" lon="20.756485595273514">
				<ele>96.11419225297868</ele>
				<time>2026-06-14T10:05:55Z</time>
			</trkpt>
			<trkpt lat="47.670507116029675" lon="20.756501158853837">
				<ele>97.22254640981555</ele>
				<time>2026-06-14T10:05:57Z</time>
			</trkpt>
			<trkpt lat="47.67050476328404" lon="20.756524433441996">
				<ele>96.6462428625673</ele>
				<time>2026-06-14T10:06:00Z</time>
			</trkpt>
			<trkpt lat="47.67049926993841" lon="20.756541514941812">
				<ele>96.65919252298772</ele>
				<time>2026-06-14T10:06:01Z</time>
			</trkpt>
			<trkpt lat="47.67048940331086" lon="20.75657823137204">
				<ele>96.3756137676537</ele>
				<time>2026-06-14T10:06:03Z</time>
			</trkpt>
			<trkpt lat="47.67048256315981" lon="20.756624950525946">
				<ele>94.58395190909505</ele>
				<time>2026-06-14T10:06:05Z</time>
			</trkpt>
			<trkpt lat="47.670471906760966" lon="20.756669986627365">
				<ele>94.3781443350017</ele>
				<time>2026-06-14T10:06:07Z</time>
			</trkpt>
			<trkpt lat="47.67046552670042" lon="20.75669750509228">
				<ele>94.24474422167987</ele>
				<time>2026-06-14T10:06:09Z</time>
			</trkpt>
			<trkpt lat="47.67045541602906" lon="20.75673201237402">
				<ele>94.34770647622645</ele>
				<time>2026-06-14T10:06:11Z</time>
			</trkpt>
			<trkpt lat="47.67044590257597" lon="20.756758318957626">
				<ele>94.46541013661772</ele>
				<time>2026-06-14T10:06:13Z</time>
			</trkpt>
			<trkpt lat="47.67043470412932" lon="20.756790763086038">
				<ele>93.10088507458568</ele>
				<time>2026-06-14T10:06:15Z</time>
			</trkpt>
			<trkpt lat="47.67042185798133" lon="20.756828376227382">
				<ele>94.422358029522</ele>
				<time>2026-06-14T10:06:17Z</time>
			</trkpt>
			<trkpt lat="47.670407321234045" lon="20.756863399232255">
				<ele>95.13744510151446</ele>
				<time>2026-06-14T10:06:20Z</time>
			</trkpt>
			<trkpt lat="47.670391837522935" lon="20.756895758139123">
				<ele>94.27411721367389</ele>
				<time>2026-06-14T10:06:22Z</time>
			</trkpt>
			<trkpt lat="47.67037904652326" lon="20.756947953543644">
				<ele>93.51742050144821</ele>
				<time>2026-06-14T10:06:25Z</time>
			</trkpt>
			<trkpt lat="47.67037335536773" lon="20.75698716515576">
				<ele>93.20603163633496</ele>
				<time>2026-06-14T10:06:27Z</time>
			</trkpt>
			<trkpt lat="47.67036016889631" lon="20.757022018519226">
				<ele>93.90234715584666</ele>
				<time>2026-06-14T10:06:29Z</time>
			</trkpt>
			<trkpt lat="47.670343207207914" lon="20.757056564515793">
				<ele>94.25393141619861</ele>
				<time>2026-06-14T10:06:31Z</time>
			</trkpt>
			<trkpt lat="47.67032963104975" lon="20.75708672779699">
				<ele>94.39000246208161</ele>
				<time>2026-06-14T10:06:33Z</time>
			</trkpt>
			<trkpt lat="47.670315980373985" lon="20.75712728208964">
				<ele>94.8665918847546</ele>
				<time>2026-06-14T10:06:36Z</time>
			</trkpt>
			<trkpt lat="47.67031068167351" lon="20.757156416407714">
				<ele>94.8557721376419</ele>
				<time>2026-06-14T10:06:38Z</time>
			</trkpt>
			<trkpt lat="47.67030632717815" lon="20.75717385539527">
				<ele>95.41076907329261</ele>
				<time>2026-06-14T10:06:39Z</time>
			</trkpt>
			<trkpt lat="47.670298590246084" lon="20.75720448855042">
				<ele>95.00636061746627</ele>
				<time>2026-06-14T10:06:42Z</time>
			</trkpt>
			<trkpt lat="47.670287398329364" lon="20.757232654427135">
				<ele>96.21674158424139</ele>
				<time>2026-06-14T10:06:44Z</time>
			</trkpt>
			<trkpt lat="47.67027412921345" lon="20.757269825378046">
				<ele>96.66117537207901</ele>
				<time>2026-06-14T10:06:46Z</time>
			</trkpt>
			<trkpt lat="47.67026105281918" lon="20.757304473658692">
				<ele>96.91570495348424</ele>
				<time>2026-06-14T10:06:48Z</time>
			</trkpt>
			<trkpt lat="47.6702555878542" lon="20.757325239722878">
				<ele>96.31858188845217</ele>
				<time>2026-06-14T10:06:50Z</time>
			</trkpt>
			<trkpt lat="47.67025162216475" lon="20.757341759494636">
				<ele>96.1036613881588</ele>
				<time>2026-06-14T10:06:52Z</time>
			</trkpt>
			<trkpt lat="47.670242934701264" lon="20.757387042305634">
				<ele>96.19821448344737</ele>
				<time>2026-06-14T10:06:55Z</time>
			</trkpt>
			<trkpt lat="47.67023388312337" lon="20.757438247687734">
				<ele>95.47736839205027</ele>
				<time>2026-06-14T10:06:57Z</time>
			</trkpt>
			<trkpt lat="47.67022658945222" lon="20.757481801085866">
				<ele>95.20897317305207</ele>
				<time>2026-06-14T10:06:59Z</time>
			</trkpt>
			<trkpt lat="47.67022420000494" lon="20.7575048931073">
				<ele>94.91087883990258</ele>
				<time>2026-06-14T10:07:01Z</time>
			</trkpt>
			<trkpt lat="47.67021546988539" lon="20.757534639036173">
				<ele>94.51338469516486</ele>
				<time>2026-06-14T10:07:03Z</time>
			</trkpt>
			<trkpt lat="47.67020824940993" lon="20.75756969374557">
				<ele>94.9888231670484</ele>
				<time>2026-06-14T10:07:05Z</time>
			</trkpt>
			<trkpt lat="47.670193327577515" lon="20.75760897152836">
				<ele>95.0514297997579</ele>
				<time>2026-06-14T10:07:07Z</time>
			</trkpt>
			<trkpt lat="47.670174646558095" lon="20.7576569545063">
				<ele>95.658871691674</ele>
				<time>2026-06-14T10:07:10Z</time>
			</trkpt>
			<trkpt lat="47.67016628830875" lon="20.757686715009577">
				<ele>95.52904422860593</ele>
				<time>2026-06-14T10:07:12Z</time>
			</trkpt>
			<trkpt lat="47.67015994386119" lon="20.757717946636916">
				<ele>95.8070968221873</ele>
				<time>2026-06-14T10:07:14Z</time>
			</trkpt>
			<trkpt lat="47.67015986820092" lon="20.757736291979235">
				<ele>96.72441428340971</ele>
				<time>2026-06-14T10:07:16Z</time>
			</trkpt>
			<trkpt lat="47.67015988877736" lon="20.75776923042402">
				<ele>96.66006460320204</ele>
				<time>2026-06-14T10:07:18Z</time>
			</trkpt>
			<trkpt lat="47.67015937410809" lon="20.757806849080882">
				<ele>96.60856320895255</ele>
				<time>2026-06-14T10:07:20Z</time>
			</trkpt>
			<trkpt lat="47.670157299996816" lon="20.757830204052013">
				<ele>96.28181763924658</ele>
				<time>2026-06-14T10:07:22Z</time>
			</trkpt>
			<trkpt lat="47.67015622789811" lon="20.7578628532353">
				<ele>96.87653294112533</ele>
				<time>2026-06-14T10:07:24Z</time>
			</trkpt>
			<trkpt lat="47.67015703136071" lon="20.75788872659838">
				<ele>96.38943845313042</ele>
				<time>2026-06-14T10:07:26Z</time>
			</trkpt>
			<trkpt lat="47.67015456783651" lon="20.757920813316403">
				<ele>98.05337795242667</ele>
				<time>2026-06-14T10:07:28Z</time>
			</trkpt>
			<trkpt lat="47.670151547535575" lon="20.75794481632124">
				<ele>97.14186701737344</ele>
				<time>2026-06-14T10:07:30Z</time>
			</trkpt>
			<trkpt lat="47.670148271335414" lon="20.7579639481239">
				<ele>96.11563436500728</ele>
				<time>2026-06-14T10:07:32Z</time>
			</trkpt>
			<trkpt lat="47.67015002746582" lon="20.758019708703735">
				<ele>97.54535377398133</ele>
				<time>2026-06-14T10:07:35Z</time>
			</trkpt>
			<trkpt lat="47.670149789850235" lon="20.75806537445476">
				<ele>96.07497906591743</ele>
				<time>2026-06-14T10:07:37Z</time>
			</trkpt>
			<trkpt lat="47.67015233824927" lon="20.758116560006755">
				<ele>97.49778920132667</ele>
				<time>2026-06-14T10:07:40Z</time>
			</trkpt>
			<trkpt lat="47.67014971844236" lon="20.75815094919153">
				<ele>95.8255792465061</ele>
				<time>2026-06-14T10:07:42Z</time>
			</trkpt>
			<trkpt lat="47.67014955104289" lon="20.75819031491797">
				<ele>96.01575621496886</ele>
				<time>2026-06-14T10:07:44Z</time>
			</trkpt>
			<trkpt lat="47.67014991121914" lon="20.758225926759334">
				<ele>96.98637721594423</ele>
				<time>2026-06-14T10:07:47Z</time>
			</trkpt>
			<trkpt lat="47.67015118339582" lon="20.75824765598944">
				<ele>95.6378847276792</ele>
				<time>2026-06-14T10:07:50Z</time>
			</trkpt>
			<trkpt lat="47.6701520126428" lon="20.758267800968277">
				<ele>95.37052638363093</ele>
				<time>2026-06-14T10:07:52Z</time>
			</trkpt>
			<trkpt lat="47.670152793929404" lon="20.758305168221064">
				<ele>95.81020719278604</ele>
				<time>2026-06-14T10:07:54Z</time>
			</trkpt>
			<trkpt lat="47.67015854836116" lon="20.75835103235686">
				<ele>96.05210941191763</ele>
				<time>2026-06-14T10:07:56Z</time>
			</trkpt>
			<trkpt lat="47.67016073144263" lon="20.75841484845901">
				<ele>94.26316311303526</ele>
				<time>2026-06-14T10:07:59Z</time>
			</trkpt>
			<trkpt lat="47.67016486717185" lon="20.758453325659442">
				<ele>93.99400713387877</ele>
				<time>2026-06-14T10:08:01Z</time>
			</trkpt>
			<trkpt lat="47.67016836720915" lon="20.75848492393198">
				<ele>94.43333191238344</ele>
				<time>2026-06-14T10:08:04Z</time>
			</trkpt>
			<trkpt lat="47.67017284548109" lon="20.758512552886575">
				<ele>93.99889951199293</ele>
				<time>2026-06-14T10:08:06Z</time>
			</trkpt>
			<trkpt lat="47.67017915861366" lon="20.75854661594703">
				<ele>93.68361454736441</ele>
				<time>2026-06-14T10:08:08Z</time>
			</trkpt>
			<trkpt lat="47.6701849049549" lon="20.75858009649752">
				<ele>93.66282398160547</ele>
				<time>2026-06-14T10:08:10Z</time>
			</trkpt>
			<trkpt lat="47.67018699115582" lon="20.75859910626985">
				<ele>93.53597341291606</ele>
				<time>2026-06-14T10:08:12Z</time>
			</trkpt>
			<trkpt lat="47.670197372033826" lon="20.75862347038498">
				<ele>93.8822583463043</ele>
				<time>2026-06-14T10:08:14Z</time>
			</trkpt>
			<trkpt lat="47.67020695171303" lon="20.75864392847092">
				<ele>94.1326296934858</ele>
				<time>2026-06-14T10:08:15Z</time>
			</trkpt>
			<trkpt lat="47.67021724796768" lon="20.75867837352361">
				<ele>94.96715630404651</ele>
				<time>2026-06-14T10:08:17Z</time>
			</trkpt>
			<trkpt lat="47.670225067170975" lon="20.758713131889145">
				<ele>95.67745401803404</ele>
				<time>2026-06-14T10:08:19Z</time>
			</trkpt>
			<trkpt lat="47.67022799916642" lon="20.758732089041978">
				<ele>95.73002661578357</ele>
				<time>2026-06-14T10:08:21Z</time>
			</trkpt>
			<trkpt lat="47.67023147246653" lon="20.758755586245716">
				<ele>95.91326538380235</ele>
				<time>2026-06-14T10:08:22Z</time>
			</trkpt>
			<trkpt lat="47.67024054981945" lon="20.758804663039978">
				<ele>93.55197329912335</ele>
				<time>2026-06-14T10:08:25Z</time>
			</trkpt>
			<trkpt lat="47.67024756107079" lon="20.758841279184857">
				<ele>93.2459204532206</ele>
				<time>2026-06-14T10:08:27Z</time>
			</trkpt>
			<trkpt lat="47.670251057349645" lon="20.758884000158936">
				<ele>93.23345736600459</ele>
				<time>2026-06-14T10:08:29Z</time>
			</trkpt>
			<trkpt lat="47.67025018452923" lon="20.75892022033443">
				<ele>93.2311876937747</ele>
				<time>2026-06-14T10:08:32Z</time>
			</trkpt>
			<trkpt lat="47.67024985011375" lon="20.75894251435901">
				<ele>93.57412236835808</ele>
				<time>2026-06-14T10:08:33Z</time>
			</trkpt>
			<trkpt lat="47.670251489237984" lon="20.758981333826377">
				<ele>94.07750564441085</ele>
				<time>2026-06-14T10:08:35Z</time>
			</trkpt>
			<trkpt lat="47.67024769028093" lon="20.759020732226528">
				<ele>94.58680837508291</ele>
				<time>2026-06-14T10:08:37Z</time>
			</trkpt>
			<trkpt lat="47.67024688922043" lon="20.759061613559393">
				<ele>94.99263005331159</ele>
				<time>2026-06-14T10:08:39Z</time>
			</trkpt>
			<trkpt lat="47.67025063775933" lon="20.759100990766353">
				<ele>95.69940890092403</ele>
				<time>2026-06-14T10:08:41Z</time>
			</trkpt>
			<trkpt lat="47.67025417391809" lon="20.75913281692205">
				<ele>95.04348419327289</ele>
				<time>2026-06-14T10:08:44Z</time>
			</trkpt>
			<trkpt lat="47.67025468338874" lon="20.759170191761232">
				<ele>94.94629078637809</ele>
				<time>2026-06-14T10:08:46Z</time>
			</trkpt>
			<trkpt lat="47.670255300965835" lon="20.759225104299535">
				<ele>94.26959612127393</ele>
				<time>2026-06-14T10:08:49Z</time>
			</trkpt>
			<trkpt lat="47.67025424794661" lon="20.759242836481633">
				<ele>94.36406969092786</ele>
				<time>2026-06-14T10:08:51Z</time>
			</trkpt>
			<trkpt lat="47.67025102490716" lon="20.759272321479223">
				<ele>93.50417541805655</ele>
				<time>2026-06-14T10:08:53Z</time>
			</trkpt>
			<trkpt lat="47.670244725416495" lon="20.759323218786882">
				<ele>93.0633233776316</ele>
				<time>2026-06-14T10:08:56Z</time>
			</trkpt>
			<trkpt lat="47.6702362280788" lon="20.759358892757255">
				<ele>92.36749215051532</ele>
				<time>2026-06-14T10:08:58Z</time>
			</trkpt>
			<trkpt lat="47.67022818139714" lon="20.759392874872262">
				<ele>92.40093018487096</ele>
				<time>2026-06-14T10:09:00Z</time>
			</trkpt>
			<trkpt lat="47.67021747735275" lon="20.75942640858477">
				<ele>92.71679928805679</ele>
				<time>2026-06-14T10:09:02Z</time>
			</trkpt>
			<trkpt lat="47.67020996617911" lon="20.759456147900217">
				<ele>92.08115886338055</ele>
				<time>2026-06-14T10:09:04Z</time>
			</trkpt>
			<trkpt lat="47.67020555915384" lon="20.75947324807893">
				<ele>92.00364802218974</ele>
				<time>2026-06-14T10:09:06Z</time>
			</trkpt>
			<trkpt lat="47.67019661223208" lon="20.759500759091246">
				<ele>91.73237779922783</ele>
				<time>2026-06-14T10:09:08Z</time>
			</trkpt>
			<trkpt lat="47.670191044840465" lon="20.75953691719741">
				<ele>91.37651977594942</ele>
				<time>2026-06-14T10:09:10Z</time>
			</trkpt>
			<trkpt lat="47.67018617782816" lon="20.759573960926705">
				<ele>91.5685636503622</ele>
				<time>2026-06-14T10:09:12Z</time>
			</trkpt>
			<trkpt lat="47.67017721584375" lon="20.759595524502757">
				<ele>91.40872292593122</ele>
				<time>2026-06-14T10:09:13Z</time>
			</trkpt>
			<trkpt lat="47.67016497056965" lon="20.75963332575">
				<ele>91.5839440152049</ele>
				<time>2026-06-14T10:09:15Z</time>
			</trkpt>
			<trkpt lat="47.670156885934084" lon="20.759653559104333">
				<ele>91.95808163192123</ele>
				<time>2026-06-14T10:09:17Z</time>
			</trkpt>
			<trkpt lat="47.67015234318681" lon="20.759684274052262">
				<ele>92.2123071141541</ele>
				<time>2026-06-14T10:09:19Z</time>
			</trkpt>
			<trkpt lat="47.67014692722871" lon="20.759722275328873">
				<ele>93.99295813776553</ele>
				<time>2026-06-14T10:09:21Z</time>
			</trkpt>
			<trkpt lat="47.670143032208216" lon="20.759756176701785">
				<ele>93.54583699349314</ele>
				<time>2026-06-14T10:09:24Z</time>
			</trkpt>
			<trkpt lat="47.67014273835937" lon="20.759772992491524">
				<ele>93.43022364750504</ele>
				<time>2026-06-14T10:09:26Z</time>
			</trkpt>
			<trkpt lat="47.670142800990476" lon="20.759790791992813">
				<ele>93.31471539847553</ele>
				<time>2026-06-14T10:09:28Z</time>
			</trkpt>
			<trkpt lat="47.67014250635082" lon="20.75981292109325">
				<ele>92.76575228758156</ele>
				<time>2026-06-14T10:09:31Z</time>
			</trkpt>
			<trkpt lat="47.670141477918946" lon="20.75983330987167">
				<ele>92.72290239389986</ele>
				<time>2026-06-14T10:09:33Z</time>
			</trkpt>
			<trkpt lat="47.67013932944735" lon="20.75985718202361">
				<ele>94.01795889344066</ele>
				<time>2026-06-14T10:09:36Z</time>
			</trkpt>
			<trkpt lat="47.670136387622165" lon="20.759884625517767">
				<ele>94.65063859149814</ele>
				<time>2026-06-14T10:09:39Z</time>
			</trkpt>
			<trkpt lat="47.670132790648815" lon="20.75991270960489">
				<ele>94.94856574106961</ele>
				<time>2026-06-14T10:09:42Z</time>
			</trkpt>
			<trkpt lat="47.67012823625943" lon="20.75994074000032">
				<ele>95.40804055146873</ele>
				<time>2026-06-14T10:09:45Z</time>
			</trkpt>
			<trkpt lat="47.67012269174741" lon="20.759968831368596">
				<ele>95.69230943918228</ele>
				<time>2026-06-14T10:09:49Z</time>
			</trkpt>
			<trkpt lat="47.67010665365811" lon="20.760019313224845">
				<ele>95.21271456964314</ele>
				<time>2026-06-14T10:09:53Z</time>
			</trkpt>
			<trkpt lat="47.67009201132779" lon="20.760054425140094">
				<ele>93.50364780891687</ele>
				<time>2026-06-14T10:09:56Z</time>
			</trkpt>
			<trkpt lat="47.67008062864214" lon="20.760078802760678">
				<ele>93.0673896688968</ele>
				<time>2026-06-14T10:09:59Z</time>
			</trkpt>
			<trkpt lat="47.670072332312046" lon="20.76011564705563">
				<ele>92.93838596530259</ele>
				<time>2026-06-14T10:10:01Z</time>
			</trkpt>
			<trkpt lat="47.670062886116355" lon="20.760156467476975">
				<ele>93.79019116424024</ele>
				<time>2026-06-14T10:10:03Z</time>
			</trkpt>
			<trkpt lat="47.67005267153441" lon="20.760193363096075">
				<ele>93.34045840892941</ele>
				<time>2026-06-14T10:10:05Z</time>
			</trkpt>
			<trkpt lat="47.670047539102406" lon="20.76023234936519">
				<ele>93.50953806657344</ele>
				<time>2026-06-14T10:10:07Z</time>
			</trkpt>
			<trkpt lat="47.6700399631349" lon="20.760270518305262">
				<ele>93.35342198610306</ele>
				<time>2026-06-14T10:10:09Z</time>
			</trkpt>
			<trkpt lat="47.67003703073162" lon="20.760291084070793">
				<ele>93.65823990199715</ele>
				<time>2026-06-14T10:10:11Z</time>
			</trkpt>
			<trkpt lat="47.670034511100745" lon="20.760321967851766">
				<ele>91.81362770684063</ele>
				<time>2026-06-14T10:10:13Z</time>
			</trkpt>
			<trkpt lat="47.67002847909738" lon="20.76036456315942">
				<ele>91.71029697544873</ele>
				<time>2026-06-14T10:10:15Z</time>
			</trkpt>
			<trkpt lat="47.67001601250985" lon="20.760403248112777">
				<ele>90.19304333347827</ele>
				<time>2026-06-14T10:10:17Z</time>
			</trkpt>
			<trkpt lat="47.67000577991007" lon="20.760437923985336">
				<ele>89.70888940896839</ele>
				<time>2026-06-14T10:10:19Z</time>
			</trkpt>
			<trkpt lat="47.66999715141163" lon="20.760479656959713">
				<ele>89.34687849041075</ele>
				<time>2026-06-14T10:10:21Z</time>
			</trkpt>
			<trkpt lat="47.66999235237384" lon="20.760516392534818">
				<ele>90.64086588192731</ele>
				<time>2026-06-14T10:10:23Z</time>
			</trkpt>
			<trkpt lat="47.66998457093578" lon="20.760549566646308">
				<ele>91.28376742918044</ele>
				<time>2026-06-14T10:10:25Z</time>
			</trkpt>
			<trkpt lat="47.66997547909934" lon="20.760580610408052">
				<ele>91.14701995626092</ele>
				<time>2026-06-14T10:10:27Z</time>
			</trkpt>
			<trkpt lat="47.66995460767793" lon="20.760626869542204">
				<ele>90.30540702398866</ele>
				<time>2026-06-14T10:10:30Z</time>
			</trkpt>
			<trkpt lat="47.66993544326478" lon="20.760657855597614">
				<ele>89.76793924625963</ele>
				<time>2026-06-14T10:10:32Z</time>
			</trkpt>
			<trkpt lat="47.66991940854332" lon="20.760705063947682">
				<ele>91.15707218553871</ele>
				<time>2026-06-14T10:10:35Z</time>
			</trkpt>
			<trkpt lat="47.66991292063786" lon="20.760719017798966">
				<ele>91.10169182904065</ele>
				<time>2026-06-14T10:10:36Z</time>
			</trkpt>
			<trkpt lat="47.66989757779597" lon="20.76074833829764">
				<ele>91.0362261235714</ele>
				<time>2026-06-14T10:10:38Z</time>
			</trkpt>
			<trkpt lat="47.66988331489952" lon="20.760778268855844">
				<ele>91.0668986029923</ele>
				<time>2026-06-14T10:10:40Z</time>
			</trkpt>
			<trkpt lat="47.669872637075734" lon="20.76081343206103">
				<ele>91.47146972734481</ele>
				<time>2026-06-14T10:10:42Z</time>
			</trkpt>
			<trkpt lat="47.66986233965812" lon="20.760851965574236">
				<ele>91.09560423437506</ele>
				<time>2026-06-14T10:10:44Z</time>
			</trkpt>
			<trkpt lat="47.66985489362763" lon="20.76087256828298">
				<ele>90.5767955519259</ele>
				<time>2026-06-14T10:10:45Z</time>
			</trkpt>
			<trkpt lat="47.66984083594599" lon="20.760901018714495">
				<ele>90.75068786460906</ele>
				<time>2026-06-14T10:10:47Z</time>
			</trkpt>
			<trkpt lat="47.669826437388046" lon="20.760925083275556">
				<ele>91.30540657415986</ele>
				<time>2026-06-14T10:10:49Z</time>
			</trkpt>
			<trkpt lat="47.66981393111531" lon="20.76095756033586">
				<ele>91.35982344020158</ele>
				<time>2026-06-14T10:10:51Z</time>
			</trkpt>
			<trkpt lat="47.66979864702147" lon="20.76098737162174">
				<ele>92.17301601264626</ele>
				<time>2026-06-14T10:10:53Z</time>
			</trkpt>
			<trkpt lat="47.66978828688007" lon="20.761005295983125">
				<ele>92.22363636083901</ele>
				<time>2026-06-14T10:10:54Z</time>
			</trkpt>
			<trkpt lat="47.669769039866004" lon="20.761041907346783">
				<ele>92.14710692688823</ele>
				<time>2026-06-14T10:10:56Z</time>
			</trkpt>
			<trkpt lat="47.66975618602999" lon="20.761072820975333">
				<ele>91.25785267725587</ele>
				<time>2026-06-14T10:10:59Z</time>
			</trkpt>
			<trkpt lat="47.669753430863125" lon="20.76108332714761">
				<ele>90.69828085880727</ele>
				<time>2026-06-14T10:11:01Z</time>
			</trkpt>
			<trkpt lat="47.66974808801016" lon="20.761094840692706">
				<ele>90.42725491151214</ele>
				<time>2026-06-14T10:11:03Z</time>
			</trkpt>
			<trkpt lat="47.66973516586205" lon="20.7611156116945">
				<ele>89.98788005672395</ele>
				<time>2026-06-14T10:11:05Z</time>
			</trkpt>
			<trkpt lat="47.6697131552509" lon="20.76114301807147">
				<ele>90.29888708889484</ele>
				<time>2026-06-14T10:11:07Z</time>
			</trkpt>
			<trkpt lat="47.66969564649022" lon="20.76116142552704">
				<ele>91.2130210865289</ele>
				<time>2026-06-14T10:11:08Z</time>
			</trkpt>
			<trkpt lat="47.669678793917974" lon="20.761177499796336">
				<ele>91.9065260970965</ele>
				<time>2026-06-14T10:11:10Z</time>
			</trkpt>
			<trkpt lat="47.66965774349777" lon="20.76119611158163">
				<ele>92.69583950843662</ele>
				<time>2026-06-14T10:11:12Z</time>
			</trkpt>
			<trkpt lat="47.669633445821084" lon="20.76121641894566">
				<ele>94.36039066873491</ele>
				<time>2026-06-14T10:11:14Z</time>
			</trkpt>
			<trkpt lat="47.66961565182037" lon="20.761227628576123">
				<ele>94.62299327738583</ele>
				<time>2026-06-14T10:11:16Z</time>
			</trkpt>
			<trkpt lat="47.66959913750997" lon="20.761241226852594">
				<ele>95.50287518743426</ele>
				<time>2026-06-14T10:11:17Z</time>
			</trkpt>
			<trkpt lat="47.66957879667846" lon="20.761260576920492">
				<ele>95.7893826533109</ele>
				<time>2026-06-14T10:11:18Z</time>
			</trkpt>
			<trkpt lat="47.669549193589916" lon="20.761283229971106">
				<ele>96.94266256690025</ele>
				<time>2026-06-14T10:11:20Z</time>
			</trkpt>
			<trkpt lat="47.66952123180234" lon="20.761306880205126">
				<ele>98.47863031737506</ele>
				<time>2026-06-14T10:11:22Z</time>
			</trkpt>
			<trkpt lat="47.66949303064044" lon="20.761324623541945">
				<ele>98.16118560545146</ele>
				<time>2026-06-14T10:11:24Z</time>
			</trkpt>
			<trkpt lat="47.66947805121458" lon="20.761332876406378">
				<ele>98.39922766946256</ele>
				<time>2026-06-14T10:11:26Z</time>
			</trkpt>
			<trkpt lat="47.66946198902319" lon="20.76134287575369">
				<ele>98.77251831814647</ele>
				<time>2026-06-14T10:11:28Z</time>
			</trkpt>
			<trkpt lat="47.669449019313355" lon="20.76135226572809">
				<ele>100.29055469017476</ele>
				<time>2026-06-14T10:11:30Z</time>
			</trkpt>
			<trkpt lat="47.669430154668994" lon="20.76136399080326">
				<ele>99.02518627420068</ele>
				<time>2026-06-14T10:11:32Z</time>
			</trkpt>
			<trkpt lat="47.669415885744264" lon="20.761372368944784">
				<ele>99.654680615291</ele>
				<time>2026-06-14T10:11:34Z</time>
			</trkpt>
			<trkpt lat="47.669404869918935" lon="20.761378285216736">
				<ele>99.4199120234698</ele>
				<time>2026-06-14T10:11:36Z</time>
			</trkpt>
			<trkpt lat="47.66937403342618" lon="20.761400358413677">
				<ele>98.71913025900722</ele>
				<time>2026-06-14T10:11:40Z</time>
			</trkpt>
			<trkpt lat="47.6693388709078" lon="20.761433337808246">
				<ele>96.85435284208506</ele>
				<time>2026-06-14T10:11:46Z</time>
			</trkpt>
			<trkpt lat="47.66931573400868" lon="20.7614587292256">
				<ele>96.47541027516127</ele>
				<time>2026-06-14T10:11:49Z</time>
			</trkpt>
			<trkpt lat="47.669292071782024" lon="20.761495904538396">
				<ele>95.46770911850035</ele>
				<time>2026-06-14T10:11:52Z</time>
			</trkpt>
			<trkpt lat="47.669281440748186" lon="20.761525630134194">
				<ele>95.73997216671705</ele>
				<time>2026-06-14T10:11:54Z</time>
			</trkpt>
			<trkpt lat="47.66927374740687" lon="20.761556187477687">
				<ele>95.21970669925213</ele>
				<time>2026-06-14T10:11:56Z</time>
			</trkpt>
			<trkpt lat="47.669269281944985" lon="20.761574587843363">
				<ele>94.58326041791588</ele>
				<time>2026-06-14T10:11:58Z</time>
			</trkpt>
			<trkpt lat="47.669267123687746" lon="20.761595710643814">
				<ele>93.80328131932765</ele>
				<time>2026-06-14T10:11:59Z</time>
			</trkpt>
			<trkpt lat="47.66925660728723" lon="20.761636486192636">
				<ele>94.8429557196796</ele>
				<time>2026-06-14T10:12:01Z</time>
			</trkpt>
			<trkpt lat="47.669245808018374" lon="20.761672456846394">
				<ele>94.91118651628494</ele>
				<time>2026-06-14T10:12:04Z</time>
			</trkpt>
			<trkpt lat="47.669239784034914" lon="20.76169826175394">
				<ele>95.14283676911145</ele>
				<time>2026-06-14T10:12:05Z</time>
			</trkpt>
			<trkpt lat="47.6692400351527" lon="20.76172717471995">
				<ele>94.41222467366606</ele>
				<time>2026-06-14T10:12:06Z</time>
			</trkpt>
			<trkpt lat="47.66923191532249" lon="20.76176434763043">
				<ele>95.41001142933965</ele>
				<time>2026-06-14T10:12:08Z</time>
			</trkpt>
			<trkpt lat="47.66922739755853" lon="20.761782962436794">
				<ele>95.12553150206804</ele>
				<time>2026-06-14T10:12:10Z</time>
			</trkpt>
			<trkpt lat="47.66922242099861" lon="20.761803067428424">
				<ele>94.64583933725953</ele>
				<time>2026-06-14T10:12:11Z</time>
			</trkpt>
			<trkpt lat="47.66921397317938" lon="20.761839883091763">
				<ele>93.84351966436952</ele>
				<time>2026-06-14T10:12:13Z</time>
			</trkpt>
			<trkpt lat="47.66920902053759" lon="20.76186299546816">
				<ele>93.57922471873462</ele>
				<time>2026-06-14T10:12:15Z</time>
			</trkpt>
			<trkpt lat="47.66919932302221" lon="20.761891970887994">
				<ele>92.24771232157946</ele>
				<time>2026-06-14T10:12:17Z</time>
			</trkpt>
			<trkpt lat="47.66918623324052" lon="20.761927104093356">
				<ele>92.7759830513969</ele>
				<time>2026-06-14T10:12:19Z</time>
			</trkpt>
			<trkpt lat="47.669173831472065" lon="20.761960542174553">
				<ele>93.40608023479581</ele>
				<time>2026-06-14T10:12:21Z</time>
			</trkpt>
			<trkpt lat="47.66915791261215" lon="20.761989943490505">
				<ele>93.29127717763186</ele>
				<time>2026-06-14T10:12:23Z</time>
			</trkpt>
			<trkpt lat="47.66915091512428" lon="20.76200735622077">
				<ele>93.71462501212955</ele>
				<time>2026-06-14T10:12:25Z</time>
			</trkpt>
			<trkpt lat="47.66914522648308" lon="20.76202254711465">
				<ele>93.64442047383636</ele>
				<time>2026-06-14T10:12:28Z</time>
			</trkpt>
			<trkpt lat="47.66914028210905" lon="20.762043133484315">
				<ele>92.97849398013204</ele>
				<time>2026-06-14T10:12:31Z</time>
			</trkpt>
			<trkpt lat="47.66913240394748" lon="20.76206920536738">
				<ele>93.1084770495072</ele>
				<time>2026-06-14T10:12:34Z</time>
			</trkpt>
			<trkpt lat="47.669125574054476" lon="20.76210123241154">
				<ele>92.92965562734753</ele>
				<time>2026-06-14T10:12:37Z</time>
			</trkpt>
			<trkpt lat="47.669119954282216" lon="20.762135079124718">
				<ele>93.15384234767407</ele>
				<time>2026-06-14T10:12:40Z</time>
			</trkpt>
			<trkpt lat="47.66911409183867" lon="20.762169422071377">
				<ele>93.47778368461877</ele>
				<time>2026-06-14T10:12:43Z</time>
			</trkpt>
			<trkpt lat="47.669107910765554" lon="20.762205787962483">
				<ele>93.3142879139632</ele>
				<time>2026-06-14T10:12:47Z</time>
			</trkpt>
			<trkpt lat="47.66910519736071" lon="20.762235259585548">
				<ele>94.04834323842078</ele>
				<time>2026-06-14T10:12:50Z</time>
			</trkpt>
			<trkpt lat="47.669102546210745" lon="20.762263742650664">
				<ele>94.57323891390115</ele>
				<time>2026-06-14T10:12:53Z</time>
			</trkpt>
			<trkpt lat="47.66909615155069" lon="20.762311408006102">
				<ele>93.51611175853759</ele>
				<time>2026-06-14T10:12:56Z</time>
			</trkpt>
			<trkpt lat="47.66908862323635" lon="20.762346865064416">
				<ele>92.7190505117178</ele>
				<time>2026-06-14T10:12:59Z</time>
			</trkpt>
			<trkpt lat="47.669084140086554" lon="20.762370347576415">
				<ele>92.4420653898269</ele>
				<time>2026-06-14T10:13:02Z</time>
			</trkpt>
			<trkpt lat="47.66907780164043" lon="20.762393407343573">
				<ele>92.95573127269745</ele>
				<time>2026-06-14T10:13:05Z</time>
			</trkpt>
			<trkpt lat="47.66907136516694" lon="20.76241924843181">
				<ele>93.68855542782694</ele>
				<time>2026-06-14T10:13:08Z</time>
			</trkpt>
			<trkpt lat="47.669063637776006" lon="20.76244413003903">
				<ele>93.80933551955968</ele>
				<time>2026-06-14T10:13:11Z</time>
			</trkpt>
			<trkpt lat="47.66905616709442" lon="20.7624679554855">
				<ele>94.57659857999533</ele>
				<time>2026-06-14T10:13:14Z</time>
			</trkpt>
			<trkpt lat="47.66904932164492" lon="20.762488128088766">
				<ele>95.00702035799623</ele>
				<time>2026-06-14T10:13:16Z</time>
			</trkpt>
			<trkpt lat="47.66904164789185" lon="20.762511429752895">
				<ele>94.5081583186984</ele>
				<time>2026-06-14T10:13:19Z</time>
			</trkpt>
			<trkpt lat="47.66903310663929" lon="20.76253792742947">
				<ele>93.93547140061855</ele>
				<time>2026-06-14T10:13:22Z</time>
			</trkpt>
			<trkpt lat="47.66902254806131" lon="20.762564194067114">
				<ele>93.17376893293113</ele>
				<time>2026-06-14T10:13:25Z</time>
			</trkpt>
			<trkpt lat="47.66901234456601" lon="20.762586736568093">
				<ele>93.20926616899669</ele>
				<time>2026-06-14T10:13:27Z</time>
			</trkpt>
			<trkpt lat="47.66899735435395" lon="20.76261515557891">
				<ele>92.7775736618787</ele>
				<time>2026-06-14T10:13:30Z</time>
			</trkpt>
			<trkpt lat="47.66898421705296" lon="20.762643024415212">
				<ele>91.08263121917844</ele>
				<time>2026-06-14T10:13:33Z</time>
			</trkpt>
			<trkpt lat="47.66896348850435" lon="20.762675859773942">
				<ele>90.44137918483466</ele>
				<time>2026-06-14T10:13:35Z</time>
			</trkpt>
			<trkpt lat="47.66895025933707" lon="20.76270029874678">
				<ele>91.61479866597801</ele>
				<time>2026-06-14T10:13:37Z</time>
			</trkpt>
			<trkpt lat="47.66893962346031" lon="20.762722829087817">
				<ele>91.65959779452533</ele>
				<time>2026-06-14T10:13:40Z</time>
			</trkpt>
			<trkpt lat="47.66893037444329" lon="20.7627423267342">
				<ele>92.16838737018406</ele>
				<time>2026-06-14T10:13:42Z</time>
			</trkpt>
			<trkpt lat="47.66892090474283" lon="20.762760534554232">
				<ele>91.79630151297897</ele>
				<time>2026-06-14T10:13:44Z</time>
			</trkpt>
			<trkpt lat="47.66891017637401" lon="20.762783515477953">
				<ele>92.70320292562246</ele>
				<time>2026-06-14T10:13:47Z</time>
			</trkpt>
			<trkpt lat="47.66889720526536" lon="20.762811958303207">
				<ele>93.60356426239014</ele>
				<time>2026-06-14T10:13:50Z</time>
			</trkpt>
			<trkpt lat="47.66888421609086" lon="20.762836675456278">
				<ele>93.30248822364956</ele>
				<time>2026-06-14T10:13:52Z</time>
			</trkpt>
			<trkpt lat="47.66886994533118" lon="20.762863618439763">
				<ele>93.21357761416584</ele>
				<time>2026-06-14T10:13:55Z</time>
			</trkpt>
			<trkpt lat="47.668849638917884" lon="20.762895636464158">
				<ele>95.05133118852973</ele>
				<time>2026-06-14T10:13:57Z</time>
			</trkpt>
			<trkpt lat="47.66882677064173" lon="20.76293183758994">
				<ele>94.80221417639405</ele>
				<time>2026-06-14T10:13:59Z</time>
			</trkpt>
			<trkpt lat="47.66881163695956" lon="20.762965709446263">
				<ele>96.06534809432924</ele>
				<time>2026-06-14T10:14:02Z</time>
			</trkpt>
			<trkpt lat="47.668807952094035" lon="20.76298756938989">
				<ele>95.80625144485384</ele>
				<time>2026-06-14T10:14:05Z</time>
			</trkpt>
			<trkpt lat="47.668801385611346" lon="20.763009315401895">
				<ele>93.86059096548706</ele>
				<time>2026-06-14T10:14:09Z</time>
			</trkpt>
			<trkpt lat="47.66879075877574" lon="20.76303315158496">
				<ele>92.58490267116576</ele>
				<time>2026-06-14T10:14:13Z</time>
			</trkpt>
			<trkpt lat="47.66877979250214" lon="20.76305910329836">
				<ele>92.87815775815398</ele>
				<time>2026-06-14T10:14:17Z</time>
			</trkpt>
			<trkpt lat="47.66876714879029" lon="20.763083300759032">
				<ele>92.28214854653925</ele>
				<time>2026-06-14T10:14:21Z</time>
			</trkpt>
			<trkpt lat="47.668754762145646" lon="20.76310552876713">
				<ele>92.14302739780396</ele>
				<time>2026-06-14T10:14:25Z</time>
			</trkpt>
			<trkpt lat="47.6687427136942" lon="20.763128146053404">
				<ele>91.98438877798617</ele>
				<time>2026-06-14T10:14:29Z</time>
			</trkpt>
			<trkpt lat="47.66872970162236" lon="20.76315249627576">
				<ele>90.80665857344866</ele>
				<time>2026-06-14T10:14:35Z</time>
			</trkpt>
			<trkpt lat="47.66871903331804" lon="20.763173942461847">
				<ele>91.05803303141147</ele>
				<time>2026-06-14T10:14:39Z</time>
			</trkpt>
			<trkpt lat="47.66870594739605" lon="20.763201683031753">
				<ele>92.16244983486831</ele>
				<time>2026-06-14T10:14:45Z</time>
			</trkpt>
			<trkpt lat="47.66869163347631" lon="20.763225433558937">
				<ele>92.72761781141162</ele>
				<time>2026-06-14T10:14:49Z</time>
			</trkpt>
			<trkpt lat="47.668675495423734" lon="20.763244786109823">
				<ele>93.16734984796494</ele>
				<time>2026-06-14T10:14:53Z</time>
			</trkpt>
			<trkpt lat="47.66865962107383" lon="20.763264676179723">
				<ele>94.38157539628446</ele>
				<time>2026-06-14T10:14:57Z</time>
			</trkpt>
			<trkpt lat="47.66864474502244" lon="20.763283642094393">
				<ele>94.39480894524604</ele>
				<time>2026-06-14T10:15:01Z</time>
			</trkpt>
			<trkpt lat="47.66863097960418" lon="20.76330151704198">
				<ele>95.1363141713664</ele>
				<time>2026-06-14T10:15:05Z</time>
			</trkpt>
			<trkpt lat="47.668612746388895" lon="20.76332288391195">
				<ele>95.18743141554296</ele>
				<time>2026-06-14T10:15:11Z</time>
			</trkpt>
			<trkpt lat="47.66858274004917" lon="20.763368758151188">
				<ele>96.51112085953355</ele>
				<time>2026-06-14T10:15:26Z</time>
			</trkpt>
			<trkpt lat="47.66860573088662" lon="20.763438070891997">
				<ele>90.69984086789191</ele>
				<time>2026-06-14T10:17:41Z</time>
			</trkpt>
			<trkpt lat="47.66860014983369" lon="20.76344825565848">
				<ele>90.61356160789728</ele>
				<time>2026-06-14T10:17:50Z</time>
			</trkpt>
			<trkpt lat="47.668588136489014" lon="20.763464512315522">
				<ele>89.76944071985781</ele>
				<time>2026-06-14T10:18:04Z</time>
			</trkpt>
			<trkpt lat="47.668575493414664" lon="20.76347587516636">
				<ele>90.68450255319476</ele>
				<time>2026-06-14T10:18:24Z</time>
			</trkpt>
			<trkpt lat="47.66856259614419" lon="20.763499306887">
				<ele>90.24405561573803</ele>
				<time>2026-06-14T10:18:52Z</time>
			</trkpt>
			<trkpt lat="47.66855380585012" lon="20.763513583181446">
				<ele>91.06306892819703</ele>
				<time>2026-06-14T10:19:19Z</time>
			</trkpt>
			<trkpt lat="47.66855081575129" lon="20.76353405860863">
				<ele>91.92149204853922</ele>
				<time>2026-06-14T10:19:27Z</time>
			</trkpt>
			<trkpt lat="47.66854499805773" lon="20.763564994113857">
				<ele>91.97164038475603</ele>
				<time>2026-06-14T10:19:40Z</time>
			</trkpt>
			<trkpt lat="47.6685276502488" lon="20.763625368686647">
				<ele>91.14073049183935</ele>
				<time>2026-06-14T10:20:11Z</time>
			</trkpt>
			<trkpt lat="47.668514826209325" lon="20.76363928746391">
				<ele>93.02425166033208</ele>
				<time>2026-06-14T10:20:40Z</time>
			</trkpt>
			<trkpt lat="47.668518844938816" lon="20.763615698383695">
				<ele>92.50885487813503</ele>
				<time>2026-06-14T10:20:51Z</time>
			</trkpt>
			<trkpt lat="47.66853158940065" lon="20.76363337357408">
				<ele>92.15252411458641</ele>
				<time>2026-06-14T10:21:49Z</time>
			</trkpt>
			<trkpt lat="47.668528018756206" lon="20.763639402366813">
				<ele>90.69277818407863</ele>
				<time>2026-06-14T10:22:16Z</time>
			</trkpt>
			<trkpt lat="47.668532521569084" lon="20.763665804292124">
				<ele>90.20379036758095</ele>
				<time>2026-06-14T10:25:48Z</time>
			</trkpt>
			<trkpt lat="47.668537317665795" lon="20.763693060928283">
				<ele>92.28400689736009</ele>
				<time>2026-06-14T10:27:11Z</time>
			</trkpt>
			<trkpt lat="47.6685537629899" lon="20.76370301051272">
				<ele>92.16885053738952</ele>
				<time>2026-06-14T10:27:41Z</time>
			</trkpt>
			<trkpt lat="47.6685689077244" lon="20.763699688712446">
				<ele>91.81548502203077</ele>
				<time>2026-06-14T10:27:50Z</time>
			</trkpt>
			<trkpt lat="47.66858732155549" lon="20.7636882105063">
				<ele>91.18256269954145</ele>
				<time>2026-06-14T10:28:05Z</time>
			</trkpt>
			<trkpt lat="47.66860175152438" lon="20.76366430192923">
				<ele>92.31140361633152</ele>
				<time>2026-06-14T10:28:45Z</time>
			</trkpt>
			<trkpt lat="47.668602449481604" lon="20.763690122397673">
				<ele>91.2699844641611</ele>
				<time>2026-06-14T10:30:03Z</time>
			</trkpt>
			<trkpt lat="47.66859816421415" lon="20.76371738450909">
				<ele>91.75297173205763</ele>
				<time>2026-06-14T10:30:33Z</time>
			</trkpt>
			<trkpt lat="47.668592193361384" lon="20.76373552084258">
				<ele>90.99989475216717</ele>
				<time>2026-06-14T10:30:40Z</time>
			</trkpt>
			<trkpt lat="47.66858138753041" lon="20.7637547106152">
				<ele>90.60881502274424</ele>
				<time>2026-06-14T10:30:46Z</time>
			</trkpt>
			<trkpt lat="47.66857025135775" lon="20.7637758345853">
				<ele>90.88975729513913</ele>
				<time>2026-06-14T10:30:51Z</time>
			</trkpt>
			<trkpt lat="47.66856069353382" lon="20.76379968729531">
				<ele>91.03179531916976</ele>
				<time>2026-06-14T10:30:56Z</time>
			</trkpt>
			<trkpt lat="47.66855124986446" lon="20.76382593250001">
				<ele>91.32464123144746</ele>
				<time>2026-06-14T10:31:02Z</time>
			</trkpt>
			<trkpt lat="47.66853833804031" lon="20.763851708637485">
				<ele>91.51865995302796</ele>
				<time>2026-06-14T10:31:09Z</time>
			</trkpt>
			<trkpt lat="47.66852411862976" lon="20.76387505589839">
				<ele>91.98456899169832</ele>
				<time>2026-06-14T10:31:16Z</time>
			</trkpt>
			<trkpt lat="47.66851100547725" lon="20.763897310959386">
				<ele>91.57690793648362</ele>
				<time>2026-06-14T10:31:22Z</time>
			</trkpt>
			<trkpt lat="47.66849858401047" lon="20.76391699629662">
				<ele>91.35673227533698</ele>
				<time>2026-06-14T10:31:28Z</time>
			</trkpt>
			<trkpt lat="47.66848604175093" lon="20.763938594808504">
				<ele>91.17635830957443</ele>
				<time>2026-06-14T10:31:34Z</time>
			</trkpt>
			<trkpt lat="47.66847472079608" lon="20.763960882675573">
				<ele>91.25414292793721</ele>
				<time>2026-06-14T10:31:40Z</time>
			</trkpt>
			<trkpt lat="47.66846256945698" lon="20.763979557180733">
				<ele>91.32161926943809</ele>
				<time>2026-06-14T10:31:44Z</time>
			</trkpt>
			<trkpt lat="47.668448189665035" lon="20.76399268810159">
				<ele>90.85005770623684</ele>
				<time>2026-06-14T10:31:48Z</time>
			</trkpt>
			<trkpt lat="47.66843197293874" lon="20.763997785215384">
				<ele>90.58657821454108</ele>
				<time>2026-06-14T10:31:51Z</time>
			</trkpt>
			<trkpt lat="47.668415339489314" lon="20.76399753707884">
				<ele>90.71635300293565</ele>
				<time>2026-06-14T10:31:54Z</time>
			</trkpt>
			<trkpt lat="47.66840112593962" lon="20.763992448959684">
				<ele>90.80878921505064</ele>
				<time>2026-06-14T10:31:56Z</time>
			</trkpt>
			<trkpt lat="47.66838414071955" lon="20.763985621569272">
				<ele>90.25208435021341</ele>
				<time>2026-06-14T10:31:59Z</time>
			</trkpt>
			<trkpt lat="47.66836556263741" lon="20.763978946206944">
				<ele>90.53517050109804</ele>
				<time>2026-06-14T10:32:02Z</time>
			</trkpt>
			<trkpt lat="47.6683466641461" lon="20.763972154348984">
				<ele>90.41824417561293</ele>
				<time>2026-06-14T10:32:05Z</time>
			</trkpt>
			<trkpt lat="47.66832704026936" lon="20.76396504284702">
				<ele>90.64800658728927</ele>
				<time>2026-06-14T10:32:08Z</time>
			</trkpt>
			<trkpt lat="47.668304795846396" lon="20.76395714289406">
				<ele>90.71535363886505</ele>
				<time>2026-06-14T10:32:12Z</time>
			</trkpt>
			<trkpt lat="47.66828428082854" lon="20.76394909671536">
				<ele>90.50600355677307</ele>
				<time>2026-06-14T10:32:16Z</time>
			</trkpt>
			<trkpt lat="47.66826712662875" lon="20.763940539338467">
				<ele>89.75735416635871</ele>
				<time>2026-06-14T10:32:19Z</time>
			</trkpt>
			<trkpt lat="47.668244491834976" lon="20.763931477079662">
				<ele>90.22707295697182</ele>
				<time>2026-06-14T10:32:23Z</time>
			</trkpt>
			<trkpt lat="47.66822357480235" lon="20.763922064324706">
				<ele>90.32271600421518</ele>
				<time>2026-06-14T10:32:26Z</time>
			</trkpt>
			<trkpt lat="47.6682033823626" lon="20.76391150143762">
				<ele>89.97206502221525</ele>
				<time>2026-06-14T10:32:29Z</time>
			</trkpt>
			<trkpt lat="47.668183608681176" lon="20.763901068838976">
				<ele>89.87914372421801</ele>
				<time>2026-06-14T10:32:32Z</time>
			</trkpt>
			<trkpt lat="47.66816560619529" lon="20.76388872649425">
				<ele>89.68466697540134</ele>
				<time>2026-06-14T10:32:35Z</time>
			</trkpt>
			<trkpt lat="47.668149015095764" lon="20.76387590042973">
				<ele>89.53887911420316</ele>
				<time>2026-06-14T10:32:38Z</time>
			</trkpt>
			<trkpt lat="47.668132439566094" lon="20.763862082908688">
				<ele>89.77873970754445</ele>
				<time>2026-06-14T10:32:41Z</time>
			</trkpt>
			<trkpt lat="47.6681173601499" lon="20.763850031641624">
				<ele>89.6893161488697</ele>
				<time>2026-06-14T10:32:43Z</time>
			</trkpt>
			<trkpt lat="47.66810275356975" lon="20.76383938069899">
				<ele>90.0022435663268</ele>
				<time>2026-06-14T10:32:45Z</time>
			</trkpt>
			<trkpt lat="47.668092231650796" lon="20.763826970476654">
				<ele>89.36873524263501</ele>
				<time>2026-06-14T10:32:46Z</time>
			</trkpt>
			<trkpt lat="47.66807919424306" lon="20.763814463130938">
				<ele>89.87592155858874</ele>
				<time>2026-06-14T10:32:48Z</time>
			</trkpt>
			<trkpt lat="47.66805743050876" lon="20.76379202240739">
				<ele>90.68458639737219</ele>
				<time>2026-06-14T10:32:50Z</time>
			</trkpt>
			<trkpt lat="47.668034414816134" lon="20.763767366257003">
				<ele>90.09390263259411</ele>
				<time>2026-06-14T10:32:53Z</time>
			</trkpt>
			<trkpt lat="47.66801321587417" lon="20.76374216825078">
				<ele>90.22284210007638</ele>
				<time>2026-06-14T10:32:55Z</time>
			</trkpt>
			<trkpt lat="47.667997002438184" lon="20.763723954361318">
				<ele>90.05546654108912</ele>
				<time>2026-06-14T10:32:57Z</time>
			</trkpt>
			<trkpt lat="47.66798486398099" lon="20.763712049896228">
				<ele>90.23895111959428</ele>
				<time>2026-06-14T10:32:59Z</time>
			</trkpt>
			<trkpt lat="47.66795538429416" lon="20.7636864845218">
				<ele>90.3051466178149</ele>
				<time>2026-06-14T10:33:02Z</time>
			</trkpt>
			<trkpt lat="47.667922409220424" lon="20.763650947377865">
				<ele>89.9505417784676</ele>
				<time>2026-06-14T10:33:05Z</time>
			</trkpt>
			<trkpt lat="47.66790705201537" lon="20.763633804576347">
				<ele>90.17042299732566</ele>
				<time>2026-06-14T10:33:07Z</time>
			</trkpt>
			<trkpt lat="47.66788776053244" lon="20.763608145405815">
				<ele>91.40084908995777</ele>
				<time>2026-06-14T10:33:09Z</time>
			</trkpt>
			<trkpt lat="47.66786487446272" lon="20.763589627797014">
				<ele>91.24786439351737</ele>
				<time>2026-06-14T10:33:11Z</time>
			</trkpt>
			<trkpt lat="47.66785095361225" lon="20.763579247590737">
				<ele>90.88938009459525</ele>
				<time>2026-06-14T10:33:13Z</time>
			</trkpt>
			<trkpt lat="47.66783169281981" lon="20.763565790230512">
				<ele>91.01309027522802</ele>
				<time>2026-06-14T10:33:15Z</time>
			</trkpt>
			<trkpt lat="47.66780302775055" lon="20.763549257320317">
				<ele>92.25805051252246</ele>
				<time>2026-06-14T10:33:17Z</time>
			</trkpt>
			<trkpt lat="47.66777068741209" lon="20.76353664059875">
				<ele>93.01045315992087</ele>
				<time>2026-06-14T10:33:19Z</time>
			</trkpt>
			<trkpt lat="47.66774079966391" lon="20.76353179924232">
				<ele>93.16987031605095</ele>
				<time>2026-06-14T10:33:21Z</time>
			</trkpt>
			<trkpt lat="47.66771351730961" lon="20.763524933283847">
				<ele>92.24783008359373</ele>
				<time>2026-06-14T10:33:23Z</time>
			</trkpt>
			<trkpt lat="47.66769696423273" lon="20.763526183651088">
				<ele>92.28732372634113</ele>
				<time>2026-06-14T10:33:24Z</time>
			</trkpt>
			<trkpt lat="47.66766879915519" lon="20.76351416348884">
				<ele>92.60440008156002</ele>
				<time>2026-06-14T10:33:26Z</time>
			</trkpt>
			<trkpt lat="47.66764116529509" lon="20.76350329018346">
				<ele>91.85881329886615</ele>
				<time>2026-06-14T10:33:28Z</time>
			</trkpt>
			<trkpt lat="47.667626727840485" lon="20.763508803654883">
				<ele>92.20905194338411</ele>
				<time>2026-06-14T10:33:29Z</time>
			</trkpt>
			<trkpt lat="47.66759921483389" lon="20.76351174620493">
				<ele>91.94639319460839</ele>
				<time>2026-06-14T10:33:31Z</time>
			</trkpt>
			<trkpt lat="47.667573911817165" lon="20.76351009507467">
				<ele>91.50648380070925</ele>
				<time>2026-06-14T10:33:33Z</time>
			</trkpt>
			<trkpt lat="47.667551675470165" lon="20.763509002261127">
				<ele>90.71400067117065</ele>
				<time>2026-06-14T10:33:35Z</time>
			</trkpt>
			<trkpt lat="47.66753748461352" lon="20.763505472034602">
				<ele>91.3281280901283</ele>
				<time>2026-06-14T10:33:36Z</time>
			</trkpt>
			<trkpt lat="47.667505106751435" lon="20.76350065229766">
				<ele>91.36530155222863</ele>
				<time>2026-06-14T10:33:38Z</time>
			</trkpt>
			<trkpt lat="47.66747578612336" lon="20.763492393618627">
				<ele>91.35852008964866</ele>
				<time>2026-06-14T10:33:40Z</time>
			</trkpt>
			<trkpt lat="47.66746318716749" lon="20.76347891757839">
				<ele>90.30137360654771</ele>
				<time>2026-06-14T10:33:41Z</time>
			</trkpt>
			<trkpt lat="47.66743607779005" lon="20.763458112644695">
				<ele>90.37197952531278</ele>
				<time>2026-06-14T10:33:43Z</time>
			</trkpt>
			<trkpt lat="47.66740341655993" lon="20.763441506666226">
				<ele>90.68956839200109</ele>
				<time>2026-06-14T10:33:45Z</time>
			</trkpt>
			<trkpt lat="47.66736264656809" lon="20.76341502960427">
				<ele>90.57330303359777</ele>
				<time>2026-06-14T10:33:48Z</time>
			</trkpt>
			<trkpt lat="47.667338443095325" lon="20.763397191990517">
				<ele>90.558662452735</ele>
				<time>2026-06-14T10:33:50Z</time>
			</trkpt>
			<trkpt lat="47.667322735027675" lon="20.763394318036926">
				<ele>91.29311979748309</ele>
				<time>2026-06-14T10:33:51Z</time>
			</trkpt>
			<trkpt lat="47.66729926770697" lon="20.76337685260436">
				<ele>90.71115315519273</ele>
				<time>2026-06-14T10:33:53Z</time>
			</trkpt>
			<trkpt lat="47.66727973631083" lon="20.7633594517796">
				<ele>90.5637738481164</ele>
				<time>2026-06-14T10:33:55Z</time>
			</trkpt>
			<trkpt lat="47.66725902920476" lon="20.763343892564585">
				<ele>90.61583162005991</ele>
				<time>2026-06-14T10:33:57Z</time>
			</trkpt>
			<trkpt lat="47.66723680881593" lon="20.763328860539506">
				<ele>90.64161689672619</ele>
				<time>2026-06-14T10:33:59Z</time>
			</trkpt>
			<trkpt lat="47.66721180087716" lon="20.76331550689554">
				<ele>90.8252096073702</ele>
				<time>2026-06-14T10:34:01Z</time>
			</trkpt>
			<trkpt lat="47.66718789726989" lon="20.763300808192817">
				<ele>90.87050535157323</ele>
				<time>2026-06-14T10:34:03Z</time>
			</trkpt>
			<trkpt lat="47.6671639480888" lon="20.763283721783647">
				<ele>90.76941691432148</ele>
				<time>2026-06-14T10:34:05Z</time>
			</trkpt>
			<trkpt lat="47.66714353754279" lon="20.763269034488683">
				<ele>91.71973885782063</ele>
				<time>2026-06-14T10:34:07Z</time>
			</trkpt>
			<trkpt lat="47.667129504456355" lon="20.76325927880174">
				<ele>90.9997003460303</ele>
				<time>2026-06-14T10:34:08Z</time>
			</trkpt>
			<trkpt lat="47.66710649154469" lon="20.76324260134465">
				<ele>92.31322582252324</ele>
				<time>2026-06-14T10:34:10Z</time>
			</trkpt>
			<trkpt lat="47.667079841443204" lon="20.763230728454143">
				<ele>91.42288584169</ele>
				<time>2026-06-14T10:34:12Z</time>
			</trkpt>
			<trkpt lat="47.66705434501003" lon="20.763218409663253">
				<ele>91.75383361894637</ele>
				<time>2026-06-14T10:34:14Z</time>
			</trkpt>
			<trkpt lat="47.667028748146635" lon="20.763211323058687">
				<ele>91.50004703458399</ele>
				<time>2026-06-14T10:34:16Z</time>
			</trkpt>
			<trkpt lat="47.667001719402855" lon="20.763209549060957">
				<ele>91.21916541550308</ele>
				<time>2026-06-14T10:34:18Z</time>
			</trkpt>
			<trkpt lat="47.66696980287676" lon="20.76320420312734">
				<ele>91.56676830351353</ele>
				<time>2026-06-14T10:34:20Z</time>
			</trkpt>
			<trkpt lat="47.66694075806194" lon="20.763194235997762">
				<ele>92.83107235934585</ele>
				<time>2026-06-14T10:34:22Z</time>
			</trkpt>
			<trkpt lat="47.66691662803345" lon="20.76319587554465">
				<ele>91.2088010944426</ele>
				<time>2026-06-14T10:34:24Z</time>
			</trkpt>
			<trkpt lat="47.666889125908334" lon="20.76319443136114">
				<ele>92.14160949923098</ele>
				<time>2026-06-14T10:34:26Z</time>
			</trkpt>
			<trkpt lat="47.666860556541884" lon="20.76318420633608">
				<ele>92.1087434021756</ele>
				<time>2026-06-14T10:34:28Z</time>
			</trkpt>
			<trkpt lat="47.666833616410656" lon="20.763168497468783">
				<ele>91.36585190799087</ele>
				<time>2026-06-14T10:34:30Z</time>
			</trkpt>
			<trkpt lat="47.666806439253065" lon="20.763149466445395">
				<ele>90.71007517538965</ele>
				<time>2026-06-14T10:34:32Z</time>
			</trkpt>
			<trkpt lat="47.66677897067524" lon="20.76313528312862">
				<ele>91.26204363070428</ele>
				<time>2026-06-14T10:34:34Z</time>
			</trkpt>
			<trkpt lat="47.6667535652588" lon="20.76312560920988">
				<ele>91.22970025800169</ele>
				<time>2026-06-14T10:34:36Z</time>
			</trkpt>
			<trkpt lat="47.666727761850446" lon="20.763116814259664">
				<ele>91.14402840007097</ele>
				<time>2026-06-14T10:34:38Z</time>
			</trkpt>
			<trkpt lat="47.666711771796464" lon="20.763117852024205">
				<ele>92.07805225253105</ele>
				<time>2026-06-14T10:34:39Z</time>
			</trkpt>
			<trkpt lat="47.66668263328313" lon="20.763116981817696">
				<ele>92.73878366872668</ele>
				<time>2026-06-14T10:34:41Z</time>
			</trkpt>
			<trkpt lat="47.66665241151588" lon="20.7631143474598">
				<ele>92.72985370457172</ele>
				<time>2026-06-14T10:34:43Z</time>
			</trkpt>
			<trkpt lat="47.666622803975436" lon="20.763107786345923">
				<ele>92.09604075178504</ele>
				<time>2026-06-14T10:34:45Z</time>
			</trkpt>
			<trkpt lat="47.666607213471245" lon="20.7631006831723">
				<ele>91.5631061932072</ele>
				<time>2026-06-14T10:34:46Z</time>
			</trkpt>
			<trkpt lat="47.66657680778855" lon="20.763088324230544">
				<ele>91.1625635009259</ele>
				<time>2026-06-14T10:34:48Z</time>
			</trkpt>
			<trkpt lat="47.666546911015665" lon="20.763075762543448">
				<ele>91.07428253162652</ele>
				<time>2026-06-14T10:34:50Z</time>
			</trkpt>
			<trkpt lat="47.66652299691613" lon="20.763063504598897">
				<ele>91.2886513536796</ele>
				<time>2026-06-14T10:34:52Z</time>
			</trkpt>
			<trkpt lat="47.6665091339997" lon="20.763056433989433">
				<ele>91.09871848672628</ele>
				<time>2026-06-14T10:34:53Z</time>
			</trkpt>
			<trkpt lat="47.66648061963949" lon="20.763048479286937">
				<ele>90.94605755619705</ele>
				<time>2026-06-14T10:34:55Z</time>
			</trkpt>
			<trkpt lat="47.66645198482823" lon="20.76304343131557">
				<ele>90.86570060625672</ele>
				<time>2026-06-14T10:34:57Z</time>
			</trkpt>
			<trkpt lat="47.666430186182005" lon="20.763030937599712">
				<ele>89.75809898879379</ele>
				<time>2026-06-14T10:34:59Z</time>
			</trkpt>
			<trkpt lat="47.66640457466278" lon="20.76301466987803">
				<ele>89.45545691344887</ele>
				<time>2026-06-14T10:35:01Z</time>
			</trkpt>
			<trkpt lat="47.666374914209655" lon="20.763001554522308">
				<ele>89.58996208477765</ele>
				<time>2026-06-14T10:35:03Z</time>
			</trkpt>
			<trkpt lat="47.666347632608414" lon="20.76298426963965">
				<ele>89.13607870321721</ele>
				<time>2026-06-14T10:35:05Z</time>
			</trkpt>
			<trkpt lat="47.66632221003185" lon="20.762969022619806">
				<ele>89.3608363987878</ele>
				<time>2026-06-14T10:35:07Z</time>
			</trkpt>
			<trkpt lat="47.66629607370319" lon="20.76295560185389">
				<ele>89.20135305728763</ele>
				<time>2026-06-14T10:35:09Z</time>
			</trkpt>
			<trkpt lat="47.66627162667572" lon="20.762943074381017">
				<ele>89.88677744287997</ele>
				<time>2026-06-14T10:35:11Z</time>
			</trkpt>
			<trkpt lat="47.66624597553635" lon="20.762925846498174">
				<ele>89.69933277182281</ele>
				<time>2026-06-14T10:35:13Z</time>
			</trkpt>
			<trkpt lat="47.66622141829701" lon="20.762915783505314">
				<ele>90.60280625708401</ele>
				<time>2026-06-14T10:35:15Z</time>
			</trkpt>
			<trkpt lat="47.66620725567651" lon="20.762910636847668">
				<ele>91.58111629076302</ele>
				<time>2026-06-14T10:35:16Z</time>
			</trkpt>
			<trkpt lat="47.66616976679035" lon="20.76289141696718">
				<ele>91.71007831674069</ele>
				<time>2026-06-14T10:35:18Z</time>
			</trkpt>
			<trkpt lat="47.66612313858342" lon="20.76288520595177">
				<ele>91.251952056773</ele>
				<time>2026-06-14T10:35:21Z</time>
			</trkpt>
			<trkpt lat="47.66611292530009" lon="20.762880002431515">
				<ele>91.79742112755775</ele>
				<time>2026-06-14T10:35:22Z</time>
			</trkpt>
			<trkpt lat="47.66609806194639" lon="20.762881213007972">
				<ele>91.52156927529722</ele>
				<time>2026-06-14T10:35:23Z</time>
			</trkpt>
			<trkpt lat="47.66606709077985" lon="20.76288088457746">
				<ele>90.70504641719162</ele>
				<time>2026-06-14T10:35:25Z</time>
			</trkpt>
			<trkpt lat="47.66603657757807" lon="20.76287597500083">
				<ele>91.1360929692164</ele>
				<time>2026-06-14T10:35:27Z</time>
			</trkpt>
			<trkpt lat="47.66600590855662" lon="20.76286574713202">
				<ele>91.48528013471514</ele>
				<time>2026-06-14T10:35:29Z</time>
			</trkpt>
			<trkpt lat="47.66597431714747" lon="20.762869808964417">
				<ele>91.06477401778102</ele>
				<time>2026-06-14T10:35:31Z</time>
			</trkpt>
			<trkpt lat="47.665945983121084" lon="20.76286934518033">
				<ele>90.64813628885895</ele>
				<time>2026-06-14T10:35:33Z</time>
			</trkpt>
			<trkpt lat="47.665916629742846" lon="20.762866062768534">
				<ele>90.69617766421288</ele>
				<time>2026-06-14T10:35:35Z</time>
			</trkpt>
			<trkpt lat="47.665890763739604" lon="20.762868281435097">
				<ele>90.45361525006592</ele>
				<time>2026-06-14T10:35:37Z</time>
			</trkpt>
			<trkpt lat="47.66586346447033" lon="20.762864641332737">
				<ele>89.80648396164179</ele>
				<time>2026-06-14T10:35:39Z</time>
			</trkpt>
			<trkpt lat="47.66583342414547" lon="20.76285593743214">
				<ele>89.08384405914694</ele>
				<time>2026-06-14T10:35:41Z</time>
			</trkpt>
			<trkpt lat="47.66580906034167" lon="20.76285287085126">
				<ele>89.00971068162471</ele>
				<time>2026-06-14T10:35:43Z</time>
			</trkpt>
			<trkpt lat="47.6657942680473" lon="20.762854389481678">
				<ele>89.16649287100881</ele>
				<time>2026-06-14T10:35:44Z</time>
			</trkpt>
			<trkpt lat="47.66576841020421" lon="20.762848449260435">
				<ele>88.69098967313766</ele>
				<time>2026-06-14T10:35:46Z</time>
			</trkpt>
			<trkpt lat="47.66575276114563" lon="20.76284598852236">
				<ele>88.6088432725519</ele>
				<time>2026-06-14T10:35:47Z</time>
			</trkpt>
			<trkpt lat="47.665723845826655" lon="20.76283878812114">
				<ele>88.4201167523861</ele>
				<time>2026-06-14T10:35:49Z</time>
			</trkpt>
			<trkpt lat="47.66569254747853" lon="20.762826179556296">
				<ele>88.26808441709727</ele>
				<time>2026-06-14T10:35:51Z</time>
			</trkpt>
			<trkpt lat="47.66566384600257" lon="20.762815037474123">
				<ele>88.4118294371292</ele>
				<time>2026-06-14T10:35:53Z</time>
			</trkpt>
			<trkpt lat="47.66563546179075" lon="20.762804756215413">
				<ele>88.7394234193489</ele>
				<time>2026-06-14T10:35:55Z</time>
			</trkpt>
			<trkpt lat="47.66560920078688" lon="20.762793051344484">
				<ele>88.64901207014918</ele>
				<time>2026-06-14T10:35:57Z</time>
			</trkpt>
			<trkpt lat="47.66558431330052" lon="20.76278735862816">
				<ele>88.29644307866693</ele>
				<time>2026-06-14T10:35:59Z</time>
			</trkpt>
			<trkpt lat="47.66555883120832" lon="20.76278115804428">
				<ele>90.10863725934178</ele>
				<time>2026-06-14T10:36:01Z</time>
			</trkpt>
			<trkpt lat="47.66552969910921" lon="20.7627945948474">
				<ele>90.84384240582585</ele>
				<time>2026-06-14T10:36:03Z</time>
			</trkpt>
			<trkpt lat="47.6655003429823" lon="20.762806988609505">
				<ele>91.14715042989701</ele>
				<time>2026-06-14T10:36:05Z</time>
			</trkpt>
			<trkpt lat="47.66547156414562" lon="20.762805322128557">
				<ele>91.42933108005673</ele>
				<time>2026-06-14T10:36:07Z</time>
			</trkpt>
			<trkpt lat="47.66543951060879" lon="20.762802270107166">
				<ele>91.2385782469064</ele>
				<time>2026-06-14T10:36:09Z</time>
			</trkpt>
			<trkpt lat="47.665409927335624" lon="20.7628006814051">
				<ele>92.71726779919118</ele>
				<time>2026-06-14T10:36:11Z</time>
			</trkpt>
			<trkpt lat="47.66538376874733" lon="20.76280841791959">
				<ele>92.19397145230323</ele>
				<time>2026-06-14T10:36:13Z</time>
			</trkpt>
			<trkpt lat="47.66535580057128" lon="20.762813817602453">
				<ele>91.73091548681259</ele>
				<time>2026-06-14T10:36:15Z</time>
			</trkpt>
			<trkpt lat="47.665334259528045" lon="20.762823454844202">
				<ele>91.76040675956756</ele>
				<time>2026-06-14T10:36:17Z</time>
			</trkpt>
			<trkpt lat="47.66530742604206" lon="20.762827233800554">
				<ele>91.42765125539154</ele>
				<time>2026-06-14T10:36:19Z</time>
			</trkpt>
			<trkpt lat="47.66529076985394" lon="20.762825770182193">
				<ele>90.66118325386196</ele>
				<time>2026-06-14T10:36:20Z</time>
			</trkpt>
			<trkpt lat="47.66525964447113" lon="20.762823065579752">
				<ele>89.6838510343805</ele>
				<time>2026-06-14T10:36:22Z</time>
			</trkpt>
			<trkpt lat="47.66523068613277" lon="20.762818898220118">
				<ele>89.39448037464172</ele>
				<time>2026-06-14T10:36:24Z</time>
			</trkpt>
			<trkpt lat="47.66520379505423" lon="20.762817901392012">
				<ele>89.568071375601</ele>
				<time>2026-06-14T10:36:26Z</time>
			</trkpt>
			<trkpt lat="47.665173529461626" lon="20.76281481554646">
				<ele>89.48404579795897</ele>
				<time>2026-06-14T10:36:28Z</time>
			</trkpt>
			<trkpt lat="47.66514157164148" lon="20.762813396368482">
				<ele>89.05587310809642</ele>
				<time>2026-06-14T10:36:30Z</time>
			</trkpt>
			<trkpt lat="47.66510970180323" lon="20.762811984722152">
				<ele>89.28108825534582</ele>
				<time>2026-06-14T10:36:32Z</time>
			</trkpt>
			<trkpt lat="47.66507881394779" lon="20.76281208250818">
				<ele>89.10471719503403</ele>
				<time>2026-06-14T10:36:34Z</time>
			</trkpt>
			<trkpt lat="47.66505105850408" lon="20.762809736187524">
				<ele>88.87023614533246</ele>
				<time>2026-06-14T10:36:36Z</time>
			</trkpt>
			<trkpt lat="47.66503503261959" lon="20.762803933707154">
				<ele>88.66602133959532</ele>
				<time>2026-06-14T10:36:37Z</time>
			</trkpt>
			<trkpt lat="47.665004290790876" lon="20.76280169227965">
				<ele>89.4948096005246</ele>
				<time>2026-06-14T10:36:39Z</time>
			</trkpt>
			<trkpt lat="47.664973829366616" lon="20.762802336925095">
				<ele>89.07138841226697</ele>
				<time>2026-06-14T10:36:41Z</time>
			</trkpt>
			<trkpt lat="47.664947105813106" lon="20.762802030310613">
				<ele>88.89400248136371</ele>
				<time>2026-06-14T10:36:43Z</time>
			</trkpt>
			<trkpt lat="47.66492037751663" lon="20.762805390669516">
				<ele>89.6250315932557</ele>
				<time>2026-06-14T10:36:45Z</time>
			</trkpt>
			<trkpt lat="47.66489775261584" lon="20.762807922749207">
				<ele>89.73636321816593</ele>
				<time>2026-06-14T10:36:47Z</time>
			</trkpt>
			<trkpt lat="47.66487577789849" lon="20.76280088058671">
				<ele>89.3788812700659</ele>
				<time>2026-06-14T10:36:49Z</time>
			</trkpt>
			<trkpt lat="47.664848667410126" lon="20.762795331410565">
				<ele>89.29305769689381</ele>
				<time>2026-06-14T10:36:51Z</time>
			</trkpt>
			<trkpt lat="47.6648202322054" lon="20.762789567193156">
				<ele>89.38875219132751</ele>
				<time>2026-06-14T10:36:53Z</time>
			</trkpt>
			<trkpt lat="47.6647894469463" lon="20.762791390656478">
				<ele>89.77567067928612</ele>
				<time>2026-06-14T10:36:55Z</time>
			</trkpt>
			<trkpt lat="47.66476226639769" lon="20.762790625146526">
				<ele>89.43193575646728</ele>
				<time>2026-06-14T10:36:57Z</time>
			</trkpt>
			<trkpt lat="47.6647322384267" lon="20.762787527715947">
				<ele>89.83856127317995</ele>
				<time>2026-06-14T10:36:59Z</time>
			</trkpt>
			<trkpt lat="47.66470389733359" lon="20.762783148167795">
				<ele>90.23868729919195</ele>
				<time>2026-06-14T10:37:01Z</time>
			</trkpt>
			<trkpt lat="47.6646866721912" lon="20.762776409736677">
				<ele>90.5245413472876</ele>
				<time>2026-06-14T10:37:02Z</time>
			</trkpt>
			<trkpt lat="47.664658986266836" lon="20.762765446654633">
				<ele>90.91039025317878</ele>
				<time>2026-06-14T10:37:04Z</time>
			</trkpt>
			<trkpt lat="47.66463224962466" lon="20.762757760990446">
				<ele>90.86180660128593</ele>
				<time>2026-06-14T10:37:06Z</time>
			</trkpt>
			<trkpt lat="47.66460425761585" lon="20.76275593548094">
				<ele>91.44343573786318</ele>
				<time>2026-06-14T10:37:08Z</time>
			</trkpt>
			<trkpt lat="47.66458097280547" lon="20.762779123169366">
				<ele>89.94229181762785</ele>
				<time>2026-06-14T10:37:10Z</time>
			</trkpt>
			<trkpt lat="47.664544438217206" lon="20.762788852173642">
				<ele>90.53915446158499</ele>
				<time>2026-06-14T10:37:13Z</time>
			</trkpt>
			<trkpt lat="47.6645204578074" lon="20.762790076436374">
				<ele>91.03132556937635</ele>
				<time>2026-06-14T10:37:15Z</time>
			</trkpt>
			<trkpt lat="47.66450573854247" lon="20.76279914643364">
				<ele>91.54348248522729</ele>
				<time>2026-06-14T10:37:16Z</time>
			</trkpt>
			<trkpt lat="47.664478872979075" lon="20.762811078347536">
				<ele>91.44144813995808</ele>
				<time>2026-06-14T10:37:18Z</time>
			</trkpt>
			<trkpt lat="47.66445333501756" lon="20.762817263556055">
				<ele>90.80134800914675</ele>
				<time>2026-06-14T10:37:20Z</time>
			</trkpt>
			<trkpt lat="47.664439637127686" lon="20.762820087104227">
				<ele>90.50769266672432</ele>
				<time>2026-06-14T10:37:22Z</time>
			</trkpt>
			<trkpt lat="47.664424526522275" lon="20.762824850954612">
				<ele>90.70021516270936</ele>
				<time>2026-06-14T10:37:23Z</time>
			</trkpt>
			<trkpt lat="47.6643991443749" lon="20.762834153710592">
				<ele>90.67485100217164</ele>
				<time>2026-06-14T10:37:25Z</time>
			</trkpt>
			<trkpt lat="47.66437299546703" lon="20.76283896463069">
				<ele>90.22984425537288</ele>
				<time>2026-06-14T10:37:27Z</time>
			</trkpt>
			<trkpt lat="47.66434711591022" lon="20.76284246204085">
				<ele>90.1210790835321</ele>
				<time>2026-06-14T10:37:29Z</time>
			</trkpt>
			<trkpt lat="47.66431223952712" lon="20.762849856672172">
				<ele>90.24306195415556</ele>
				<time>2026-06-14T10:37:32Z</time>
			</trkpt>
			<trkpt lat="47.66429555761038" lon="20.76286937473823">
				<ele>90.35806137137115</ele>
				<time>2026-06-14T10:37:34Z</time>
			</trkpt>
			<trkpt lat="47.66427584297102" lon="20.76288307265899">
				<ele>90.8587451595813</ele>
				<time>2026-06-14T10:37:36Z</time>
			</trkpt>
			<trkpt lat="47.664240758101776" lon="20.762903772013967">
				<ele>91.24443328287452</ele>
				<time>2026-06-14T10:37:39Z</time>
			</trkpt>
			<trkpt lat="47.664206427594586" lon="20.762920262115113">
				<ele>91.26965420506895</ele>
				<time>2026-06-14T10:37:42Z</time>
			</trkpt>
			<trkpt lat="47.66418296777844" lon="20.762930646860532">
				<ele>91.3804542152211</ele>
				<time>2026-06-14T10:37:44Z</time>
			</trkpt>
			<trkpt lat="47.664161683393004" lon="20.762939328729214">
				<ele>90.69467726908624</ele>
				<time>2026-06-14T10:37:46Z</time>
			</trkpt>
			<trkpt lat="47.664151173708774" lon="20.76294341873359">
				<ele>90.68658729083836</ele>
				<time>2026-06-14T10:37:48Z</time>
			</trkpt>
			<trkpt lat="47.66413711603961" lon="20.762947943443326">
				<ele>91.33069515693933</ele>
				<time>2026-06-14T10:37:49Z</time>
			</trkpt>
			<trkpt lat="47.6641122695063" lon="20.762953549225475">
				<ele>90.54504523705691</ele>
				<time>2026-06-14T10:37:51Z</time>
			</trkpt>
			<trkpt lat="47.66408695333428" lon="20.762958794404007">
				<ele>90.92023664433509</ele>
				<time>2026-06-14T10:37:53Z</time>
			</trkpt>
			<trkpt lat="47.66407184553251" lon="20.76297030770986">
				<ele>91.44940132368356</ele>
				<time>2026-06-14T10:37:54Z</time>
			</trkpt>
			<trkpt lat="47.664044973580445" lon="20.762981869891505">
				<ele>91.17301648575813</ele>
				<time>2026-06-14T10:37:56Z</time>
			</trkpt>
			<trkpt lat="47.66402062965231" lon="20.76298932471057">
				<ele>91.07579194195569</ele>
				<time>2026-06-14T10:37:58Z</time>
			</trkpt>
			<trkpt lat="47.663999166392685" lon="20.762994823740073">
				<ele>90.93312165793031</ele>
				<time>2026-06-14T10:38:00Z</time>
			</trkpt>
			<trkpt lat="47.66397487037941" lon="20.763009045258144">
				<ele>89.05869370512664</ele>
				<time>2026-06-14T10:38:02Z</time>
			</trkpt>
			<trkpt lat="47.66394138300474" lon="20.763025739507118">
				<ele>90.56378206145018</ele>
				<time>2026-06-14T10:38:05Z</time>
			</trkpt>
			<trkpt lat="47.66392222888835" lon="20.763027599347804">
				<ele>89.89637122303247</ele>
				<time>2026-06-14T10:38:07Z</time>
			</trkpt>
			<trkpt lat="47.66390325858923" lon="20.76302789026914">
				<ele>89.63712829910219</ele>
				<time>2026-06-14T10:38:09Z</time>
			</trkpt>
			<trkpt lat="47.6638919642094" lon="20.763028437624392">
				<ele>89.6153381690383</ele>
				<time>2026-06-14T10:38:11Z</time>
			</trkpt>
			<trkpt lat="47.663877125885385" lon="20.763030743891814">
				<ele>90.21426020096987</ele>
				<time>2026-06-14T10:38:12Z</time>
			</trkpt>
			<trkpt lat="47.66384888677545" lon="20.763035173469667">
				<ele>90.20660218037665</ele>
				<time>2026-06-14T10:38:14Z</time>
			</trkpt>
			<trkpt lat="47.66382075075534" lon="20.763036817496342">
				<ele>89.94933591969311</ele>
				<time>2026-06-14T10:38:16Z</time>
			</trkpt>
			<trkpt lat="47.663797645847424" lon="20.763042001924635">
				<ele>89.59446622431278</ele>
				<time>2026-06-14T10:38:18Z</time>
			</trkpt>
			<trkpt lat="47.663784209376914" lon="20.763046144378407">
				<ele>89.91940285172313</ele>
				<time>2026-06-14T10:38:20Z</time>
			</trkpt>
			<trkpt lat="47.66376437390104" lon="20.76305091008503">
				<ele>90.7573864031583</ele>
				<time>2026-06-14T10:38:22Z</time>
			</trkpt>
			<trkpt lat="47.66373044491679" lon="20.763058114882025">
				<ele>90.08133155666292</ele>
				<time>2026-06-14T10:38:25Z</time>
			</trkpt>
			<trkpt lat="47.66370689526962" lon="20.7630610719815">
				<ele>90.50785546191037</ele>
				<time>2026-06-14T10:38:27Z</time>
			</trkpt>
			<trkpt lat="47.663683133772786" lon="20.76306563686836">
				<ele>90.73357154522091</ele>
				<time>2026-06-14T10:38:29Z</time>
			</trkpt>
			<trkpt lat="47.66365832157779" lon="20.763066001342985">
				<ele>90.28380606044084</ele>
				<time>2026-06-14T10:38:31Z</time>
			</trkpt>
			<trkpt lat="47.66363290920398" lon="20.76307506382025">
				<ele>90.72986305877566</ele>
				<time>2026-06-14T10:38:33Z</time>
			</trkpt>
			<trkpt lat="47.663609404846994" lon="20.76308164792725">
				<ele>89.60267333779484</ele>
				<time>2026-06-14T10:38:35Z</time>
			</trkpt>
			<trkpt lat="47.66358313502092" lon="20.7630877776843">
				<ele>90.4088847655803</ele>
				<time>2026-06-14T10:38:37Z</time>
			</trkpt>
			<trkpt lat="47.663550536422356" lon="20.76309862952783">
				<ele>89.85930659342557</ele>
				<time>2026-06-14T10:38:40Z</time>
			</trkpt>
			<trkpt lat="47.663535671371044" lon="20.76310944674163">
				<ele>89.64043892826885</ele>
				<time>2026-06-14T10:38:43Z</time>
			</trkpt>
			<trkpt lat="47.66351910322074" lon="20.763125637391113">
				<ele>90.06605991628021</ele>
				<time>2026-06-14T10:38:45Z</time>
			</trkpt>
			<trkpt lat="47.66350651991947" lon="20.763135535166015">
				<ele>90.10354759823531</ele>
				<time>2026-06-14T10:38:47Z</time>
			</trkpt>
			<trkpt lat="47.663497009957275" lon="20.763142548727817">
				<ele>91.40964341908693</ele>
				<time>2026-06-14T10:38:49Z</time>
			</trkpt>
			<trkpt lat="47.663478766417825" lon="20.763157830865623">
				<ele>90.62207642197609</ele>
				<time>2026-06-14T10:38:51Z</time>
			</trkpt>
			<trkpt lat="47.66345777923014" lon="20.763175498616725">
				<ele>92.18038179725409</ele>
				<time>2026-06-14T10:38:53Z</time>
			</trkpt>
			<trkpt lat="47.66343341774158" lon="20.763192610288396">
				<ele>91.14095850754529</ele>
				<time>2026-06-14T10:38:55Z</time>
			</trkpt>
			<trkpt lat="47.66341914388413" lon="20.763204249566062">
				<ele>90.69957147352397</ele>
				<time>2026-06-14T10:38:57Z</time>
			</trkpt>
			<trkpt lat="47.66339757994574" lon="20.76321378733072">
				<ele>90.63016797974706</ele>
				<time>2026-06-14T10:38:59Z</time>
			</trkpt>
			<trkpt lat="47.663368855658554" lon="20.76322292788366">
				<ele>91.0161043126136</ele>
				<time>2026-06-14T10:39:01Z</time>
			</trkpt>
			<trkpt lat="47.66334224030397" lon="20.763226995218275">
				<ele>90.4804323753342</ele>
				<time>2026-06-14T10:39:03Z</time>
			</trkpt>
			<trkpt lat="47.66331869505819" lon="20.763229668223776">
				<ele>89.91000655014068</ele>
				<time>2026-06-14T10:39:05Z</time>
			</trkpt>
			<trkpt lat="47.66329066886747" lon="20.763227899527482">
				<ele>91.94463518448174</ele>
				<time>2026-06-14T10:39:07Z</time>
			</trkpt>
			<trkpt lat="47.663255818191104" lon="20.763235268411865">
				<ele>91.25564189441502</ele>
				<time>2026-06-14T10:39:10Z</time>
			</trkpt>
			<trkpt lat="47.663234193933796" lon="20.763243025863005">
				<ele>91.06537693925202</ele>
				<time>2026-06-14T10:39:12Z</time>
			</trkpt>
			<trkpt lat="47.663212996659716" lon="20.7632554288473">
				<ele>92.25712252873927</ele>
				<time>2026-06-14T10:39:14Z</time>
			</trkpt>
			<trkpt lat="47.66319307400041" lon="20.76327042622743">
				<ele>92.7004584344104</ele>
				<time>2026-06-14T10:39:16Z</time>
			</trkpt>
			<trkpt lat="47.6631820387862" lon="20.763280985742686">
				<ele>91.96951426099986</ele>
				<time>2026-06-14T10:39:18Z</time>
			</trkpt>
			<trkpt lat="47.663166167681425" lon="20.763294999483993">
				<ele>91.83117626793683</ele>
				<time>2026-06-14T10:39:20Z</time>
			</trkpt>
			<trkpt lat="47.663153956599295" lon="20.763305013996643">
				<ele>91.96415045578033</ele>
				<time>2026-06-14T10:39:22Z</time>
			</trkpt>
			<trkpt lat="47.66313718041885" lon="20.76332003289558">
				<ele>91.94669787772</ele>
				<time>2026-06-14T10:39:24Z</time>
			</trkpt>
			<trkpt lat="47.66312368730696" lon="20.763330464302484">
				<ele>91.29470593482256</ele>
				<time>2026-06-14T10:39:26Z</time>
			</trkpt>
			<trkpt lat="47.66311355703974" lon="20.763337472080796">
				<ele>90.57195746060461</ele>
				<time>2026-06-14T10:39:28Z</time>
			</trkpt>
			<trkpt lat="47.663092187964914" lon="20.763351738325486">
				<ele>91.24390435032547</ele>
				<time>2026-06-14T10:39:30Z</time>
			</trkpt>
			<trkpt lat="47.663069148731445" lon="20.763376063287257">
				<ele>91.866380603984</ele>
				<time>2026-06-14T10:39:32Z</time>
			</trkpt>
			<trkpt lat="47.66303656076083" lon="20.763402806042393">
				<ele>91.05304789170623</ele>
				<time>2026-06-14T10:39:34Z</time>
			</trkpt>
			<trkpt lat="47.663007903923976" lon="20.763426148625385">
				<ele>91.07385515142232</ele>
				<time>2026-06-14T10:39:37Z</time>
			</trkpt>
			<trkpt lat="47.66298808472958" lon="20.7634342389154">
				<ele>90.9767418242991</ele>
				<time>2026-06-14T10:39:38Z</time>
			</trkpt>
			<trkpt lat="47.662961702768925" lon="20.763448459126053">
				<ele>90.09862184990197</ele>
				<time>2026-06-14T10:39:40Z</time>
			</trkpt>
			<trkpt lat="47.66293106849606" lon="20.763469110300036">
				<ele>90.73836015816778</ele>
				<time>2026-06-14T10:39:42Z</time>
			</trkpt>
			<trkpt lat="47.66290366433048" lon="20.763488205619684">
				<ele>90.53132634423673</ele>
				<time>2026-06-14T10:39:44Z</time>
			</trkpt>
			<trkpt lat="47.662882044165734" lon="20.763507201072727">
				<ele>89.69960408005863</ele>
				<time>2026-06-14T10:39:46Z</time>
			</trkpt>
			<trkpt lat="47.66286105979266" lon="20.763527208116702">
				<ele>90.13160765822977</ele>
				<time>2026-06-14T10:39:48Z</time>
			</trkpt>
			<trkpt lat="47.66283823275282" lon="20.763548547738942">
				<ele>90.64792120456696</ele>
				<time>2026-06-14T10:39:50Z</time>
			</trkpt>
			<trkpt lat="47.66281734516847" lon="20.7635671763443">
				<ele>90.91322574391961</ele>
				<time>2026-06-14T10:39:52Z</time>
			</trkpt>
			<trkpt lat="47.6627986251006" lon="20.76358159065709">
				<ele>90.65607529785484</ele>
				<time>2026-06-14T10:39:54Z</time>
			</trkpt>
			<trkpt lat="47.66278011316872" lon="20.76359638066808">
				<ele>90.97172963339835</ele>
				<time>2026-06-14T10:39:56Z</time>
			</trkpt>
			<trkpt lat="47.66276101274905" lon="20.76360737298436">
				<ele>91.03190991468728</ele>
				<time>2026-06-14T10:39:58Z</time>
			</trkpt>
			<trkpt lat="47.662740855301536" lon="20.763617504824893">
				<ele>90.40220903325826</ele>
				<time>2026-06-14T10:40:00Z</time>
			</trkpt>
			<trkpt lat="47.6627170345509" lon="20.76362825700696">
				<ele>90.42018789891154</ele>
				<time>2026-06-14T10:40:02Z</time>
			</trkpt>
			<trkpt lat="47.66269490604962" lon="20.76363771553397">
				<ele>90.39392014686018</ele>
				<time>2026-06-14T10:40:04Z</time>
			</trkpt>
			<trkpt lat="47.662673435119224" lon="20.763648843091215">
				<ele>90.41524650342762</ele>
				<time>2026-06-14T10:40:06Z</time>
			</trkpt>
			<trkpt lat="47.66264780831889" lon="20.763656373475108">
				<ele>90.67487760446966</ele>
				<time>2026-06-14T10:40:08Z</time>
			</trkpt>
			<trkpt lat="47.66262168777681" lon="20.76365727396488">
				<ele>90.69309873320162</ele>
				<time>2026-06-14T10:40:10Z</time>
			</trkpt>
			<trkpt lat="47.662599543818565" lon="20.763654762119007">
				<ele>90.64967440348119</ele>
				<time>2026-06-14T10:40:12Z</time>
			</trkpt>
			<trkpt lat="47.66257736752789" lon="20.763648035116397">
				<ele>89.89332634210587</ele>
				<time>2026-06-14T10:40:14Z</time>
			</trkpt>
			<trkpt lat="47.662552516042616" lon="20.763641316563415">
				<ele>91.35205780901015</ele>
				<time>2026-06-14T10:40:16Z</time>
			</trkpt>
			<trkpt lat="47.662529126434556" lon="20.763636837798533">
				<ele>90.55105972941965</ele>
				<time>2026-06-14T10:40:18Z</time>
			</trkpt>
			<trkpt lat="47.66250528947563" lon="20.7636393117868">
				<ele>91.48391813971102</ele>
				<time>2026-06-14T10:40:20Z</time>
			</trkpt>
			<trkpt lat="47.662485609279805" lon="20.763649701252987">
				<ele>91.81560792587698</ele>
				<time>2026-06-14T10:40:22Z</time>
			</trkpt>
			<trkpt lat="47.66246400323307" lon="20.763662215607127">
				<ele>91.77621442265809</ele>
				<time>2026-06-14T10:40:24Z</time>
			</trkpt>
			<trkpt lat="47.662440717666925" lon="20.76367968607279">
				<ele>92.00145356729627</ele>
				<time>2026-06-14T10:40:26Z</time>
			</trkpt>
			<trkpt lat="47.662422325086894" lon="20.76370377032228">
				<ele>92.13865153491497</ele>
				<time>2026-06-14T10:40:28Z</time>
			</trkpt>
			<trkpt lat="47.66240110563647" lon="20.763728241123594">
				<ele>92.63235860969871</ele>
				<time>2026-06-14T10:40:30Z</time>
			</trkpt>
			<trkpt lat="47.66238853594989" lon="20.763742105254412">
				<ele>91.26674706675112</ele>
				<time>2026-06-14T10:40:32Z</time>
			</trkpt>
			<trkpt lat="47.66236818784137" lon="20.763760137408312">
				<ele>91.30941159185022</ele>
				<time>2026-06-14T10:40:34Z</time>
			</trkpt>
			<trkpt lat="47.662346248557256" lon="20.76378481004704">
				<ele>90.35091765690595</ele>
				<time>2026-06-14T10:40:36Z</time>
			</trkpt>
			<trkpt lat="47.66231954667456" lon="20.763807628330053">
				<ele>91.32247706316411</ele>
				<time>2026-06-14T10:40:38Z</time>
			</trkpt>
			<trkpt lat="47.66229307907997" lon="20.763822854277457">
				<ele>91.13676332775503</ele>
				<time>2026-06-14T10:40:40Z</time>
			</trkpt>
			<trkpt lat="47.662268838933024" lon="20.7638355092975">
				<ele>90.85540264565498</ele>
				<time>2026-06-14T10:40:42Z</time>
			</trkpt>
			<trkpt lat="47.66224267593833" lon="20.763846593319176">
				<ele>90.76909560896456</ele>
				<time>2026-06-14T10:40:44Z</time>
			</trkpt>
			<trkpt lat="47.66221741913206" lon="20.763855615342965">
				<ele>90.92707125656307</ele>
				<time>2026-06-14T10:40:46Z</time>
			</trkpt>
			<trkpt lat="47.662189864678616" lon="20.763863750161942">
				<ele>90.22359923645854</ele>
				<time>2026-06-14T10:40:48Z</time>
			</trkpt>
			<trkpt lat="47.66216192832478" lon="20.763869978251982">
				<ele>89.71265902556479</ele>
				<time>2026-06-14T10:40:50Z</time>
			</trkpt>
			<trkpt lat="47.66213156150698" lon="20.763875791887877">
				<ele>89.01273243222386</ele>
				<time>2026-06-14T10:40:52Z</time>
			</trkpt>
			<trkpt lat="47.662103273526895" lon="20.76387877519516">
				<ele>88.88349207583815</ele>
				<time>2026-06-14T10:40:54Z</time>
			</trkpt>
			<trkpt lat="47.662077595077676" lon="20.76388145321907">
				<ele>88.80957834795117</ele>
				<time>2026-06-14T10:40:56Z</time>
			</trkpt>
			<trkpt lat="47.66205049459659" lon="20.763880013102202">
				<ele>88.14804308768362</ele>
				<time>2026-06-14T10:40:58Z</time>
			</trkpt>
			<trkpt lat="47.66202152555287" lon="20.76388285010654">
				<ele>88.09035405889153</ele>
				<time>2026-06-14T10:41:00Z</time>
			</trkpt>
			<trkpt lat="47.66198926705019" lon="20.763887703934547">
				<ele>88.08788337558508</ele>
				<time>2026-06-14T10:41:02Z</time>
			</trkpt>
			<trkpt lat="47.661960362207445" lon="20.763891786741194">
				<ele>88.1725383233279</ele>
				<time>2026-06-14T10:41:04Z</time>
			</trkpt>
			<trkpt lat="47.66192982700968" lon="20.763898246474717">
				<ele>89.82247537188232</ele>
				<time>2026-06-14T10:41:06Z</time>
			</trkpt>
			<trkpt lat="47.66190614651661" lon="20.763914198437714">
				<ele>89.65748151112348</ele>
				<time>2026-06-14T10:41:08Z</time>
			</trkpt>
			<trkpt lat="47.661884307578745" lon="20.763932441862426">
				<ele>89.94061337597668</ele>
				<time>2026-06-14T10:41:10Z</time>
			</trkpt>
			<trkpt lat="47.661868419391084" lon="20.763941801954065">
				<ele>90.36107040662318</ele>
				<time>2026-06-14T10:41:11Z</time>
			</trkpt>
			<trkpt lat="47.66184345162646" lon="20.76395989548419">
				<ele>91.24286029022187</ele>
				<time>2026-06-14T10:41:13Z</time>
			</trkpt>
			<trkpt lat="47.66182266515412" lon="20.763979753596953">
				<ele>90.87814013939351</ele>
				<time>2026-06-14T10:41:15Z</time>
			</trkpt>
			<trkpt lat="47.66180090493389" lon="20.76400167175015">
				<ele>90.84129359293729</ele>
				<time>2026-06-14T10:41:17Z</time>
			</trkpt>
			<trkpt lat="47.6617769953751" lon="20.76402263161819">
				<ele>91.36112895607948</ele>
				<time>2026-06-14T10:41:19Z</time>
			</trkpt>
			<trkpt lat="47.661752151563846" lon="20.76404611356502">
				<ele>92.0588302873075</ele>
				<time>2026-06-14T10:41:21Z</time>
			</trkpt>
			<trkpt lat="47.66172676045895" lon="20.764068133781834">
				<ele>92.55673430021852</ele>
				<time>2026-06-14T10:41:23Z</time>
			</trkpt>
			<trkpt lat="47.66170602791867" lon="20.764094221121116">
				<ele>92.30588811263442</ele>
				<time>2026-06-14T10:41:25Z</time>
			</trkpt>
			<trkpt lat="47.66168625455055" lon="20.76411853335177">
				<ele>92.68522654194385</ele>
				<time>2026-06-14T10:41:27Z</time>
			</trkpt>
			<trkpt lat="47.66166951685814" lon="20.764146471136698">
				<ele>92.2468109736219</ele>
				<time>2026-06-14T10:41:29Z</time>
			</trkpt>
			<trkpt lat="47.66165223194827" lon="20.76416633462329">
				<ele>92.47007166501135</ele>
				<time>2026-06-14T10:41:31Z</time>
			</trkpt>
			<trkpt lat="47.66163368639699" lon="20.764175707957182">
				<ele>91.94368677958846</ele>
				<time>2026-06-14T10:41:32Z</time>
			</trkpt>
			<trkpt lat="47.661605444927964" lon="20.764195843249755">
				<ele>90.60265387501568</ele>
				<time>2026-06-14T10:41:34Z</time>
			</trkpt>
			<trkpt lat="47.661591841833264" lon="20.76420461826396">
				<ele>90.91897910367697</ele>
				<time>2026-06-14T10:41:36Z</time>
			</trkpt>
			<trkpt lat="47.661574001462036" lon="20.764219075098865">
				<ele>90.30344048514962</ele>
				<time>2026-06-14T10:41:38Z</time>
			</trkpt>
			<trkpt lat="47.66156152956757" lon="20.76422913970009">
				<ele>90.39090465009212</ele>
				<time>2026-06-14T10:41:40Z</time>
			</trkpt>
			<trkpt lat="47.66154381642721" lon="20.764245874120604">
				<ele>89.7852893313393</ele>
				<time>2026-06-14T10:41:42Z</time>
			</trkpt>
			<trkpt lat="47.66152305696734" lon="20.76426667235047">
				<ele>89.90055349841714</ele>
				<time>2026-06-14T10:41:44Z</time>
			</trkpt>
			<trkpt lat="47.661499352513275" lon="20.764289273002674">
				<ele>90.71579088363796</ele>
				<time>2026-06-14T10:41:46Z</time>
			</trkpt>
			<trkpt lat="47.661476503371325" lon="20.764311818455877">
				<ele>90.67211898509413</ele>
				<time>2026-06-14T10:41:48Z</time>
			</trkpt>
			<trkpt lat="47.66145648066225" lon="20.76433291981544">
				<ele>90.93485955242068</ele>
				<time>2026-06-14T10:41:50Z</time>
			</trkpt>
			<trkpt lat="47.66144636024787" lon="20.764344080063076">
				<ele>91.06747169233859</ele>
				<time>2026-06-14T10:41:52Z</time>
			</trkpt>
			<trkpt lat="47.661440143097664" lon="20.764350736948607">
				<ele>90.96619369834661</ele>
				<time>2026-06-14T10:41:54Z</time>
			</trkpt>
			<trkpt lat="47.66142131701252" lon="20.764368114412424">
				<ele>91.08120660018176</ele>
				<time>2026-06-14T10:41:56Z</time>
			</trkpt>
			<trkpt lat="47.661395624900074" lon="20.764390695433782">
				<ele>90.64142888877541</ele>
				<time>2026-06-14T10:41:58Z</time>
			</trkpt>
			<trkpt lat="47.661371281801365" lon="20.76441453060346">
				<ele>90.2683060048148</ele>
				<time>2026-06-14T10:42:00Z</time>
			</trkpt>
			<trkpt lat="47.66134684866204" lon="20.764437401559718">
				<ele>91.20389035530388</ele>
				<time>2026-06-14T10:42:02Z</time>
			</trkpt>
			<trkpt lat="47.661327617077276" lon="20.76445698299554">
				<ele>90.97505465243012</ele>
				<time>2026-06-14T10:42:05Z</time>
			</trkpt>
			<trkpt lat="47.66131137420531" lon="20.76447516199112">
				<ele>91.79150874353945</ele>
				<time>2026-06-14T10:42:07Z</time>
			</trkpt>
			<trkpt lat="47.661299728429775" lon="20.764487616461935">
				<ele>91.29610372520983</ele>
				<time>2026-06-14T10:42:09Z</time>
			</trkpt>
			<trkpt lat="47.66128982041492" lon="20.76449974490889">
				<ele>91.51479275058955</ele>
				<time>2026-06-14T10:42:12Z</time>
			</trkpt>
			<trkpt lat="47.661280013782964" lon="20.764513645900998">
				<ele>90.78649935405701</ele>
				<time>2026-06-14T10:42:15Z</time>
			</trkpt>
			<trkpt lat="47.661269628044835" lon="20.764527079414588">
				<ele>91.11933169607073</ele>
				<time>2026-06-14T10:42:17Z</time>
			</trkpt>
			<trkpt lat="47.66125503614098" lon="20.764543091783544">
				<ele>90.92062560748309</ele>
				<time>2026-06-14T10:42:20Z</time>
			</trkpt>
			<trkpt lat="47.66124136094833" lon="20.76455648825324">
				<ele>91.06665797252208</ele>
				<time>2026-06-14T10:42:22Z</time>
			</trkpt>
			<trkpt lat="47.66121741668535" lon="20.764574629978647">
				<ele>90.7078632377088</ele>
				<time>2026-06-14T10:42:24Z</time>
			</trkpt>
			<trkpt lat="47.661195166144346" lon="20.764593538037">
				<ele>90.79582302644849</ele>
				<time>2026-06-14T10:42:27Z</time>
			</trkpt>
			<trkpt lat="47.661173178351845" lon="20.76461163990078">
				<ele>90.39489904884249</ele>
				<time>2026-06-14T10:42:29Z</time>
			</trkpt>
			<trkpt lat="47.66115132160319" lon="20.764630069248387">
				<ele>90.78183323517442</ele>
				<time>2026-06-14T10:42:32Z</time>
			</trkpt>
			<trkpt lat="47.661138979702294" lon="20.7646400006578">
				<ele>91.11570062953979</ele>
				<time>2026-06-14T10:42:34Z</time>
			</trkpt>
			<trkpt lat="47.661113665755614" lon="20.76465431397897">
				<ele>91.27473858185112</ele>
				<time>2026-06-14T10:42:37Z</time>
			</trkpt>
			<trkpt lat="47.66108547161386" lon="20.764665218477344">
				<ele>90.77662147954106</ele>
				<time>2026-06-14T10:42:39Z</time>
			</trkpt>
			<trkpt lat="47.66106027608805" lon="20.764678431342755">
				<ele>90.84851300623268</ele>
				<time>2026-06-14T10:42:42Z</time>
			</trkpt>
			<trkpt lat="47.66103941827919" lon="20.76470019126727">
				<ele>91.78396329842508</ele>
				<time>2026-06-14T10:42:44Z</time>
			</trkpt>
			<trkpt lat="47.66100654749737" lon="20.764731369205027">
				<ele>91.7566733174026</ele>
				<time>2026-06-14T10:42:47Z</time>
			</trkpt>
			<trkpt lat="47.66098582471242" lon="20.764755109525638">
				<ele>92.29462954867631</ele>
				<time>2026-06-14T10:42:49Z</time>
			</trkpt>
			<trkpt lat="47.66096664865156" lon="20.76478265304626">
				<ele>91.84457646217197</ele>
				<time>2026-06-14T10:42:51Z</time>
			</trkpt>
			<trkpt lat="47.66094650491982" lon="20.764806805798724">
				<ele>91.60700619313866</ele>
				<time>2026-06-14T10:42:53Z</time>
			</trkpt>
			<trkpt lat="47.66092496724313" lon="20.76482915345268">
				<ele>92.1834826245904</ele>
				<time>2026-06-14T10:42:55Z</time>
			</trkpt>
			<trkpt lat="47.660914200145285" lon="20.764843146285635">
				<ele>92.1492638476193</ele>
				<time>2026-06-14T10:42:57Z</time>
			</trkpt>
			<trkpt lat="47.660897459736724" lon="20.764866048888507">
				<ele>92.82860998716205</ele>
				<time>2026-06-14T10:42:59Z</time>
			</trkpt>
			<trkpt lat="47.660885464055816" lon="20.764882293811535">
				<ele>92.39174029417336</ele>
				<time>2026-06-14T10:43:01Z</time>
			</trkpt>
			<trkpt lat="47.66087781501359" lon="20.764893990523653">
				<ele>92.59705810900778</ele>
				<time>2026-06-14T10:43:03Z</time>
			</trkpt>
			<trkpt lat="47.66086879613001" lon="20.764905326069563">
				<ele>92.38983466941863</ele>
				<time>2026-06-14T10:43:05Z</time>
			</trkpt>
			<trkpt lat="47.66085774479089" lon="20.76492133999644">
				<ele>92.7142161661759</ele>
				<time>2026-06-14T10:43:08Z</time>
			</trkpt>
			<trkpt lat="47.660838750162284" lon="20.764948429523166">
				<ele>93.16316618211567</ele>
				<time>2026-06-14T10:43:11Z</time>
			</trkpt>
			<trkpt lat="47.660824494365656" lon="20.76496678920232">
				<ele>92.49382846057415</ele>
				<time>2026-06-14T10:43:13Z</time>
			</trkpt>
			<trkpt lat="47.660810126583804" lon="20.7649879122">
				<ele>92.59912365395576</ele>
				<time>2026-06-14T10:43:14Z</time>
			</trkpt>
			<trkpt lat="47.66079334670036" lon="20.765013421124216">
				<ele>92.41327205952257</ele>
				<time>2026-06-14T10:43:17Z</time>
			</trkpt>
			<trkpt lat="47.66077610045145" lon="20.76503362694898">
				<ele>91.36311685014516</ele>
				<time>2026-06-14T10:43:19Z</time>
			</trkpt>
			<trkpt lat="47.660756067675415" lon="20.765060037079667">
				<ele>90.77618694398552</ele>
				<time>2026-06-14T10:43:21Z</time>
			</trkpt>
			<trkpt lat="47.66073680273095" lon="20.765085782433246">
				<ele>90.79512191005051</ele>
				<time>2026-06-14T10:43:23Z</time>
			</trkpt>
			<trkpt lat="47.66071632668697" lon="20.76511502424785">
				<ele>91.7062217136845</ele>
				<time>2026-06-14T10:43:25Z</time>
			</trkpt>
			<trkpt lat="47.66069315842261" lon="20.765145481628227">
				<ele>91.37747381441295</ele>
				<time>2026-06-14T10:43:27Z</time>
			</trkpt>
			<trkpt lat="47.66067147407847" lon="20.76517641537767">
				<ele>90.96579585783184</ele>
				<time>2026-06-14T10:43:29Z</time>
			</trkpt>
			<trkpt lat="47.66065064026868" lon="20.765204071033335">
				<ele>90.34381557162851</ele>
				<time>2026-06-14T10:43:31Z</time>
			</trkpt>
			<trkpt lat="47.660638741656356" lon="20.765220768662704">
				<ele>90.56882227864116</ele>
				<time>2026-06-14T10:43:32Z</time>
			</trkpt>
			<trkpt lat="47.66061612323332" lon="20.76525564873675">
				<ele>91.32885190006346</ele>
				<time>2026-06-14T10:43:34Z</time>
			</trkpt>
			<trkpt lat="47.66059435138225" lon="20.765282090906627">
				<ele>91.43461840320379</ele>
				<time>2026-06-14T10:43:36Z</time>
			</trkpt>
			<trkpt lat="47.66057103529244" lon="20.765307682882458">
				<ele>91.23948581516743</ele>
				<time>2026-06-14T10:43:38Z</time>
			</trkpt>
			<trkpt lat="47.66054402243363" lon="20.76533476810252">
				<ele>90.48672032915056</ele>
				<time>2026-06-14T10:43:40Z</time>
			</trkpt>
			<trkpt lat="47.66051959120369" lon="20.765362632007037">
				<ele>90.54044312890619</ele>
				<time>2026-06-14T10:43:42Z</time>
			</trkpt>
			<trkpt lat="47.66049552965347" lon="20.76538695065355">
				<ele>90.51402407512069</ele>
				<time>2026-06-14T10:43:44Z</time>
			</trkpt>
			<trkpt lat="47.66047200862704" lon="20.76541003358692">
				<ele>90.61439670436084</ele>
				<time>2026-06-14T10:43:46Z</time>
			</trkpt>
			<trkpt lat="47.66044993286099" lon="20.76543342208503">
				<ele>90.6286995653063</ele>
				<time>2026-06-14T10:43:48Z</time>
			</trkpt>
			<trkpt lat="47.66043651419914" lon="20.765447288596906">
				<ele>91.01907635759562</ele>
				<time>2026-06-14T10:43:49Z</time>
			</trkpt>
			<trkpt lat="47.66041237349495" lon="20.76546995602972">
				<ele>90.29381466750056</ele>
				<time>2026-06-14T10:43:51Z</time>
			</trkpt>
			<trkpt lat="47.660399293614226" lon="20.76548338837416">
				<ele>89.93363353516906</ele>
				<time>2026-06-14T10:43:52Z</time>
			</trkpt>
			<trkpt lat="47.66037280128014" lon="20.76550803688939">
				<ele>89.97301675751805</ele>
				<time>2026-06-14T10:43:54Z</time>
			</trkpt>
			<trkpt lat="47.660348671563625" lon="20.765531642184442">
				<ele>89.69606712739915</ele>
				<time>2026-06-14T10:43:56Z</time>
			</trkpt>
			<trkpt lat="47.66033416291319" lon="20.76554439282157">
				<ele>89.43073179014027</ele>
				<time>2026-06-14T10:43:57Z</time>
			</trkpt>
			<trkpt lat="47.66030770736867" lon="20.76556800491925">
				<ele>88.92979976721108</ele>
				<time>2026-06-14T10:43:59Z</time>
			</trkpt>
			<trkpt lat="47.66028239810646" lon="20.765592759046157">
				<ele>88.16508578043431</ele>
				<time>2026-06-14T10:44:01Z</time>
			</trkpt>
			<trkpt lat="47.660257606706345" lon="20.765617497689703">
				<ele>88.2624441133812</ele>
				<time>2026-06-14T10:44:03Z</time>
			</trkpt>
			<trkpt lat="47.66023468300479" lon="20.765640237385597">
				<ele>88.69754350278527</ele>
				<time>2026-06-14T10:44:05Z</time>
			</trkpt>
			<trkpt lat="47.660210342151494" lon="20.765663417970277">
				<ele>90.09434316959232</ele>
				<time>2026-06-14T10:44:07Z</time>
			</trkpt>
			<trkpt lat="47.660178201551254" lon="20.765695495866204">
				<ele>90.48531348537654</ele>
				<time>2026-06-14T10:44:10Z</time>
			</trkpt>
			<trkpt lat="47.66015897079395" lon="20.76571796791635">
				<ele>91.26769598480314</ele>
				<time>2026-06-14T10:44:12Z</time>
			</trkpt>
			<trkpt lat="47.660140338308" lon="20.765741546388252">
				<ele>91.57239048648626</ele>
				<time>2026-06-14T10:44:14Z</time>
			</trkpt>
			<trkpt lat="47.66010918252806" lon="20.765768777019446">
				<ele>91.8174329996109</ele>
				<time>2026-06-14T10:44:17Z</time>
			</trkpt>
			<trkpt lat="47.6600965133035" lon="20.765779493683464">
				<ele>91.51911744009703</ele>
				<time>2026-06-14T10:44:18Z</time>
			</trkpt>
			<trkpt lat="47.66007262056967" lon="20.765798147377936">
				<ele>91.91790721938014</ele>
				<time>2026-06-14T10:44:20Z</time>
			</trkpt>
			<trkpt lat="47.66005040983978" lon="20.765819232783556">
				<ele>92.35658064763993</ele>
				<time>2026-06-14T10:44:22Z</time>
			</trkpt>
			<trkpt lat="47.6600287023471" lon="20.765840705737077">
				<ele>91.27809432055801</ele>
				<time>2026-06-14T10:44:24Z</time>
			</trkpt>
			<trkpt lat="47.66000666579985" lon="20.76586672753826">
				<ele>91.2993946466595</ele>
				<time>2026-06-14T10:44:26Z</time>
			</trkpt>
			<trkpt lat="47.6599887190968" lon="20.765895729348948">
				<ele>92.51831173244864</ele>
				<time>2026-06-14T10:44:28Z</time>
			</trkpt>
			<trkpt lat="47.65997068674939" lon="20.7659268151787">
				<ele>92.56311765313148</ele>
				<time>2026-06-14T10:44:30Z</time>
			</trkpt>
			<trkpt lat="47.65994882167969" lon="20.76595572020505">
				<ele>92.03981454577297</ele>
				<time>2026-06-14T10:44:32Z</time>
			</trkpt>
			<trkpt lat="47.65992621699919" lon="20.76598182969405">
				<ele>92.16685858368874</ele>
				<time>2026-06-14T10:44:34Z</time>
			</trkpt>
			<trkpt lat="47.659903539305375" lon="20.766010024281535">
				<ele>92.33211981225759</ele>
				<time>2026-06-14T10:44:36Z</time>
			</trkpt>
			<trkpt lat="47.65988999462183" lon="20.76602465834725">
				<ele>92.51044910401106</ele>
				<time>2026-06-14T10:44:37Z</time>
			</trkpt>
			<trkpt lat="47.65987625681304" lon="20.766045760976528">
				<ele>92.84342139121145</ele>
				<time>2026-06-14T10:44:38Z</time>
			</trkpt>
			<trkpt lat="47.65985364992661" lon="20.76607572121731">
				<ele>91.64378865528852</ele>
				<time>2026-06-14T10:44:40Z</time>
			</trkpt>
			<trkpt lat="47.659832997047694" lon="20.766102027944648">
				<ele>91.7318083839491</ele>
				<time>2026-06-14T10:44:42Z</time>
			</trkpt>
			<trkpt lat="47.65981301867947" lon="20.766126703562662">
				<ele>91.32973470259458</ele>
				<time>2026-06-14T10:44:44Z</time>
			</trkpt>
			<trkpt lat="47.65979099629133" lon="20.76614681184159">
				<ele>91.35779694188386</ele>
				<time>2026-06-14T10:44:46Z</time>
			</trkpt>
			<trkpt lat="47.65976861485896" lon="20.76616542923455">
				<ele>90.66204361524433</ele>
				<time>2026-06-14T10:44:48Z</time>
			</trkpt>
			<trkpt lat="47.65974684216433" lon="20.766183307244784">
				<ele>90.13561134319752</ele>
				<time>2026-06-14T10:44:50Z</time>
			</trkpt>
			<trkpt lat="47.65972765255299" lon="20.766195127209212">
				<ele>89.96743059251457</ele>
				<time>2026-06-14T10:44:51Z</time>
			</trkpt>
			<trkpt lat="47.65968955489577" lon="20.76623296766024">
				<ele>90.11808841768652</ele>
				<time>2026-06-14T10:44:54Z</time>
			</trkpt>
			<trkpt lat="47.65966832018764" lon="20.76625542191589">
				<ele>89.08143675979227</ele>
				<time>2026-06-14T10:44:56Z</time>
			</trkpt>
			<trkpt lat="47.65964942226207" lon="20.766277201396075">
				<ele>90.05091998632997</ele>
				<time>2026-06-14T10:44:58Z</time>
			</trkpt>
			<trkpt lat="47.65963300844576" lon="20.766298147742663">
				<ele>89.88102977536619</ele>
				<time>2026-06-14T10:45:00Z</time>
			</trkpt>
			<trkpt lat="47.659626042490146" lon="20.766309497650703">
				<ele>90.30016605742276</ele>
				<time>2026-06-14T10:45:02Z</time>
			</trkpt>
			<trkpt lat="47.65961298460255" lon="20.766326352043308">
				<ele>90.9527597790584</ele>
				<time>2026-06-14T10:45:04Z</time>
			</trkpt>
			<trkpt lat="47.65958910569074" lon="20.766349633781928">
				<ele>90.41961886454374</ele>
				<time>2026-06-14T10:45:06Z</time>
			</trkpt>
			<trkpt lat="47.65956612225779" lon="20.766374853738807">
				<ele>89.4702713182196</ele>
				<time>2026-06-14T10:45:08Z</time>
			</trkpt>
			<trkpt lat="47.65954775348181" lon="20.76639781107111">
				<ele>89.19088437408209</ele>
				<time>2026-06-14T10:45:10Z</time>
			</trkpt>
			<trkpt lat="47.659526106541946" lon="20.76642572183747">
				<ele>89.04090367536992</ele>
				<time>2026-06-14T10:45:12Z</time>
			</trkpt>
			<trkpt lat="47.65950344813185" lon="20.76645779861456">
				<ele>89.52597295213491</ele>
				<time>2026-06-14T10:45:14Z</time>
			</trkpt>
			<trkpt lat="47.65948002026247" lon="20.766492317322836">
				<ele>90.30462201312184</ele>
				<time>2026-06-14T10:45:16Z</time>
			</trkpt>
			<trkpt lat="47.65945873954405" lon="20.76652075438467">
				<ele>89.84563044086099</ele>
				<time>2026-06-14T10:45:18Z</time>
			</trkpt>
			<trkpt lat="47.659440520911026" lon="20.766543389369218">
				<ele>89.86802960094064</ele>
				<time>2026-06-14T10:45:20Z</time>
			</trkpt>
			<trkpt lat="47.65942817559631" lon="20.766555952700944">
				<ele>90.10602666437626</ele>
				<time>2026-06-14T10:45:21Z</time>
			</trkpt>
			<trkpt lat="47.659401923505655" lon="20.766581774635203">
				<ele>89.79050968308002</ele>
				<time>2026-06-14T10:45:23Z</time>
			</trkpt>
			<trkpt lat="47.65937652219811" lon="20.76660502035495">
				<ele>89.35931251849979</ele>
				<time>2026-06-14T10:45:25Z</time>
			</trkpt>
			<trkpt lat="47.65935217515745" lon="20.76662384400927">
				<ele>89.6199104404077</ele>
				<time>2026-06-14T10:45:27Z</time>
			</trkpt>
			<trkpt lat="47.65933034843365" lon="20.76664323203831">
				<ele>89.85463230218738</ele>
				<time>2026-06-14T10:45:29Z</time>
			</trkpt>
			<trkpt lat="47.65931174536542" lon="20.766662055780056">
				<ele>89.89016350638121</ele>
				<time>2026-06-14T10:45:31Z</time>
			</trkpt>
			<trkpt lat="47.65930028908712" lon="20.76667571617464">
				<ele>90.4854149222374</ele>
				<time>2026-06-14T10:45:32Z</time>
			</trkpt>
			<trkpt lat="47.65928082086424" lon="20.76669650807952">
				<ele>90.08279048465192</ele>
				<time>2026-06-14T10:45:34Z</time>
			</trkpt>
			<trkpt lat="47.65926080938291" lon="20.766713636533286">
				<ele>89.57860476057976</ele>
				<time>2026-06-14T10:45:36Z</time>
			</trkpt>
			<trkpt lat="47.65923945147195" lon="20.76673298854868">
				<ele>89.97192163020372</ele>
				<time>2026-06-14T10:45:38Z</time>
			</trkpt>
			<trkpt lat="47.65921798707523" lon="20.766751157067468">
				<ele>89.96725800540298</ele>
				<time>2026-06-14T10:45:40Z</time>
			</trkpt>
			<trkpt lat="47.659195465463576" lon="20.76677035508138">
				<ele>89.90345346648246</ele>
				<time>2026-06-14T10:45:42Z</time>
			</trkpt>
			<trkpt lat="47.65917039151249" lon="20.766790618611005">
				<ele>89.83044265955687</ele>
				<time>2026-06-14T10:45:44Z</time>
			</trkpt>
			<trkpt lat="47.65914453375835" lon="20.766810014203944">
				<ele>89.82440337538719</ele>
				<time>2026-06-14T10:45:46Z</time>
			</trkpt>
			<trkpt lat="47.65911961802244" lon="20.766826579160963">
				<ele>90.5663389340043</ele>
				<time>2026-06-14T10:45:48Z</time>
			</trkpt>
			<trkpt lat="47.65909387961726" lon="20.76684241948668">
				<ele>90.22926472406834</ele>
				<time>2026-06-14T10:45:50Z</time>
			</trkpt>
			<trkpt lat="47.659078532343486" lon="20.76685170328368">
				<ele>89.68228892423213</ele>
				<time>2026-06-14T10:45:51Z</time>
			</trkpt>
			<trkpt lat="47.65905004402597" lon="20.766866051620188">
				<ele>89.62273572571576</ele>
				<time>2026-06-14T10:45:53Z</time>
			</trkpt>
			<trkpt lat="47.659028511324436" lon="20.76688045867617">
				<ele>90.96757366135716</ele>
				<time>2026-06-14T10:45:55Z</time>
			</trkpt>
			<trkpt lat="47.65900658798783" lon="20.766899176755523">
				<ele>90.60981202032417</ele>
				<time>2026-06-14T10:45:57Z</time>
			</trkpt>
			<trkpt lat="47.65898539220913" lon="20.766920593534486">
				<ele>90.07153290417045</ele>
				<time>2026-06-14T10:45:59Z</time>
			</trkpt>
			<trkpt lat="47.65896107160376" lon="20.766937780459248">
				<ele>90.87276987358928</ele>
				<time>2026-06-14T10:46:01Z</time>
			</trkpt>
			<trkpt lat="47.65893738639073" lon="20.766955799797778">
				<ele>90.77293605543673</ele>
				<time>2026-06-14T10:46:03Z</time>
			</trkpt>
			<trkpt lat="47.65891558882541" lon="20.76697216561032">
				<ele>90.57805934082717</ele>
				<time>2026-06-14T10:46:05Z</time>
			</trkpt>
			<trkpt lat="47.658896353768235" lon="20.766987897474802">
				<ele>90.8301067398861</ele>
				<time>2026-06-14T10:46:07Z</time>
			</trkpt>
			<trkpt lat="47.65888438223873" lon="20.766997897981227">
				<ele>91.06978205684572</ele>
				<time>2026-06-14T10:46:09Z</time>
			</trkpt>
			<trkpt lat="47.65887478951866" lon="20.76700525439313">
				<ele>91.60534245707095</ele>
				<time>2026-06-14T10:46:11Z</time>
			</trkpt>
			<trkpt lat="47.65886182312449" lon="20.76701652305741">
				<ele>90.60143818240613</ele>
				<time>2026-06-14T10:46:14Z</time>
			</trkpt>
			<trkpt lat="47.65884552200374" lon="20.76702872226714">
				<ele>90.11145142558962</ele>
				<time>2026-06-14T10:46:17Z</time>
			</trkpt>
			<trkpt lat="47.658826543869345" lon="20.76704409287469">
				<ele>90.30767160002142</ele>
				<time>2026-06-14T10:46:20Z</time>
			</trkpt>
			<trkpt lat="47.65881009130926" lon="20.76705561266632">
				<ele>90.32122634444386</ele>
				<time>2026-06-14T10:46:23Z</time>
			</trkpt>
			<trkpt lat="47.65879259530437" lon="20.767066834096248">
				<ele>90.55434078443795</ele>
				<time>2026-06-14T10:46:26Z</time>
			</trkpt>
			<trkpt lat="47.6587709254918" lon="20.767080645991506">
				<ele>90.92345925886184</ele>
				<time>2026-06-14T10:46:30Z</time>
			</trkpt>
			<trkpt lat="47.658749115583944" lon="20.767096477715164">
				<ele>90.84539776481688</ele>
				<time>2026-06-14T10:46:34Z</time>
			</trkpt>
			<trkpt lat="47.65872719996822" lon="20.767111123120195">
				<ele>90.56454117689282</ele>
				<time>2026-06-14T10:46:39Z</time>
			</trkpt>
			<trkpt lat="47.65870546629835" lon="20.76712370211299">
				<ele>90.66675765533</ele>
				<time>2026-06-14T10:46:44Z</time>
			</trkpt>
			<trkpt lat="47.658689801752416" lon="20.767134087263763">
				<ele>90.54479222744703</ele>
				<time>2026-06-14T10:46:48Z</time>
			</trkpt>
			<trkpt lat="47.65867182266997" lon="20.767147203453217">
				<ele>90.37726418953389</ele>
				<time>2026-06-14T10:46:53Z</time>
			</trkpt>
			<trkpt lat="47.65864661965232" lon="20.767162914799194">
				<ele>90.43053731229156</ele>
				<time>2026-06-14T10:47:01Z</time>
			</trkpt>
			<trkpt lat="47.6586216419095" lon="20.76717492150623">
				<ele>90.6284275110811</ele>
				<time>2026-06-14T10:47:10Z</time>
			</trkpt>
			<trkpt lat="47.65860662149295" lon="20.767181183834044">
				<ele>90.36766784451902</ele>
				<time>2026-06-14T10:47:15Z</time>
			</trkpt>
			<trkpt lat="47.65858656435272" lon="20.767193869957033">
				<ele>90.82802076637745</ele>
				<time>2026-06-14T10:47:23Z</time>
			</trkpt>
			<trkpt lat="47.65856140596913" lon="20.767207800465638">
				<ele>91.43912657722831</ele>
				<time>2026-06-14T10:47:34Z</time>
			</trkpt>
			<trkpt lat="47.658547566756134" lon="20.76722198877238">
				<ele>91.45025902148336</ele>
				<time>2026-06-14T10:47:41Z</time>
			</trkpt>
			<trkpt lat="47.65853041291461" lon="20.767238906894995">
				<ele>92.13639709167182</ele>
				<time>2026-06-14T10:47:49Z</time>
			</trkpt>
			<trkpt lat="47.658516885493825" lon="20.76725182627014">
				<ele>91.70264601148665</ele>
				<time>2026-06-14T10:47:53Z</time>
			</trkpt>
			<trkpt lat="47.65850923581125" lon="20.767268513988114">
				<ele>93.57957039400935</ele>
				<time>2026-06-14T10:47:56Z</time>
			</trkpt>
			<trkpt lat="47.65849997632147" lon="20.767281184247956">
				<ele>92.48716385196894</ele>
				<time>2026-06-14T10:47:58Z</time>
			</trkpt>
			<trkpt lat="47.65847843157459" lon="20.76730536922773">
				<ele>90.94210671447217</ele>
				<time>2026-06-14T10:48:00Z</time>
			</trkpt>
			<trkpt lat="47.65845482463299" lon="20.767346707244105">
				<ele>90.89081593416631</ele>
				<time>2026-06-14T10:48:05Z</time>
			</trkpt>
			<trkpt lat="47.65844817871713" lon="20.76736505961436">
				<ele>91.65383737254888</ele>
				<time>2026-06-14T10:48:09Z</time>
			</trkpt>
			<trkpt lat="47.65843872828607" lon="20.767380114060447">
				<ele>91.81035665888339</ele>
				<time>2026-06-14T10:48:12Z</time>
			</trkpt>
			<trkpt lat="47.658428748644525" lon="20.767391434658855">
				<ele>91.34525213483721</ele>
				<time>2026-06-14T10:48:14Z</time>
			</trkpt>
			<trkpt lat="47.65841755303688" lon="20.767402205575646">
				<ele>91.60836929548532</ele>
				<time>2026-06-14T10:48:16Z</time>
			</trkpt>
			<trkpt lat="47.65839629742327" lon="20.767421542920165">
				<ele>91.76471567247063</ele>
				<time>2026-06-14T10:48:18Z</time>
			</trkpt>
			<trkpt lat="47.658369850623224" lon="20.767444720196117">
				<ele>91.43370182067156</ele>
				<time>2026-06-14T10:48:20Z</time>
			</trkpt>
			<trkpt lat="47.6583423560229" lon="20.767469774579904">
				<ele>91.10216912534088</ele>
				<time>2026-06-14T10:48:22Z</time>
			</trkpt>
			<trkpt lat="47.65831548634601" lon="20.767492682789452">
				<ele>91.00255823601037</ele>
				<time>2026-06-14T10:48:24Z</time>
			</trkpt>
			<trkpt lat="47.65828499600052" lon="20.767513637385832">
				<ele>89.97438628133386</ele>
				<time>2026-06-14T10:48:26Z</time>
			</trkpt>
			<trkpt lat="47.65825998112818" lon="20.76753297622436">
				<ele>90.3471264615655</ele>
				<time>2026-06-14T10:48:28Z</time>
			</trkpt>
			<trkpt lat="47.65823919509075" lon="20.767549582717564">
				<ele>90.67234304267913</ele>
				<time>2026-06-14T10:48:30Z</time>
			</trkpt>
			<trkpt lat="47.65822005293626" lon="20.767571851455237">
				<ele>90.77650628332049</ele>
				<time>2026-06-14T10:48:32Z</time>
			</trkpt>
			<trkpt lat="47.65820239702512" lon="20.767597558346655">
				<ele>91.86738896649331</ele>
				<time>2026-06-14T10:48:34Z</time>
			</trkpt>
			<trkpt lat="47.65818665986289" lon="20.767622815156116">
				<ele>91.59793916717172</ele>
				<time>2026-06-14T10:48:36Z</time>
			</trkpt>
			<trkpt lat="47.65817098751263" lon="20.767648447140086">
				<ele>91.54500279016793</ele>
				<time>2026-06-14T10:48:38Z</time>
			</trkpt>
			<trkpt lat="47.658154653409376" lon="20.76767704583565">
				<ele>91.80075223464519</ele>
				<time>2026-06-14T10:48:40Z</time>
			</trkpt>
			<trkpt lat="47.65813502889748" lon="20.76770721477365">
				<ele>91.72862512432039</ele>
				<time>2026-06-14T10:48:42Z</time>
			</trkpt>
			<trkpt lat="47.658125099612334" lon="20.7677297519594">
				<ele>92.37898658309132</ele>
				<time>2026-06-14T10:48:43Z</time>
			</trkpt>
			<trkpt lat="47.65810753259059" lon="20.767762817201742">
				<ele>92.30759311281145</ele>
				<time>2026-06-14T10:48:45Z</time>
			</trkpt>
			<trkpt lat="47.6580856547125" lon="20.767789645566136">
				<ele>91.68405726738274</ele>
				<time>2026-06-14T10:48:47Z</time>
			</trkpt>
			<trkpt lat="47.65806108125861" lon="20.76781357314231">
				<ele>91.55875911191106</ele>
				<time>2026-06-14T10:48:49Z</time>
			</trkpt>
			<trkpt lat="47.658036269603926" lon="20.76783770516392">
				<ele>91.73001372907311</ele>
				<time>2026-06-14T10:48:51Z</time>
			</trkpt>
			<trkpt lat="47.65801312179413" lon="20.767866627663125">
				<ele>91.45061488822103</ele>
				<time>2026-06-14T10:48:53Z</time>
			</trkpt>
			<trkpt lat="47.657989437747545" lon="20.767893259306927">
				<ele>91.4315531020984</ele>
				<time>2026-06-14T10:48:55Z</time>
			</trkpt>
			<trkpt lat="47.65796609334038" lon="20.76791928290471">
				<ele>91.99485326837748</ele>
				<time>2026-06-14T10:48:57Z</time>
			</trkpt>
			<trkpt lat="47.65794708893189" lon="20.76794375972148">
				<ele>91.52263572532684</ele>
				<time>2026-06-14T10:48:59Z</time>
			</trkpt>
			<trkpt lat="47.65793572300589" lon="20.767956847120725">
				<ele>91.50055032968521</ele>
				<time>2026-06-14T10:49:00Z</time>
			</trkpt>
			<trkpt lat="47.657911489052786" lon="20.767983233387284">
				<ele>91.35623505618423</ele>
				<time>2026-06-14T10:49:02Z</time>
			</trkpt>
			<trkpt lat="47.65788647935888" lon="20.76800729789045">
				<ele>91.93609224632382</ele>
				<time>2026-06-14T10:49:04Z</time>
			</trkpt>
			<trkpt lat="47.657864563707044" lon="20.768023583049516">
				<ele>91.35774506349117</ele>
				<time>2026-06-14T10:49:06Z</time>
			</trkpt>
			<trkpt lat="47.657844622183326" lon="20.76804209369771">
				<ele>91.84983013570309</ele>
				<time>2026-06-14T10:49:08Z</time>
			</trkpt>
			<trkpt lat="47.65782463170158" lon="20.76805839777906">
				<ele>91.56097626499832</ele>
				<time>2026-06-14T10:49:10Z</time>
			</trkpt>
			<trkpt lat="47.65781333233435" lon="20.768066574030602">
				<ele>91.68566012196243</ele>
				<time>2026-06-14T10:49:12Z</time>
			</trkpt>
			<trkpt lat="47.65780273952863" lon="20.768077938144106">
				<ele>91.49482256360352</ele>
				<time>2026-06-14T10:49:15Z</time>
			</trkpt>
			<trkpt lat="47.65778483540713" lon="20.768098049300576">
				<ele>91.68852839432657</ele>
				<time>2026-06-14T10:49:17Z</time>
			</trkpt>
			<trkpt lat="47.657762651963345" lon="20.768119994917623">
				<ele>91.07771882694215</ele>
				<time>2026-06-14T10:49:19Z</time>
			</trkpt>
			<trkpt lat="47.65774050725362" lon="20.768142244977582">
				<ele>91.12649473547935</ele>
				<time>2026-06-14T10:49:21Z</time>
			</trkpt>
			<trkpt lat="47.65771962630926" lon="20.768166422290243">
				<ele>91.84697594866157</ele>
				<time>2026-06-14T10:49:23Z</time>
			</trkpt>
			<trkpt lat="47.65770046372539" lon="20.768193276711994">
				<ele>92.30400478933007</ele>
				<time>2026-06-14T10:49:25Z</time>
			</trkpt>
			<trkpt lat="47.657681223334684" lon="20.768218886435655">
				<ele>92.74328693840653</ele>
				<time>2026-06-14T10:49:27Z</time>
			</trkpt>
			<trkpt lat="47.65766162754578" lon="20.768242052894593">
				<ele>91.77655882202089</ele>
				<time>2026-06-14T10:49:29Z</time>
			</trkpt>
			<trkpt lat="47.65765144442856" lon="20.768257494042302">
				<ele>91.61553954798728</ele>
				<time>2026-06-14T10:49:31Z</time>
			</trkpt>
			<trkpt lat="47.657636390725834" lon="20.76827952837257">
				<ele>91.51889918278903</ele>
				<time>2026-06-14T10:49:33Z</time>
			</trkpt>
			<trkpt lat="47.657613955714396" lon="20.768309080201306">
				<ele>91.80548243783414</ele>
				<time>2026-06-14T10:49:35Z</time>
			</trkpt>
			<trkpt lat="47.65759077379112" lon="20.768338465292054">
				<ele>91.4070308888331</ele>
				<time>2026-06-14T10:49:37Z</time>
			</trkpt>
			<trkpt lat="47.65756503766075" lon="20.768363609431905">
				<ele>89.97149865236133</ele>
				<time>2026-06-14T10:49:39Z</time>
			</trkpt>
			<trkpt lat="47.657543391647756" lon="20.768385769618998">
				<ele>89.3292035041377</ele>
				<time>2026-06-14T10:49:41Z</time>
			</trkpt>
			<trkpt lat="47.65752425946018" lon="20.768409289153293">
				<ele>89.08631532918662</ele>
				<time>2026-06-14T10:49:43Z</time>
			</trkpt>
			<trkpt lat="47.65750362344644" lon="20.768435573477415">
				<ele>89.00390720646828</ele>
				<time>2026-06-14T10:49:45Z</time>
			</trkpt>
			<trkpt lat="47.65748490806297" lon="20.76845826231172">
				<ele>89.47965165507048</ele>
				<time>2026-06-14T10:49:47Z</time>
			</trkpt>
			<trkpt lat="47.657465653538715" lon="20.768486095965365">
				<ele>89.83120447210968</ele>
				<time>2026-06-14T10:49:49Z</time>
			</trkpt>
			<trkpt lat="47.65744467489871" lon="20.768516127643057">
				<ele>90.56495868042111</ele>
				<time>2026-06-14T10:49:51Z</time>
			</trkpt>
			<trkpt lat="47.657421661968684" lon="20.768544464396715">
				<ele>90.24948128778487</ele>
				<time>2026-06-14T10:49:53Z</time>
			</trkpt>
			<trkpt lat="47.657403495259615" lon="20.768569540301016">
				<ele>89.88576553203166</ele>
				<time>2026-06-14T10:49:55Z</time>
			</trkpt>
			<trkpt lat="47.65738927634045" lon="20.768592012138186">
				<ele>90.6451380904764</ele>
				<time>2026-06-14T10:49:57Z</time>
			</trkpt>
			<trkpt lat="47.657373898382055" lon="20.768615708854647">
				<ele>90.87203796487302</ele>
				<time>2026-06-14T10:49:59Z</time>
			</trkpt>
			<trkpt lat="47.657358126666615" lon="20.768638607247123">
				<ele>90.46718336828053</ele>
				<time>2026-06-14T10:50:01Z</time>
			</trkpt>
			<trkpt lat="47.65733967088678" lon="20.768662211537787">
				<ele>90.60189908090979</ele>
				<time>2026-06-14T10:50:03Z</time>
			</trkpt>
			<trkpt lat="47.65732031105907" lon="20.768686143479684">
				<ele>90.93683000840247</ele>
				<time>2026-06-14T10:50:05Z</time>
			</trkpt>
			<trkpt lat="47.65729841410673" lon="20.768708411601807">
				<ele>90.52958809118718</ele>
				<time>2026-06-14T10:50:07Z</time>
			</trkpt>
			<trkpt lat="47.65728271067011" lon="20.768730785400464">
				<ele>89.69411654304713</ele>
				<time>2026-06-14T10:50:09Z</time>
			</trkpt>
			<trkpt lat="47.657266373400844" lon="20.76875631561514">
				<ele>90.41364900674671</ele>
				<time>2026-06-14T10:50:11Z</time>
			</trkpt>
			<trkpt lat="47.65724597739088" lon="20.768787199150047">
				<ele>91.74015951156616</ele>
				<time>2026-06-14T10:50:13Z</time>
			</trkpt>
			<trkpt lat="47.657223797995655" lon="20.768817069342617">
				<ele>91.13165227975696</ele>
				<time>2026-06-14T10:50:15Z</time>
			</trkpt>
			<trkpt lat="47.65720368094254" lon="20.76884253024754">
				<ele>90.60702692810446</ele>
				<time>2026-06-14T10:50:17Z</time>
			</trkpt>
			<trkpt lat="47.657193321028565" lon="20.768855544470846">
				<ele>90.50238745100796</ele>
				<time>2026-06-14T10:50:19Z</time>
			</trkpt>
			<trkpt lat="47.657176661256365" lon="20.768878649789723">
				<ele>90.84740987140685</ele>
				<time>2026-06-14T10:50:21Z</time>
			</trkpt>
			<trkpt lat="47.65715186118941" lon="20.768904172742033">
				<ele>90.38460087962449</ele>
				<time>2026-06-14T10:50:23Z</time>
			</trkpt>
			<trkpt lat="47.65713232826992" lon="20.76892835350174">
				<ele>90.5093633942306</ele>
				<time>2026-06-14T10:50:25Z</time>
			</trkpt>
			<trkpt lat="47.657114054268405" lon="20.768952750208104">
				<ele>90.44866543449461</ele>
				<time>2026-06-14T10:50:27Z</time>
			</trkpt>
			<trkpt lat="47.65709417025798" lon="20.768975032202462">
				<ele>90.03919203672558</ele>
				<time>2026-06-14T10:50:29Z</time>
			</trkpt>
			<trkpt lat="47.65708033638515" lon="20.768988763444206">
				<ele>89.870031574741</ele>
				<time>2026-06-14T10:50:30Z</time>
			</trkpt>
			<trkpt lat="47.65705723164498" lon="20.769014557096746">
				<ele>89.25775085296482</ele>
				<time>2026-06-14T10:50:32Z</time>
			</trkpt>
			<trkpt lat="47.6570379944226" lon="20.769037569564937">
				<ele>89.27673071809113</ele>
				<time>2026-06-14T10:50:34Z</time>
			</trkpt>
			<trkpt lat="47.65702011073273" lon="20.769061937500467">
				<ele>89.23132288269699</ele>
				<time>2026-06-14T10:50:36Z</time>
			</trkpt>
			<trkpt lat="47.65700387930734" lon="20.76908993114058">
				<ele>90.25828950386494</ele>
				<time>2026-06-14T10:50:38Z</time>
			</trkpt>
			<trkpt lat="47.65699231055831" lon="20.76910816027277">
				<ele>90.47191446274519</ele>
				<time>2026-06-14T10:50:39Z</time>
			</trkpt>
			<trkpt lat="47.656970013904285" lon="20.769137627109988">
				<ele>90.42933099716902</ele>
				<time>2026-06-14T10:50:41Z</time>
			</trkpt>
			<trkpt lat="47.65694846264468" lon="20.76916565188383">
				<ele>89.9627147950232</ele>
				<time>2026-06-14T10:50:43Z</time>
			</trkpt>
			<trkpt lat="47.65692762572323" lon="20.769193851636505">
				<ele>89.5860701110214</ele>
				<time>2026-06-14T10:50:45Z</time>
			</trkpt>
			<trkpt lat="47.656910462103845" lon="20.76921827059051">
				<ele>89.35892038978636</ele>
				<time>2026-06-14T10:50:47Z</time>
			</trkpt>
			<trkpt lat="47.65690040359394" lon="20.769234157442995">
				<ele>90.07102055847645</ele>
				<time>2026-06-14T10:50:48Z</time>
			</trkpt>
			<trkpt lat="47.65688219772181" lon="20.76925970942374">
				<ele>90.1197483278811</ele>
				<time>2026-06-14T10:50:50Z</time>
			</trkpt>
			<trkpt lat="47.656864828058346" lon="20.769278924137605">
				<ele>89.76114851422608</ele>
				<time>2026-06-14T10:50:52Z</time>
			</trkpt>
			<trkpt lat="47.656844310479165" lon="20.769299279946853">
				<ele>89.42211582884192</ele>
				<time>2026-06-14T10:50:54Z</time>
			</trkpt>
			<trkpt lat="47.65682377740724" lon="20.76932168824345">
				<ele>89.40176822431386</ele>
				<time>2026-06-14T10:50:56Z</time>
			</trkpt>
			<trkpt lat="47.65679962981855" lon="20.769347558834184">
				<ele>89.6025174651295</ele>
				<time>2026-06-14T10:50:58Z</time>
			</trkpt>
			<trkpt lat="47.65677792862082" lon="20.769372809529493">
				<ele>89.72591298818588</ele>
				<time>2026-06-14T10:51:00Z</time>
			</trkpt>
			<trkpt lat="47.6567586049546" lon="20.76939780415908">
				<ele>89.85489425156265</ele>
				<time>2026-06-14T10:51:02Z</time>
			</trkpt>
			<trkpt lat="47.65674068217147" lon="20.769420095019424">
				<ele>89.71041901130229</ele>
				<time>2026-06-14T10:51:04Z</time>
			</trkpt>
			<trkpt lat="47.65672272258775" lon="20.769441496443804">
				<ele>89.54199039749801</ele>
				<time>2026-06-14T10:51:06Z</time>
			</trkpt>
			<trkpt lat="47.65670214383351" lon="20.76946186201723">
				<ele>88.96797820366919</ele>
				<time>2026-06-14T10:51:08Z</time>
			</trkpt>
			<trkpt lat="47.65668061128589" lon="20.769487090849346">
				<ele>89.1264089057222</ele>
				<time>2026-06-14T10:51:10Z</time>
			</trkpt>
			<trkpt lat="47.65665847805069" lon="20.769509776293223">
				<ele>89.14290574751794</ele>
				<time>2026-06-14T10:51:12Z</time>
			</trkpt>
			<trkpt lat="47.656637468275" lon="20.769539981733008">
				<ele>90.03584508318454</ele>
				<time>2026-06-14T10:51:14Z</time>
			</trkpt>
			<trkpt lat="47.6566161028285" lon="20.769570663123083">
				<ele>90.57210294622928</ele>
				<time>2026-06-14T10:51:16Z</time>
			</trkpt>
			<trkpt lat="47.656601950459454" lon="20.769584969408292">
				<ele>90.09211172163486</ele>
				<time>2026-06-14T10:51:17Z</time>
			</trkpt>
			<trkpt lat="47.656579456900566" lon="20.76961107630161">
				<ele>89.1660969229415</ele>
				<time>2026-06-14T10:51:19Z</time>
			</trkpt>
			<trkpt lat="47.656555225948416" lon="20.76964530280848">
				<ele>88.8923027832061</ele>
				<time>2026-06-14T10:51:21Z</time>
			</trkpt>
			<trkpt lat="47.656532416947535" lon="20.76967522452307">
				<ele>89.2529126405716</ele>
				<time>2026-06-14T10:51:23Z</time>
			</trkpt>
			<trkpt lat="47.65650889652986" lon="20.76970766807577">
				<ele>89.21407283470035</ele>
				<time>2026-06-14T10:51:25Z</time>
			</trkpt>
			<trkpt lat="47.656484542029304" lon="20.76973676742095">
				<ele>88.9395543159917</ele>
				<time>2026-06-14T10:51:27Z</time>
			</trkpt>
			<trkpt lat="47.65646275715891" lon="20.769761899265365">
				<ele>88.70083188824356</ele>
				<time>2026-06-14T10:51:29Z</time>
			</trkpt>
			<trkpt lat="47.656439644407605" lon="20.769787576333318">
				<ele>88.85427816025913</ele>
				<time>2026-06-14T10:51:31Z</time>
			</trkpt>
			<trkpt lat="47.65641735997537" lon="20.769813517828172">
				<ele>88.92709202878177</ele>
				<time>2026-06-14T10:51:33Z</time>
			</trkpt>
			<trkpt lat="47.65640878651913" lon="20.76982972696341">
				<ele>88.65438374690711</ele>
				<time>2026-06-14T10:51:35Z</time>
			</trkpt>
			<trkpt lat="47.656396569352744" lon="20.769850605737375">
				<ele>88.89337600581348</ele>
				<time>2026-06-14T10:51:37Z</time>
			</trkpt>
			<trkpt lat="47.65638287311334" lon="20.769876944718447">
				<ele>89.59340177383274</ele>
				<time>2026-06-14T10:51:41Z</time>
			</trkpt>
			<trkpt lat="47.65637442264721" lon="20.76990243859988">
				<ele>89.62380400020629</ele>
				<time>2026-06-14T10:51:49Z</time>
			</trkpt>
			<trkpt lat="47.65636213102754" lon="20.7699296036087">
				<ele>89.24357597250491</ele>
				<time>2026-06-14T10:51:58Z</time>
			</trkpt>
			<trkpt lat="47.65634773215882" lon="20.769940910540914">
				<ele>87.78099224437028</ele>
				<time>2026-06-14T10:52:05Z</time>
			</trkpt>
			<trkpt lat="47.656335906854125" lon="20.769957136298647">
				<ele>86.7455880958587</ele>
				<time>2026-06-14T10:52:14Z</time>
			</trkpt>
			<trkpt lat="47.65632557497991" lon="20.76998790816989">
				<ele>87.24031996633857</ele>
				<time>2026-06-14T10:52:27Z</time>
			</trkpt>
			<trkpt lat="47.656315138307505" lon="20.77001619153784">
				<ele>87.93838107492775</ele>
				<time>2026-06-14T10:52:38Z</time>
			</trkpt>
			<trkpt lat="47.65630351418682" lon="20.770035401338827">
				<ele>89.34281892701983</ele>
				<time>2026-06-14T10:52:51Z</time>
			</trkpt>
			<trkpt lat="47.65629515317393" lon="20.770049802616796">
				<ele>89.88746223878115</ele>
				<time>2026-06-14T10:52:54Z</time>
			</trkpt>
			<trkpt lat="47.656285225840996" lon="20.77006164256215">
				<ele>89.44154905341566</ele>
				<time>2026-06-14T10:52:56Z</time>
			</trkpt>
			<trkpt lat="47.6562656264809" lon="20.77008019027167">
				<ele>89.94174241740257</ele>
				<time>2026-06-14T10:52:58Z</time>
			</trkpt>
			<trkpt lat="47.65624369055626" lon="20.770099210291217">
				<ele>89.45590829942375</ele>
				<time>2026-06-14T10:53:01Z</time>
			</trkpt>
			<trkpt lat="47.65622897101442" lon="20.770111198236823">
				<ele>90.34305020328611</ele>
				<time>2026-06-14T10:53:04Z</time>
			</trkpt>
			<trkpt lat="47.656205010038086" lon="20.770128548975624">
				<ele>90.39321866352111</ele>
				<time>2026-06-14T10:53:06Z</time>
			</trkpt>
			<trkpt lat="47.6561820362846" lon="20.770147391992175">
				<ele>90.28783527761698</ele>
				<time>2026-06-14T10:53:09Z</time>
			</trkpt>
			<trkpt lat="47.656168337387335" lon="20.770160737599785">
				<ele>89.9320745356381</ele>
				<time>2026-06-14T10:53:11Z</time>
			</trkpt>
			<trkpt lat="47.65614677297171" lon="20.770178389686183">
				<ele>89.69122534617782</ele>
				<time>2026-06-14T10:53:13Z</time>
			</trkpt>
			<trkpt lat="47.656119681790535" lon="20.77019513663663">
				<ele>89.890062100254</ele>
				<time>2026-06-14T10:53:15Z</time>
			</trkpt>
			<trkpt lat="47.6560995387434" lon="20.77020772473229">
				<ele>89.97442693542689</ele>
				<time>2026-06-14T10:53:16Z</time>
			</trkpt>
			<trkpt lat="47.65606676118366" lon="20.770224150888616">
				<ele>89.33324975706637</ele>
				<time>2026-06-14T10:53:18Z</time>
			</trkpt>
			<trkpt lat="47.65603746596364" lon="20.770235191339548">
				<ele>89.75230725854635</ele>
				<time>2026-06-14T10:53:20Z</time>
			</trkpt>
			<trkpt lat="47.65601878546382" lon="20.770242537918936">
				<ele>89.97816974669695</ele>
				<time>2026-06-14T10:53:21Z</time>
			</trkpt>
			<trkpt lat="47.65598476092256" lon="20.770254843771138">
				<ele>90.01496266853064</ele>
				<time>2026-06-14T10:53:23Z</time>
			</trkpt>
			<trkpt lat="47.65595087602423" lon="20.770268210585318">
				<ele>89.72046705987304</ele>
				<time>2026-06-14T10:53:25Z</time>
			</trkpt>
			<trkpt lat="47.65591592120086" lon="20.770278207177068">
				<ele>89.6020843051374</ele>
				<time>2026-06-14T10:53:27Z</time>
			</trkpt>
			<trkpt lat="47.655882768077504" lon="20.770285579498797">
				<ele>89.47462794184685</ele>
				<time>2026-06-14T10:53:29Z</time>
			</trkpt>
			<trkpt lat="47.65585138003283" lon="20.770291867204115">
				<ele>89.22717489581555</ele>
				<time>2026-06-14T10:53:31Z</time>
			</trkpt>
			<trkpt lat="47.65583443022703" lon="20.770296202080747">
				<ele>89.68196719046682</ele>
				<time>2026-06-14T10:53:32Z</time>
			</trkpt>
			<trkpt lat="47.65579998988536" lon="20.77030795916642">
				<ele>90.32016764581203</ele>
				<time>2026-06-14T10:53:34Z</time>
			</trkpt>
			<trkpt lat="47.655769784187015" lon="20.770321611352156">
				<ele>90.4648137614131</ele>
				<time>2026-06-14T10:53:36Z</time>
			</trkpt>
			<trkpt lat="47.65573594388057" lon="20.770326805301963">
				<ele>91.83861331641674</ele>
				<time>2026-06-14T10:53:38Z</time>
			</trkpt>
			<trkpt lat="47.655703613481855" lon="20.770332554735894">
				<ele>90.99782271683216</ele>
				<time>2026-06-14T10:53:40Z</time>
			</trkpt>
			<trkpt lat="47.65568906071467" lon="20.770350147488205">
				<ele>94.29599649459124</ele>
				<time>2026-06-14T10:53:41Z</time>
			</trkpt>
			<trkpt lat="47.655663396178376" lon="20.770369376523004">
				<ele>94.22211854439229</ele>
				<time>2026-06-14T10:53:43Z</time>
			</trkpt>
			<trkpt lat="47.65565141382134" lon="20.770380163917405">
				<ele>93.22918241191655</ele>
				<time>2026-06-14T10:53:44Z</time>
			</trkpt>
			<trkpt lat="47.65562619759305" lon="20.770398492346107">
				<ele>93.30858260951936</ele>
				<time>2026-06-14T10:53:46Z</time>
			</trkpt>
			<trkpt lat="47.65561336357472" lon="20.770414637049353">
				<ele>94.30744419805706</ele>
				<time>2026-06-14T10:53:47Z</time>
			</trkpt>
			<trkpt lat="47.655589313898815" lon="20.77044646356344">
				<ele>94.63413568213582</ele>
				<time>2026-06-14T10:53:49Z</time>
			</trkpt>
			<trkpt lat="47.65556508550224" lon="20.77047527626085">
				<ele>95.07495857868344</ele>
				<time>2026-06-14T10:53:51Z</time>
			</trkpt>
			<trkpt lat="47.655537608874845" lon="20.770512077797463">
				<ele>95.01821860019118</ele>
				<time>2026-06-14T10:53:53Z</time>
			</trkpt>
			<trkpt lat="47.65552383377242" lon="20.77053171907513">
				<ele>94.03519276622683</ele>
				<time>2026-06-14T10:53:54Z</time>
			</trkpt>
			<trkpt lat="47.65549637080547" lon="20.77055465375396">
				<ele>93.84647662751377</ele>
				<time>2026-06-14T10:53:56Z</time>
			</trkpt>
			<trkpt lat="47.655479860598504" lon="20.7705575768137">
				<ele>94.00015084538609</ele>
				<time>2026-06-14T10:53:57Z</time>
			</trkpt>
			<trkpt lat="47.655446278676095" lon="20.770569307396304">
				<ele>93.52687572967261</ele>
				<time>2026-06-14T10:53:59Z</time>
			</trkpt>
			<trkpt lat="47.65541119489019" lon="20.77058702296837">
				<ele>93.00233312230557</ele>
				<time>2026-06-14T10:54:01Z</time>
			</trkpt>
			<trkpt lat="47.65537875501333" lon="20.770606449227248">
				<ele>93.06077336613089</ele>
				<time>2026-06-14T10:54:03Z</time>
			</trkpt>
			<trkpt lat="47.65534718031481" lon="20.770623779062333">
				<ele>92.36840345431119</ele>
				<time>2026-06-14T10:54:05Z</time>
			</trkpt>
			<trkpt lat="47.65531734231827" lon="20.7706377044188">
				<ele>91.9584353370592</ele>
				<time>2026-06-14T10:54:07Z</time>
			</trkpt>
			<trkpt lat="47.655289634317995" lon="20.770651603479838">
				<ele>91.6929545160383</ele>
				<time>2026-06-14T10:54:09Z</time>
			</trkpt>
			<trkpt lat="47.65526112111575" lon="20.77066613679453">
				<ele>91.63200765289366</ele>
				<time>2026-06-14T10:54:11Z</time>
			</trkpt>
			<trkpt lat="47.655230691718344" lon="20.770677330346587">
				<ele>91.01406950782984</ele>
				<time>2026-06-14T10:54:13Z</time>
			</trkpt>
			<trkpt lat="47.655202380378086" lon="20.770691954975135">
				<ele>90.76680534426123</ele>
				<time>2026-06-14T10:54:15Z</time>
			</trkpt>
			<trkpt lat="47.655174732292586" lon="20.77070784024449">
				<ele>90.7253602296114</ele>
				<time>2026-06-14T10:54:17Z</time>
			</trkpt>
			<trkpt lat="47.65514716841763" lon="20.770725857732923">
				<ele>90.99118788354099</ele>
				<time>2026-06-14T10:54:19Z</time>
			</trkpt>
			<trkpt lat="47.65511908701569" lon="20.770741912705542">
				<ele>90.40681350696832</ele>
				<time>2026-06-14T10:54:21Z</time>
			</trkpt>
			<trkpt lat="47.65509162191073" lon="20.770756758890837">
				<ele>90.77782105188817</ele>
				<time>2026-06-14T10:54:23Z</time>
			</trkpt>
			<trkpt lat="47.65506394112467" lon="20.770772709929933">
				<ele>91.43486065231264</ele>
				<time>2026-06-14T10:54:25Z</time>
			</trkpt>
			<trkpt lat="47.6550354153142" lon="20.770787887967867">
				<ele>91.39827889204025</ele>
				<time>2026-06-14T10:54:27Z</time>
			</trkpt>
			<trkpt lat="47.65500820859728" lon="20.770801082593877">
				<ele>91.52719696704298</ele>
				<time>2026-06-14T10:54:29Z</time>
			</trkpt>
			<trkpt lat="47.65498399012425" lon="20.770812077952275">
				<ele>91.39107768703252</ele>
				<time>2026-06-14T10:54:31Z</time>
			</trkpt>
			<trkpt lat="47.65496957155565" lon="20.770817071635157">
				<ele>91.68980503175408</ele>
				<time>2026-06-14T10:54:32Z</time>
			</trkpt>
			<trkpt lat="47.65494151375546" lon="20.770827249368832">
				<ele>91.76887266896665</ele>
				<time>2026-06-14T10:54:34Z</time>
			</trkpt>
			<trkpt lat="47.65491587313854" lon="20.77083657764924">
				<ele>91.20071450527757</ele>
				<time>2026-06-14T10:54:36Z</time>
			</trkpt>
			<trkpt lat="47.65490260279927" lon="20.770841322531297">
				<ele>90.70864446274936</ele>
				<time>2026-06-14T10:54:38Z</time>
			</trkpt>
			<trkpt lat="47.65488672672316" lon="20.7708457345703">
				<ele>91.17473363410681</ele>
				<time>2026-06-14T10:54:39Z</time>
			</trkpt>
			<trkpt lat="47.65485935756555" lon="20.77085268456565">
				<ele>91.03059233818203</ele>
				<time>2026-06-14T10:54:41Z</time>
			</trkpt>
			<trkpt lat="47.65482784975449" lon="20.770857370184768">
				<ele>90.94351797364652</ele>
				<time>2026-06-14T10:54:43Z</time>
			</trkpt>
			<trkpt lat="47.65479982493658" lon="20.770862320748837">
				<ele>91.1246971162036</ele>
				<time>2026-06-14T10:54:45Z</time>
			</trkpt>
			<trkpt lat="47.6547690055334" lon="20.770862844309793">
				<ele>90.47243623342365</ele>
				<time>2026-06-14T10:54:47Z</time>
			</trkpt>
			<trkpt lat="47.65474078911061" lon="20.770864695843162">
				<ele>90.69022210408002</ele>
				<time>2026-06-14T10:54:49Z</time>
			</trkpt>
			<trkpt lat="47.654711442801" lon="20.770866765716395">
				<ele>90.76356077659875</ele>
				<time>2026-06-14T10:54:51Z</time>
			</trkpt>
			<trkpt lat="47.65468380413022" lon="20.77086462435583">
				<ele>90.67441759258509</ele>
				<time>2026-06-14T10:54:53Z</time>
			</trkpt>
			<trkpt lat="47.65465694669814" lon="20.770859929731238">
				<ele>90.23830696102232</ele>
				<time>2026-06-14T10:54:55Z</time>
			</trkpt>
			<trkpt lat="47.654631054391906" lon="20.770856333316928">
				<ele>90.37274490017444</ele>
				<time>2026-06-14T10:54:57Z</time>
			</trkpt>
			<trkpt lat="47.65461682160806" lon="20.770862022122152">
				<ele>91.2180186137557</ele>
				<time>2026-06-14T10:54:58Z</time>
			</trkpt>
			<trkpt lat="47.65458913673956" lon="20.770865784832647">
				<ele>91.14390441589057</ele>
				<time>2026-06-14T10:55:00Z</time>
			</trkpt>
			<trkpt lat="47.65456296765777" lon="20.770868684192155">
				<ele>90.90907517913729</ele>
				<time>2026-06-14T10:55:02Z</time>
			</trkpt>
			<trkpt lat="47.65454136907348" lon="20.77087086596484">
				<ele>91.14826849102974</ele>
				<time>2026-06-14T10:55:04Z</time>
			</trkpt>
			<trkpt lat="47.65452916448429" lon="20.770875707130116">
				<ele>90.80828137230128</ele>
				<time>2026-06-14T10:55:06Z</time>
			</trkpt>
			<trkpt lat="47.65451824692358" lon="20.77088192603911">
				<ele>90.68894131481647</ele>
				<time>2026-06-14T10:55:08Z</time>
			</trkpt>
			<trkpt lat="47.65450530999472" lon="20.770887091355345">
				<ele>89.99049163516611</ele>
				<time>2026-06-14T10:55:10Z</time>
			</trkpt>
			<trkpt lat="47.654489657705426" lon="20.77089037449825">
				<ele>90.25199514627457</ele>
				<time>2026-06-14T10:55:12Z</time>
			</trkpt>
			<trkpt lat="47.65446139640974" lon="20.770889908320942">
				<ele>89.9345840960741</ele>
				<time>2026-06-14T10:55:14Z</time>
			</trkpt>
			<trkpt lat="47.654430047184434" lon="20.770890194161">
				<ele>89.96637878101319</ele>
				<time>2026-06-14T10:55:16Z</time>
			</trkpt>
			<trkpt lat="47.65439974264122" lon="20.77088923123088">
				<ele>90.30726660881191</ele>
				<time>2026-06-14T10:55:18Z</time>
			</trkpt>
			<trkpt lat="47.654368687167526" lon="20.770888789797567">
				<ele>90.92562187090516</ele>
				<time>2026-06-14T10:55:20Z</time>
			</trkpt>
			<trkpt lat="47.65432770083589" lon="20.770887944109912">
				<ele>90.91076941043139</ele>
				<time>2026-06-14T10:55:23Z</time>
			</trkpt>
			<trkpt lat="47.65429158856704" lon="20.770884340792797">
				<ele>91.35571646876633</ele>
				<time>2026-06-14T10:55:26Z</time>
			</trkpt>
			<trkpt lat="47.65426018735423" lon="20.77087441244237">
				<ele>90.9503780528903</ele>
				<time>2026-06-14T10:55:29Z</time>
			</trkpt>
			<trkpt lat="47.654249383309185" lon="20.77086959836515">
				<ele>90.67534982319921</ele>
				<time>2026-06-14T10:55:31Z</time>
			</trkpt>
			<trkpt lat="47.65423084472238" lon="20.77086192458978">
				<ele>90.85911902133375</ele>
				<time>2026-06-14T10:55:33Z</time>
			</trkpt>
			<trkpt lat="47.65419564457086" lon="20.770846958628137">
				<ele>90.6547109587118</ele>
				<time>2026-06-14T10:55:36Z</time>
			</trkpt>
			<trkpt lat="47.65416320807157" lon="20.770831209822195">
				<ele>90.6197555353865</ele>
				<time>2026-06-14T10:55:39Z</time>
			</trkpt>
			<trkpt lat="47.654142849225885" lon="20.770820041917908">
				<ele>90.35081677697599</ele>
				<time>2026-06-14T10:55:41Z</time>
			</trkpt>
			<trkpt lat="47.654116851073276" lon="20.77080409383973">
				<ele>91.08690949436277</ele>
				<time>2026-06-14T10:55:44Z</time>
			</trkpt>
			<trkpt lat="47.65410839356682" lon="20.770793559420408">
				<ele>90.48826928343624</ele>
				<time>2026-06-14T10:55:46Z</time>
			</trkpt>
			<trkpt lat="47.654096959479574" lon="20.770787249940703">
				<ele>90.40371828712523</ele>
				<time>2026-06-14T10:55:49Z</time>
			</trkpt>
			<trkpt lat="47.65408482950548" lon="20.770780313352834">
				<ele>90.26351138297468</ele>
				<time>2026-06-14T10:55:51Z</time>
			</trkpt>
			<trkpt lat="47.65407215113976" lon="20.770771542831426">
				<ele>90.33226630277932</ele>
				<time>2026-06-14T10:55:53Z</time>
			</trkpt>
			<trkpt lat="47.65405228941984" lon="20.770757123868144">
				<ele>89.12211432121694</ele>
				<time>2026-06-14T10:55:55Z</time>
			</trkpt>
			<trkpt lat="47.654013735136914" lon="20.770722327797404">
				<ele>88.08409185707569</ele>
				<time>2026-06-14T10:55:58Z</time>
			</trkpt>
			<trkpt lat="47.65398247493549" lon="20.77070639239731">
				<ele>88.95678978227079</ele>
				<time>2026-06-14T10:56:00Z</time>
			</trkpt>
			<trkpt lat="47.653953946554566" lon="20.770694963388486">
				<ele>89.46822390332818</ele>
				<time>2026-06-14T10:56:02Z</time>
			</trkpt>
			<trkpt lat="47.65393023386867" lon="20.770685904933504">
				<ele>88.96801705565304</ele>
				<time>2026-06-14T10:56:04Z</time>
			</trkpt>
			<trkpt lat="47.653908821100934" lon="20.77066941500877">
				<ele>88.4717313265428</ele>
				<time>2026-06-14T10:56:06Z</time>
			</trkpt>
			<trkpt lat="47.65388301622336" lon="20.770655533566877">
				<ele>88.90952922962606</ele>
				<time>2026-06-14T10:56:08Z</time>
			</trkpt>
			<trkpt lat="47.65385878867733" lon="20.77063699406068">
				<ele>89.06563499290496</ele>
				<time>2026-06-14T10:56:10Z</time>
			</trkpt>
			<trkpt lat="47.65383217717526" lon="20.770619139021726">
				<ele>89.6097449157387</ele>
				<time>2026-06-14T10:56:12Z</time>
			</trkpt>
			<trkpt lat="47.65380868089954" lon="20.77060299414336">
				<ele>89.99752258788794</ele>
				<time>2026-06-14T10:56:14Z</time>
			</trkpt>
			<trkpt lat="47.65378423421903" lon="20.77059235353178">
				<ele>90.23795671295375</ele>
				<time>2026-06-14T10:56:16Z</time>
			</trkpt>
			<trkpt lat="47.65375796172618" lon="20.770574941752944">
				<ele>90.29805305227637</ele>
				<time>2026-06-14T10:56:18Z</time>
			</trkpt>
			<trkpt lat="47.65373193103089" lon="20.770560273387638">
				<ele>90.91019204165787</ele>
				<time>2026-06-14T10:56:20Z</time>
			</trkpt>
			<trkpt lat="47.653708524434194" lon="20.770544727299626">
				<ele>90.27850847505033</ele>
				<time>2026-06-14T10:56:22Z</time>
			</trkpt>
			<trkpt lat="47.65368574721294" lon="20.770528404834714">
				<ele>90.2595391785726</ele>
				<time>2026-06-14T10:56:24Z</time>
			</trkpt>
			<trkpt lat="47.65366483579801" lon="20.77050883108124">
				<ele>89.3530051605776</ele>
				<time>2026-06-14T10:56:26Z</time>
			</trkpt>
			<trkpt lat="47.65364473167223" lon="20.77049614859125">
				<ele>89.98780447151512</ele>
				<time>2026-06-14T10:56:28Z</time>
			</trkpt>
			<trkpt lat="47.653622585951574" lon="20.770483421714324">
				<ele>89.74279212392867</ele>
				<time>2026-06-14T10:56:30Z</time>
			</trkpt>
			<trkpt lat="47.65359767368078" lon="20.770468370575927">
				<ele>90.01582727767527</ele>
				<time>2026-06-14T10:56:32Z</time>
			</trkpt>
			<trkpt lat="47.65357066475179" lon="20.770452401343253">
				<ele>90.59573814459145</ele>
				<time>2026-06-14T10:56:34Z</time>
			</trkpt>
			<trkpt lat="47.653545849144066" lon="20.770437660267685">
				<ele>90.78018191177398</ele>
				<time>2026-06-14T10:56:36Z</time>
			</trkpt>
			<trkpt lat="47.653522741421064" lon="20.770418760683317">
				<ele>90.54605300165713</ele>
				<time>2026-06-14T10:56:38Z</time>
			</trkpt>
			<trkpt lat="47.65350129081681" lon="20.77039679455741">
				<ele>90.49661315977573</ele>
				<time>2026-06-14T10:56:40Z</time>
			</trkpt>
			<trkpt lat="47.65347960929216" lon="20.770372743834624">
				<ele>90.43646269664168</ele>
				<time>2026-06-14T10:56:42Z</time>
			</trkpt>
			<trkpt lat="47.65346839532473" lon="20.77036039273916">
				<ele>90.73663554526865</ele>
				<time>2026-06-14T10:56:44Z</time>
			</trkpt>
			<trkpt lat="47.65345503000372" lon="20.770351798243365">
				<ele>91.04802270233631</ele>
				<time>2026-06-14T10:56:45Z</time>
			</trkpt>
			<trkpt lat="47.65343195587343" lon="20.770333230571953">
				<ele>90.35813682340086</ele>
				<time>2026-06-14T10:56:47Z</time>
			</trkpt>
			<trkpt lat="47.65340850504967" lon="20.77031161011925">
				<ele>90.40132157318294</ele>
				<time>2026-06-14T10:56:49Z</time>
			</trkpt>
			<trkpt lat="47.6533868427703" lon="20.770287814816196">
				<ele>90.05427053011954</ele>
				<time>2026-06-14T10:56:51Z</time>
			</trkpt>
			<trkpt lat="47.65336545525391" lon="20.77026405961958">
				<ele>89.56890920735896</ele>
				<time>2026-06-14T10:56:53Z</time>
			</trkpt>
			<trkpt lat="47.6533436260127" lon="20.770238421927704">
				<ele>89.96026000659913</ele>
				<time>2026-06-14T10:56:55Z</time>
			</trkpt>
			<trkpt lat="47.6533239146222" lon="20.770219750990073">
				<ele>89.8396084504202</ele>
				<time>2026-06-14T10:56:57Z</time>
			</trkpt>
			<trkpt lat="47.65330998109457" lon="20.770210070111347">
				<ele>90.50102454610169</ele>
				<time>2026-06-14T10:56:58Z</time>
			</trkpt>
			<trkpt lat="47.653282464570715" lon="20.77019183711296">
				<ele>91.08546439837664</ele>
				<time>2026-06-14T10:57:00Z</time>
			</trkpt>
			<trkpt lat="47.65325556550322" lon="20.77016617965553">
				<ele>89.96245377417654</ele>
				<time>2026-06-14T10:57:02Z</time>
			</trkpt>
			<trkpt lat="47.65323017336659" lon="20.770136849400018">
				<ele>90.71712431591004</ele>
				<time>2026-06-14T10:57:04Z</time>
			</trkpt>
			<trkpt lat="47.65321041899362" lon="20.770116763572602">
				<ele>90.24331539589912</ele>
				<time>2026-06-14T10:57:06Z</time>
			</trkpt>
			<trkpt lat="47.6531971102361" lon="20.77010582352521">
				<ele>89.94721361529082</ele>
				<time>2026-06-14T10:57:07Z</time>
			</trkpt>
			<trkpt lat="47.65317429704697" lon="20.770080286981973">
				<ele>89.06496647652239</ele>
				<time>2026-06-14T10:57:09Z</time>
			</trkpt>
			<trkpt lat="47.65314884287904" lon="20.770055730194716">
				<ele>88.72860405873507</ele>
				<time>2026-06-14T10:57:11Z</time>
			</trkpt>
			<trkpt lat="47.65312159608375" lon="20.770029659979777">
				<ele>89.35956242959946</ele>
				<time>2026-06-14T10:57:13Z</time>
			</trkpt>
			<trkpt lat="47.65310096930515" lon="20.770002799121286">
				<ele>88.658616701141</ele>
				<time>2026-06-14T10:57:15Z</time>
			</trkpt>
			<trkpt lat="47.6530761319531" lon="20.769977321849915">
				<ele>88.788748068735</ele>
				<time>2026-06-14T10:57:17Z</time>
			</trkpt>
			<trkpt lat="47.65306556053256" lon="20.76995823045177">
				<ele>88.49796573538333</ele>
				<time>2026-06-14T10:57:18Z</time>
			</trkpt>
			<trkpt lat="47.65304031631416" lon="20.769925863026163">
				<ele>88.39823597576469</ele>
				<time>2026-06-14T10:57:20Z</time>
			</trkpt>
			<trkpt lat="47.653009696408574" lon="20.76990648638561">
				<ele>88.63351525738835</ele>
				<time>2026-06-14T10:57:22Z</time>
			</trkpt>
			<trkpt lat="47.652986536968136" lon="20.769891359908996">
				<ele>89.50774444732815</ele>
				<time>2026-06-14T10:57:24Z</time>
			</trkpt>
			<trkpt lat="47.65296365971216" lon="20.769855853891144">
				<ele>88.85757167823613</ele>
				<time>2026-06-14T10:57:26Z</time>
			</trkpt>
			<trkpt lat="47.65294035682698" lon="20.769825020738914">
				<ele>88.79163962230086</ele>
				<time>2026-06-14T10:57:28Z</time>
			</trkpt>
			<trkpt lat="47.65291553295769" lon="20.76980328703595">
				<ele>88.8001826480031</ele>
				<time>2026-06-14T10:57:30Z</time>
			</trkpt>
			<trkpt lat="47.65289440622208" lon="20.76977955173028">
				<ele>88.0425769276917</ele>
				<time>2026-06-14T10:57:32Z</time>
			</trkpt>
			<trkpt lat="47.65288238590122" lon="20.769762143828757">
				<ele>88.57902749720961</ele>
				<time>2026-06-14T10:57:33Z</time>
			</trkpt>
			<trkpt lat="47.65285700525318" lon="20.76973612250373">
				<ele>88.98543051443994</ele>
				<time>2026-06-14T10:57:35Z</time>
			</trkpt>
			<trkpt lat="47.652827880917535" lon="20.7697197103671">
				<ele>89.01891377195716</ele>
				<time>2026-06-14T10:57:37Z</time>
			</trkpt>
			<trkpt lat="47.65280348325628" lon="20.769711110687105">
				<ele>89.09483414888382</ele>
				<time>2026-06-14T10:57:39Z</time>
			</trkpt>
			<trkpt lat="47.65279287038162" lon="20.76969676884225">
				<ele>89.3892354639247</ele>
				<time>2026-06-14T10:57:40Z</time>
			</trkpt>
			<trkpt lat="47.65277053030811" lon="20.76967211829507">
				<ele>88.79666623845696</ele>
				<time>2026-06-14T10:57:42Z</time>
			</trkpt>
			<trkpt lat="47.65275260201928" lon="20.76964022638434">
				<ele>89.5674854842946</ele>
				<time>2026-06-14T10:57:44Z</time>
			</trkpt>
			<trkpt lat="47.65273652107363" lon="20.769626534644154">
				<ele>89.04695664346218</ele>
				<time>2026-06-14T10:57:45Z</time>
			</trkpt>
			<trkpt lat="47.652719992627034" lon="20.769608903685427">
				<ele>88.57374253310263</ele>
				<time>2026-06-14T10:57:46Z</time>
			</trkpt>
			<trkpt lat="47.65269508573254" lon="20.76958173529883">
				<ele>88.78958457708359</ele>
				<time>2026-06-14T10:57:48Z</time>
			</trkpt>
			<trkpt lat="47.65267109115516" lon="20.769550503051594">
				<ele>88.28148413076997</ele>
				<time>2026-06-14T10:57:50Z</time>
			</trkpt>
			<trkpt lat="47.65264817786308" lon="20.769521826879693">
				<ele>87.47702145110816</ele>
				<time>2026-06-14T10:57:52Z</time>
			</trkpt>
			<trkpt lat="47.65262246750963" lon="20.769498300476123">
				<ele>88.35366309247911</ele>
				<time>2026-06-14T10:57:54Z</time>
			</trkpt>
			<trkpt lat="47.65259979063065" lon="20.769473532302875">
				<ele>88.06619589123875</ele>
				<time>2026-06-14T10:57:56Z</time>
			</trkpt>
			<trkpt lat="47.652577692009494" lon="20.769454822562977">
				<ele>88.12984735891223</ele>
				<time>2026-06-14T10:57:58Z</time>
			</trkpt>
			<trkpt lat="47.65255782025763" lon="20.769431196081">
				<ele>88.13731688633561</ele>
				<time>2026-06-14T10:58:00Z</time>
			</trkpt>
			<trkpt lat="47.65253677995538" lon="20.769408378017935">
				<ele>88.3797413436696</ele>
				<time>2026-06-14T10:58:02Z</time>
			</trkpt>
			<trkpt lat="47.652516210637856" lon="20.769389194070456">
				<ele>87.54229409433901</ele>
				<time>2026-06-14T10:58:04Z</time>
			</trkpt>
			<trkpt lat="47.652500168216065" lon="20.769366113695824">
				<ele>86.84887958690524</ele>
				<time>2026-06-14T10:58:06Z</time>
			</trkpt>
			<trkpt lat="47.65248592079775" lon="20.769340305304326">
				<ele>86.40072059351951</ele>
				<time>2026-06-14T10:58:08Z</time>
			</trkpt>
			<trkpt lat="47.65247609128269" lon="20.769319559292544">
				<ele>86.12278275936842</ele>
				<time>2026-06-14T10:58:09Z</time>
			</trkpt>
			<trkpt lat="47.65246252196518" lon="20.76930121350417">
				<ele>86.41187914740294</ele>
				<time>2026-06-14T10:58:10Z</time>
			</trkpt>
			<trkpt lat="47.65243764044644" lon="20.76926764144845">
				<ele>86.04231607634574</ele>
				<time>2026-06-14T10:58:12Z</time>
			</trkpt>
			<trkpt lat="47.65241497067771" lon="20.769234505286857">
				<ele>85.00779859162867</ele>
				<time>2026-06-14T10:58:14Z</time>
			</trkpt>
			<trkpt lat="47.65240540499493" lon="20.76921237156999">
				<ele>85.16788565739989</ele>
				<time>2026-06-14T10:58:15Z</time>
			</trkpt>
			<trkpt lat="47.652386403065115" lon="20.7691797296422">
				<ele>85.86197843030095</ele>
				<time>2026-06-14T10:58:17Z</time>
			</trkpt>
			<trkpt lat="47.65236248834171" lon="20.769153800729573">
				<ele>87.56653205305338</ele>
				<time>2026-06-14T10:58:19Z</time>
			</trkpt>
			<trkpt lat="47.65233606831084" lon="20.769137795649538">
				<ele>88.7927106199786</ele>
				<time>2026-06-14T10:58:21Z</time>
			</trkpt>
			<trkpt lat="47.652324302435986" lon="20.769120992843078">
				<ele>89.03910318017006</ele>
				<time>2026-06-14T10:58:22Z</time>
			</trkpt>
			<trkpt lat="47.65229925840859" lon="20.76909029981321">
				<ele>88.99493713583797</ele>
				<time>2026-06-14T10:58:24Z</time>
			</trkpt>
			<trkpt lat="47.652276288287" lon="20.769061699902633">
				<ele>89.61847909446806</ele>
				<time>2026-06-14T10:58:26Z</time>
			</trkpt>
			<trkpt lat="47.65226360811287" lon="20.76906059604146">
				<ele>89.82826318778098</ele>
				<time>2026-06-14T10:58:27Z</time>
			</trkpt>
			<trkpt lat="47.652251993576684" lon="20.76904837700414">
				<ele>89.73415217548609</ele>
				<time>2026-06-14T10:58:28Z</time>
			</trkpt>
			<trkpt lat="47.652214561344735" lon="20.7690180966966">
				<ele>87.086680771783</ele>
				<time>2026-06-14T10:58:31Z</time>
			</trkpt>
			<trkpt lat="47.652205802999205" lon="20.768999168858393">
				<ele>86.9204953154549</ele>
				<time>2026-06-14T10:58:32Z</time>
			</trkpt>
			<trkpt lat="47.652186498410614" lon="20.768964953260312">
				<ele>86.49567809235305</ele>
				<time>2026-06-14T10:58:34Z</time>
			</trkpt>
			<trkpt lat="47.65217057276592" lon="20.768929869919244">
				<ele>86.16272840555757</ele>
				<time>2026-06-14T10:58:36Z</time>
			</trkpt>
			<trkpt lat="47.65215252910215" lon="20.768895340468642">
				<ele>86.16113763302565</ele>
				<time>2026-06-14T10:58:38Z</time>
			</trkpt>
			<trkpt lat="47.6521317527038" lon="20.76886850695953">
				<ele>86.30268712621182</ele>
				<time>2026-06-14T10:58:40Z</time>
			</trkpt>
			<trkpt lat="47.65211620661882" lon="20.768858365778023">
				<ele>86.90012461133301</ele>
				<time>2026-06-14T10:58:41Z</time>
			</trkpt>
			<trkpt lat="47.65209562250758" lon="20.76883146391556">
				<ele>85.54999238345772</ele>
				<time>2026-06-14T10:58:43Z</time>
			</trkpt>
			<trkpt lat="47.652087295576244" lon="20.768813015910183">
				<ele>85.91782276332378</ele>
				<time>2026-06-14T10:58:44Z</time>
			</trkpt>
			<trkpt lat="47.65206500414262" lon="20.76876472497144">
				<ele>84.697421095334</ele>
				<time>2026-06-14T10:58:47Z</time>
			</trkpt>
			<trkpt lat="47.6520576974793" lon="20.768748141209077">
				<ele>84.93183621950448</ele>
				<time>2026-06-14T10:58:48Z</time>
			</trkpt>
			<trkpt lat="47.65204128638631" lon="20.7687155980174">
				<ele>84.77699250355363</ele>
				<time>2026-06-14T10:58:50Z</time>
			</trkpt>
			<trkpt lat="47.65202526541754" lon="20.768691821452155">
				<ele>85.92800589744002</ele>
				<time>2026-06-14T10:58:52Z</time>
			</trkpt>
			<trkpt lat="47.65201522563035" lon="20.768683171378107">
				<ele>86.92409536521882</ele>
				<time>2026-06-14T10:58:54Z</time>
			</trkpt>
			<trkpt lat="47.65199855984643" lon="20.76867024229863">
				<ele>86.7771284552291</ele>
				<time>2026-06-14T10:58:56Z</time>
			</trkpt>
			<trkpt lat="47.65197699722386" lon="20.768652877593702">
				<ele>87.66747121885419</ele>
				<time>2026-06-14T10:58:58Z</time>
			</trkpt>
			<trkpt lat="47.651954001805585" lon="20.768627207139374">
				<ele>86.92005075607449</ele>
				<time>2026-06-14T10:59:00Z</time>
			</trkpt>
			<trkpt lat="47.651928738932085" lon="20.768612861325707">
				<ele>88.21349006611854</ele>
				<time>2026-06-14T10:59:02Z</time>
			</trkpt>
			<trkpt lat="47.65190561025941" lon="20.768594386063626">
				<ele>89.00139452610165</ele>
				<time>2026-06-14T10:59:04Z</time>
			</trkpt>
			<trkpt lat="47.65188261404709" lon="20.768580667424693">
				<ele>88.60935065057129</ele>
				<time>2026-06-14T10:59:06Z</time>
			</trkpt>
			<trkpt lat="47.651862726111766" lon="20.768567072637943">
				<ele>87.50515374075621</ele>
				<time>2026-06-14T10:59:08Z</time>
			</trkpt>
			<trkpt lat="47.6518514653894" lon="20.768556962224334">
				<ele>88.19543551187962</ele>
				<time>2026-06-14T10:59:10Z</time>
			</trkpt>
			<trkpt lat="47.65184448671255" lon="20.768546932504975">
				<ele>88.702776838094</ele>
				<time>2026-06-14T10:59:12Z</time>
			</trkpt>
			<trkpt lat="47.65183471439811" lon="20.768535588518137">
				<ele>87.58596301823854</ele>
				<time>2026-06-14T10:59:15Z</time>
			</trkpt>
			<trkpt lat="47.651813715693756" lon="20.76851331380775">
				<ele>87.64420518931001</ele>
				<time>2026-06-14T10:59:17Z</time>
			</trkpt>
			<trkpt lat="47.65179180520731" lon="20.768484748083498">
				<ele>87.85470436885953</ele>
				<time>2026-06-14T10:59:19Z</time>
			</trkpt>
			<trkpt lat="47.6517708088148" lon="20.768454547409863">
				<ele>88.16008930373937</ele>
				<time>2026-06-14T10:59:21Z</time>
			</trkpt>
			<trkpt lat="47.65174903989767" lon="20.76842801343154">
				<ele>88.21467516757548</ele>
				<time>2026-06-14T10:59:23Z</time>
			</trkpt>
			<trkpt lat="47.65172915188093" lon="20.76839991708957">
				<ele>88.2205088250339</ele>
				<time>2026-06-14T10:59:25Z</time>
			</trkpt>
			<trkpt lat="47.65171065778054" lon="20.768374659568416">
				<ele>88.50632318109274</ele>
				<time>2026-06-14T10:59:27Z</time>
			</trkpt>
			<trkpt lat="47.65168866223717" lon="20.768348278721703">
				<ele>88.21935364138335</ele>
				<time>2026-06-14T10:59:29Z</time>
			</trkpt>
			<trkpt lat="47.65167212056626" lon="20.768321867239017">
				<ele>87.69110875483602</ele>
				<time>2026-06-14T10:59:31Z</time>
			</trkpt>
			<trkpt lat="47.65165600115726" lon="20.76829928425429">
				<ele>86.52546898741275</ele>
				<time>2026-06-14T10:59:33Z</time>
			</trkpt>
			<trkpt lat="47.651635483400526" lon="20.768277109890345">
				<ele>87.04184992518276</ele>
				<time>2026-06-14T10:59:35Z</time>
			</trkpt>
			<trkpt lat="47.65161478718416" lon="20.768253406751903">
				<ele>86.88058204669505</ele>
				<time>2026-06-14T10:59:37Z</time>
			</trkpt>
			<trkpt lat="47.65159505331361" lon="20.768231265776798">
				<ele>87.19006627146155</ele>
				<time>2026-06-14T10:59:39Z</time>
			</trkpt>
			<trkpt lat="47.651573251662974" lon="20.76820715531844">
				<ele>87.25940121617168</ele>
				<time>2026-06-14T10:59:41Z</time>
			</trkpt>
			<trkpt lat="47.65154864275076" lon="20.7681849361286">
				<ele>87.8897097799927</ele>
				<time>2026-06-14T10:59:43Z</time>
			</trkpt>
			<trkpt lat="47.65152727421554" lon="20.76816369716918">
				<ele>87.49446861632168</ele>
				<time>2026-06-14T10:59:45Z</time>
			</trkpt>
			<trkpt lat="47.65150971404338" lon="20.768137614138528">
				<ele>87.0631824573502</ele>
				<time>2026-06-14T10:59:47Z</time>
			</trkpt>
			<trkpt lat="47.651494942530434" lon="20.768107844508943">
				<ele>86.49130618479103</ele>
				<time>2026-06-14T10:59:49Z</time>
			</trkpt>
			<trkpt lat="47.65148090788895" lon="20.7680781017308">
				<ele>86.49564942438155</ele>
				<time>2026-06-14T10:59:51Z</time>
			</trkpt>
			<trkpt lat="47.65146584357738" lon="20.76804661952446">
				<ele>86.98170504067093</ele>
				<time>2026-06-14T10:59:53Z</time>
			</trkpt>
			<trkpt lat="47.65144918029739" lon="20.768013077693283">
				<ele>86.59825398679823</ele>
				<time>2026-06-14T10:59:55Z</time>
			</trkpt>
			<trkpt lat="47.65143213803628" lon="20.767980698329076">
				<ele>87.4172039553523</ele>
				<time>2026-06-14T10:59:57Z</time>
			</trkpt>
			<trkpt lat="47.65141590314796" lon="20.767948704137027">
				<ele>87.91955499257892</ele>
				<time>2026-06-14T10:59:59Z</time>
			</trkpt>
			<trkpt lat="47.65139827380286" lon="20.767914345058173">
				<ele>88.01875268667936</ele>
				<time>2026-06-14T11:00:01Z</time>
			</trkpt>
			<trkpt lat="47.65138376656788" lon="20.76788045486069">
				<ele>88.33173969108611</ele>
				<time>2026-06-14T11:00:03Z</time>
			</trkpt>
			<trkpt lat="47.65136781478461" lon="20.767850633305937">
				<ele>88.6024108948186</ele>
				<time>2026-06-14T11:00:05Z</time>
			</trkpt>
			<trkpt lat="47.6513529603026" lon="20.767823283149983">
				<ele>88.77740720938891</ele>
				<time>2026-06-14T11:00:07Z</time>
			</trkpt>
			<trkpt lat="47.65134375664268" lon="20.76780456716397">
				<ele>88.56856809556484</ele>
				<time>2026-06-14T11:00:08Z</time>
			</trkpt>
			<trkpt lat="47.651327686926614" lon="20.767773473646212">
				<ele>89.08284555468708</ele>
				<time>2026-06-14T11:00:10Z</time>
			</trkpt>
			<trkpt lat="47.65131119571787" lon="20.767738204227236">
				<ele>89.12159365601838</ele>
				<time>2026-06-14T11:00:12Z</time>
			</trkpt>
			<trkpt lat="47.65129695093438" lon="20.76770355612996">
				<ele>89.99281446449459</ele>
				<time>2026-06-14T11:00:14Z</time>
			</trkpt>
			<trkpt lat="47.65127861510666" lon="20.767671347519727">
				<ele>90.30132681503892</ele>
				<time>2026-06-14T11:00:16Z</time>
			</trkpt>
			<trkpt lat="47.65126240190096" lon="20.767642474229284">
				<ele>89.76567511446774</ele>
				<time>2026-06-14T11:00:18Z</time>
			</trkpt>
			<trkpt lat="47.651250291559364" lon="20.767613350387755">
				<ele>89.18006863258779</ele>
				<time>2026-06-14T11:00:20Z</time>
			</trkpt>
			<trkpt lat="47.65123384734395" lon="20.767583091600294">
				<ele>89.18844830710441</ele>
				<time>2026-06-14T11:00:22Z</time>
			</trkpt>
			<trkpt lat="47.65121655893487" lon="20.76754944265469">
				<ele>89.50126082263887</ele>
				<time>2026-06-14T11:00:24Z</time>
			</trkpt>
			<trkpt lat="47.6511997508079" lon="20.76751352235727">
				<ele>89.36866800300777</ele>
				<time>2026-06-14T11:00:26Z</time>
			</trkpt>
			<trkpt lat="47.65117963492898" lon="20.7674779057759">
				<ele>89.52112500090152</ele>
				<time>2026-06-14T11:00:28Z</time>
			</trkpt>
			<trkpt lat="47.651160305353166" lon="20.767444768795354">
				<ele>89.85029759537429</ele>
				<time>2026-06-14T11:00:30Z</time>
			</trkpt>
			<trkpt lat="47.65114483318537" lon="20.76740043340784">
				<ele>89.83308695815504</ele>
				<time>2026-06-14T11:00:32Z</time>
			</trkpt>
			<trkpt lat="47.65112709582919" lon="20.767364212039816">
				<ele>89.77868627384305</ele>
				<time>2026-06-14T11:00:34Z</time>
			</trkpt>
			<trkpt lat="47.65111825263684" lon="20.76734440420933">
				<ele>89.57268086913973</ele>
				<time>2026-06-14T11:00:35Z</time>
			</trkpt>
			<trkpt lat="47.65110339817704" lon="20.767306128430313">
				<ele>89.12461079936475</ele>
				<time>2026-06-14T11:00:37Z</time>
			</trkpt>
			<trkpt lat="47.65108610263272" lon="20.767271876114787">
				<ele>89.32877488620579</ele>
				<time>2026-06-14T11:00:39Z</time>
			</trkpt>
			<trkpt lat="47.65106728491962" lon="20.76724422886278">
				<ele>89.10515038575977</ele>
				<time>2026-06-14T11:00:41Z</time>
			</trkpt>
			<trkpt lat="47.65104847909029" lon="20.7672184334794">
				<ele>90.482276359573</ele>
				<time>2026-06-14T11:00:43Z</time>
			</trkpt>
			<trkpt lat="47.651032295652875" lon="20.7671898164578">
				<ele>91.693673459813</ele>
				<time>2026-06-14T11:00:45Z</time>
			</trkpt>
			<trkpt lat="47.65101495487788" lon="20.76717050843718">
				<ele>91.0462397960946</ele>
				<time>2026-06-14T11:00:47Z</time>
			</trkpt>
			<trkpt lat="47.65099147654833" lon="20.767141353952034">
				<ele>92.2002026066184</ele>
				<time>2026-06-14T11:00:50Z</time>
			</trkpt>
			<trkpt lat="47.65097715023951" lon="20.767120147992557">
				<ele>92.09801515750587</ele>
				<time>2026-06-14T11:00:52Z</time>
			</trkpt>
			<trkpt lat="47.65096759580012" lon="20.767103923887923">
				<ele>91.68780022021383</ele>
				<time>2026-06-14T11:00:54Z</time>
			</trkpt>
			<trkpt lat="47.650951503918506" lon="20.767083347400114">
				<ele>91.5662587871775</ele>
				<time>2026-06-14T11:00:56Z</time>
			</trkpt>
			<trkpt lat="47.65092578141611" lon="20.767055200592406">
				<ele>92.0114101273939</ele>
				<time>2026-06-14T11:00:58Z</time>
			</trkpt>
			<trkpt lat="47.65088941338879" lon="20.76702076067179">
				<ele>93.14250151906163</ele>
				<time>2026-06-14T11:01:01Z</time>
			</trkpt>
			<trkpt lat="47.65086834128685" lon="20.76700663464191">
				<ele>92.86118981800973</ele>
				<time>2026-06-14T11:01:03Z</time>
			</trkpt>
			<trkpt lat="47.65084678976374" lon="20.766995463189104">
				<ele>93.02332516759634</ele>
				<time>2026-06-14T11:01:05Z</time>
			</trkpt>
			<trkpt lat="47.65082264477635" lon="20.76698164810347">
				<ele>93.1806538561359</ele>
				<time>2026-06-14T11:01:07Z</time>
			</trkpt>
			<trkpt lat="47.65079752088631" lon="20.766969128186496">
				<ele>91.99760747235268</ele>
				<time>2026-06-14T11:01:09Z</time>
			</trkpt>
			<trkpt lat="47.650773370229025" lon="20.76695131037365">
				<ele>92.14207659009844</ele>
				<time>2026-06-14T11:01:11Z</time>
			</trkpt>
			<trkpt lat="47.650751922318456" lon="20.76693115226823">
				<ele>91.9879040941596</ele>
				<time>2026-06-14T11:01:13Z</time>
			</trkpt>
			<trkpt lat="47.65073401790251" lon="20.766907234693434">
				<ele>90.70496053155512</ele>
				<time>2026-06-14T11:01:15Z</time>
			</trkpt>
			<trkpt lat="47.650716037233245" lon="20.76688031296201">
				<ele>90.38269120827317</ele>
				<time>2026-06-14T11:01:17Z</time>
			</trkpt>
			<trkpt lat="47.650697013528934" lon="20.766856389590668">
				<ele>90.38950093835592</ele>
				<time>2026-06-14T11:01:19Z</time>
			</trkpt>
			<trkpt lat="47.65067913363638" lon="20.766831905240977">
				<ele>90.18097232654691</ele>
				<time>2026-06-14T11:01:21Z</time>
			</trkpt>
			<trkpt lat="47.65065925317409" lon="20.76681254134726">
				<ele>90.06004671566188</ele>
				<time>2026-06-14T11:01:23Z</time>
			</trkpt>
			<trkpt lat="47.6506475155394" lon="20.766798375461335">
				<ele>89.99895337596536</ele>
				<time>2026-06-14T11:01:25Z</time>
			</trkpt>
			<trkpt lat="47.65062601356744" lon="20.7667777846104">
				<ele>89.69481506757438</ele>
				<time>2026-06-14T11:01:27Z</time>
			</trkpt>
			<trkpt lat="47.65060525513078" lon="20.766753248652662">
				<ele>88.67531869653612</ele>
				<time>2026-06-14T11:01:29Z</time>
			</trkpt>
			<trkpt lat="47.65058349939372" lon="20.76672792101957">
				<ele>89.47217217180878</ele>
				<time>2026-06-14T11:01:31Z</time>
			</trkpt>
			<trkpt lat="47.65056290950144" lon="20.766702050092817">
				<ele>88.39349324069917</ele>
				<time>2026-06-14T11:01:33Z</time>
			</trkpt>
			<trkpt lat="47.65054171463864" lon="20.766682141185438">
				<ele>89.15453509055078</ele>
				<time>2026-06-14T11:01:35Z</time>
			</trkpt>
			<trkpt lat="47.650527635284824" lon="20.7666680823301">
				<ele>89.02607323974371</ele>
				<time>2026-06-14T11:01:36Z</time>
			</trkpt>
			<trkpt lat="47.65050184385" lon="20.766640550889132">
				<ele>89.2438411815092</ele>
				<time>2026-06-14T11:01:38Z</time>
			</trkpt>
			<trkpt lat="47.6504820752284" lon="20.76661897869913">
				<ele>89.76868315041065</ele>
				<time>2026-06-14T11:01:40Z</time>
			</trkpt>
			<trkpt lat="47.650470582739594" lon="20.76661197939451">
				<ele>89.8307406147942</ele>
				<time>2026-06-14T11:01:42Z</time>
			</trkpt>
			<trkpt lat="47.650455039544774" lon="20.766592651425782">
				<ele>89.81101529020816</ele>
				<time>2026-06-14T11:01:44Z</time>
			</trkpt>
			<trkpt lat="47.65043973242257" lon="20.766574453807245">
				<ele>90.457478816621</ele>
				<time>2026-06-14T11:01:46Z</time>
			</trkpt>
			<trkpt lat="47.650421860261694" lon="20.76655090370821">
				<ele>89.81685817893595</ele>
				<time>2026-06-14T11:01:48Z</time>
			</trkpt>
			<trkpt lat="47.65040304355561" lon="20.76652160844887">
				<ele>90.3672971315682</ele>
				<time>2026-06-14T11:01:50Z</time>
			</trkpt>
			<trkpt lat="47.65038972474709" lon="20.766504721588692">
				<ele>90.30526822898537</ele>
				<time>2026-06-14T11:01:52Z</time>
			</trkpt>
			<trkpt lat="47.65036479703196" lon="20.766475146169782">
				<ele>90.75041844509542</ele>
				<time>2026-06-14T11:01:55Z</time>
			</trkpt>
			<trkpt lat="47.65034548319684" lon="20.766451226303953">
				<ele>90.36961102113128</ele>
				<time>2026-06-14T11:01:57Z</time>
			</trkpt>
			<trkpt lat="47.65033070730386" lon="20.766427713214213">
				<ele>90.05331080872566</ele>
				<time>2026-06-14T11:01:59Z</time>
			</trkpt>
			<trkpt lat="47.650309765110876" lon="20.76638971699194">
				<ele>89.72727997321635</ele>
				<time>2026-06-14T11:02:02Z</time>
			</trkpt>
			<trkpt lat="47.65029417400388" lon="20.766368136414357">
				<ele>89.96825233940035</ele>
				<time>2026-06-14T11:02:04Z</time>
			</trkpt>
			<trkpt lat="47.65028027256361" lon="20.766343638141862">
				<ele>89.69347401708364</ele>
				<time>2026-06-14T11:02:06Z</time>
			</trkpt>
			<trkpt lat="47.650257308178844" lon="20.76631072696111">
				<ele>89.13662186730653</ele>
				<time>2026-06-14T11:02:09Z</time>
			</trkpt>
			<trkpt lat="47.65024056729106" lon="20.76629040639997">
				<ele>89.29786424990743</ele>
				<time>2026-06-14T11:02:11Z</time>
			</trkpt>
			<trkpt lat="47.65022468509922" lon="20.76626810860841">
				<ele>89.30623919889331</ele>
				<time>2026-06-14T11:02:13Z</time>
			</trkpt>
			<trkpt lat="47.65021001172385" lon="20.76624457177587">
				<ele>89.40524988994002</ele>
				<time>2026-06-14T11:02:15Z</time>
			</trkpt>
			<trkpt lat="47.65019926838229" lon="20.766232825848565">
				<ele>89.45445463247597</ele>
				<time>2026-06-14T11:02:17Z</time>
			</trkpt>
			<trkpt lat="47.650188093951215" lon="20.76622268949523">
				<ele>89.48096222057939</ele>
				<time>2026-06-14T11:02:19Z</time>
			</trkpt>
			<trkpt lat="47.65017115079163" lon="20.766197242368936">
				<ele>89.20136312022805</ele>
				<time>2026-06-14T11:02:21Z</time>
			</trkpt>
			<trkpt lat="47.6501501224633" lon="20.76616952676253">
				<ele>89.18603533320129</ele>
				<time>2026-06-14T11:02:23Z</time>
			</trkpt>
			<trkpt lat="47.650127942806215" lon="20.766141722811547">
				<ele>89.62047819327563</ele>
				<time>2026-06-14T11:02:25Z</time>
			</trkpt>
			<trkpt lat="47.65010524038972" lon="20.76611906020198">
				<ele>89.6533743776381</ele>
				<time>2026-06-14T11:02:27Z</time>
			</trkpt>
			<trkpt lat="47.650082845935344" lon="20.76609628333269">
				<ele>89.4500218834728</ele>
				<time>2026-06-14T11:02:29Z</time>
			</trkpt>
			<trkpt lat="47.65006285463062" lon="20.76606937334821">
				<ele>89.44115676358342</ele>
				<time>2026-06-14T11:02:31Z</time>
			</trkpt>
			<trkpt lat="47.65004288542394" lon="20.766044811585036">
				<ele>89.30175934638828</ele>
				<time>2026-06-14T11:02:33Z</time>
			</trkpt>
			<trkpt lat="47.65002488750316" lon="20.766017162816848">
				<ele>88.47334641497582</ele>
				<time>2026-06-14T11:02:35Z</time>
			</trkpt>
			<trkpt lat="47.65000581132022" lon="20.765995503403516">
				<ele>88.7998083056882</ele>
				<time>2026-06-14T11:02:37Z</time>
			</trkpt>
			<trkpt lat="47.64998634941401" lon="20.76597533685476">
				<ele>88.78622560016811</ele>
				<time>2026-06-14T11:02:39Z</time>
			</trkpt>
			<trkpt lat="47.6499737198159" lon="20.765960706520453">
				<ele>89.43978583160788</ele>
				<time>2026-06-14T11:02:40Z</time>
			</trkpt>
			<trkpt lat="47.64995283660949" lon="20.765930116595936">
				<ele>89.07556865178049</ele>
				<time>2026-06-14T11:02:42Z</time>
			</trkpt>
			<trkpt lat="47.64993470520198" lon="20.765899430065033">
				<ele>88.99232550989836</ele>
				<time>2026-06-14T11:02:44Z</time>
			</trkpt>
			<trkpt lat="47.64991598866773" lon="20.76587308948569">
				<ele>89.49733852501959</ele>
				<time>2026-06-14T11:02:46Z</time>
			</trkpt>
			<trkpt lat="47.64989545284226" lon="20.765848676448105">
				<ele>89.61406495980918</ele>
				<time>2026-06-14T11:02:48Z</time>
			</trkpt>
			<trkpt lat="47.64988281484933" lon="20.765839467581767">
				<ele>89.89143104478717</ele>
				<time>2026-06-14T11:02:50Z</time>
			</trkpt>
			<trkpt lat="47.64986977284748" lon="20.765827250813008">
				<ele>90.48809168860316</ele>
				<time>2026-06-14T11:02:51Z</time>
			</trkpt>
			<trkpt lat="47.64985210477473" lon="20.765796882368228">
				<ele>90.24636743217707</ele>
				<time>2026-06-14T11:02:53Z</time>
			</trkpt>
			<trkpt lat="47.649834170329896" lon="20.76577277764011">
				<ele>90.39487138669938</ele>
				<time>2026-06-14T11:02:55Z</time>
			</trkpt>
			<trkpt lat="47.64981569448961" lon="20.765751833058925">
				<ele>91.03119594510645</ele>
				<time>2026-06-14T11:02:57Z</time>
			</trkpt>
			<trkpt lat="47.64980262053932" lon="20.765737658307195">
				<ele>90.91405941452831</ele>
				<time>2026-06-14T11:02:58Z</time>
			</trkpt>
			<trkpt lat="47.64977997048956" lon="20.765714794081013">
				<ele>90.93708144780248</ele>
				<time>2026-06-14T11:03:00Z</time>
			</trkpt>
			<trkpt lat="47.649752738794106" lon="20.765705097250212">
				<ele>91.4327138857916</ele>
				<time>2026-06-14T11:03:02Z</time>
			</trkpt>
			<trkpt lat="47.64973597347759" lon="20.76570088884261">
				<ele>91.53279617894441</ele>
				<time>2026-06-14T11:03:03Z</time>
			</trkpt>
			<trkpt lat="47.649705844422016" lon="20.765694746581364">
				<ele>91.8459924152121</ele>
				<time>2026-06-14T11:03:05Z</time>
			</trkpt>
			<trkpt lat="47.649672952777344" lon="20.765686367095064">
				<ele>91.63919353391975</ele>
				<time>2026-06-14T11:03:07Z</time>
			</trkpt>
			<trkpt lat="47.64964267104865" lon="20.76568343539263">
				<ele>91.81186469178647</ele>
				<time>2026-06-14T11:03:09Z</time>
			</trkpt>
			<trkpt lat="47.64962385581117" lon="20.76568337227851">
				<ele>92.32021877914667</ele>
				<time>2026-06-14T11:03:10Z</time>
			</trkpt>
			<trkpt lat="47.649596084514165" lon="20.765680986532576">
				<ele>91.14813311584294</ele>
				<time>2026-06-14T11:03:12Z</time>
			</trkpt>
			<trkpt lat="47.64956950214072" lon="20.765683739644984">
				<ele>92.03065280243754</ele>
				<time>2026-06-14T11:03:14Z</time>
			</trkpt>
			<trkpt lat="47.649541468501546" lon="20.76567436054358">
				<ele>91.3400858771056</ele>
				<time>2026-06-14T11:03:16Z</time>
			</trkpt>
			<trkpt lat="47.649517081654444" lon="20.765661267375798">
				<ele>90.85760297626257</ele>
				<time>2026-06-14T11:03:18Z</time>
			</trkpt>
			<trkpt lat="47.64950310309727" lon="20.76565163311809">
				<ele>90.87054812163115</ele>
				<time>2026-06-14T11:03:19Z</time>
			</trkpt>
			<trkpt lat="47.649480564670625" lon="20.765639050957923">
				<ele>89.9012953331694</ele>
				<time>2026-06-14T11:03:21Z</time>
			</trkpt>
			<trkpt lat="47.649468889942604" lon="20.76562854452223">
				<ele>90.05885731428862</ele>
				<time>2026-06-14T11:03:22Z</time>
			</trkpt>
			<trkpt lat="47.64945391886529" lon="20.76561788942795">
				<ele>90.3399719055742</ele>
				<time>2026-06-14T11:03:24Z</time>
			</trkpt>
			<trkpt lat="47.649438490823854" lon="20.765607843279252">
				<ele>90.75082807801664</ele>
				<time>2026-06-14T11:03:25Z</time>
			</trkpt>
			<trkpt lat="47.64941444591911" lon="20.765588203252523">
				<ele>90.5763656552881</ele>
				<time>2026-06-14T11:03:27Z</time>
			</trkpt>
			<trkpt lat="47.64939987696606" lon="20.765572762708086">
				<ele>90.18705506902188</ele>
				<time>2026-06-14T11:03:29Z</time>
			</trkpt>
			<trkpt lat="47.649386490950874" lon="20.76555872075993">
				<ele>90.24965307954699</ele>
				<time>2026-06-14T11:03:31Z</time>
			</trkpt>
			<trkpt lat="47.649370899180205" lon="20.765540839938836">
				<ele>90.24225315172225</ele>
				<time>2026-06-14T11:03:33Z</time>
			</trkpt>
			<trkpt lat="47.64934847670091" lon="20.765507120762667">
				<ele>90.50241595786065</ele>
				<time>2026-06-14T11:03:35Z</time>
			</trkpt>
			<trkpt lat="47.64932855499356" lon="20.76546735019942">
				<ele>90.70226836577058</ele>
				<time>2026-06-14T11:03:37Z</time>
			</trkpt>
			<trkpt lat="47.64931578254302" lon="20.765428172188315">
				<ele>89.91115252673626</ele>
				<time>2026-06-14T11:03:39Z</time>
			</trkpt>
			<trkpt lat="47.64929960668524" lon="20.765382014221753">
				<ele>90.70558589044958</ele>
				<time>2026-06-14T11:03:42Z</time>
			</trkpt>
			<trkpt lat="47.64928998443416" lon="20.765355190029275">
				<ele>90.30426919087768</ele>
				<time>2026-06-14T11:03:44Z</time>
			</trkpt>
			<trkpt lat="47.64928665593752" lon="20.76532632968966">
				<ele>91.40093168988824</ele>
				<time>2026-06-14T11:03:47Z</time>
			</trkpt>
			<trkpt lat="47.649275719050685" lon="20.7653123404986">
				<ele>90.57259936258197</ele>
				<time>2026-06-14T11:03:50Z</time>
			</trkpt>
			<trkpt lat="47.649271184839414" lon="20.765295070102113">
				<ele>90.59411337506026</ele>
				<time>2026-06-14T11:03:52Z</time>
			</trkpt>
			<trkpt lat="47.649268123763875" lon="20.76526656562301">
				<ele>90.45852246601135</ele>
				<time>2026-06-14T11:03:56Z</time>
			</trkpt>
			<trkpt lat="47.649264402538634" lon="20.765229718718636">
				<ele>91.19773334637284</ele>
				<time>2026-06-14T11:04:02Z</time>
			</trkpt>
			<trkpt lat="47.64927128474465" lon="20.765210358615">
				<ele>90.59069873113185</ele>
				<time>2026-06-14T11:04:05Z</time>
			</trkpt>
			<trkpt lat="47.649275292034076" lon="20.765181201260486">
				<ele>90.98935838323087</ele>
				<time>2026-06-14T11:04:09Z</time>
			</trkpt>
			<trkpt lat="47.64927502097666" lon="20.76515268322747">
				<ele>90.99639654997736</ele>
				<time>2026-06-14T11:04:12Z</time>
			</trkpt>
			<trkpt lat="47.649273953646954" lon="20.765127851604316">
				<ele>91.41624373942614</ele>
				<time>2026-06-14T11:04:14Z</time>
			</trkpt>
			<trkpt lat="47.6492714743036" lon="20.76509124712052">
				<ele>90.8679108582437</ele>
				<time>2026-06-14T11:04:17Z</time>
			</trkpt>
			<trkpt lat="47.64926578588243" lon="20.765053941348963">
				<ele>91.48417836148292</ele>
				<time>2026-06-14T11:04:19Z</time>
			</trkpt>
			<trkpt lat="47.64925789241589" lon="20.765012270391686">
				<ele>91.75707558169961</ele>
				<time>2026-06-14T11:04:22Z</time>
			</trkpt>
			<trkpt lat="47.64924811434485" lon="20.764984463784028">
				<ele>91.95705562271178</ele>
				<time>2026-06-14T11:04:24Z</time>
			</trkpt>
			<trkpt lat="47.64923390246294" lon="20.76495587380063">
				<ele>92.16493629291654</ele>
				<time>2026-06-14T11:04:26Z</time>
			</trkpt>
			<trkpt lat="47.64921639502852" lon="20.764927019377872">
				<ele>91.8164138533175</ele>
				<time>2026-06-14T11:04:28Z</time>
			</trkpt>
			<trkpt lat="47.649203960642545" lon="20.76490911750614">
				<ele>92.01517117395997</ele>
				<time>2026-06-14T11:04:30Z</time>
			</trkpt>
			<trkpt lat="47.64918947899714" lon="20.76488482968462">
				<ele>92.10570313222706</ele>
				<time>2026-06-14T11:04:31Z</time>
			</trkpt>
			<trkpt lat="47.64915704097507" lon="20.76485242184645">
				<ele>91.95292380731553</ele>
				<time>2026-06-14T11:04:34Z</time>
			</trkpt>
			<trkpt lat="47.64914160013106" lon="20.76484185742293">
				<ele>91.9732537260279</ele>
				<time>2026-06-14T11:04:36Z</time>
			</trkpt>
			<trkpt lat="47.649116749663754" lon="20.76482011717992">
				<ele>92.62433119583875</ele>
				<time>2026-06-14T11:04:39Z</time>
			</trkpt>
			<trkpt lat="47.64908638285077" lon="20.764808314734253">
				<ele>93.82116792164743</ele>
				<time>2026-06-14T11:04:42Z</time>
			</trkpt>
			<trkpt lat="47.64906654814208" lon="20.764795286447832">
				<ele>92.22331928554922</ele>
				<time>2026-06-14T11:04:45Z</time>
			</trkpt>
			<trkpt lat="47.64904888068229" lon="20.764778370362798">
				<ele>92.63958293199539</ele>
				<time>2026-06-14T11:04:47Z</time>
			</trkpt>
			<trkpt lat="47.64902378089381" lon="20.764771076027866">
				<ele>92.60746661014855</ele>
				<time>2026-06-14T11:04:49Z</time>
			</trkpt>
			<trkpt lat="47.64900024043176" lon="20.764764937744054">
				<ele>91.73381943348795</ele>
				<time>2026-06-14T11:04:51Z</time>
			</trkpt>
			<trkpt lat="47.64897879529571" lon="20.76475262254338">
				<ele>92.07509940583259</ele>
				<time>2026-06-14T11:04:53Z</time>
			</trkpt>
			<trkpt lat="47.64895969367684" lon="20.76472936612582">
				<ele>91.07725794333965</ele>
				<time>2026-06-14T11:04:55Z</time>
			</trkpt>
			<trkpt lat="47.648938897343925" lon="20.764704471282837">
				<ele>91.41556153260171</ele>
				<time>2026-06-14T11:04:57Z</time>
			</trkpt>
			<trkpt lat="47.648918430194" lon="20.764679466150756">
				<ele>91.01640926022083</ele>
				<time>2026-06-14T11:04:59Z</time>
			</trkpt>
			<trkpt lat="47.64889550774243" lon="20.76465938602076">
				<ele>90.69995274953544</ele>
				<time>2026-06-14T11:05:01Z</time>
			</trkpt>
			<trkpt lat="47.64887045090138" lon="20.764639038134426">
				<ele>90.16307820472866</ele>
				<time>2026-06-14T11:05:03Z</time>
			</trkpt>
			<trkpt lat="47.648845017391245" lon="20.76462007710189">
				<ele>89.65102861635387</ele>
				<time>2026-06-14T11:05:05Z</time>
			</trkpt>
			<trkpt lat="47.64882345922976" lon="20.76460108002891">
				<ele>89.30861037969589</ele>
				<time>2026-06-14T11:05:07Z</time>
			</trkpt>
			<trkpt lat="47.64880978850384" lon="20.764594371004165">
				<ele>89.81166736129671</ele>
				<time>2026-06-14T11:05:09Z</time>
			</trkpt>
			<trkpt lat="47.64879562438589" lon="20.764587905948666">
				<ele>89.50931988842785</ele>
				<time>2026-06-14T11:05:10Z</time>
			</trkpt>
			<trkpt lat="47.64877179817517" lon="20.76456918288332">
				<ele>90.21365591790527</ele>
				<time>2026-06-14T11:05:12Z</time>
			</trkpt>
			<trkpt lat="47.648747732721915" lon="20.764551262510395">
				<ele>89.85961535573006</ele>
				<time>2026-06-14T11:05:14Z</time>
			</trkpt>
			<trkpt lat="47.64872661200594" lon="20.764533940171244">
				<ele>89.91923383064568</ele>
				<time>2026-06-14T11:05:16Z</time>
			</trkpt>
			<trkpt lat="47.64871324169743" lon="20.764523116880056">
				<ele>89.64896564930677</ele>
				<time>2026-06-14T11:05:18Z</time>
			</trkpt>
			<trkpt lat="47.648696661380995" lon="20.764513374584613">
				<ele>90.47139821853489</ele>
				<time>2026-06-14T11:05:19Z</time>
			</trkpt>
			<trkpt lat="47.648674421860655" lon="20.764492557172282">
				<ele>90.60879484657198</ele>
				<time>2026-06-14T11:05:21Z</time>
			</trkpt>
			<trkpt lat="47.648656214613794" lon="20.7644715419006">
				<ele>90.14218266494572</ele>
				<time>2026-06-14T11:05:23Z</time>
			</trkpt>
			<trkpt lat="47.64864137071952" lon="20.764447320179666">
				<ele>89.98534817062318</ele>
				<time>2026-06-14T11:05:25Z</time>
			</trkpt>
			<trkpt lat="47.648624110596245" lon="20.76442444897784">
				<ele>89.92218785639852</ele>
				<time>2026-06-14T11:05:27Z</time>
			</trkpt>
			<trkpt lat="47.64860643830616" lon="20.764398277432537">
				<ele>89.68459072709084</ele>
				<time>2026-06-14T11:05:29Z</time>
			</trkpt>
			<trkpt lat="47.6485872937382" lon="20.764372009985006">
				<ele>89.167535061948</ele>
				<time>2026-06-14T11:05:31Z</time>
			</trkpt>
			<trkpt lat="47.64856995465104" lon="20.764348422214134">
				<ele>88.65920306742191</ele>
				<time>2026-06-14T11:05:33Z</time>
			</trkpt>
			<trkpt lat="47.64854855154455" lon="20.76432503289602">
				<ele>89.79103227239102</ele>
				<time>2026-06-14T11:05:35Z</time>
			</trkpt>
			<trkpt lat="47.648532103270966" lon="20.764312608967284">
				<ele>89.35716927889735</ele>
				<time>2026-06-14T11:05:37Z</time>
			</trkpt>
			<trkpt lat="47.648513209331874" lon="20.76428740251453">
				<ele>89.7671219240874</ele>
				<time>2026-06-14T11:05:39Z</time>
			</trkpt>
			<trkpt lat="47.64849383712368" lon="20.764255901108605">
				<ele>89.82983326911926</ele>
				<time>2026-06-14T11:05:41Z</time>
			</trkpt>
			<trkpt lat="47.648473063064614" lon="20.764230490993036">
				<ele>90.93194689322263</ele>
				<time>2026-06-14T11:05:43Z</time>
			</trkpt>
			<trkpt lat="47.64845373825935" lon="20.76421168334234">
				<ele>90.47469072788954</ele>
				<time>2026-06-14T11:05:45Z</time>
			</trkpt>
			<trkpt lat="47.648444612481846" lon="20.764195173862547">
				<ele>90.68683998286724</ele>
				<time>2026-06-14T11:05:47Z</time>
			</trkpt>
			<trkpt lat="47.64843116549248" lon="20.764176518993178">
				<ele>90.16990726534277</ele>
				<time>2026-06-14T11:05:50Z</time>
			</trkpt>
			<trkpt lat="47.648410338433365" lon="20.764159813021106">
				<ele>91.09973745793104</ele>
				<time>2026-06-14T11:05:52Z</time>
			</trkpt>
			<trkpt lat="47.64839007682746" lon="20.764144359187018">
				<ele>91.03819980099797</ele>
				<time>2026-06-14T11:05:55Z</time>
			</trkpt>
			<trkpt lat="47.64837561594457" lon="20.76413677779103">
				<ele>90.95471664518118</ele>
				<time>2026-06-14T11:05:57Z</time>
			</trkpt>
			<trkpt lat="47.64835301633487" lon="20.764126466953044">
				<ele>92.11407074704766</ele>
				<time>2026-06-14T11:05:59Z</time>
			</trkpt>
			<trkpt lat="47.64832306086488" lon="20.764111348032298">
				<ele>93.1598704662174</ele>
				<time>2026-06-14T11:06:01Z</time>
			</trkpt>
			<trkpt lat="47.648295954340306" lon="20.76409588923129">
				<ele>92.72071826457977</ele>
				<time>2026-06-14T11:06:03Z</time>
			</trkpt>
			<trkpt lat="47.64826862782184" lon="20.76408646427744">
				<ele>92.25147209502757</ele>
				<time>2026-06-14T11:06:05Z</time>
			</trkpt>
			<trkpt lat="47.64824286903175" lon="20.76407849964571">
				<ele>90.7848124904558</ele>
				<time>2026-06-14T11:06:07Z</time>
			</trkpt>
			<trkpt lat="47.64821901057525" lon="20.76406664656698">
				<ele>91.77719510532916</ele>
				<time>2026-06-14T11:06:09Z</time>
			</trkpt>
			<trkpt lat="47.6481997904537" lon="20.764046467893987">
				<ele>91.50489753112197</ele>
				<time>2026-06-14T11:06:11Z</time>
			</trkpt>
			<trkpt lat="47.648181421554796" lon="20.76402609029366">
				<ele>90.67620159499347</ele>
				<time>2026-06-14T11:06:13Z</time>
			</trkpt>
			<trkpt lat="47.64816802955047" lon="20.764011407495982">
				<ele>90.42804732825607</ele>
				<time>2026-06-14T11:06:14Z</time>
			</trkpt>
			<trkpt lat="47.648145460001885" lon="20.763986452700717">
				<ele>90.23004275932908</ele>
				<time>2026-06-14T11:06:16Z</time>
			</trkpt>
			<trkpt lat="47.64812461496186" lon="20.763964208733654">
				<ele>89.84182677604258</ele>
				<time>2026-06-14T11:06:18Z</time>
			</trkpt>
			<trkpt lat="47.64810267325112" lon="20.763943983392263">
				<ele>90.27771151252091</ele>
				<time>2026-06-14T11:06:20Z</time>
			</trkpt>
			<trkpt lat="47.64808234659082" lon="20.76392281065968">
				<ele>89.32154892757535</ele>
				<time>2026-06-14T11:06:22Z</time>
			</trkpt>
			<trkpt lat="47.64806004365628" lon="20.76390706135387">
				<ele>89.7811341797933</ele>
				<time>2026-06-14T11:06:24Z</time>
			</trkpt>
			<trkpt lat="47.64804509538073" lon="20.763899263062303">
				<ele>89.4059113971889</ele>
				<time>2026-06-14T11:06:26Z</time>
			</trkpt>
			<trkpt lat="47.64802326469374" lon="20.763881794097355">
				<ele>89.05995826702565</ele>
				<time>2026-06-14T11:06:28Z</time>
			</trkpt>
			<trkpt lat="47.64799813792033" lon="20.76385541911882">
				<ele>89.0735289901495</ele>
				<time>2026-06-14T11:06:30Z</time>
			</trkpt>
			<trkpt lat="47.64797309505944" lon="20.763826950976053">
				<ele>89.11858951300383</ele>
				<time>2026-06-14T11:06:32Z</time>
			</trkpt>
			<trkpt lat="47.64795113163169" lon="20.763802664092818">
				<ele>89.4822636116296</ele>
				<time>2026-06-14T11:06:34Z</time>
			</trkpt>
			<trkpt lat="47.647929532961534" lon="20.76378014725602">
				<ele>89.88480172958225</ele>
				<time>2026-06-14T11:06:36Z</time>
			</trkpt>
			<trkpt lat="47.64790764652087" lon="20.763755569599915">
				<ele>89.9482618207112</ele>
				<time>2026-06-14T11:06:38Z</time>
			</trkpt>
			<trkpt lat="47.647888377513304" lon="20.763734947788073">
				<ele>90.14401724468917</ele>
				<time>2026-06-14T11:06:40Z</time>
			</trkpt>
			<trkpt lat="47.64787088982757" lon="20.763716261647705">
				<ele>90.62003108300269</ele>
				<time>2026-06-14T11:06:42Z</time>
			</trkpt>
			<trkpt lat="47.64785413116861" lon="20.763695033694056">
				<ele>90.70352009497583</ele>
				<time>2026-06-14T11:06:45Z</time>
			</trkpt>
			<trkpt lat="47.64783593015848" lon="20.76366502780685">
				<ele>90.89075170829892</ele>
				<time>2026-06-14T11:06:48Z</time>
			</trkpt>
			<trkpt lat="47.647823085574714" lon="20.7636334193697">
				<ele>89.86760821659118</ele>
				<time>2026-06-14T11:06:51Z</time>
			</trkpt>
			<trkpt lat="47.64781163471941" lon="20.763610706158108">
				<ele>90.67396636959165</ele>
				<time>2026-06-14T11:06:54Z</time>
			</trkpt>
			<trkpt lat="47.64780046926314" lon="20.763590366199114">
				<ele>89.87074055429548</ele>
				<time>2026-06-14T11:06:57Z</time>
			</trkpt>
			<trkpt lat="47.64778344066842" lon="20.76356369805863">
				<ele>91.25088603422046</ele>
				<time>2026-06-14T11:06:59Z</time>
			</trkpt>
			<trkpt lat="47.647755893293926" lon="20.763533871562032">
				<ele>91.66622841916978</ele>
				<time>2026-06-14T11:07:02Z</time>
			</trkpt>
			<trkpt lat="47.64773812212728" lon="20.763516516408213">
				<ele>91.55304415896535</ele>
				<time>2026-06-14T11:07:04Z</time>
			</trkpt>
			<trkpt lat="47.647725734793184" lon="20.76350223710869">
				<ele>90.880605510436</ele>
				<time>2026-06-14T11:07:06Z</time>
			</trkpt>
			<trkpt lat="47.647709656128754" lon="20.76348347721321">
				<ele>91.35504795704037</ele>
				<time>2026-06-14T11:07:08Z</time>
			</trkpt>
			<trkpt lat="47.647688116759845" lon="20.76346422626897">
				<ele>92.14051928650588</ele>
				<time>2026-06-14T11:07:10Z</time>
			</trkpt>
			<trkpt lat="47.64766597879101" lon="20.763449496228453">
				<ele>92.580218475312</ele>
				<time>2026-06-14T11:07:12Z</time>
			</trkpt>
			<trkpt lat="47.6476516290564" lon="20.76344073691726">
				<ele>91.7900087479502</ele>
				<time>2026-06-14T11:07:14Z</time>
			</trkpt>
			<trkpt lat="47.647634021810475" lon="20.76342675327931">
				<ele>91.80423456896096</ele>
				<time>2026-06-14T11:07:16Z</time>
			</trkpt>
			<trkpt lat="47.64761014827858" lon="20.763415229530665">
				<ele>92.71639992017299</ele>
				<time>2026-06-14T11:07:18Z</time>
			</trkpt>
			<trkpt lat="47.647589583007644" lon="20.763402694150056">
				<ele>93.57328503392637</ele>
				<time>2026-06-14T11:07:21Z</time>
			</trkpt>
			<trkpt lat="47.64757723992652" lon="20.76339826935716">
				<ele>92.98010321892798</ele>
				<time>2026-06-14T11:07:23Z</time>
			</trkpt>
			<trkpt lat="47.64755458086599" lon="20.763382654047856">
				<ele>94.54204608593136</ele>
				<time>2026-06-14T11:07:25Z</time>
			</trkpt>
			<trkpt lat="47.64752874237724" lon="20.763366825168806">
				<ele>93.34810401219875</ele>
				<time>2026-06-14T11:07:27Z</time>
			</trkpt>
			<trkpt lat="47.64749853536408" lon="20.763359963336814">
				<ele>93.53558199852705</ele>
				<time>2026-06-14T11:07:30Z</time>
			</trkpt>
			<trkpt lat="47.647484699401495" lon="20.763354054846907">
				<ele>92.41753507964313</ele>
				<time>2026-06-14T11:07:32Z</time>
			</trkpt>
			<trkpt lat="47.647471618068536" lon="20.763347066671717">
				<ele>92.5603806367144</ele>
				<time>2026-06-14T11:07:34Z</time>
			</trkpt>
			<trkpt lat="47.64745555656156" lon="20.763342738078837">
				<ele>91.99838172458112</ele>
				<time>2026-06-14T11:07:36Z</time>
			</trkpt>
			<trkpt lat="47.64743230933872" lon="20.763326517370285">
				<ele>91.38579425681382</ele>
				<time>2026-06-14T11:07:38Z</time>
			</trkpt>
			<trkpt lat="47.64740851709463" lon="20.76330880738966">
				<ele>91.08143390901387</ele>
				<time>2026-06-14T11:07:40Z</time>
			</trkpt>
			<trkpt lat="47.64738444118209" lon="20.763286489641306">
				<ele>91.24260589666665</ele>
				<time>2026-06-14T11:07:42Z</time>
			</trkpt>
			<trkpt lat="47.6473626338647" lon="20.763267090555978">
				<ele>90.68532075360417</ele>
				<time>2026-06-14T11:07:44Z</time>
			</trkpt>
			<trkpt lat="47.647341437258646" lon="20.763246489506294">
				<ele>90.38967646192759</ele>
				<time>2026-06-14T11:07:46Z</time>
			</trkpt>
			<trkpt lat="47.64731928930307" lon="20.763228927414897">
				<ele>89.51518732029945</ele>
				<time>2026-06-14T11:07:48Z</time>
			</trkpt>
			<trkpt lat="47.64729257673896" lon="20.7632128610339">
				<ele>89.9161227028817</ele>
				<time>2026-06-14T11:07:50Z</time>
			</trkpt>
			<trkpt lat="47.64726808052612" lon="20.763195812932672">
				<ele>89.65589742269367</ele>
				<time>2026-06-14T11:07:52Z</time>
			</trkpt>
			<trkpt lat="47.64724253086932" lon="20.76317814447698">
				<ele>90.04779332317412</ele>
				<time>2026-06-14T11:07:54Z</time>
			</trkpt>
			<trkpt lat="47.64721614204703" lon="20.76315961923828">
				<ele>89.91621101181954</ele>
				<time>2026-06-14T11:07:56Z</time>
			</trkpt>
			<trkpt lat="47.6471929515124" lon="20.763145252033773">
				<ele>90.1861118990928</ele>
				<time>2026-06-14T11:07:58Z</time>
			</trkpt>
			<trkpt lat="47.647178283492906" lon="20.76313677226628">
				<ele>90.66333092469722</ele>
				<time>2026-06-14T11:07:59Z</time>
			</trkpt>
			<trkpt lat="47.64715035453175" lon="20.763119124923502">
				<ele>90.6352841546759</ele>
				<time>2026-06-14T11:08:01Z</time>
			</trkpt>
			<trkpt lat="47.64712512266891" lon="20.76309509880276">
				<ele>90.03174022305757</ele>
				<time>2026-06-14T11:08:03Z</time>
			</trkpt>
			<trkpt lat="47.64710151412761" lon="20.76307212244216">
				<ele>90.15420232340693</ele>
				<time>2026-06-14T11:08:05Z</time>
			</trkpt>
			<trkpt lat="47.647077623555134" lon="20.76304916705074">
				<ele>89.3956812536344</ele>
				<time>2026-06-14T11:08:07Z</time>
			</trkpt>
			<trkpt lat="47.64705166002377" lon="20.7630317092711">
				<ele>88.99303040839732</ele>
				<time>2026-06-14T11:08:09Z</time>
			</trkpt>
			<trkpt lat="47.647026825640424" lon="20.763013324405883">
				<ele>88.76839443482459</ele>
				<time>2026-06-14T11:08:11Z</time>
			</trkpt>
			<trkpt lat="47.64700261518" lon="20.7630001346088">
				<ele>89.19058131892234</ele>
				<time>2026-06-14T11:08:13Z</time>
			</trkpt>
			<trkpt lat="47.64698000997183" lon="20.762976081771342">
				<ele>88.70117412786931</ele>
				<time>2026-06-14T11:08:15Z</time>
			</trkpt>
			<trkpt lat="47.64695572077901" lon="20.762957838608365">
				<ele>88.8356837881729</ele>
				<time>2026-06-14T11:08:17Z</time>
			</trkpt>
			<trkpt lat="47.64692742071357" lon="20.76293905334065">
				<ele>88.32341192569584</ele>
				<time>2026-06-14T11:08:19Z</time>
			</trkpt>
			<trkpt lat="47.64690031430085" lon="20.76292117995766">
				<ele>88.75931465439498</ele>
				<time>2026-06-14T11:08:21Z</time>
			</trkpt>
			<trkpt lat="47.64687778415619" lon="20.762899387479024">
				<ele>88.21643227804452</ele>
				<time>2026-06-14T11:08:23Z</time>
			</trkpt>
			<trkpt lat="47.64685778007675" lon="20.762876700564835">
				<ele>87.88598418980837</ele>
				<time>2026-06-14T11:08:25Z</time>
			</trkpt>
			<trkpt lat="47.646834490183714" lon="20.762849718238613">
				<ele>88.49820429459214</ele>
				<time>2026-06-14T11:08:27Z</time>
			</trkpt>
			<trkpt lat="47.64681795506277" lon="20.762825197384373">
				<ele>87.98537709377706</ele>
				<time>2026-06-14T11:08:29Z</time>
			</trkpt>
			<trkpt lat="47.6468019111871" lon="20.762796121380934">
				<ele>88.28735904116184</ele>
				<time>2026-06-14T11:08:31Z</time>
			</trkpt>
			<trkpt lat="47.64678708141916" lon="20.762765367719375">
				<ele>90.55557628162205</ele>
				<time>2026-06-14T11:08:33Z</time>
			</trkpt>
			<trkpt lat="47.64677005841762" lon="20.76275372026867">
				<ele>89.76360716763884</ele>
				<time>2026-06-14T11:08:36Z</time>
			</trkpt>
			<trkpt lat="47.646758834869495" lon="20.762750407331488">
				<ele>90.565958336927</ele>
				<time>2026-06-14T11:08:38Z</time>
			</trkpt>
			<trkpt lat="47.64673919101356" lon="20.762714704555886">
				<ele>90.33119241334498</ele>
				<time>2026-06-14T11:08:40Z</time>
			</trkpt>
			<trkpt lat="47.64671595515936" lon="20.762700308251155">
				<ele>92.32678146567196</ele>
				<time>2026-06-14T11:08:42Z</time>
			</trkpt>
			<trkpt lat="47.64669427463167" lon="20.76268591995314">
				<ele>91.69282815232873</ele>
				<time>2026-06-14T11:08:44Z</time>
			</trkpt>
			<trkpt lat="47.64668325688114" lon="20.762658638836022">
				<ele>90.91018433123827</ele>
				<time>2026-06-14T11:08:46Z</time>
			</trkpt>
			<trkpt lat="47.64666971625882" lon="20.762638684888948">
				<ele>92.08286647312343</ele>
				<time>2026-06-14T11:08:48Z</time>
			</trkpt>
			<trkpt lat="47.646654948938725" lon="20.76262007636433">
				<ele>90.96441318187863</ele>
				<time>2026-06-14T11:08:50Z</time>
			</trkpt>
			<trkpt lat="47.6466423475306" lon="20.762603060322437">
				<ele>89.63466257043183</ele>
				<time>2026-06-14T11:08:53Z</time>
			</trkpt>
			<trkpt lat="47.64663369843484" lon="20.76257869792278">
				<ele>91.06555746961385</ele>
				<time>2026-06-14T11:08:57Z</time>
			</trkpt>
			<trkpt lat="47.6466248497767" lon="20.762550539512972">
				<ele>89.28842328395694</ele>
				<time>2026-06-14T11:09:02Z</time>
			</trkpt>
			<trkpt lat="47.64661014905404" lon="20.76253270971417">
				<ele>90.30836368445307</ele>
				<time>2026-06-14T11:09:07Z</time>
			</trkpt>
			<trkpt lat="47.64659522391457" lon="20.762512502181764">
				<ele>90.38451670948416</ele>
				<time>2026-06-14T11:09:12Z</time>
			</trkpt>
			<trkpt lat="47.646587226031365" lon="20.762478193225746">
				<ele>90.80143456626683</ele>
				<time>2026-06-14T11:09:21Z</time>
			</trkpt>
			<trkpt lat="47.64659601562806" lon="20.76245917225915">
				<ele>90.49177308287472</ele>
				<time>2026-06-14T11:09:26Z</time>
			</trkpt>
			<trkpt lat="47.6466088526106" lon="20.76243994726466">
				<ele>90.15154818817973</ele>
				<time>2026-06-14T11:09:30Z</time>
			</trkpt>
			<trkpt lat="47.646622017455215" lon="20.762422049616355">
				<ele>90.22642531991005</ele>
				<time>2026-06-14T11:09:33Z</time>
			</trkpt>
			<trkpt lat="47.646638781207784" lon="20.762404694231684">
				<ele>89.70150232128799</ele>
				<time>2026-06-14T11:09:36Z</time>
			</trkpt>
			<trkpt lat="47.64666148770523" lon="20.762395166234864">
				<ele>89.5039431815967</ele>
				<time>2026-06-14T11:09:40Z</time>
			</trkpt>
			<trkpt lat="47.64668588841365" lon="20.762386748773327">
				<ele>91.03559036925435</ele>
				<time>2026-06-14T11:09:45Z</time>
			</trkpt>
			<trkpt lat="47.64670664792359" lon="20.762380182747673">
				<ele>92.23904636781663</ele>
				<time>2026-06-14T11:09:49Z</time>
			</trkpt>
			<trkpt lat="47.6467262193599" lon="20.76236770077936">
				<ele>92.70241748075932</ele>
				<time>2026-06-14T11:09:53Z</time>
			</trkpt>
			<trkpt lat="47.646732255115104" lon="20.762390993960032">
				<ele>91.22049065493047</ele>
				<time>2026-06-14T11:10:14Z</time>
			</trkpt>
			<trkpt lat="47.64673020317495" lon="20.762410718818053">
				<ele>91.16388589236885</ele>
				<time>2026-06-14T11:10:18Z</time>
			</trkpt>
			<trkpt lat="47.64672959983018" lon="20.76244661083364">
				<ele>92.07980186678469</ele>
				<time>2026-06-14T11:10:28Z</time>
			</trkpt>
			<trkpt lat="47.646725006548024" lon="20.762467322853116">
				<ele>91.42173364479095</ele>
				<time>2026-06-14T11:10:32Z</time>
			</trkpt>
			<trkpt lat="47.64671802057048" lon="20.762492377663982">
				<ele>91.25725145637989</ele>
				<time>2026-06-14T11:10:37Z</time>
			</trkpt>
			<trkpt lat="47.646708357498156" lon="20.762521342883765">
				<ele>90.71287654154003</ele>
				<time>2026-06-14T11:10:46Z</time>
			</trkpt>
			<trkpt lat="47.64670618634265" lon="20.762547470919905">
				<ele>90.7541137849912</ele>
				<time>2026-06-14T11:10:54Z</time>
			</trkpt>
			<trkpt lat="47.64669898688334" lon="20.762526532790012">
				<ele>90.84407273959368</ele>
				<time>2026-06-14T11:11:08Z</time>
			</trkpt>
			<trkpt lat="47.6466879274438" lon="20.762498501579323">
				<ele>89.9823392573744</ele>
				<time>2026-06-14T11:11:19Z</time>
			</trkpt>
			<trkpt lat="47.64668217052095" lon="20.762472222415198">
				<ele>90.04989629797637</ele>
				<time>2026-06-14T11:11:30Z</time>
			</trkpt>
			<trkpt lat="47.64668932337813" lon="20.76244733362452">
				<ele>90.15490421000868</ele>
				<time>2026-06-14T11:11:42Z</time>
			</trkpt>
			<trkpt lat="47.64668250492832" lon="20.762421938436415">
				<ele>90.08056340087205</ele>
				<time>2026-06-14T11:12:07Z</time>
			</trkpt>
			<trkpt lat="47.64668446399857" lon="20.76239805515713">
				<ele>89.97058408334851</ele>
				<time>2026-06-14T11:12:14Z</time>
			</trkpt>
			<trkpt lat="47.64669798636338" lon="20.762369138850005">
				<ele>88.6843429254368</ele>
				<time>2026-06-14T11:12:46Z</time>
			</trkpt>
			<trkpt lat="47.64668247882428" lon="20.762384882539436">
				<ele>90.04301230423152</ele>
				<time>2026-06-14T11:13:08Z</time>
			</trkpt>
			<trkpt lat="47.64670031299858" lon="20.762370281576302">
				<ele>89.38016640301794</ele>
				<time>2026-06-14T11:13:32Z</time>
			</trkpt>
			<trkpt lat="47.64668623736379" lon="20.762375732912204">
				<ele>91.35295965988189</ele>
				<time>2026-06-14T11:13:43Z</time>
			</trkpt>
			<trkpt lat="47.64667349224774" lon="20.762354598201362">
				<ele>90.33183385524899</ele>
				<time>2026-06-14T11:14:16Z</time>
			</trkpt>
			<trkpt lat="47.64669100137528" lon="20.762344751072728">
				<ele>89.32704764604568</ele>
				<time>2026-06-14T11:14:59Z</time>
			</trkpt>
			<trkpt lat="47.6466865885914" lon="20.76236911085916">
				<ele>89.38529971521348</ele>
				<time>2026-06-14T11:15:09Z</time>
			</trkpt>
			<trkpt lat="47.64669023008011" lon="20.7623989551132">
				<ele>89.70040362142026</ele>
				<time>2026-06-14T11:15:30Z</time>
			</trkpt>
			<trkpt lat="47.646697790822806" lon="20.762372606211112">
				<ele>89.90610232576728</ele>
				<time>2026-06-14T11:16:31Z</time>
			</trkpt>
			<trkpt lat="47.6466811270395" lon="20.762362664645813">
				<ele>89.66425955761224</ele>
				<time>2026-06-14T11:16:56Z</time>
			</trkpt>
			<trkpt lat="47.64669875172036" lon="20.762370511020546">
				<ele>91.0714963665232</ele>
				<time>2026-06-14T11:17:40Z</time>
			</trkpt>
			<trkpt lat="47.64669651474284" lon="20.762341983234172">
				<ele>89.65019049402326</ele>
				<time>2026-06-14T11:18:39Z</time>
			</trkpt>
			<trkpt lat="47.64671232324457" lon="20.762357569268904">
				<ele>89.92355781234801</ele>
				<time>2026-06-14T11:19:43Z</time>
			</trkpt>
			<trkpt lat="47.64672892005138" lon="20.762371043112477">
				<ele>90.5439182324335</ele>
				<time>2026-06-14T11:21:07Z</time>
			</trkpt>
			<trkpt lat="47.64674157146514" lon="20.76234832883824">
				<ele>90.91202647890896</ele>
				<time>2026-06-14T11:21:47Z</time>
			</trkpt>
			<trkpt lat="47.64676064370274" lon="20.762364635252972">
				<ele>91.26265227235854</ele>
				<time>2026-06-14T11:22:11Z</time>
			</trkpt>
			<trkpt lat="47.64677939922308" lon="20.76235467269405">
				<ele>93.42768909689039</ele>
				<time>2026-06-14T11:22:42Z</time>
			</trkpt>
			<trkpt lat="47.64678728280151" lon="20.762329307303112">
				<ele>93.21975660417229</ele>
				<time>2026-06-14T11:23:08Z</time>
			</trkpt>
			<trkpt lat="47.646773123953984" lon="20.76235489352216">
				<ele>91.31853590812534</ele>
				<time>2026-06-14T11:24:32Z</time>
			</trkpt>
			<trkpt lat="47.646790536133985" lon="20.762371485047215">
				<ele>91.99101206101477</ele>
				<time>2026-06-14T11:25:21Z</time>
			</trkpt>
			<trkpt lat="47.64679928584844" lon="20.762392436809343">
				<ele>90.88312033284456</ele>
				<time>2026-06-14T11:25:32Z</time>
			</trkpt>
			<trkpt lat="47.64681917867631" lon="20.762429166306294">
				<ele>89.10620800964534</ele>
				<time>2026-06-14T11:25:56Z</time>
			</trkpt>
			<trkpt lat="47.64681122899512" lon="20.762407336607104">
				<ele>89.29021542984992</ele>
				<time>2026-06-14T11:26:06Z</time>
			</trkpt>
			<trkpt lat="47.64678821088984" lon="20.762408256361795">
				<ele>89.16672569140792</ele>
				<time>2026-06-14T11:26:32Z</time>
			</trkpt>
			<trkpt lat="47.646776755458305" lon="20.762431641868304">
				<ele>89.43076488934457</ele>
				<time>2026-06-14T11:26:54Z</time>
			</trkpt>
			<trkpt lat="47.64676713601444" lon="20.76245382657508">
				<ele>90.24398462846875</ele>
				<time>2026-06-14T11:27:39Z</time>
			</trkpt>
			<trkpt lat="47.64678198703343" lon="20.762470090101598">
				<ele>90.85040061734617</ele>
				<time>2026-06-14T11:28:03Z</time>
			</trkpt>
			<trkpt lat="47.64679980047812" lon="20.762478995309756">
				<ele>90.46536672208458</ele>
				<time>2026-06-14T11:28:25Z</time>
			</trkpt>
			<trkpt lat="47.64681830198894" lon="20.76248133646361">
				<ele>90.64563311822712</ele>
				<time>2026-06-14T11:28:36Z</time>
			</trkpt>
			<trkpt lat="47.646836263845294" lon="20.762489007370423">
				<ele>90.76280371658504</ele>
				<time>2026-06-14T11:28:45Z</time>
			</trkpt>
			<trkpt lat="47.64685572637387" lon="20.762492710333174">
				<ele>91.43080889154226</ele>
				<time>2026-06-14T11:29:00Z</time>
			</trkpt>
			<trkpt lat="47.646838963635275" lon="20.76248460764971">
				<ele>90.0685259476304</ele>
				<time>2026-06-14T11:29:12Z</time>
			</trkpt>
			<trkpt lat="47.646806372079" lon="20.76248267446952">
				<ele>89.85910908039659</ele>
				<time>2026-06-14T11:29:19Z</time>
			</trkpt>
			<trkpt lat="47.64678687212864" lon="20.76247901010929">
				<ele>90.86725498922169</ele>
				<time>2026-06-14T11:29:20Z</time>
			</trkpt>
			<trkpt lat="47.64676878759158" lon="20.762500373313532">
				<ele>89.82681785523891</ele>
				<time>2026-06-14T11:29:30Z</time>
			</trkpt>
			<trkpt lat="47.646769202628406" lon="20.762530303476442">
				<ele>89.65505583118647</ele>
				<time>2026-06-14T11:29:45Z</time>
			</trkpt>
			<trkpt lat="47.646781154654626" lon="20.762544616832407">
				<ele>89.51203815359622</ele>
				<time>2026-06-14T11:29:56Z</time>
			</trkpt>
			<trkpt lat="47.64680145937333" lon="20.762555856768824">
				<ele>89.38762781582773</ele>
				<time>2026-06-14T11:30:08Z</time>
			</trkpt>
			<trkpt lat="47.64678189432943" lon="20.762552956365926">
				<ele>89.20086639001966</ele>
				<time>2026-06-14T11:30:29Z</time>
			</trkpt>
			<trkpt lat="47.646768372272625" lon="20.76254733412322">
				<ele>88.0409453716129</ele>
				<time>2026-06-14T11:30:34Z</time>
			</trkpt>
			<trkpt lat="47.64674769483307" lon="20.762532085957613">
				<ele>91.72865611128509</ele>
				<time>2026-06-14T11:30:46Z</time>
			</trkpt>
			<trkpt lat="47.64673604612631" lon="20.762542767103437">
				<ele>91.81329267844558</ele>
				<time>2026-06-14T11:30:49Z</time>
			</trkpt>
			<trkpt lat="47.646720760346376" lon="20.762551210182828">
				<ele>90.7364036347717</ele>
				<time>2026-06-14T11:30:53Z</time>
			</trkpt>
			<trkpt lat="47.64670070090019" lon="20.76256618424529">
				<ele>91.41498461831361</ele>
				<time>2026-06-14T11:30:56Z</time>
			</trkpt>
			<trkpt lat="47.646679897728696" lon="20.76258433915591">
				<ele>91.17054767906666</ele>
				<time>2026-06-14T11:31:00Z</time>
			</trkpt>
			<trkpt lat="47.646663383214694" lon="20.76258346209175">
				<ele>90.16391989495605</ele>
				<time>2026-06-14T11:31:03Z</time>
			</trkpt>
			<trkpt lat="47.64664297456146" lon="20.762575237438877">
				<ele>89.79432824347168</ele>
				<time>2026-06-14T11:31:06Z</time>
			</trkpt>
			<trkpt lat="47.646621899297266" lon="20.76256537094136">
				<ele>89.31718967854977</ele>
				<time>2026-06-14T11:31:09Z</time>
			</trkpt>
			<trkpt lat="47.64659794215016" lon="20.762546864538177">
				<ele>88.46424790937454</ele>
				<time>2026-06-14T11:31:11Z</time>
			</trkpt>
			<trkpt lat="47.64657317215237" lon="20.762534837978937">
				<ele>88.33929732814431</ele>
				<time>2026-06-14T11:31:14Z</time>
			</trkpt>
			<trkpt lat="47.646554380946995" lon="20.762529654068686">
				<ele>88.66967579256743</ele>
				<time>2026-06-14T11:31:17Z</time>
			</trkpt>
			<trkpt lat="47.64653651032466" lon="20.76252631390039">
				<ele>88.53086132835597</ele>
				<time>2026-06-14T11:31:20Z</time>
			</trkpt>
			<trkpt lat="47.64651518387027" lon="20.76251510057781">
				<ele>88.35614586807787</ele>
				<time>2026-06-14T11:31:22Z</time>
			</trkpt>
			<trkpt lat="47.646496399568186" lon="20.76250619116177">
				<ele>88.54340535681695</ele>
				<time>2026-06-14T11:31:24Z</time>
			</trkpt>
			<trkpt lat="47.64647529211616" lon="20.762494579239476">
				<ele>88.35586793068796</ele>
				<time>2026-06-14T11:31:26Z</time>
			</trkpt>
			<trkpt lat="47.64645159767277" lon="20.762479356072397">
				<ele>88.55088488850743</ele>
				<time>2026-06-14T11:31:28Z</time>
			</trkpt>
			<trkpt lat="47.64642368841572" lon="20.762471523198563">
				<ele>89.05436417553574</ele>
				<time>2026-06-14T11:31:30Z</time>
			</trkpt>
			<trkpt lat="47.646394599929145" lon="20.76246534681633">
				<ele>89.1701310556382</ele>
				<time>2026-06-14T11:31:32Z</time>
			</trkpt>
			<trkpt lat="47.64635947028115" lon="20.762452541158233">
				<ele>89.62657665088773</ele>
				<time>2026-06-14T11:31:35Z</time>
			</trkpt>
			<trkpt lat="47.64634822458944" lon="20.762444777133112">
				<ele>89.18799451366067</ele>
				<time>2026-06-14T11:31:37Z</time>
			</trkpt>
			<trkpt lat="47.64633655048196" lon="20.76244030904749">
				<ele>89.53088487032801</ele>
				<time>2026-06-14T11:31:39Z</time>
			</trkpt>
			<trkpt lat="47.64630991143385" lon="20.76243066422181">
				<ele>89.52233374677598</ele>
				<time>2026-06-14T11:31:41Z</time>
			</trkpt>
			<trkpt lat="47.646283142601504" lon="20.76241856629268">
				<ele>89.33070998080075</ele>
				<time>2026-06-14T11:31:43Z</time>
			</trkpt>
			<trkpt lat="47.64626785175895" lon="20.7624072475181">
				<ele>89.26663504820317</ele>
				<time>2026-06-14T11:31:45Z</time>
			</trkpt>
			<trkpt lat="47.646254045412306" lon="20.762396666419026">
				<ele>89.1542818825692</ele>
				<time>2026-06-14T11:31:47Z</time>
			</trkpt>
			<trkpt lat="47.64623863281001" lon="20.762385863480766">
				<ele>88.7018922502175</ele>
				<time>2026-06-14T11:31:49Z</time>
			</trkpt>
			<trkpt lat="47.646221867764105" lon="20.762378098425554">
				<ele>89.26317916158587</ele>
				<time>2026-06-14T11:31:51Z</time>
			</trkpt>
			<trkpt lat="47.646203083787576" lon="20.76237180808936">
				<ele>89.58462324086577</ele>
				<time>2026-06-14T11:31:53Z</time>
			</trkpt>
			<trkpt lat="47.64617803782837" lon="20.762369070479462">
				<ele>89.81058306712657</ele>
				<time>2026-06-14T11:31:56Z</time>
			</trkpt>
			<trkpt lat="47.64615897746028" lon="20.76236294469599">
				<ele>89.54357869457453</ele>
				<time>2026-06-14T11:31:58Z</time>
			</trkpt>
			<trkpt lat="47.646144004410026" lon="20.762350837648253">
				<ele>88.47323778923601</ele>
				<time>2026-06-14T11:32:00Z</time>
			</trkpt>
			<trkpt lat="47.646119432973194" lon="20.762337776284216">
				<ele>88.89390779938549</ele>
				<time>2026-06-14T11:32:02Z</time>
			</trkpt>
			<trkpt lat="47.64609100050378" lon="20.762318115248203">
				<ele>88.70073893480003</ele>
				<time>2026-06-14T11:32:04Z</time>
			</trkpt>
			<trkpt lat="47.6460627901532" lon="20.762293323232093">
				<ele>88.55280438158661</ele>
				<time>2026-06-14T11:32:06Z</time>
			</trkpt>
			<trkpt lat="47.64604519822801" lon="20.762276860243333">
				<ele>88.80087881535292</ele>
				<time>2026-06-14T11:32:08Z</time>
			</trkpt>
			<trkpt lat="47.64603203894597" lon="20.762266321853545">
				<ele>89.11996686179191</ele>
				<time>2026-06-14T11:32:10Z</time>
			</trkpt>
			<trkpt lat="47.646009534698784" lon="20.762247186496317">
				<ele>88.853944321163</ele>
				<time>2026-06-14T11:32:12Z</time>
			</trkpt>
			<trkpt lat="47.6459902178402" lon="20.76223564294103">
				<ele>88.97912269085646</ele>
				<time>2026-06-14T11:32:14Z</time>
			</trkpt>
			<trkpt lat="47.645974725155305" lon="20.76222646407217">
				<ele>89.26479375362396</ele>
				<time>2026-06-14T11:32:16Z</time>
			</trkpt>
			<trkpt lat="47.645953767384654" lon="20.7622045773318">
				<ele>89.38493391033262</ele>
				<time>2026-06-14T11:32:18Z</time>
			</trkpt>
			<trkpt lat="47.64593240372987" lon="20.762175797308636">
				<ele>89.00016633514315</ele>
				<time>2026-06-14T11:32:21Z</time>
			</trkpt>
			<trkpt lat="47.64591904722642" lon="20.76216164723964">
				<ele>88.94966632686555</ele>
				<time>2026-06-14T11:32:23Z</time>
			</trkpt>
			<trkpt lat="47.64590084433258" lon="20.762136143052054">
				<ele>89.02676319982857</ele>
				<time>2026-06-14T11:32:25Z</time>
			</trkpt>
			<trkpt lat="47.64588259902428" lon="20.762114003370638">
				<ele>88.42480901814997</ele>
				<time>2026-06-14T11:32:28Z</time>
			</trkpt>
			<trkpt lat="47.64587019696961" lon="20.76210352810241">
				<ele>89.2582963583991</ele>
				<time>2026-06-14T11:32:30Z</time>
			</trkpt>
			<trkpt lat="47.645842795991356" lon="20.76208002219919">
				<ele>90.10570807754993</ele>
				<time>2026-06-14T11:32:33Z</time>
			</trkpt>
			<trkpt lat="47.64581984719295" lon="20.76205331724195">
				<ele>88.99135277513415</ele>
				<time>2026-06-14T11:32:35Z</time>
			</trkpt>
			<trkpt lat="47.64579912323016" lon="20.76204176545635">
				<ele>90.03243681881577</ele>
				<time>2026-06-14T11:32:38Z</time>
			</trkpt>
			<trkpt lat="47.64578625952641" lon="20.762037342232855">
				<ele>90.27139551006258</ele>
				<time>2026-06-14T11:32:40Z</time>
			</trkpt>
			<trkpt lat="47.64575693161421" lon="20.76202751181646">
				<ele>91.11382691282779</ele>
				<time>2026-06-14T11:32:43Z</time>
			</trkpt>
			<trkpt lat="47.64573187768502" lon="20.762021773152053">
				<ele>91.33696895558387</ele>
				<time>2026-06-14T11:32:45Z</time>
			</trkpt>
			<trkpt lat="47.645706601180336" lon="20.76201422632481">
				<ele>91.41540863271803</ele>
				<time>2026-06-14T11:32:47Z</time>
			</trkpt>
			<trkpt lat="47.64568139283756" lon="20.76202323538937">
				<ele>92.19940270390362</ele>
				<time>2026-06-14T11:32:48Z</time>
			</trkpt>
			<trkpt lat="47.645645335633446" lon="20.762017023180885">
				<ele>92.61293572001159</ele>
				<time>2026-06-14T11:32:50Z</time>
			</trkpt>
			<trkpt lat="47.6456216488988" lon="20.76200563420343">
				<ele>91.20112397242337</ele>
				<time>2026-06-14T11:32:53Z</time>
			</trkpt>
			<trkpt lat="47.645601044898484" lon="20.762002828900574">
				<ele>92.57372877281159</ele>
				<time>2026-06-14T11:32:55Z</time>
			</trkpt>
			<trkpt lat="47.64557116235101" lon="20.76198768541021">
				<ele>92.48367843683809</ele>
				<time>2026-06-14T11:32:57Z</time>
			</trkpt>
			<trkpt lat="47.6455252185837" lon="20.761967866388684">
				<ele>91.83524630591273</ele>
				<time>2026-06-14T11:33:01Z</time>
			</trkpt>
			<trkpt lat="47.645504081945006" lon="20.761955628099063">
				<ele>91.72257666569203</ele>
				<time>2026-06-14T11:33:03Z</time>
			</trkpt>
			<trkpt lat="47.64548295211145" lon="20.761941086012026">
				<ele>91.11152451112866</ele>
				<time>2026-06-14T11:33:05Z</time>
			</trkpt>
			<trkpt lat="47.64546165997141" lon="20.761928804596664">
				<ele>91.03972235228866</ele>
				<time>2026-06-14T11:33:07Z</time>
			</trkpt>
			<trkpt lat="47.64543834611352" lon="20.76190846031328">
				<ele>90.19753940682858</ele>
				<time>2026-06-14T11:33:09Z</time>
			</trkpt>
			<trkpt lat="47.64542398530028" lon="20.761896465850295">
				<ele>90.2559362873435</ele>
				<time>2026-06-14T11:33:10Z</time>
			</trkpt>
			<trkpt lat="47.6454011145632" lon="20.761876450534267">
				<ele>89.76418883726001</ele>
				<time>2026-06-14T11:33:12Z</time>
			</trkpt>
			<trkpt lat="47.645375778924716" lon="20.761861667841888">
				<ele>89.65263248234987</ele>
				<time>2026-06-14T11:33:14Z</time>
			</trkpt>
			<trkpt lat="47.64535156607667" lon="20.761846556848088">
				<ele>89.1700502736494</ele>
				<time>2026-06-14T11:33:16Z</time>
			</trkpt>
			<trkpt lat="47.645328545541645" lon="20.761826414839934">
				<ele>89.41517166048288</ele>
				<time>2026-06-14T11:33:18Z</time>
			</trkpt>
			<trkpt lat="47.64530786709101" lon="20.761806719891737">
				<ele>89.51105832867324</ele>
				<time>2026-06-14T11:33:20Z</time>
			</trkpt>
			<trkpt lat="47.64528643989708" lon="20.76179111571943">
				<ele>90.54650309961289</ele>
				<time>2026-06-14T11:33:22Z</time>
			</trkpt>
			<trkpt lat="47.64526660918198" lon="20.76177512640481">
				<ele>90.22968054562807</ele>
				<time>2026-06-14T11:33:24Z</time>
			</trkpt>
			<trkpt lat="47.64523183615544" lon="20.761751499429387">
				<ele>90.64878162276</ele>
				<time>2026-06-14T11:33:27Z</time>
			</trkpt>
			<trkpt lat="47.64520806962425" lon="20.761739618601453">
				<ele>90.42593209538609</ele>
				<time>2026-06-14T11:33:29Z</time>
			</trkpt>
			<trkpt lat="47.64518233967732" lon="20.761720493801192">
				<ele>89.98663292825222</ele>
				<time>2026-06-14T11:33:31Z</time>
			</trkpt>
			<trkpt lat="47.645161641328954" lon="20.76169995628651">
				<ele>89.75771116372198</ele>
				<time>2026-06-14T11:33:33Z</time>
			</trkpt>
			<trkpt lat="47.64514138274372" lon="20.76167849767543">
				<ele>89.53059934079647</ele>
				<time>2026-06-14T11:33:35Z</time>
			</trkpt>
			<trkpt lat="47.64512146836777" lon="20.761649322480327">
				<ele>89.13375781662762</ele>
				<time>2026-06-14T11:33:37Z</time>
			</trkpt>
			<trkpt lat="47.645099229212065" lon="20.761627957706775">
				<ele>89.01019873842597</ele>
				<time>2026-06-14T11:33:39Z</time>
			</trkpt>
			<trkpt lat="47.64507601510072" lon="20.76161008997834">
				<ele>88.36518393363804</ele>
				<time>2026-06-14T11:33:41Z</time>
			</trkpt>
			<trkpt lat="47.645055709145794" lon="20.761588454745098">
				<ele>88.39149438589811</ele>
				<time>2026-06-14T11:33:43Z</time>
			</trkpt>
			<trkpt lat="47.64503392489177" lon="20.76157551014315">
				<ele>88.50360334571451</ele>
				<time>2026-06-14T11:33:45Z</time>
			</trkpt>
			<trkpt lat="47.64501294510994" lon="20.761560877844357">
				<ele>88.1932191522792</ele>
				<time>2026-06-14T11:33:47Z</time>
			</trkpt>
			<trkpt lat="47.64499194589347" lon="20.761546524659504">
				<ele>87.90159442275763</ele>
				<time>2026-06-14T11:33:49Z</time>
			</trkpt>
			<trkpt lat="47.644970016396904" lon="20.76153287527722">
				<ele>87.92483746353537</ele>
				<time>2026-06-14T11:33:51Z</time>
			</trkpt>
			<trkpt lat="47.644954505787574" lon="20.761529476286167">
				<ele>88.6710643703118</ele>
				<time>2026-06-14T11:33:52Z</time>
			</trkpt>
			<trkpt lat="47.64492863242467" lon="20.761522553239814">
				<ele>88.5346829937771</ele>
				<time>2026-06-14T11:33:54Z</time>
			</trkpt>
			<trkpt lat="47.64490574679941" lon="20.761514450911882">
				<ele>88.74613670725375</ele>
				<time>2026-06-14T11:33:56Z</time>
			</trkpt>
			<trkpt lat="47.64488447362097" lon="20.761501559050014">
				<ele>88.33434427715838</ele>
				<time>2026-06-14T11:33:58Z</time>
			</trkpt>
			<trkpt lat="47.64487221275174" lon="20.76149190603042">
				<ele>88.73609823640436</ele>
				<time>2026-06-14T11:34:00Z</time>
			</trkpt>
			<trkpt lat="47.64485389586416" lon="20.761480437886483">
				<ele>89.11090585123748</ele>
				<time>2026-06-14T11:34:02Z</time>
			</trkpt>
			<trkpt lat="47.64482063105071" lon="20.761457370265656">
				<ele>89.94921947270632</ele>
				<time>2026-06-14T11:34:05Z</time>
			</trkpt>
			<trkpt lat="47.644808174301076" lon="20.761442150918946">
				<ele>89.61955317761749</ele>
				<time>2026-06-14T11:34:06Z</time>
			</trkpt>
			<trkpt lat="47.64479295525771" lon="20.761439758659595">
				<ele>90.42303290218115</ele>
				<time>2026-06-14T11:34:07Z</time>
			</trkpt>
			<trkpt lat="47.64476861636138" lon="20.76143126011073">
				<ele>90.81755753140897</ele>
				<time>2026-06-14T11:34:09Z</time>
			</trkpt>
			<trkpt lat="47.64475143698958" lon="20.76140764766901">
				<ele>91.00715695787221</ele>
				<time>2026-06-14T11:34:11Z</time>
			</trkpt>
			<trkpt lat="47.64472993050414" lon="20.76138906354885">
				<ele>91.39392655808479</ele>
				<time>2026-06-14T11:34:13Z</time>
			</trkpt>
			<trkpt lat="47.644711132460735" lon="20.761369919514525">
				<ele>91.6609955439344</ele>
				<time>2026-06-14T11:34:15Z</time>
			</trkpt>
			<trkpt lat="47.64470114503221" lon="20.761376796078086">
				<ele>91.57767395861447</ele>
				<time>2026-06-14T11:34:16Z</time>
			</trkpt>
			<trkpt lat="47.64468221622817" lon="20.761380487303036">
				<ele>90.8961506281048</ele>
				<time>2026-06-14T11:34:19Z</time>
			</trkpt>
			<trkpt lat="47.64466657558194" lon="20.761377065213516">
				<ele>90.55138862598687</ele>
				<time>2026-06-14T11:34:20Z</time>
			</trkpt>
			<trkpt lat="47.644647558511465" lon="20.76136734524408">
				<ele>90.41768701560795</ele>
				<time>2026-06-14T11:34:21Z</time>
			</trkpt>
			<trkpt lat="47.64462190153093" lon="20.761348298561238">
				<ele>90.36961952596903</ele>
				<time>2026-06-14T11:34:23Z</time>
			</trkpt>
			<trkpt lat="47.64459855850548" lon="20.761331318271957">
				<ele>90.27368234284222</ele>
				<time>2026-06-14T11:34:25Z</time>
			</trkpt>
			<trkpt lat="47.64457377067791" lon="20.761317263881054">
				<ele>90.35290944576263</ele>
				<time>2026-06-14T11:34:27Z</time>
			</trkpt>
			<trkpt lat="47.64454745876713" lon="20.761299063904826">
				<ele>89.68942128680646</ele>
				<time>2026-06-14T11:34:29Z</time>
			</trkpt>
			<trkpt lat="47.644523987465945" lon="20.7612751838596">
				<ele>89.18489809706807</ele>
				<time>2026-06-14T11:34:31Z</time>
			</trkpt>
			<trkpt lat="47.64450124382161" lon="20.761250668475014">
				<ele>88.9326446307823</ele>
				<time>2026-06-14T11:34:33Z</time>
			</trkpt>
			<trkpt lat="47.64447556587497" lon="20.761238102604747">
				<ele>89.27364692278206</ele>
				<time>2026-06-14T11:34:35Z</time>
			</trkpt>
			<trkpt lat="47.64444879505908" lon="20.761232831893935">
				<ele>88.38110589794815</ele>
				<time>2026-06-14T11:34:37Z</time>
			</trkpt>
			<trkpt lat="47.644428324075506" lon="20.76122587915378">
				<ele>88.11278618406504</ele>
				<time>2026-06-14T11:34:39Z</time>
			</trkpt>
			<trkpt lat="47.644401928537846" lon="20.761213274971226">
				<ele>88.36807438079268</ele>
				<time>2026-06-14T11:34:41Z</time>
			</trkpt>
			<trkpt lat="47.64437878355441" lon="20.76120326712555">
				<ele>88.58356679044664</ele>
				<time>2026-06-14T11:34:43Z</time>
			</trkpt>
			<trkpt lat="47.644356863160816" lon="20.76119425459828">
				<ele>88.0013198107481</ele>
				<time>2026-06-14T11:34:45Z</time>
			</trkpt>
			<trkpt lat="47.64434282395902" lon="20.761184005302272">
				<ele>87.70842831674963</ele>
				<time>2026-06-14T11:34:46Z</time>
			</trkpt>
			<trkpt lat="47.64431608904345" lon="20.76116504340657">
				<ele>88.0844344291836</ele>
				<time>2026-06-14T11:34:48Z</time>
			</trkpt>
			<trkpt lat="47.64428661391845" lon="20.76114345060828">
				<ele>87.43810195382684</ele>
				<time>2026-06-14T11:34:50Z</time>
			</trkpt>
			<trkpt lat="47.64426107384486" lon="20.761121390254896">
				<ele>87.95176027994603</ele>
				<time>2026-06-14T11:34:52Z</time>
			</trkpt>
			<trkpt lat="47.644233871121415" lon="20.761101087802196">
				<ele>88.03967880830169</ele>
				<time>2026-06-14T11:34:54Z</time>
			</trkpt>
			<trkpt lat="47.64421643301106" lon="20.761087326946228">
				<ele>87.74919415917248</ele>
				<time>2026-06-14T11:34:55Z</time>
			</trkpt>
			<trkpt lat="47.64418731647187" lon="20.761066380959395">
				<ele>88.12582601327449</ele>
				<time>2026-06-14T11:34:57Z</time>
			</trkpt>
			<trkpt lat="47.64416462926188" lon="20.761041429816657">
				<ele>87.49185205996037</ele>
				<time>2026-06-14T11:34:59Z</time>
			</trkpt>
			<trkpt lat="47.64414361064505" lon="20.761021012108877">
				<ele>87.30754008051008</ele>
				<time>2026-06-14T11:35:01Z</time>
			</trkpt>
			<trkpt lat="47.64412178020823" lon="20.761006035138976">
				<ele>88.03030302654952</ele>
				<time>2026-06-14T11:35:03Z</time>
			</trkpt>
			<trkpt lat="47.644097511982515" lon="20.76099064541423">
				<ele>88.19400163087994</ele>
				<time>2026-06-14T11:35:05Z</time>
			</trkpt>
			<trkpt lat="47.64407292067885" lon="20.760977847525407">
				<ele>88.36502910126</ele>
				<time>2026-06-14T11:35:07Z</time>
			</trkpt>
			<trkpt lat="47.6440459362138" lon="20.760960049652734">
				<ele>88.04551781248301</ele>
				<time>2026-06-14T11:35:09Z</time>
			</trkpt>
			<trkpt lat="47.644017843168236" lon="20.76094803938359">
				<ele>88.29717067908496</ele>
				<time>2026-06-14T11:35:11Z</time>
			</trkpt>
			<trkpt lat="47.64399084147688" lon="20.760921212784005">
				<ele>88.22771858703345</ele>
				<time>2026-06-14T11:35:13Z</time>
			</trkpt>
			<trkpt lat="47.64396907851899" lon="20.760905010294334">
				<ele>88.41770469769835</ele>
				<time>2026-06-14T11:35:15Z</time>
			</trkpt>
			<trkpt lat="47.64395879242211" lon="20.760893503320936">
				<ele>87.60514375008643</ele>
				<time>2026-06-14T11:35:16Z</time>
			</trkpt>
			<trkpt lat="47.64394306768262" lon="20.76088209791359">
				<ele>87.99065747763962</ele>
				<time>2026-06-14T11:35:17Z</time>
			</trkpt>
			<trkpt lat="47.64390493326681" lon="20.760856487763366">
				<ele>88.17245793528855</ele>
				<time>2026-06-14T11:35:20Z</time>
			</trkpt>
			<trkpt lat="47.643878473304824" lon="20.760846535934323">
				<ele>88.76405509095639</ele>
				<time>2026-06-14T11:35:22Z</time>
			</trkpt>
			<trkpt lat="47.643852390200514" lon="20.760822747619287">
				<ele>87.85752185620368</ele>
				<time>2026-06-14T11:35:24Z</time>
			</trkpt>
			<trkpt lat="47.64382626786006" lon="20.760802035978056">
				<ele>88.1597322607413</ele>
				<time>2026-06-14T11:35:26Z</time>
			</trkpt>
			<trkpt lat="47.643805198088174" lon="20.76077989649761">
				<ele>88.03483913559467</ele>
				<time>2026-06-14T11:35:28Z</time>
			</trkpt>
			<trkpt lat="47.64378391433286" lon="20.760763563257093">
				<ele>88.24863882176578</ele>
				<time>2026-06-14T11:35:30Z</time>
			</trkpt>
			<trkpt lat="47.64377109819356" lon="20.760756269229628">
				<ele>89.01852484792471</ele>
				<time>2026-06-14T11:35:32Z</time>
			</trkpt>
			<trkpt lat="47.64375963041225" lon="20.760758996240313">
				<ele>89.074408932589</ele>
				<time>2026-06-14T11:35:34Z</time>
			</trkpt>
			<trkpt lat="47.64373619911242" lon="20.760750110616492">
				<ele>89.00156404729933</ele>
				<time>2026-06-14T11:35:36Z</time>
			</trkpt>
			<trkpt lat="47.643702722006545" lon="20.76072959761361">
				<ele>89.66839052457362</ele>
				<time>2026-06-14T11:35:39Z</time>
			</trkpt>
			<trkpt lat="47.64367145451946" lon="20.76070523420502">
				<ele>89.46678941324353</ele>
				<time>2026-06-14T11:35:42Z</time>
			</trkpt>
			<trkpt lat="47.64365316360356" lon="20.760688153744145">
				<ele>89.32790688611567</ele>
				<time>2026-06-14T11:35:44Z</time>
			</trkpt>
			<trkpt lat="47.64363524507045" lon="20.760671722430107">
				<ele>89.24780128989369</ele>
				<time>2026-06-14T11:35:46Z</time>
			</trkpt>
			<trkpt lat="47.64361798951067" lon="20.76062974572947">
				<ele>88.87878340855241</ele>
				<time>2026-06-14T11:35:49Z</time>
			</trkpt>
			<trkpt lat="47.64360115350575" lon="20.7606009309839">
				<ele>89.93121876753867</ele>
				<time>2026-06-14T11:35:52Z</time>
			</trkpt>
			<trkpt lat="47.64358227718373" lon="20.760572536025293">
				<ele>89.50636036787182</ele>
				<time>2026-06-14T11:35:54Z</time>
			</trkpt>
			<trkpt lat="47.6435481055243" lon="20.760559081521933">
				<ele>90.55744982231408</ele>
				<time>2026-06-14T11:35:56Z</time>
			</trkpt>
			<trkpt lat="47.64352701461531" lon="20.760529805417427">
				<ele>93.20516115240753</ele>
				<time>2026-06-14T11:35:59Z</time>
			</trkpt>
			<trkpt lat="47.64351985202723" lon="20.760511712102982">
				<ele>91.90642140060663</ele>
				<time>2026-06-14T11:36:03Z</time>
			</trkpt>
			<trkpt lat="47.64350980621883" lon="20.760499608756998">
				<ele>91.98491429910064</ele>
				<time>2026-06-14T11:36:06Z</time>
			</trkpt>
			<trkpt lat="47.64349281242258" lon="20.76048582681772">
				<ele>91.5584249952808</ele>
				<time>2026-06-14T11:36:09Z</time>
			</trkpt>
			<trkpt lat="47.643468220750876" lon="20.76047746592856">
				<ele>91.69919433724135</ele>
				<time>2026-06-14T11:36:11Z</time>
			</trkpt>
			<trkpt lat="47.643430159652944" lon="20.76046815467312">
				<ele>93.04128416534513</ele>
				<time>2026-06-14T11:36:14Z</time>
			</trkpt>
			<trkpt lat="47.643401757381085" lon="20.76044539474603">
				<ele>90.029381304048</ele>
				<time>2026-06-14T11:36:17Z</time>
			</trkpt>
			<trkpt lat="47.643384447333126" lon="20.760421912401608">
				<ele>87.539365908131</ele>
				<time>2026-06-14T11:36:19Z</time>
			</trkpt>
			<trkpt lat="47.643365454573434" lon="20.76039514862765">
				<ele>86.56925988662988</ele>
				<time>2026-06-14T11:36:21Z</time>
			</trkpt>
			<trkpt lat="47.64334530630576" lon="20.760368364820746">
				<ele>86.56168103218079</ele>
				<time>2026-06-14T11:36:23Z</time>
			</trkpt>
			<trkpt lat="47.64331862030024" lon="20.760343587139086">
				<ele>86.66026841755956</ele>
				<time>2026-06-14T11:36:25Z</time>
			</trkpt>
			<trkpt lat="47.64329196871846" lon="20.76033207601488">
				<ele>87.90160694904625</ele>
				<time>2026-06-14T11:36:27Z</time>
			</trkpt>
			<trkpt lat="47.64326702696594" lon="20.760324366996752">
				<ele>88.39456851780415</ele>
				<time>2026-06-14T11:36:29Z</time>
			</trkpt>
			<trkpt lat="47.643244615587825" lon="20.760309155019453">
				<ele>87.7553535187617</ele>
				<time>2026-06-14T11:36:31Z</time>
			</trkpt>
			<trkpt lat="47.64322187055157" lon="20.760292413190115">
				<ele>88.068268828094</ele>
				<time>2026-06-14T11:36:33Z</time>
			</trkpt>
			<trkpt lat="47.643198316075406" lon="20.760276132832256">
				<ele>88.1039512977004</ele>
				<time>2026-06-14T11:36:35Z</time>
			</trkpt>
			<trkpt lat="47.64317643003727" lon="20.76026370219047">
				<ele>88.85490755923092</ele>
				<time>2026-06-14T11:36:37Z</time>
			</trkpt>
			<trkpt lat="47.64315504516851" lon="20.760247326888756">
				<ele>88.88258771318942</ele>
				<time>2026-06-14T11:36:39Z</time>
			</trkpt>
			<trkpt lat="47.64313394647113" lon="20.760225357324607">
				<ele>88.43712910916656</ele>
				<time>2026-06-14T11:36:41Z</time>
			</trkpt>
			<trkpt lat="47.64312080877244" lon="20.760214612952172">
				<ele>89.31095194164664</ele>
				<time>2026-06-14T11:36:43Z</time>
			</trkpt>
			<trkpt lat="47.6431086160272" lon="20.760212075515764">
				<ele>89.67109298612922</ele>
				<time>2026-06-14T11:36:45Z</time>
			</trkpt>
			<trkpt lat="47.64309333360122" lon="20.760199237021187">
				<ele>88.68291964009404</ele>
				<time>2026-06-14T11:36:47Z</time>
			</trkpt>
			<trkpt lat="47.64307671762201" lon="20.760184297482272">
				<ele>88.67258526012301</ele>
				<time>2026-06-14T11:36:49Z</time>
			</trkpt>
			<trkpt lat="47.64305112445793" lon="20.760164719885115">
				<ele>88.17391347326338</ele>
				<time>2026-06-14T11:36:51Z</time>
			</trkpt>
			<trkpt lat="47.64302542938164" lon="20.760145504130456">
				<ele>88.42870339378715</ele>
				<time>2026-06-14T11:36:53Z</time>
			</trkpt>
			<trkpt lat="47.643002145028504" lon="20.760130903871556">
				<ele>88.28540074173361</ele>
				<time>2026-06-14T11:36:55Z</time>
			</trkpt>
			<trkpt lat="47.6429813026432" lon="20.76012050193745">
				<ele>88.50765663571656</ele>
				<time>2026-06-14T11:36:57Z</time>
			</trkpt>
			<trkpt lat="47.64296734902661" lon="20.760116379105025">
				<ele>88.86323942616582</ele>
				<time>2026-06-14T11:36:59Z</time>
			</trkpt>
			<trkpt lat="47.64295232930194" lon="20.76010407075422">
				<ele>88.12272850424051</ele>
				<time>2026-06-14T11:37:01Z</time>
			</trkpt>
			<trkpt lat="47.64293100756815" lon="20.76009926851806">
				<ele>89.59716344904155</ele>
				<time>2026-06-14T11:37:05Z</time>
			</trkpt>
			<trkpt lat="47.64291440253001" lon="20.760088488992004">
				<ele>88.67753418069333</ele>
				<time>2026-06-14T11:37:09Z</time>
			</trkpt>
			<trkpt lat="47.64289811652788" lon="20.760074640526696">
				<ele>87.85443540476263</ele>
				<time>2026-06-14T11:37:12Z</time>
			</trkpt>
			<trkpt lat="47.64288112912505" lon="20.760052512466164">
				<ele>87.96364763192832</ele>
				<time>2026-06-14T11:37:17Z</time>
			</trkpt>
			<trkpt lat="47.64288639050553" lon="20.76006382419114">
				<ele>87.9376672161743</ele>
				<time>2026-06-14T11:37:27Z</time>
			</trkpt>
			<trkpt lat="47.6428974793051" lon="20.760090012360234">
				<ele>89.30444450583309</ele>
				<time>2026-06-14T11:37:33Z</time>
			</trkpt>
			<trkpt lat="47.642901605724425" lon="20.76011453011803">
				<ele>89.13248425256461</ele>
				<time>2026-06-14T11:37:37Z</time>
			</trkpt>
			<trkpt lat="47.64291064456526" lon="20.760144003665772">
				<ele>89.79799440689385</ele>
				<time>2026-06-14T11:37:45Z</time>
			</trkpt>
			<trkpt lat="47.64289765874155" lon="20.76017333095068">
				<ele>89.96005892008543</ele>
				<time>2026-06-14T11:37:48Z</time>
			</trkpt>
			<trkpt lat="47.64288361657879" lon="20.760202894492668">
				<ele>89.77713620569557</ele>
				<time>2026-06-14T11:37:50Z</time>
			</trkpt>
			<trkpt lat="47.64286249121713" lon="20.760225241465175">
				<ele>89.63491470646113</ele>
				<time>2026-06-14T11:37:52Z</time>
			</trkpt>
			<trkpt lat="47.642837078663916" lon="20.760238911822398">
				<ele>89.58557488583028</ele>
				<time>2026-06-14T11:37:54Z</time>
			</trkpt>
			<trkpt lat="47.64282030868644" lon="20.76024206210703">
				<ele>89.51752967201173</ele>
				<time>2026-06-14T11:37:56Z</time>
			</trkpt>
			<trkpt lat="47.64280424218226" lon="20.76023499397145">
				<ele>89.77172522153705</ele>
				<time>2026-06-14T11:37:57Z</time>
			</trkpt>
			<trkpt lat="47.64277875931061" lon="20.760220367722106">
				<ele>89.60615136753768</ele>
				<time>2026-06-14T11:37:59Z</time>
			</trkpt>
			<trkpt lat="47.64275731561231" lon="20.760197953037864">
				<ele>89.54971805680543</ele>
				<time>2026-06-14T11:38:01Z</time>
			</trkpt>
			<trkpt lat="47.6427486413093" lon="20.760177534586443">
				<ele>89.58546715974808</ele>
				<time>2026-06-14T11:38:02Z</time>
			</trkpt>
			<trkpt lat="47.64273083936639" lon="20.76013671007838">
				<ele>90.16472491435707</ele>
				<time>2026-06-14T11:38:04Z</time>
			</trkpt>
			<trkpt lat="47.6427198478839" lon="20.76009869818617">
				<ele>90.46148812025785</ele>
				<time>2026-06-14T11:38:06Z</time>
			</trkpt>
			<trkpt lat="47.6427172058232" lon="20.760059560972135">
				<ele>90.01815971825272</ele>
				<time>2026-06-14T11:38:08Z</time>
			</trkpt>
			<trkpt lat="47.642716912512235" lon="20.760023258961443">
				<ele>90.60381996072829</ele>
				<time>2026-06-14T11:38:10Z</time>
			</trkpt>
			<trkpt lat="47.6427194076508" lon="20.759981517597215">
				<ele>89.89484466705471</ele>
				<time>2026-06-14T11:38:12Z</time>
			</trkpt>
			<trkpt lat="47.64272244283079" lon="20.759942498677145">
				<ele>89.60816551744938</ele>
				<time>2026-06-14T11:38:14Z</time>
			</trkpt>
			<trkpt lat="47.64272067144343" lon="20.759912889096483">
				<ele>91.08102823700756</ele>
				<time>2026-06-14T11:38:17Z</time>
			</trkpt>
			<trkpt lat="47.642728267791206" lon="20.759893210496628">
				<ele>90.28123537823558</ele>
				<time>2026-06-14T11:38:18Z</time>
			</trkpt>
			<trkpt lat="47.64272991004983" lon="20.75986964643629">
				<ele>90.27718951180577</ele>
				<time>2026-06-14T11:38:19Z</time>
			</trkpt>
			<trkpt lat="47.64272676720077" lon="20.759834598738752">
				<ele>89.95772287342697</ele>
				<time>2026-06-14T11:38:22Z</time>
			</trkpt>
			<trkpt lat="47.64271910003037" lon="20.759808697489756">
				<ele>90.75710834097117</ele>
				<time>2026-06-14T11:38:24Z</time>
			</trkpt>
			<trkpt lat="47.642708290884464" lon="20.759776410892357">
				<ele>90.19923710729927</ele>
				<time>2026-06-14T11:38:26Z</time>
			</trkpt>
			<trkpt lat="47.6426930844713" lon="20.75974474483003">
				<ele>90.64194005355239</ele>
				<time>2026-06-14T11:38:28Z</time>
			</trkpt>
			<trkpt lat="47.642674686356344" lon="20.759714851338938">
				<ele>90.09779471252114</ele>
				<time>2026-06-14T11:38:30Z</time>
			</trkpt>
			<trkpt lat="47.64265612438823" lon="20.759690105188586">
				<ele>90.26877730712295</ele>
				<time>2026-06-14T11:38:33Z</time>
			</trkpt>
			<trkpt lat="47.64264584430455" lon="20.75967591758194">
				<ele>90.75731165148318</ele>
				<time>2026-06-14T11:38:35Z</time>
			</trkpt>
			<trkpt lat="47.642631747259486" lon="20.759658265852398">
				<ele>91.48879299126565</ele>
				<time>2026-06-14T11:38:36Z</time>
			</trkpt>
			<trkpt lat="47.64260712867487" lon="20.7596328973557">
				<ele>91.71005919296294</ele>
				<time>2026-06-14T11:38:38Z</time>
			</trkpt>
			<trkpt lat="47.642588920034676" lon="20.759631795730744">
				<ele>91.44142875820398</ele>
				<time>2026-06-14T11:38:39Z</time>
			</trkpt>
			<trkpt lat="47.64255943106904" lon="20.759625665563824">
				<ele>90.97284860908985</ele>
				<time>2026-06-14T11:38:41Z</time>
			</trkpt>
			<trkpt lat="47.64254227325785" lon="20.759598765429494">
				<ele>90.60887140594423</ele>
				<time>2026-06-14T11:38:43Z</time>
			</trkpt>
			<trkpt lat="47.642529331881256" lon="20.759563914071503">
				<ele>89.98009841516614</ele>
				<time>2026-06-14T11:38:45Z</time>
			</trkpt>
			<trkpt lat="47.64251835755931" lon="20.759529182019058">
				<ele>90.59140798542649</ele>
				<time>2026-06-14T11:38:47Z</time>
			</trkpt>
			<trkpt lat="47.64251083072229" lon="20.75949403369636">
				<ele>91.35891451034695</ele>
				<time>2026-06-14T11:38:49Z</time>
			</trkpt>
			<trkpt lat="47.64249787904536" lon="20.759460315513774">
				<ele>91.01976427901536</ele>
				<time>2026-06-14T11:38:51Z</time>
			</trkpt>
			<trkpt lat="47.642487630904306" lon="20.759430887229573">
				<ele>89.76456217747182</ele>
				<time>2026-06-14T11:38:55Z</time>
			</trkpt>
			<trkpt lat="47.64247113879163" lon="20.75941881602893">
				<ele>90.13300032448024</ele>
				<time>2026-06-14T11:38:57Z</time>
			</trkpt>
			<trkpt lat="47.64245155829239" lon="20.75940287757453">
				<ele>90.84711093641818</ele>
				<time>2026-06-14T11:38:59Z</time>
			</trkpt>
			<trkpt lat="47.642438496591865" lon="20.75938082645005">
				<ele>88.54097804892808</ele>
				<time>2026-06-14T11:39:02Z</time>
			</trkpt>
			<trkpt lat="47.64242637835002" lon="20.759347160653473">
				<ele>88.56692590285093</ele>
				<time>2026-06-14T11:39:04Z</time>
			</trkpt>
			<trkpt lat="47.64240957396388" lon="20.759301599583726">
				<ele>89.57505530212075</ele>
				<time>2026-06-14T11:39:07Z</time>
			</trkpt>
			<trkpt lat="47.64240460916211" lon="20.75927757114212">
				<ele>89.33070488832891</ele>
				<time>2026-06-14T11:39:10Z</time>
			</trkpt>
			<trkpt lat="47.64239811942201" lon="20.759248563106873">
				<ele>89.70403656549752</ele>
				<time>2026-06-14T11:39:12Z</time>
			</trkpt>
			<trkpt lat="47.64239015754623" lon="20.75921696986133">
				<ele>89.25760633219033</ele>
				<time>2026-06-14T11:39:15Z</time>
			</trkpt>
			<trkpt lat="47.642380910896286" lon="20.759187368126405">
				<ele>89.12520858924836</ele>
				<time>2026-06-14T11:39:17Z</time>
			</trkpt>
			<trkpt lat="47.64236469620581" lon="20.75916421571907">
				<ele>89.86331514641643</ele>
				<time>2026-06-14T11:39:20Z</time>
			</trkpt>
			<trkpt lat="47.642352813713636" lon="20.759148289472076">
				<ele>89.67090168222785</ele>
				<time>2026-06-14T11:39:22Z</time>
			</trkpt>
			<trkpt lat="47.642341748634216" lon="20.759124870811487">
				<ele>90.01731994003057</ele>
				<time>2026-06-14T11:39:23Z</time>
			</trkpt>
			<trkpt lat="47.64232358294473" lon="20.75909177316495">
				<ele>89.08045212179422</ele>
				<time>2026-06-14T11:39:25Z</time>
			</trkpt>
			<trkpt lat="47.64230652786756" lon="20.75906565308191">
				<ele>90.63539041858166</ele>
				<time>2026-06-14T11:39:28Z</time>
			</trkpt>
			<trkpt lat="47.642281840147255" lon="20.759040794170723">
				<ele>91.33672764338553</ele>
				<time>2026-06-14T11:39:30Z</time>
			</trkpt>
			<trkpt lat="47.64226221328474" lon="20.75901326722373">
				<ele>91.66727598756552</ele>
				<time>2026-06-14T11:39:32Z</time>
			</trkpt>
			<trkpt lat="47.64224908587962" lon="20.758983206691916">
				<ele>91.66201771609485</ele>
				<time>2026-06-14T11:39:34Z</time>
			</trkpt>
			<trkpt lat="47.642235806277725" lon="20.75896061442784">
				<ele>91.85700420569628</ele>
				<time>2026-06-14T11:39:36Z</time>
			</trkpt>
			<trkpt lat="47.64222958319141" lon="20.758943703823853">
				<ele>90.84987966530025</ele>
				<time>2026-06-14T11:39:38Z</time>
			</trkpt>
			<trkpt lat="47.64222326056867" lon="20.75892201825607">
				<ele>90.20589790958911</ele>
				<time>2026-06-14T11:39:40Z</time>
			</trkpt>
			<trkpt lat="47.642212942630564" lon="20.758884881115787">
				<ele>89.74026325065643</ele>
				<time>2026-06-14T11:39:42Z</time>
			</trkpt>
			<trkpt lat="47.64219934751776" lon="20.75884899304327">
				<ele>88.89754534233361</ele>
				<time>2026-06-14T11:39:44Z</time>
			</trkpt>
			<trkpt lat="47.64218289802951" lon="20.75881274873698">
				<ele>88.91133164986968</ele>
				<time>2026-06-14T11:39:46Z</time>
			</trkpt>
			<trkpt lat="47.642167278313494" lon="20.758790126704735">
				<ele>89.3465423360467</ele>
				<time>2026-06-14T11:39:49Z</time>
			</trkpt>
			<trkpt lat="47.64215907652065" lon="20.75876789650126">
				<ele>88.67281052749604</ele>
				<time>2026-06-14T11:39:50Z</time>
			</trkpt>
			<trkpt lat="47.642147917034315" lon="20.7587333106199">
				<ele>88.79754448309541</ele>
				<time>2026-06-14T11:39:52Z</time>
			</trkpt>
			<trkpt lat="47.64213297508656" lon="20.758701924416894">
				<ele>88.67340134643018</ele>
				<time>2026-06-14T11:39:54Z</time>
			</trkpt>
			<trkpt lat="47.642119666082905" lon="20.758672978232312">
				<ele>89.09191180206835</ele>
				<time>2026-06-14T11:39:56Z</time>
			</trkpt>
			<trkpt lat="47.64210800977092" lon="20.758640782881358">
				<ele>88.28647629637271</ele>
				<time>2026-06-14T11:39:58Z</time>
			</trkpt>
			<trkpt lat="47.64210389350027" lon="20.758617547206892">
				<ele>88.4473148882389</ele>
				<time>2026-06-14T11:39:59Z</time>
			</trkpt>
			<trkpt lat="47.64209760367843" lon="20.758575903599343">
				<ele>88.66632714960724</ele>
				<time>2026-06-14T11:40:01Z</time>
			</trkpt>
			<trkpt lat="47.64208516910122" lon="20.75854210498678">
				<ele>89.18122792057693</ele>
				<time>2026-06-14T11:40:03Z</time>
			</trkpt>
			<trkpt lat="47.6420730810346" lon="20.758507293405508">
				<ele>88.75444654654711</ele>
				<time>2026-06-14T11:40:05Z</time>
			</trkpt>
			<trkpt lat="47.64205674410462" lon="20.758465766551375">
				<ele>89.14009192027152</ele>
				<time>2026-06-14T11:40:08Z</time>
			</trkpt>
			<trkpt lat="47.642046371965925" lon="20.758443618983762">
				<ele>90.61169258598238</ele>
				<time>2026-06-14T11:40:10Z</time>
			</trkpt>
			<trkpt lat="47.64203884486574" lon="20.758407561949493">
				<ele>90.06255653966218</ele>
				<time>2026-06-14T11:40:12Z</time>
			</trkpt>
			<trkpt lat="47.64202720812993" lon="20.758376796043006">
				<ele>90.24405565764755</ele>
				<time>2026-06-14T11:40:14Z</time>
			</trkpt>
			<trkpt lat="47.64201135539383" lon="20.758348607397632">
				<ele>89.91008729860187</ele>
				<time>2026-06-14T11:40:16Z</time>
			</trkpt>
			<trkpt lat="47.64198853360147" lon="20.758323805079893">
				<ele>90.09994065295905</ele>
				<time>2026-06-14T11:40:18Z</time>
			</trkpt>
			<trkpt lat="47.641967576491695" lon="20.758289875712652">
				<ele>90.04646121617407</ele>
				<time>2026-06-14T11:40:20Z</time>
			</trkpt>
			<trkpt lat="47.64194703083111" lon="20.75826992454796">
				<ele>89.3633233755827</ele>
				<time>2026-06-14T11:40:22Z</time>
			</trkpt>
			<trkpt lat="47.64193835337598" lon="20.758252219236915">
				<ele>89.45457168202847</ele>
				<time>2026-06-14T11:40:24Z</time>
			</trkpt>
			<trkpt lat="47.64192884980638" lon="20.758226659042545">
				<ele>89.0474234521389</ele>
				<time>2026-06-14T11:40:26Z</time>
			</trkpt>
			<trkpt lat="47.641918646404434" lon="20.758205198469458">
				<ele>89.95334942359477</ele>
				<time>2026-06-14T11:40:27Z</time>
			</trkpt>
			<trkpt lat="47.641905310678595" lon="20.758172778644134">
				<ele>89.10958120319992</ele>
				<time>2026-06-14T11:40:29Z</time>
			</trkpt>
			<trkpt lat="47.64189316734669" lon="20.75813596865426">
				<ele>89.4351212773472</ele>
				<time>2026-06-14T11:40:31Z</time>
			</trkpt>
			<trkpt lat="47.64187821567315" lon="20.758101288607975">
				<ele>89.66008394677192</ele>
				<time>2026-06-14T11:40:33Z</time>
			</trkpt>
			<trkpt lat="47.641870329046554" lon="20.75807850139105">
				<ele>90.42389360815287</ele>
				<time>2026-06-14T11:40:34Z</time>
			</trkpt>
			<trkpt lat="47.64185483132716" lon="20.758044567401036">
				<ele>90.81855403911322</ele>
				<time>2026-06-14T11:40:36Z</time>
			</trkpt>
			<trkpt lat="47.6418436715035" lon="20.75801505686375">
				<ele>89.98277577850968</ele>
				<time>2026-06-14T11:40:38Z</time>
			</trkpt>
			<trkpt lat="47.6418323857743" lon="20.75798920077357">
				<ele>89.18032939266413</ele>
				<time>2026-06-14T11:40:40Z</time>
			</trkpt>
			<trkpt lat="47.64182315762309" lon="20.7579623926647">
				<ele>90.63558820821345</ele>
				<time>2026-06-14T11:40:42Z</time>
			</trkpt>
			<trkpt lat="47.64180553553137" lon="20.75794591884064">
				<ele>91.6284075351432</ele>
				<time>2026-06-14T11:40:44Z</time>
			</trkpt>
			<trkpt lat="47.64178844641279" lon="20.75792142505153">
				<ele>89.1821303293109</ele>
				<time>2026-06-14T11:40:47Z</time>
			</trkpt>
			<trkpt lat="47.641777830690444" lon="20.75791335316454">
				<ele>90.71367657836527</ele>
				<time>2026-06-14T11:40:49Z</time>
			</trkpt>
			<trkpt lat="47.64177179416895" lon="20.757887533183382">
				<ele>89.76254133600742</ele>
				<time>2026-06-14T11:40:51Z</time>
			</trkpt>
			<trkpt lat="47.64176678620075" lon="20.757862639716674">
				<ele>89.53702601138502</ele>
				<time>2026-06-14T11:40:52Z</time>
			</trkpt>
			<trkpt lat="47.641753921151675" lon="20.75782547639363">
				<ele>89.38713756483048</ele>
				<time>2026-06-14T11:40:54Z</time>
			</trkpt>
			<trkpt lat="47.641738958800985" lon="20.75778775861824">
				<ele>89.18679290357977</ele>
				<time>2026-06-14T11:40:56Z</time>
			</trkpt>
			<trkpt lat="47.64172513505967" lon="20.757752810710397">
				<ele>88.87074158806354</ele>
				<time>2026-06-14T11:40:58Z</time>
			</trkpt>
			<trkpt lat="47.64171094575281" lon="20.75772004095443">
				<ele>88.9230729592964</ele>
				<time>2026-06-14T11:41:00Z</time>
			</trkpt>
			<trkpt lat="47.64170012352788" lon="20.757689324975573">
				<ele>88.30996274203062</ele>
				<time>2026-06-14T11:41:02Z</time>
			</trkpt>
			<trkpt lat="47.64168997894941" lon="20.757658327241042">
				<ele>88.85594034567475</ele>
				<time>2026-06-14T11:41:04Z</time>
			</trkpt>
			<trkpt lat="47.64168395026191" lon="20.757636458485376">
				<ele>88.88574935123324</ele>
				<time>2026-06-14T11:41:05Z</time>
			</trkpt>
			<trkpt lat="47.64167274947236" lon="20.757596329609648">
				<ele>88.49235880933702</ele>
				<time>2026-06-14T11:41:07Z</time>
			</trkpt>
			<trkpt lat="47.64165968233517" lon="20.757559466595502">
				<ele>88.3022994324565</ele>
				<time>2026-06-14T11:41:09Z</time>
			</trkpt>
			<trkpt lat="47.64164675976442" lon="20.757529005780835">
				<ele>89.28544076252729</ele>
				<time>2026-06-14T11:41:11Z</time>
			</trkpt>
			<trkpt lat="47.64163268765281" lon="20.757507109425713">
				<ele>89.45041834656149</ele>
				<time>2026-06-14T11:41:13Z</time>
			</trkpt>
			<trkpt lat="47.64162510808084" lon="20.757490415407513">
				<ele>89.8547490015626</ele>
				<time>2026-06-14T11:41:14Z</time>
			</trkpt>
			<trkpt lat="47.6416147544304" lon="20.757455653029833">
				<ele>88.7509896652773</ele>
				<time>2026-06-14T11:41:16Z</time>
			</trkpt>
			<trkpt lat="47.64160357277237" lon="20.75742032330467">
				<ele>89.23712336737663</ele>
				<time>2026-06-14T11:41:18Z</time>
			</trkpt>
			<trkpt lat="47.641593969867806" lon="20.75738889069978">
				<ele>89.95131749100983</ele>
				<time>2026-06-14T11:41:20Z</time>
			</trkpt>
			<trkpt lat="47.641582856620516" lon="20.757356831108833">
				<ele>89.43605182971805</ele>
				<time>2026-06-14T11:41:22Z</time>
			</trkpt>
			<trkpt lat="47.64157669703145" lon="20.757336873525453">
				<ele>88.77373780217022</ele>
				<time>2026-06-14T11:41:23Z</time>
			</trkpt>
			<trkpt lat="47.641568127099426" lon="20.75730035027505">
				<ele>88.42877846956253</ele>
				<time>2026-06-14T11:41:25Z</time>
			</trkpt>
			<trkpt lat="47.64155926642847" lon="20.757264582609228">
				<ele>88.3706150026992</ele>
				<time>2026-06-14T11:41:27Z</time>
			</trkpt>
			<trkpt lat="47.64154679957958" lon="20.75723698472489">
				<ele>87.89399478770792</ele>
				<time>2026-06-14T11:41:29Z</time>
			</trkpt>
			<trkpt lat="47.64153704725849" lon="20.757218480704683">
				<ele>88.65083498042077</ele>
				<time>2026-06-14T11:41:30Z</time>
			</trkpt>
			<trkpt lat="47.6415184841039" lon="20.757184930702596">
				<ele>89.15053828153759</ele>
				<time>2026-06-14T11:41:32Z</time>
			</trkpt>
			<trkpt lat="47.64150302502961" lon="20.757161805143372">
				<ele>89.01717573218048</ele>
				<time>2026-06-14T11:41:34Z</time>
			</trkpt>
			<trkpt lat="47.64148735057371" lon="20.75713567544586">
				<ele>89.20591898169369</ele>
				<time>2026-06-14T11:41:36Z</time>
			</trkpt>
			<trkpt lat="47.64147119409992" lon="20.757099957437756">
				<ele>88.97499408293515</ele>
				<time>2026-06-14T11:41:38Z</time>
			</trkpt>
			<trkpt lat="47.641454868789054" lon="20.75706680892488">
				<ele>88.5167747605592</ele>
				<time>2026-06-14T11:41:40Z</time>
			</trkpt>
			<trkpt lat="47.6414394038714" lon="20.757032123857137">
				<ele>88.00831476040184</ele>
				<time>2026-06-14T11:41:42Z</time>
			</trkpt>
			<trkpt lat="47.64143607904287" lon="20.757008083230367">
				<ele>87.96088366024196</ele>
				<time>2026-06-14T11:41:43Z</time>
			</trkpt>
			<trkpt lat="47.64142448687045" lon="20.756969107594195">
				<ele>88.28305936977267</ele>
				<time>2026-06-14T11:41:45Z</time>
			</trkpt>
			<trkpt lat="47.641407966674464" lon="20.756938112243432">
				<ele>88.84344615414739</ele>
				<time>2026-06-14T11:41:47Z</time>
			</trkpt>
			<trkpt lat="47.64138935815108" lon="20.756901821218754">
				<ele>88.65216464735568</ele>
				<time>2026-06-14T11:41:50Z</time>
			</trkpt>
			<trkpt lat="47.64138050680481" lon="20.756870390713903">
				<ele>88.61726078018546</ele>
				<time>2026-06-14T11:41:52Z</time>
			</trkpt>
			<trkpt lat="47.64136877353355" lon="20.75682836224652">
				<ele>87.94239334948361</ele>
				<time>2026-06-14T11:41:54Z</time>
			</trkpt>
			<trkpt lat="47.64135199901815" lon="20.756779405544183">
				<ele>87.56775961443782</ele>
				<time>2026-06-14T11:41:57Z</time>
			</trkpt>
			<trkpt lat="47.641342646807125" lon="20.75675344871309">
				<ele>86.76619725767523</ele>
				<time>2026-06-14T11:41:59Z</time>
			</trkpt>
			<trkpt lat="47.64133314722988" lon="20.756716635947424">
				<ele>87.84976586699486</ele>
				<time>2026-06-14T11:42:01Z</time>
			</trkpt>
			<trkpt lat="47.6413246679808" lon="20.756677903534758">
				<ele>87.98948023188859</ele>
				<time>2026-06-14T11:42:03Z</time>
			</trkpt>
			<trkpt lat="47.64131613652511" lon="20.756636987339785">
				<ele>88.02258896734565</ele>
				<time>2026-06-14T11:42:05Z</time>
			</trkpt>
			<trkpt lat="47.641309071285754" lon="20.75659950826336">
				<ele>87.58800267241895</ele>
				<time>2026-06-14T11:42:07Z</time>
			</trkpt>
			<trkpt lat="47.6412994929181" lon="20.756570183665602">
				<ele>88.41314457170665</ele>
				<time>2026-06-14T11:42:09Z</time>
			</trkpt>
			<trkpt lat="47.64129512564357" lon="20.756549057086975">
				<ele>88.54385070689023</ele>
				<time>2026-06-14T11:42:10Z</time>
			</trkpt>
			<trkpt lat="47.641287970959056" lon="20.756504842847477">
				<ele>88.28710159938782</ele>
				<time>2026-06-14T11:42:12Z</time>
			</trkpt>
			<trkpt lat="47.64127621302784" lon="20.756462287020323">
				<ele>87.88290076516569</ele>
				<time>2026-06-14T11:42:14Z</time>
			</trkpt>
			<trkpt lat="47.641262843851386" lon="20.756422680447788">
				<ele>87.87102623749524</ele>
				<time>2026-06-14T11:42:16Z</time>
			</trkpt>
			<trkpt lat="47.641253171556556" lon="20.756404622962297">
				<ele>88.16065732669085</ele>
				<time>2026-06-14T11:42:17Z</time>
			</trkpt>
			<trkpt lat="47.641239479528124" lon="20.756375101085773">
				<ele>87.83627515286207</ele>
				<time>2026-06-14T11:42:19Z</time>
			</trkpt>
			<trkpt lat="47.64122551565497" lon="20.756338307513218">
				<ele>88.16603532340378</ele>
				<time>2026-06-14T11:42:21Z</time>
			</trkpt>
			<trkpt lat="47.641216766593594" lon="20.756298820592775">
				<ele>88.31514863483608</ele>
				<time>2026-06-14T11:42:23Z</time>
			</trkpt>
			<trkpt lat="47.6412092581993" lon="20.756260428864906">
				<ele>86.39123938325793</ele>
				<time>2026-06-14T11:42:25Z</time>
			</trkpt>
			<trkpt lat="47.64119546714409" lon="20.75621171382378">
				<ele>86.93535707797855</ele>
				<time>2026-06-14T11:42:27Z</time>
			</trkpt>
			<trkpt lat="47.64117938630826" lon="20.75616730763193">
				<ele>86.63265284989029</ele>
				<time>2026-06-14T11:42:29Z</time>
			</trkpt>
			<trkpt lat="47.64116947340436" lon="20.75613031352002">
				<ele>87.40394465439022</ele>
				<time>2026-06-14T11:42:31Z</time>
			</trkpt>
			<trkpt lat="47.641155930914564" lon="20.75610491091593">
				<ele>87.55413958616555</ele>
				<time>2026-06-14T11:42:33Z</time>
			</trkpt>
			<trkpt lat="47.64114775716477" lon="20.756087415559456">
				<ele>87.8829939076677</ele>
				<time>2026-06-14T11:42:34Z</time>
			</trkpt>
			<trkpt lat="47.64113950350067" lon="20.756051328745183">
				<ele>87.91789686027914</ele>
				<time>2026-06-14T11:42:36Z</time>
			</trkpt>
			<trkpt lat="47.641131057825795" lon="20.756016470020192">
				<ele>88.21375001128763</ele>
				<time>2026-06-14T11:42:38Z</time>
			</trkpt>
			<trkpt lat="47.641122274484424" lon="20.755979750341776">
				<ele>87.97051077056676</ele>
				<time>2026-06-14T11:42:40Z</time>
			</trkpt>
			<trkpt lat="47.64111547748398" lon="20.755955736070444">
				<ele>87.67671797052026</ele>
				<time>2026-06-14T11:42:41Z</time>
			</trkpt>
			<trkpt lat="47.64110975103915" lon="20.755913322593695">
				<ele>87.58893594983965</ele>
				<time>2026-06-14T11:42:43Z</time>
			</trkpt>
			<trkpt lat="47.64110379970623" lon="20.75588041334428">
				<ele>87.21663351822644</ele>
				<time>2026-06-14T11:42:45Z</time>
			</trkpt>
			<trkpt lat="47.641093213563856" lon="20.75584565546387">
				<ele>87.64503645151854</ele>
				<time>2026-06-14T11:42:47Z</time>
			</trkpt>
			<trkpt lat="47.64108334977931" lon="20.7558097501478">
				<ele>88.00785553269088</ele>
				<time>2026-06-14T11:42:49Z</time>
			</trkpt>
			<trkpt lat="47.641080804479735" lon="20.755766621233466">
				<ele>87.38488539122045</ele>
				<time>2026-06-14T11:42:52Z</time>
			</trkpt>
			<trkpt lat="47.64108279324106" lon="20.755739836592888">
				<ele>87.53999155107886</ele>
				<time>2026-06-14T11:42:54Z</time>
			</trkpt>
			<trkpt lat="47.64107766013329" lon="20.755714241652196">
				<ele>87.98790364991874</ele>
				<time>2026-06-14T11:42:57Z</time>
			</trkpt>
			<trkpt lat="47.64107283006164" lon="20.755698240877507">
				<ele>88.46463539544493</ele>
				<time>2026-06-14T11:42:59Z</time>
			</trkpt>
			<trkpt lat="47.64106595558211" lon="20.75567550315372">
				<ele>89.1671432517469</ele>
				<time>2026-06-14T11:43:01Z</time>
			</trkpt>
			<trkpt lat="47.64105439541353" lon="20.755635517860952">
				<ele>89.65592678077519</ele>
				<time>2026-06-14T11:43:03Z</time>
			</trkpt>
			<trkpt lat="47.641040640797335" lon="20.755596321110477">
				<ele>90.0099486745894</ele>
				<time>2026-06-14T11:43:05Z</time>
			</trkpt>
			<trkpt lat="47.641030326871295" lon="20.7555637018139">
				<ele>88.89592443034053</ele>
				<time>2026-06-14T11:43:08Z</time>
			</trkpt>
			<trkpt lat="47.64102164865373" lon="20.755543368642996">
				<ele>90.04332592431456</ele>
				<time>2026-06-14T11:43:09Z</time>
			</trkpt>
			<trkpt lat="47.641007135643164" lon="20.755498322792825">
				<ele>89.36025816947222</ele>
				<time>2026-06-14T11:43:12Z</time>
			</trkpt>
			<trkpt lat="47.64100486024643" lon="20.755463459606478">
				<ele>89.17547167278826</ele>
				<time>2026-06-14T11:43:14Z</time>
			</trkpt>
			<trkpt lat="47.641002888750684" lon="20.755431921478145">
				<ele>88.73059103731066</ele>
				<time>2026-06-14T11:43:16Z</time>
			</trkpt>
			<trkpt lat="47.64100212884946" lon="20.75540336834631">
				<ele>88.28917275555432</ele>
				<time>2026-06-14T11:43:18Z</time>
			</trkpt>
			<trkpt lat="47.64100954562249" lon="20.755368578135798">
				<ele>86.70728565286845</ele>
				<time>2026-06-14T11:43:21Z</time>
			</trkpt>
			<trkpt lat="47.64101571358084" lon="20.755341442180193">
				<ele>87.08530162554234</ele>
				<time>2026-06-14T11:43:23Z</time>
			</trkpt>
			<trkpt lat="47.64102294757413" lon="20.755316935140876">
				<ele>87.26994112785906</ele>
				<time>2026-06-14T11:43:26Z</time>
			</trkpt>
			<trkpt lat="47.6410146696135" lon="20.755299398139353">
				<ele>89.02521045412868</ele>
				<time>2026-06-14T11:43:30Z</time>
			</trkpt>
			<trkpt lat="47.64100080488078" lon="20.75527930147662">
				<ele>90.1012416407466</ele>
				<time>2026-06-14T11:43:33Z</time>
			</trkpt>
			<trkpt lat="47.64098148761829" lon="20.755257947463704">
				<ele>89.7596526099369</ele>
				<time>2026-06-14T11:43:35Z</time>
			</trkpt>
			<trkpt lat="47.64096391073497" lon="20.75521537938088">
				<ele>89.55259246286005</ele>
				<time>2026-06-14T11:43:38Z</time>
			</trkpt>
			<trkpt lat="47.64095653631909" lon="20.75518115136826">
				<ele>90.09191795624793</ele>
				<time>2026-06-14T11:43:40Z</time>
			</trkpt>
			<trkpt lat="47.64095438708415" lon="20.755147142411033">
				<ele>90.6599481087178</ele>
				<time>2026-06-14T11:43:42Z</time>
			</trkpt>
			<trkpt lat="47.64095504103678" lon="20.755113758623573">
				<ele>90.88099749851972</ele>
				<time>2026-06-14T11:43:44Z</time>
			</trkpt>
			<trkpt lat="47.64096653465457" lon="20.755071617590445">
				<ele>89.4287556707859</ele>
				<time>2026-06-14T11:43:47Z</time>
			</trkpt>
			<trkpt lat="47.64097573009907" lon="20.755042007760327">
				<ele>87.5900463508442</ele>
				<time>2026-06-14T11:43:49Z</time>
			</trkpt>
			<trkpt lat="47.64098646950769" lon="20.755000190086744">
				<ele>86.94223663210869</ele>
				<time>2026-06-14T11:43:52Z</time>
			</trkpt>
			<trkpt lat="47.640994095041044" lon="20.754974772231">
				<ele>88.27694341354072</ele>
				<time>2026-06-14T11:43:55Z</time>
			</trkpt>
			<trkpt lat="47.64100476723146" lon="20.75493186359531">
				<ele>88.9148369859904</ele>
				<time>2026-06-14T11:43:58Z</time>
			</trkpt>
			<trkpt lat="47.64100782899107" lon="20.754877411130266">
				<ele>90.4472805922851</ele>
				<time>2026-06-14T11:44:01Z</time>
			</trkpt>
			<trkpt lat="47.64100238715917" lon="20.754839752356173">
				<ele>90.96157995704561</ele>
				<time>2026-06-14T11:44:03Z</time>
			</trkpt>
			<trkpt lat="47.640994999959474" lon="20.75480355652748">
				<ele>91.961275620386</ele>
				<time>2026-06-14T11:44:05Z</time>
			</trkpt>
			<trkpt lat="47.64098594943871" lon="20.754772930113486">
				<ele>93.01940623298287</ele>
				<time>2026-06-14T11:44:07Z</time>
			</trkpt>
			<trkpt lat="47.64097026705348" lon="20.75475280954459">
				<ele>92.54902647528797</ele>
				<time>2026-06-14T11:44:10Z</time>
			</trkpt>
			<trkpt lat="47.64096139063186" lon="20.754741864536527">
				<ele>92.07126980274916</ele>
				<time>2026-06-14T11:44:12Z</time>
			</trkpt>
			<trkpt lat="47.640950782785545" lon="20.754722635352902">
				<ele>92.13465683534741</ele>
				<time>2026-06-14T11:44:15Z</time>
			</trkpt>
			<trkpt lat="47.640936968069994" lon="20.754693485034263">
				<ele>91.54333882778883</ele>
				<time>2026-06-14T11:44:17Z</time>
			</trkpt>
			<trkpt lat="47.640933252162945" lon="20.75466032562993">
				<ele>91.00612410530448</ele>
				<time>2026-06-14T11:44:19Z</time>
			</trkpt>
			<trkpt lat="47.6409391485359" lon="20.75462922763663">
				<ele>91.78724486753345</ele>
				<time>2026-06-14T11:44:23Z</time>
			</trkpt>
			<trkpt lat="47.640941923665885" lon="20.75461090841043">
				<ele>91.27425323519856</ele>
				<time>2026-06-14T11:44:27Z</time>
			</trkpt>
			<trkpt lat="47.64093864822041" lon="20.75458304386249">
				<ele>90.17615532781929</ele>
				<time>2026-06-14T11:44:29Z</time>
			</trkpt>
			<trkpt lat="47.64093274422424" lon="20.75453512127825">
				<ele>89.73949960432947</ele>
				<time>2026-06-14T11:44:32Z</time>
			</trkpt>
			<trkpt lat="47.640934790866154" lon="20.754510236370987">
				<ele>89.26596582029015</ele>
				<time>2026-06-14T11:44:34Z</time>
			</trkpt>
			<trkpt lat="47.640930847280714" lon="20.754486809939248">
				<ele>89.62161438912153</ele>
				<time>2026-06-14T11:44:36Z</time>
			</trkpt>
			<trkpt lat="47.640926062342835" lon="20.75445128977528">
				<ele>88.84044784493744</ele>
				<time>2026-06-14T11:44:37Z</time>
			</trkpt>
			<trkpt lat="47.6409206484438" lon="20.754404561103904">
				<ele>88.98455277085304</ele>
				<time>2026-06-14T11:44:39Z</time>
			</trkpt>
			<trkpt lat="47.64091457339906" lon="20.754359566435785">
				<ele>88.40385038219392</ele>
				<time>2026-06-14T11:44:41Z</time>
			</trkpt>
			<trkpt lat="47.64090635739342" lon="20.754317599261352">
				<ele>87.71494101267308</ele>
				<time>2026-06-14T11:44:43Z</time>
			</trkpt>
			<trkpt lat="47.64089719007304" lon="20.754281582999376">
				<ele>87.63513979502022</ele>
				<time>2026-06-14T11:44:45Z</time>
			</trkpt>
			<trkpt lat="47.64088597179086" lon="20.754246331315635">
				<ele>88.31242568418384</ele>
				<time>2026-06-14T11:44:47Z</time>
			</trkpt>
			<trkpt lat="47.64087930994976" lon="20.754225338512118">
				<ele>88.018768126145</ele>
				<time>2026-06-14T11:44:49Z</time>
			</trkpt>
			<trkpt lat="47.64087386599444" lon="20.75419701500573">
				<ele>88.0312566421926</ele>
				<time>2026-06-14T11:44:51Z</time>
			</trkpt>
			<trkpt lat="47.640869968160054" lon="20.75416244249487">
				<ele>87.55036897864193</ele>
				<time>2026-06-14T11:44:53Z</time>
			</trkpt>
			<trkpt lat="47.64086952986056" lon="20.75412449379146">
				<ele>86.99187842942774</ele>
				<time>2026-06-14T11:44:55Z</time>
			</trkpt>
			<trkpt lat="47.64087147099567" lon="20.75408801091416">
				<ele>86.40858687926084</ele>
				<time>2026-06-14T11:44:57Z</time>
			</trkpt>
			<trkpt lat="47.64087531110922" lon="20.75404435417032">
				<ele>86.00397376623005</ele>
				<time>2026-06-14T11:44:59Z</time>
			</trkpt>
			<trkpt lat="47.640876271062574" lon="20.75400526775608">
				<ele>86.64885303657502</ele>
				<time>2026-06-14T11:45:01Z</time>
			</trkpt>
			<trkpt lat="47.640870287054" lon="20.753975777534283">
				<ele>86.8002232639119</ele>
				<time>2026-06-14T11:45:03Z</time>
			</trkpt>
			<trkpt lat="47.64086670503211" lon="20.75393432866177">
				<ele>86.7327917534858</ele>
				<time>2026-06-14T11:45:05Z</time>
			</trkpt>
			<trkpt lat="47.6408683467718" lon="20.753871131425374">
				<ele>86.88241784460843</ele>
				<time>2026-06-14T11:45:08Z</time>
			</trkpt>
			<trkpt lat="47.64086866736477" lon="20.753826600654573">
				<ele>87.2587744826451</ele>
				<time>2026-06-14T11:45:10Z</time>
			</trkpt>
			<trkpt lat="47.64086968414223" lon="20.753790493894805">
				<ele>87.95903315022588</ele>
				<time>2026-06-14T11:45:12Z</time>
			</trkpt>
			<trkpt lat="47.64087333041742" lon="20.75375276737919">
				<ele>87.41574219428003</ele>
				<time>2026-06-14T11:45:14Z</time>
			</trkpt>
			<trkpt lat="47.64087655289357" lon="20.7537009404294">
				<ele>87.71914192195982</ele>
				<time>2026-06-14T11:45:17Z</time>
			</trkpt>
			<trkpt lat="47.64087277650052" lon="20.753668250631865">
				<ele>88.02654273528606</ele>
				<time>2026-06-14T11:45:19Z</time>
			</trkpt>
			<trkpt lat="47.64086949278548" lon="20.7536321833411">
				<ele>88.27809869032353</ele>
				<time>2026-06-14T11:45:21Z</time>
			</trkpt>
			<trkpt lat="47.64087429778415" lon="20.753596460606374">
				<ele>88.0066371448338</ele>
				<time>2026-06-14T11:45:23Z</time>
			</trkpt>
			<trkpt lat="47.64088242669495" lon="20.753563114262484">
				<ele>88.19711096491665</ele>
				<time>2026-06-14T11:45:25Z</time>
			</trkpt>
			<trkpt lat="47.64088945191167" lon="20.753534115800576">
				<ele>88.88560483139008</ele>
				<time>2026-06-14T11:45:27Z</time>
			</trkpt>
			<trkpt lat="47.64089814141822" lon="20.753503191901213">
				<ele>91.25093862600625</ele>
				<time>2026-06-14T11:45:29Z</time>
			</trkpt>
			<trkpt lat="47.64088934181889" lon="20.753490797983197">
				<ele>92.3116964623332</ele>
				<time>2026-06-14T11:45:30Z</time>
			</trkpt>
			<trkpt lat="47.640876422077106" lon="20.75347439459138">
				<ele>91.81107968557626</ele>
				<time>2026-06-14T11:45:32Z</time>
			</trkpt>
			<trkpt lat="47.64086341803288" lon="20.753449400414304">
				<ele>91.22114085406065</ele>
				<time>2026-06-14T11:45:34Z</time>
			</trkpt>
			<trkpt lat="47.640849955884185" lon="20.753417629139506">
				<ele>91.04031709767878</ele>
				<time>2026-06-14T11:45:36Z</time>
			</trkpt>
			<trkpt lat="47.64083890083494" lon="20.753388040963866">
				<ele>92.13210094813257</ele>
				<time>2026-06-14T11:45:38Z</time>
			</trkpt>
			<trkpt lat="47.64082370000761" lon="20.753355696020385">
				<ele>92.67623139731586</ele>
				<time>2026-06-14T11:45:41Z</time>
			</trkpt>
			<trkpt lat="47.64082457189829" lon="20.753337862353685">
				<ele>91.63563811127096</ele>
				<time>2026-06-14T11:45:43Z</time>
			</trkpt>
			<trkpt lat="47.640830100620406" lon="20.753312831322816">
				<ele>90.88077674247324</ele>
				<time>2026-06-14T11:45:47Z</time>
			</trkpt>
			<trkpt lat="47.64083564036848" lon="20.75328502928991">
				<ele>90.09148679487407</ele>
				<time>2026-06-14T11:45:50Z</time>
			</trkpt>
			<trkpt lat="47.64083960537327" lon="20.75325135452836">
				<ele>90.80335050448775</ele>
				<time>2026-06-14T11:45:53Z</time>
			</trkpt>
			<trkpt lat="47.640854066302616" lon="20.75320764919461">
				<ele>88.7327080219984</ele>
				<time>2026-06-14T11:45:58Z</time>
			</trkpt>
			<trkpt lat="47.64084682570672" lon="20.753189093464812">
				<ele>90.69100001268089</ele>
				<time>2026-06-14T11:46:02Z</time>
			</trkpt>
			<trkpt lat="47.64084325757715" lon="20.753175641093804">
				<ele>90.63415508624166</ele>
				<time>2026-06-14T11:46:05Z</time>
			</trkpt>
			<trkpt lat="47.64084288274776" lon="20.753153257330712">
				<ele>90.2237359508872</ele>
				<time>2026-06-14T11:46:08Z</time>
			</trkpt>
			<trkpt lat="47.640826390913546" lon="20.75314887030373">
				<ele>89.61265304684639</ele>
				<time>2026-06-14T11:46:23Z</time>
			</trkpt>
			<trkpt lat="47.640825247908545" lon="20.753169459213115">
				<ele>90.40350157860667</ele>
				<time>2026-06-14T11:46:25Z</time>
			</trkpt>
			<trkpt lat="47.6408313145894" lon="20.75320200421063">
				<ele>90.40105150546879</ele>
				<time>2026-06-14T11:46:30Z</time>
			</trkpt>
			<trkpt lat="47.640833878052455" lon="20.753233836257902">
				<ele>89.93253356684</ele>
				<time>2026-06-14T11:46:35Z</time>
			</trkpt>
			<trkpt lat="47.64083251417397" lon="20.753260104041992">
				<ele>90.75465088430792</ele>
				<time>2026-06-14T11:46:39Z</time>
			</trkpt>
			<trkpt lat="47.640830998819325" lon="20.75328973122421">
				<ele>92.41846248228103</ele>
				<time>2026-06-14T11:46:42Z</time>
			</trkpt>
			<trkpt lat="47.6408313248161" lon="20.753317089071707">
				<ele>92.43935766909271</ele>
				<time>2026-06-14T11:46:45Z</time>
			</trkpt>
			<trkpt lat="47.640831011562376" lon="20.753346496593704">
				<ele>92.16965524572879</ele>
				<time>2026-06-14T11:46:48Z</time>
			</trkpt>
			<trkpt lat="47.640829072158446" lon="20.753379391599978">
				<ele>91.81189342401922</ele>
				<time>2026-06-14T11:46:51Z</time>
			</trkpt>
			<trkpt lat="47.64082396471517" lon="20.753414083526927">
				<ele>90.42852707393467</ele>
				<time>2026-06-14T11:46:55Z</time>
			</trkpt>
			<trkpt lat="47.64082172503489" lon="20.753437084881195">
				<ele>90.63060473278165</ele>
				<time>2026-06-14T11:46:57Z</time>
			</trkpt>
			<trkpt lat="47.64082371185924" lon="20.75346866388479">
				<ele>90.38134195003659</ele>
				<time>2026-06-14T11:47:01Z</time>
			</trkpt>
			<trkpt lat="47.64081337547405" lon="20.75350978540363">
				<ele>92.14320609159768</ele>
				<time>2026-06-14T11:47:05Z</time>
			</trkpt>
			<trkpt lat="47.640813812272285" lon="20.753497067390327">
				<ele>89.61176806595176</ele>
				<time>2026-06-14T11:47:16Z</time>
			</trkpt>
			<trkpt lat="47.64079996897375" lon="20.753459168954837">
				<ele>89.57932698447257</ele>
				<time>2026-06-14T11:47:24Z</time>
			</trkpt>
			<trkpt lat="47.64077981337234" lon="20.753447579990254">
				<ele>89.68685285933316</ele>
				<time>2026-06-14T11:47:33Z</time>
			</trkpt>
			<trkpt lat="47.640760633441126" lon="20.75345708199767">
				<ele>89.7280475916341</ele>
				<time>2026-06-14T11:47:51Z</time>
			</trkpt>
			<trkpt lat="47.64075804782994" lon="20.75348264626434">
				<ele>90.91993106901646</ele>
				<time>2026-06-14T11:47:56Z</time>
			</trkpt>
			<trkpt lat="47.64075614345321" lon="20.753514308197385">
				<ele>90.51785858161747</ele>
				<time>2026-06-14T11:48:01Z</time>
			</trkpt>
			<trkpt lat="47.64075203622072" lon="20.753545014125887">
				<ele>90.07254502363503</ele>
				<time>2026-06-14T11:48:07Z</time>
			</trkpt>
			<trkpt lat="47.64076046795478" lon="20.753566199117103">
				<ele>89.82025490235537</ele>
				<time>2026-06-14T11:48:10Z</time>
			</trkpt>
			<trkpt lat="47.640775400083356" lon="20.753599751116305">
				<ele>89.00993775296956</ele>
				<time>2026-06-14T11:48:17Z</time>
			</trkpt>
			<trkpt lat="47.64077026616568" lon="20.753582830418416">
				<ele>89.92968687228858</ele>
				<time>2026-06-14T11:48:23Z</time>
			</trkpt>
			<trkpt lat="47.640778690969306" lon="20.75356723247293">
				<ele>89.87287687603384</ele>
				<time>2026-06-14T11:48:25Z</time>
			</trkpt>
			<trkpt lat="47.64077822027193" lon="20.753539014551727">
				<ele>88.43355117924511</ele>
				<time>2026-06-14T11:48:28Z</time>
			</trkpt>
			<trkpt lat="47.640775841810004" lon="20.753502360619272">
				<ele>88.47629324346781</ele>
				<time>2026-06-14T11:48:31Z</time>
			</trkpt>
			<trkpt lat="47.640768032043574" lon="20.753454712860243">
				<ele>89.51088345702738</ele>
				<time>2026-06-14T11:48:35Z</time>
			</trkpt>
			<trkpt lat="47.6407608222225" lon="20.753412304176788">
				<ele>89.29528850410134</ele>
				<time>2026-06-14T11:48:37Z</time>
			</trkpt>
			<trkpt lat="47.640755970716114" lon="20.753382811584153">
				<ele>89.36030378378928</ele>
				<time>2026-06-14T11:48:39Z</time>
			</trkpt>
			<trkpt lat="47.64076132991731" lon="20.753349760445246">
				<ele>88.28416972141713</ele>
				<time>2026-06-14T11:48:41Z</time>
			</trkpt>
			<trkpt lat="47.6407642044185" lon="20.753310026520406">
				<ele>88.53695373050869</ele>
				<time>2026-06-14T11:48:43Z</time>
			</trkpt>
			<trkpt lat="47.6407698440131" lon="20.753274038019338">
				<ele>88.05877221096307</ele>
				<time>2026-06-14T11:48:46Z</time>
			</trkpt>
			<trkpt lat="47.64077717839311" lon="20.75324374837507">
				<ele>89.74011306650937</ele>
				<time>2026-06-14T11:48:48Z</time>
			</trkpt>
			<trkpt lat="47.64077555195097" lon="20.75320967579803">
				<ele>89.4793876381591</ele>
				<time>2026-06-14T11:48:51Z</time>
			</trkpt>
			<trkpt lat="47.640769080799615" lon="20.753185722004428">
				<ele>89.49344093631953</ele>
				<time>2026-06-14T11:48:53Z</time>
			</trkpt>
			<trkpt lat="47.640758029851376" lon="20.753145867617857">
				<ele>88.10462763905525</ele>
				<time>2026-06-14T11:48:55Z</time>
			</trkpt>
			<trkpt lat="47.64075067789696" lon="20.75310448889286">
				<ele>87.86774755641818</ele>
				<time>2026-06-14T11:48:57Z</time>
			</trkpt>
			<trkpt lat="47.64075402633451" lon="20.75306598303857">
				<ele>88.60044601000845</ele>
				<time>2026-06-14T11:49:00Z</time>
			</trkpt>
			<trkpt lat="47.64076142931739" lon="20.753042091722726">
				<ele>87.12357946764678</ele>
				<time>2026-06-14T11:49:03Z</time>
			</trkpt>
			<trkpt lat="47.64076293907089" lon="20.753013155079856">
				<ele>88.42779195960611</ele>
				<time>2026-06-14T11:49:06Z</time>
			</trkpt>
			<trkpt lat="47.64076236266696" lon="20.7529778244918">
				<ele>88.34416106622666</ele>
				<time>2026-06-14T11:49:09Z</time>
			</trkpt>
			<trkpt lat="47.640768912752826" lon="20.752945562144227">
				<ele>89.0492683192715</ele>
				<time>2026-06-14T11:49:11Z</time>
			</trkpt>
			<trkpt lat="47.640774261128534" lon="20.752909336622487">
				<ele>88.24518399406224</ele>
				<time>2026-06-14T11:49:14Z</time>
			</trkpt>
			<trkpt lat="47.64076973689531" lon="20.752874663329195">
				<ele>89.23756792396307</ele>
				<time>2026-06-14T11:49:16Z</time>
			</trkpt>
			<trkpt lat="47.64076714704816" lon="20.75282781149813">
				<ele>88.55922434851527</ele>
				<time>2026-06-14T11:49:20Z</time>
			</trkpt>
			<trkpt lat="47.640766592927754" lon="20.752806030611804">
				<ele>88.5412072269246</ele>
				<time>2026-06-14T11:49:22Z</time>
			</trkpt>
			<trkpt lat="47.64077026102901" lon="20.752772016660984">
				<ele>88.88301951158792</ele>
				<time>2026-06-14T11:49:25Z</time>
			</trkpt>
			<trkpt lat="47.640775269578825" lon="20.752733477150322">
				<ele>88.21850882843137</ele>
				<time>2026-06-14T11:49:28Z</time>
			</trkpt>
			<trkpt lat="47.64077819217553" lon="20.7526895440275">
				<ele>88.56486070156097</ele>
				<time>2026-06-14T11:49:30Z</time>
			</trkpt>
			<trkpt lat="47.640784345023974" lon="20.752649925675993">
				<ele>88.28251927439123</ele>
				<time>2026-06-14T11:49:32Z</time>
			</trkpt>
			<trkpt lat="47.64079307012466" lon="20.752609038493752">
				<ele>88.14071716088802</ele>
				<time>2026-06-14T11:49:34Z</time>
			</trkpt>
			<trkpt lat="47.64079070734629" lon="20.752581863902986">
				<ele>88.13968337140977</ele>
				<time>2026-06-14T11:49:36Z</time>
			</trkpt>
			<trkpt lat="47.640784036620246" lon="20.752552166565668">
				<ele>88.89218294247985</ele>
				<time>2026-06-14T11:49:38Z</time>
			</trkpt>
			<trkpt lat="47.6407791532634" lon="20.752527563819122">
				<ele>87.75544960610569</ele>
				<time>2026-06-14T11:49:40Z</time>
			</trkpt>
			<trkpt lat="47.64077483244781" lon="20.75249606525608">
				<ele>88.4258974744007</ele>
				<time>2026-06-14T11:49:42Z</time>
			</trkpt>
			<trkpt lat="47.64076848970603" lon="20.752458112318553">
				<ele>89.63178582675755</ele>
				<time>2026-06-14T11:49:44Z</time>
			</trkpt>
			<trkpt lat="47.640765643712776" lon="20.752425901526745">
				<ele>88.78253699466586</ele>
				<time>2026-06-14T11:49:47Z</time>
			</trkpt>
			<trkpt lat="47.640766312232195" lon="20.75240718119302">
				<ele>88.817063851282</ele>
				<time>2026-06-14T11:49:49Z</time>
			</trkpt>
			<trkpt lat="47.640765476603384" lon="20.752385015737442">
				<ele>89.15619926061481</ele>
				<time>2026-06-14T11:49:51Z</time>
			</trkpt>
			<trkpt lat="47.64076489694681" lon="20.752358218878182">
				<ele>89.23465739749372</ele>
				<time>2026-06-14T11:49:53Z</time>
			</trkpt>
			<trkpt lat="47.64076613885282" lon="20.75233017619027">
				<ele>88.6168707460165</ele>
				<time>2026-06-14T11:49:55Z</time>
			</trkpt>
			<trkpt lat="47.64076649608154" lon="20.752290146333493">
				<ele>88.2820301046595</ele>
				<time>2026-06-14T11:49:58Z</time>
			</trkpt>
			<trkpt lat="47.64076193788696" lon="20.75226305280673">
				<ele>89.28580157272518</ele>
				<time>2026-06-14T11:50:00Z</time>
			</trkpt>
			<trkpt lat="47.640759353740584" lon="20.75223586014018">
				<ele>89.13820740021765</ele>
				<time>2026-06-14T11:50:02Z</time>
			</trkpt>
			<trkpt lat="47.64075829734931" lon="20.752197119027244">
				<ele>89.49275926034898</ele>
				<time>2026-06-14T11:50:04Z</time>
			</trkpt>
			<trkpt lat="47.64075718415557" lon="20.752156409534308">
				<ele>89.64607739355415</ele>
				<time>2026-06-14T11:50:06Z</time>
			</trkpt>
			<trkpt lat="47.640760137778074" lon="20.75210499040191">
				<ele>89.25831015966833</ele>
				<time>2026-06-14T11:50:09Z</time>
			</trkpt>
			<trkpt lat="47.640761032057384" lon="20.752074968087374">
				<ele>89.4620012016967</ele>
				<time>2026-06-14T11:50:11Z</time>
			</trkpt>
			<trkpt lat="47.64077101636197" lon="20.752032874321486">
				<ele>90.51660942658782</ele>
				<time>2026-06-14T11:50:14Z</time>
			</trkpt>
			<trkpt lat="47.640774288882845" lon="20.75201261151376">
				<ele>89.64119882788509</ele>
				<time>2026-06-14T11:50:16Z</time>
			</trkpt>
			<trkpt lat="47.640782988574" lon="20.75197858360099">
				<ele>91.04888865165412</ele>
				<time>2026-06-14T11:50:19Z</time>
			</trkpt>
			<trkpt lat="47.640791044573454" lon="20.751942402842342">
				<ele>91.39457129035145</ele>
				<time>2026-06-14T11:50:21Z</time>
			</trkpt>
			<trkpt lat="47.64079683054432" lon="20.751906567970302">
				<ele>91.43063655309379</ele>
				<time>2026-06-14T11:50:23Z</time>
			</trkpt>
			<trkpt lat="47.640804288657925" lon="20.751882127279888">
				<ele>90.45831419248134</ele>
				<time>2026-06-14T11:50:25Z</time>
			</trkpt>
			<trkpt lat="47.64081495271382" lon="20.751854240469907">
				<ele>88.98692110925913</ele>
				<time>2026-06-14T11:50:27Z</time>
			</trkpt>
			<trkpt lat="47.64082394817579" lon="20.751821385192823">
				<ele>88.87705890275538</ele>
				<time>2026-06-14T11:50:29Z</time>
			</trkpt>
			<trkpt lat="47.64082820055371" lon="20.7517913669792">
				<ele>89.51965318899602</ele>
				<time>2026-06-14T11:50:32Z</time>
			</trkpt>
			<trkpt lat="47.64082644349463" lon="20.751762668264682">
				<ele>90.47029412072152</ele>
				<time>2026-06-14T11:50:34Z</time>
			</trkpt>
			<trkpt lat="47.64082509023458" lon="20.751737544254535">
				<ele>90.11339550279081</ele>
				<time>2026-06-14T11:50:36Z</time>
			</trkpt>
			<trkpt lat="47.64083279515151" lon="20.7517064290965">
				<ele>89.41278737224638</ele>
				<time>2026-06-14T11:50:38Z</time>
			</trkpt>
			<trkpt lat="47.64084539902516" lon="20.751666960644634">
				<ele>88.84576860256493</ele>
				<time>2026-06-14T11:50:40Z</time>
			</trkpt>
			<trkpt lat="47.6408563095111" lon="20.75162060692262">
				<ele>87.76799469441175</ele>
				<time>2026-06-14T11:50:43Z</time>
			</trkpt>
			<trkpt lat="47.64085926956674" lon="20.751601166162867">
				<ele>88.63594898954034</ele>
				<time>2026-06-14T11:50:45Z</time>
			</trkpt>
			<trkpt lat="47.640862550645366" lon="20.751567794535323">
				<ele>89.72906859684736</ele>
				<time>2026-06-14T11:50:47Z</time>
			</trkpt>
			<trkpt lat="47.64086100540069" lon="20.751533145400874">
				<ele>89.3077264726162</ele>
				<time>2026-06-14T11:50:49Z</time>
			</trkpt>
			<trkpt lat="47.64085461897776" lon="20.751509826896978">
				<ele>89.6076082913205</ele>
				<time>2026-06-14T11:50:51Z</time>
			</trkpt>
			<trkpt lat="47.640850031513956" lon="20.751479426783078">
				<ele>89.89779762364924</ele>
				<time>2026-06-14T11:50:53Z</time>
			</trkpt>
			<trkpt lat="47.64084807060866" lon="20.751442018889247">
				<ele>89.45823971927166</ele>
				<time>2026-06-14T11:50:55Z</time>
			</trkpt>
			<trkpt lat="47.64085002898157" lon="20.75140640819249">
				<ele>88.7176077561453</ele>
				<time>2026-06-14T11:50:58Z</time>
			</trkpt>
			<trkpt lat="47.64085288331126" lon="20.751386813452143">
				<ele>89.05894942395389</ele>
				<time>2026-06-14T11:51:00Z</time>
			</trkpt>
			<trkpt lat="47.64085934249806" lon="20.75136530555277">
				<ele>88.41376476082951</ele>
				<time>2026-06-14T11:51:02Z</time>
			</trkpt>
			<trkpt lat="47.640862945039245" lon="20.751335152605485">
				<ele>88.82618090044707</ele>
				<time>2026-06-14T11:51:05Z</time>
			</trkpt>
			<trkpt lat="47.64086564711455" lon="20.751294578324533">
				<ele>88.88409283291548</ele>
				<time>2026-06-14T11:51:09Z</time>
			</trkpt>
			<trkpt lat="47.640857847973116" lon="20.75126124530951">
				<ele>88.62235773447901</ele>
				<time>2026-06-14T11:51:12Z</time>
			</trkpt>
			<trkpt lat="47.64085237870826" lon="20.75123451072699">
				<ele>87.26108021568507</ele>
				<time>2026-06-14T11:51:14Z</time>
			</trkpt>
			<trkpt lat="47.64084283324751" lon="20.75119893998586">
				<ele>88.14634635206312</ele>
				<time>2026-06-14T11:51:18Z</time>
			</trkpt>
			<trkpt lat="47.64083655765479" lon="20.751160999759634">
				<ele>88.22235540021211</ele>
				<time>2026-06-14T11:51:20Z</time>
			</trkpt>
			<trkpt lat="47.64083417113961" lon="20.751101276984777">
				<ele>88.04639244731516</ele>
				<time>2026-06-14T11:51:23Z</time>
			</trkpt>
			<trkpt lat="47.640834499595776" lon="20.7510745477752">
				<ele>88.04581888951361</ele>
				<time>2026-06-14T11:51:25Z</time>
			</trkpt>
			<trkpt lat="47.64083518031966" lon="20.7510366219516">
				<ele>88.14926158543676</ele>
				<time>2026-06-14T11:51:27Z</time>
			</trkpt>
			<trkpt lat="47.64083558468929" lon="20.750990120100333">
				<ele>88.27463703602552</ele>
				<time>2026-06-14T11:51:29Z</time>
			</trkpt>
			<trkpt lat="47.6408390843682" lon="20.750947497247964">
				<ele>87.62612714618444</ele>
				<time>2026-06-14T11:51:31Z</time>
			</trkpt>
			<trkpt lat="47.6408417378148" lon="20.75090773101422">
				<ele>87.29216449242085</ele>
				<time>2026-06-14T11:51:33Z</time>
			</trkpt>
			<trkpt lat="47.64084213435176" lon="20.750873191333312">
				<ele>88.03488021157682</ele>
				<time>2026-06-14T11:51:35Z</time>
			</trkpt>
			<trkpt lat="47.6408425219334" lon="20.75085225679246">
				<ele>88.25556018203497</ele>
				<time>2026-06-14T11:51:37Z</time>
			</trkpt>
			<trkpt lat="47.640840853762214" lon="20.75082505835944">
				<ele>89.78966787829995</ele>
				<time>2026-06-14T11:51:39Z</time>
			</trkpt>
			<trkpt lat="47.64084218021188" lon="20.7507902501364">
				<ele>87.08135513681918</ele>
				<time>2026-06-14T11:51:43Z</time>
			</trkpt>
			<trkpt lat="47.640836060719586" lon="20.750776713635656">
				<ele>87.19404430966824</ele>
				<time>2026-06-14T11:51:45Z</time>
			</trkpt>
			<trkpt lat="47.64083276774236" lon="20.750758884118323">
				<ele>87.50714078824967</ele>
				<time>2026-06-14T11:51:47Z</time>
			</trkpt>
			<trkpt lat="47.6408331210011" lon="20.75072541694126">
				<ele>87.45756052527577</ele>
				<time>2026-06-14T11:51:50Z</time>
			</trkpt>
			<trkpt lat="47.64083620310996" lon="20.750695219318832">
				<ele>87.50613851565868</ele>
				<time>2026-06-14T11:51:52Z</time>
			</trkpt>
			<trkpt lat="47.64084546547278" lon="20.750653162601694">
				<ele>87.41234690602869</ele>
				<time>2026-06-14T11:51:54Z</time>
			</trkpt>
			<trkpt lat="47.640858472495886" lon="20.750608900745938">
				<ele>87.50681660044938</ele>
				<time>2026-06-14T11:51:56Z</time>
			</trkpt>
			<trkpt lat="47.64086900070127" lon="20.750567572133786">
				<ele>87.99639992509037</ele>
				<time>2026-06-14T11:51:59Z</time>
			</trkpt>
			<trkpt lat="47.64088230209765" lon="20.750529086516533">
				<ele>88.03689284715801</ele>
				<time>2026-06-14T11:52:01Z</time>
			</trkpt>
			<trkpt lat="47.64089750248898" lon="20.750475501820617">
				<ele>87.74440836627036</ele>
				<time>2026-06-14T11:52:04Z</time>
			</trkpt>
			<trkpt lat="47.64090548603918" lon="20.750444212757127">
				<ele>87.5972831165418</ele>
				<time>2026-06-14T11:52:06Z</time>
			</trkpt>
			<trkpt lat="47.640915120451545" lon="20.750409837070112">
				<ele>87.58996909391135</ele>
				<time>2026-06-14T11:52:08Z</time>
			</trkpt>
			<trkpt lat="47.64092103036958" lon="20.750375470434307">
				<ele>87.21711145062</ele>
				<time>2026-06-14T11:52:10Z</time>
			</trkpt>
			<trkpt lat="47.64093321079879" lon="20.750339694474565">
				<ele>87.06059343926609</ele>
				<time>2026-06-14T11:52:12Z</time>
			</trkpt>
			<trkpt lat="47.64094074377698" lon="20.750305000133235">
				<ele>87.39743312168866</ele>
				<time>2026-06-14T11:52:14Z</time>
			</trkpt>
			<trkpt lat="47.64094551581032" lon="20.75027485911836">
				<ele>87.79393687658012</ele>
				<time>2026-06-14T11:52:16Z</time>
			</trkpt>
			<trkpt lat="47.64094278873572" lon="20.750257636810936">
				<ele>89.04116915166378</ele>
				<time>2026-06-14T11:52:18Z</time>
			</trkpt>
			<trkpt lat="47.64093832370901" lon="20.750238730299582">
				<ele>88.97171556670219</ele>
				<time>2026-06-14T11:52:20Z</time>
			</trkpt>
			<trkpt lat="47.64093033998649" lon="20.75021145301349">
				<ele>89.07598433084786</ele>
				<time>2026-06-14T11:52:22Z</time>
			</trkpt>
			<trkpt lat="47.64092662375386" lon="20.750171211929967">
				<ele>89.8213174128905</ele>
				<time>2026-06-14T11:52:24Z</time>
			</trkpt>
			<trkpt lat="47.640921291176056" lon="20.750140072109748">
				<ele>88.97732398845255</ele>
				<time>2026-06-14T11:52:26Z</time>
			</trkpt>
			<trkpt lat="47.640910243795595" lon="20.75008983483008">
				<ele>89.36374640557915</ele>
				<time>2026-06-14T11:52:29Z</time>
			</trkpt>
			<trkpt lat="47.640908845330124" lon="20.75005342997914">
				<ele>88.78745433501899</ele>
				<time>2026-06-14T11:52:31Z</time>
			</trkpt>
			<trkpt lat="47.64091008631382" lon="20.75001473470743">
				<ele>88.95973639842123</ele>
				<time>2026-06-14T11:52:33Z</time>
			</trkpt>
			<trkpt lat="47.640918530156746" lon="20.749992207912477">
				<ele>88.48947551473975</ele>
				<time>2026-06-14T11:52:34Z</time>
			</trkpt>
			<trkpt lat="47.640928144599634" lon="20.74995833001667">
				<ele>86.49376760050654</ele>
				<time>2026-06-14T11:52:36Z</time>
			</trkpt>
			<trkpt lat="47.64093208144187" lon="20.74993807703421">
				<ele>87.79863512795419</ele>
				<time>2026-06-14T11:52:37Z</time>
			</trkpt>
			<trkpt lat="47.640941216896806" lon="20.74989366644093">
				<ele>86.9899627044797</ele>
				<time>2026-06-14T11:52:39Z</time>
			</trkpt>
			<trkpt lat="47.64094652704505" lon="20.74985584004119">
				<ele>88.19905493035913</ele>
				<time>2026-06-14T11:52:42Z</time>
			</trkpt>
			<trkpt lat="47.64095320099089" lon="20.749833932649402">
				<ele>88.69569405447692</ele>
				<time>2026-06-14T11:52:43Z</time>
			</trkpt>
			<trkpt lat="47.640962072397635" lon="20.749806744777832">
				<ele>88.52760387491435</ele>
				<time>2026-06-14T11:52:46Z</time>
			</trkpt>
			<trkpt lat="47.64096781966742" lon="20.74977386590238">
				<ele>90.71767652221024</ele>
				<time>2026-06-14T11:52:49Z</time>
			</trkpt>
			<trkpt lat="47.64097901094905" lon="20.74974748465829">
				<ele>90.49593673087656</ele>
				<time>2026-06-14T11:52:53Z</time>
			</trkpt>
			<trkpt lat="47.640978623295574" lon="20.749730699680164">
				<ele>90.59976321738213</ele>
				<time>2026-06-14T11:52:56Z</time>
			</trkpt>
			<trkpt lat="47.64097778491348" lon="20.74970523514">
				<ele>91.40845291875303</ele>
				<time>2026-06-14T11:52:58Z</time>
			</trkpt>
			<trkpt lat="47.640971254774115" lon="20.749663422298024">
				<ele>91.57301208376884</ele>
				<time>2026-06-14T11:53:00Z</time>
			</trkpt>
			<trkpt lat="47.640978544287485" lon="20.74963167469933">
				<ele>91.22856499627233</ele>
				<time>2026-06-14T11:53:01Z</time>
			</trkpt>
			<trkpt lat="47.64097849237685" lon="20.749586653857513">
				<ele>91.34530707169324</ele>
				<time>2026-06-14T11:53:04Z</time>
			</trkpt>
			<trkpt lat="47.640973415296656" lon="20.749566206132627">
				<ele>91.81337246578187</ele>
				<time>2026-06-14T11:53:06Z</time>
			</trkpt>
			<trkpt lat="47.64096935970106" lon="20.749531518264003">
				<ele>92.01868477836251</ele>
				<time>2026-06-14T11:53:08Z</time>
			</trkpt>
			<trkpt lat="47.64097023950089" lon="20.749482562212858">
				<ele>91.85967900883406</ele>
				<time>2026-06-14T11:53:10Z</time>
			</trkpt>
			<trkpt lat="47.640978818515826" lon="20.749435893765956">
				<ele>89.9496810277924</ele>
				<time>2026-06-14T11:53:13Z</time>
			</trkpt>
			<trkpt lat="47.640991386961126" lon="20.74940950287109">
				<ele>88.53667619079351</ele>
				<time>2026-06-14T11:53:15Z</time>
			</trkpt>
			<trkpt lat="47.64099742371042" lon="20.749382963922777">
				<ele>88.13837856706232</ele>
				<time>2026-06-14T11:53:18Z</time>
			</trkpt>
			<trkpt lat="47.641009957352935" lon="20.749346001069537">
				<ele>85.74861078057438</ele>
				<time>2026-06-14T11:53:21Z</time>
			</trkpt>
			<trkpt lat="47.64102571679327" lon="20.74930974608196">
				<ele>84.93382989801466</ele>
				<time>2026-06-14T11:53:23Z</time>
			</trkpt>
			<trkpt lat="47.64103271893686" lon="20.749247948942802">
				<ele>85.9666156321764</ele>
				<time>2026-06-14T11:53:28Z</time>
			</trkpt>
			<trkpt lat="47.641024721846215" lon="20.749209380951026">
				<ele>86.4371827468276</ele>
				<time>2026-06-14T11:53:31Z</time>
			</trkpt>
			<trkpt lat="47.64102338064058" lon="20.749181853135244">
				<ele>86.32574117276818</ele>
				<time>2026-06-14T11:53:34Z</time>
			</trkpt>
			<trkpt lat="47.64102840752307" lon="20.74915162275062">
				<ele>86.97831277921796</ele>
				<time>2026-06-14T11:53:36Z</time>
			</trkpt>
			<trkpt lat="47.64103321493235" lon="20.749113793708524">
				<ele>87.30205492954701</ele>
				<time>2026-06-14T11:53:38Z</time>
			</trkpt>
			<trkpt lat="47.6410300400526" lon="20.749078123563585">
				<ele>87.4993926230818</ele>
				<time>2026-06-14T11:53:41Z</time>
			</trkpt>
			<trkpt lat="47.6410234797225" lon="20.749045880534137">
				<ele>87.53489339072257</ele>
				<time>2026-06-14T11:53:43Z</time>
			</trkpt>
			<trkpt lat="47.64101791777386" lon="20.7490139193639">
				<ele>87.5713502150029</ele>
				<time>2026-06-14T11:53:46Z</time>
			</trkpt>
			<trkpt lat="47.64101529685805" lon="20.74899364242179">
				<ele>87.83410546649247</ele>
				<time>2026-06-14T11:53:48Z</time>
			</trkpt>
			<trkpt lat="47.64101528464372" lon="20.748958791765837">
				<ele>87.92678461223841</ele>
				<time>2026-06-14T11:53:50Z</time>
			</trkpt>
			<trkpt lat="47.64101725532741" lon="20.74891785267044">
				<ele>87.80973495356739</ele>
				<time>2026-06-14T11:53:52Z</time>
			</trkpt>
			<trkpt lat="47.64101498008663" lon="20.748872996345035">
				<ele>88.67108155786991</ele>
				<time>2026-06-14T11:53:55Z</time>
			</trkpt>
			<trkpt lat="47.641014634989745" lon="20.74885412799137">
				<ele>88.48654752690345</ele>
				<time>2026-06-14T11:53:57Z</time>
			</trkpt>
			<trkpt lat="47.64102644053007" lon="20.7488068310667">
				<ele>88.21134965121746</ele>
				<time>2026-06-14T11:54:01Z</time>
			</trkpt>
			<trkpt lat="47.641021944400556" lon="20.7487866618905">
				<ele>90.01901771780103</ele>
				<time>2026-06-14T11:54:03Z</time>
			</trkpt>
			<trkpt lat="47.641021576248185" lon="20.748758060570474">
				<ele>91.15113610960543</ele>
				<time>2026-06-14T11:54:05Z</time>
			</trkpt>
			<trkpt lat="47.64100724633313" lon="20.748730266201648">
				<ele>89.6657112389803</ele>
				<time>2026-06-14T11:54:10Z</time>
			</trkpt>
			<trkpt lat="47.640992384321436" lon="20.748720046934803">
				<ele>90.37388766277581</ele>
				<time>2026-06-14T11:54:16Z</time>
			</trkpt>
			<trkpt lat="47.64097566575863" lon="20.74872790078727">
				<ele>91.29708926286548</ele>
				<time>2026-06-14T11:54:23Z</time>
			</trkpt>
			<trkpt lat="47.640960055297015" lon="20.74872530097046">
				<ele>90.75719168409705</ele>
				<time>2026-06-14T11:54:26Z</time>
			</trkpt>
			<trkpt lat="47.64094847345725" lon="20.748715164994596">
				<ele>89.66212201211601</ele>
				<time>2026-06-14T11:54:28Z</time>
			</trkpt>
			<trkpt lat="47.64093731940194" lon="20.74869968993038">
				<ele>89.5186340752989</ele>
				<time>2026-06-14T11:54:30Z</time>
			</trkpt>
			<trkpt lat="47.64092681296407" lon="20.74867799535243">
				<ele>89.7575483424589</ele>
				<time>2026-06-14T11:54:32Z</time>
			</trkpt>
			<trkpt lat="47.640910784755114" lon="20.74864480850005">
				<ele>90.1093977726996</ele>
				<time>2026-06-14T11:54:35Z</time>
			</trkpt>
			<trkpt lat="47.640903223821056" lon="20.748618051972535">
				<ele>89.48968008160591</ele>
				<time>2026-06-14T11:54:37Z</time>
			</trkpt>
			<trkpt lat="47.64089900635426" lon="20.74859247620325">
				<ele>90.1225721416995</ele>
				<time>2026-06-14T11:54:39Z</time>
			</trkpt>
			<trkpt lat="47.640901562067484" lon="20.748560161577732">
				<ele>90.00521482527256</ele>
				<time>2026-06-14T11:54:42Z</time>
			</trkpt>
			<trkpt lat="47.640911263417735" lon="20.748528265042506">
				<ele>89.81357845198363</ele>
				<time>2026-06-14T11:54:45Z</time>
			</trkpt>
			<trkpt lat="47.64092402812227" lon="20.748496160563516">
				<ele>89.81408732570708</ele>
				<time>2026-06-14T11:54:48Z</time>
			</trkpt>
			<trkpt lat="47.64093767843342" lon="20.74846650556423">
				<ele>90.76814270485193</ele>
				<time>2026-06-14T11:54:52Z</time>
			</trkpt>
			<trkpt lat="47.640956275000036" lon="20.74845400844468">
				<ele>90.35724852792919</ele>
				<time>2026-06-14T11:54:57Z</time>
			</trkpt>
			<trkpt lat="47.64095797361991" lon="20.74843592634879">
				<ele>90.53644959442317</ele>
				<time>2026-06-14T11:54:59Z</time>
			</trkpt>
			<trkpt lat="47.64095264827827" lon="20.74840464679327">
				<ele>90.43170589208603</ele>
				<time>2026-06-14T11:55:03Z</time>
			</trkpt>
			<trkpt lat="47.640946167590094" lon="20.748367105790948">
				<ele>89.02109139692038</ele>
				<time>2026-06-14T11:55:07Z</time>
			</trkpt>
			<trkpt lat="47.640942076815605" lon="20.74833769879336">
				<ele>89.36452584248036</ele>
				<time>2026-06-14T11:55:10Z</time>
			</trkpt>
			<trkpt lat="47.6409433138641" lon="20.748309230620375">
				<ele>89.68449749518186</ele>
				<time>2026-06-14T11:55:13Z</time>
			</trkpt>
			<trkpt lat="47.64094847751498" lon="20.748276210183356">
				<ele>89.83014099765569</ele>
				<time>2026-06-14T11:55:17Z</time>
			</trkpt>
			<trkpt lat="47.6409540148926" lon="20.748248972894466">
				<ele>89.87766582053155</ele>
				<time>2026-06-14T11:55:20Z</time>
			</trkpt>
			<trkpt lat="47.64097407880928" lon="20.748215999218072">
				<ele>90.70327588263899</ele>
				<time>2026-06-14T11:55:24Z</time>
			</trkpt>
			<trkpt lat="47.640985149032076" lon="20.748193531500483">
				<ele>90.9251502212137</ele>
				<time>2026-06-14T11:55:27Z</time>
			</trkpt>
			<trkpt lat="47.64100111823164" lon="20.7481710863409">
				<ele>88.66848409548402</ele>
				<time>2026-06-14T11:55:31Z</time>
			</trkpt>
			<trkpt lat="47.64099472996553" lon="20.748142641036548">
				<ele>89.09383432660252</ele>
				<time>2026-06-14T11:55:36Z</time>
			</trkpt>
			<trkpt lat="47.6409913736172" lon="20.748122943011868">
				<ele>90.4763209214434</ele>
				<time>2026-06-14T11:55:39Z</time>
			</trkpt>
			<trkpt lat="47.640992490496174" lon="20.74809388415281">
				<ele>90.18594581075013</ele>
				<time>2026-06-14T11:55:43Z</time>
			</trkpt>
			<trkpt lat="47.640992326912375" lon="20.748060467863546">
				<ele>90.86644494812936</ele>
				<time>2026-06-14T11:55:47Z</time>
			</trkpt>
			<trkpt lat="47.640992597071275" lon="20.74802312700325">
				<ele>91.47721820976585</ele>
				<time>2026-06-14T11:55:50Z</time>
			</trkpt>
			<trkpt lat="47.64099980730274" lon="20.747993317606902">
				<ele>91.93424841947854</ele>
				<time>2026-06-14T11:55:53Z</time>
			</trkpt>
			<trkpt lat="47.641009975181035" lon="20.74796505647189">
				<ele>90.72820970695466</ele>
				<time>2026-06-14T11:55:57Z</time>
			</trkpt>
			<trkpt lat="47.64101422363222" lon="20.747929854320535">
				<ele>91.02977227699012</ele>
				<time>2026-06-14T11:56:04Z</time>
			</trkpt>
			<trkpt lat="47.641019453527726" lon="20.747894000357377">
				<ele>91.15660503786057</ele>
				<time>2026-06-14T11:56:14Z</time>
			</trkpt>
			<trkpt lat="47.64102283058768" lon="20.74786417397679">
				<ele>90.50281181372702</ele>
				<time>2026-06-14T11:56:19Z</time>
			</trkpt>
			<trkpt lat="47.64102924832077" lon="20.74783768730763">
				<ele>90.87019095290452</ele>
				<time>2026-06-14T11:56:22Z</time>
			</trkpt>
			<trkpt lat="47.64104012003811" lon="20.747813978698765">
				<ele>90.64148131012917</ele>
				<time>2026-06-14T11:56:26Z</time>
			</trkpt>
			<trkpt lat="47.641044989269496" lon="20.74778943047816">
				<ele>91.41999124828726</ele>
				<time>2026-06-14T11:56:30Z</time>
			</trkpt>
			<trkpt lat="47.64105363562276" lon="20.747759439307675">
				<ele>90.58737474214286</ele>
				<time>2026-06-14T11:56:33Z</time>
			</trkpt>
			<trkpt lat="47.64105325006717" lon="20.74771586407713">
				<ele>90.35978195723146</ele>
				<time>2026-06-14T11:56:43Z</time>
			</trkpt>
			<trkpt lat="47.641056097149026" lon="20.74769785406143">
				<ele>91.38603540509939</ele>
				<time>2026-06-14T11:56:48Z</time>
			</trkpt>
			<trkpt lat="47.64106785272562" lon="20.747671188977822">
				<ele>91.33123204950243</ele>
				<time>2026-06-14T11:56:53Z</time>
			</trkpt>
			<trkpt lat="47.64107568785539" lon="20.747635021439212">
				<ele>93.84068043716252</ele>
				<time>2026-06-14T11:57:01Z</time>
			</trkpt>
			<trkpt lat="47.64108203042748" lon="20.747610179556613">
				<ele>93.37223939783871</ele>
				<time>2026-06-14T11:57:06Z</time>
			</trkpt>
			<trkpt lat="47.64109346899285" lon="20.747579973889962">
				<ele>92.45625842455775</ele>
				<time>2026-06-14T11:57:12Z</time>
			</trkpt>
			<trkpt lat="47.641098233641785" lon="20.747551636442715">
				<ele>93.03272426873446</ele>
				<time>2026-06-14T11:57:15Z</time>
			</trkpt>
			<trkpt lat="47.6411065681248" lon="20.74753462312393">
				<ele>93.21162449195981</ele>
				<time>2026-06-14T11:57:17Z</time>
			</trkpt>
			<trkpt lat="47.64112635772025" lon="20.747516151182616">
				<ele>91.96049593389034</ele>
				<time>2026-06-14T11:57:22Z</time>
			</trkpt>
			<trkpt lat="47.64114171728986" lon="20.747503857104004">
				<ele>92.88774741441011</ele>
				<time>2026-06-14T11:57:24Z</time>
			</trkpt>
			<trkpt lat="47.64116408871911" lon="20.74750120261391">
				<ele>92.53717539925128</ele>
				<time>2026-06-14T11:57:27Z</time>
			</trkpt>
			<trkpt lat="47.64118386127569" lon="20.747499018380026">
				<ele>92.46391444653273</ele>
				<time>2026-06-14T11:57:29Z</time>
			</trkpt>
			<trkpt lat="47.64122010777875" lon="20.747482360628968">
				<ele>90.76282818615437</ele>
				<time>2026-06-14T11:57:33Z</time>
			</trkpt>
			<trkpt lat="47.64123228994723" lon="20.747464932522696">
				<ele>91.15721608139575</ele>
				<time>2026-06-14T11:57:35Z</time>
			</trkpt>
			<trkpt lat="47.64124003732559" lon="20.747436966367154">
				<ele>91.58623154181987</ele>
				<time>2026-06-14T11:57:38Z</time>
			</trkpt>
			<trkpt lat="47.64125397497542" lon="20.747408046953034">
				<ele>90.70307511556894</ele>
				<time>2026-06-14T11:57:40Z</time>
			</trkpt>
			<trkpt lat="47.641259314528114" lon="20.74738156548494">
				<ele>91.21836996264756</ele>
				<time>2026-06-14T11:57:42Z</time>
			</trkpt>
			<trkpt lat="47.641260682926536" lon="20.74735280298733">
				<ele>90.61412985343486</ele>
				<time>2026-06-14T11:57:45Z</time>
			</trkpt>
			<trkpt lat="47.64126940469311" lon="20.74731272203275">
				<ele>90.7077669845894</ele>
				<time>2026-06-14T11:57:47Z</time>
			</trkpt>
			<trkpt lat="47.641270555224835" lon="20.747277472559382">
				<ele>91.7169890999794</ele>
				<time>2026-06-14T11:57:50Z</time>
			</trkpt>
			<trkpt lat="47.64126942615872" lon="20.747243366245343">
				<ele>90.80670192837715</ele>
				<time>2026-06-14T11:57:52Z</time>
			</trkpt>
			<trkpt lat="47.64127610164954" lon="20.747201501755924">
				<ele>88.87137104663998</ele>
				<time>2026-06-14T11:57:56Z</time>
			</trkpt>
			<trkpt lat="47.641282404016856" lon="20.747185182200443">
				<ele>88.45643949601799</ele>
				<time>2026-06-14T11:57:58Z</time>
			</trkpt>
			<trkpt lat="47.641292567901274" lon="20.74716811912429">
				<ele>89.22616242710501</ele>
				<time>2026-06-14T11:58:00Z</time>
			</trkpt>
			<trkpt lat="47.64130574609974" lon="20.747153443462597">
				<ele>89.46034737210721</ele>
				<time>2026-06-14T11:58:02Z</time>
			</trkpt>
			<trkpt lat="47.64131451520512" lon="20.74712894484583">
				<ele>88.73214096296579</ele>
				<time>2026-06-14T11:58:04Z</time>
			</trkpt>
			<trkpt lat="47.6413123184405" lon="20.747093339615123">
				<ele>86.9756096471101</ele>
				<time>2026-06-14T11:58:06Z</time>
			</trkpt>
			<trkpt lat="47.64131800314524" lon="20.74705888386869">
				<ele>86.81339573021978</ele>
				<time>2026-06-14T11:58:10Z</time>
			</trkpt>
			<trkpt lat="47.641331121543004" lon="20.7470321846867">
				<ele>86.89776324108243</ele>
				<time>2026-06-14T11:58:13Z</time>
			</trkpt>
			<trkpt lat="47.64134227712493" lon="20.747005488162035">
				<ele>88.11932900268584</ele>
				<time>2026-06-14T11:58:16Z</time>
			</trkpt>
			<trkpt lat="47.64135520022326" lon="20.7469930423039">
				<ele>87.89164828136563</ele>
				<time>2026-06-14T11:58:19Z</time>
			</trkpt>
			<trkpt lat="47.6413689452293" lon="20.74698480212072">
				<ele>88.14057681243867</ele>
				<time>2026-06-14T11:58:21Z</time>
			</trkpt>
			<trkpt lat="47.641388278544625" lon="20.74697129526328">
				<ele>87.9663709718734</ele>
				<time>2026-06-14T11:58:25Z</time>
			</trkpt>
			<trkpt lat="47.641404601206624" lon="20.746952795457133">
				<ele>87.49847799353302</ele>
				<time>2026-06-14T11:58:27Z</time>
			</trkpt>
			<trkpt lat="47.64141483191331" lon="20.746930251216593">
				<ele>87.72993708774447</ele>
				<time>2026-06-14T11:58:29Z</time>
			</trkpt>
			<trkpt lat="47.64142499620095" lon="20.746903837673834">
				<ele>87.20830299146473</ele>
				<time>2026-06-14T11:58:31Z</time>
			</trkpt>
			<trkpt lat="47.641435981188074" lon="20.74687698967694">
				<ele>86.62807206530124</ele>
				<time>2026-06-14T11:58:33Z</time>
			</trkpt>
			<trkpt lat="47.641438604940994" lon="20.74684862422551">
				<ele>86.16245022881776</ele>
				<time>2026-06-14T11:58:35Z</time>
			</trkpt>
			<trkpt lat="47.641440924099825" lon="20.746812129159924">
				<ele>85.93170254584402</ele>
				<time>2026-06-14T11:58:38Z</time>
			</trkpt>
			<trkpt lat="47.641448612117955" lon="20.74676225683599">
				<ele>86.05072403140366</ele>
				<time>2026-06-14T11:58:41Z</time>
			</trkpt>
			<trkpt lat="47.64145645405586" lon="20.746725832253478">
				<ele>86.71897436771542</ele>
				<time>2026-06-14T11:58:43Z</time>
			</trkpt>
			<trkpt lat="47.641466610746775" lon="20.74669713097647">
				<ele>87.56952378805727</ele>
				<time>2026-06-14T11:58:46Z</time>
			</trkpt>
			<trkpt lat="47.64148350946167" lon="20.746678777197513">
				<ele>87.38274466153234</ele>
				<time>2026-06-14T11:58:48Z</time>
			</trkpt>
			<trkpt lat="47.64149513202802" lon="20.74664779937663">
				<ele>85.74961057212204</ele>
				<time>2026-06-14T11:58:50Z</time>
			</trkpt>
			<trkpt lat="47.64150073270118" lon="20.74661802438615">
				<ele>85.92156286444515</ele>
				<time>2026-06-14T11:58:53Z</time>
			</trkpt>
			<trkpt lat="47.64150395923062" lon="20.74658524494647">
				<ele>86.85845006629825</ele>
				<time>2026-06-14T11:58:55Z</time>
			</trkpt>
			<trkpt lat="47.641504053514055" lon="20.746546969424056">
				<ele>87.67048035468906</ele>
				<time>2026-06-14T11:58:57Z</time>
			</trkpt>
			<trkpt lat="47.64150375044609" lon="20.746511209623282">
				<ele>88.37169923447073</ele>
				<time>2026-06-14T11:58:59Z</time>
			</trkpt>
			<trkpt lat="47.64151035320782" lon="20.746483495812463">
				<ele>87.51272728573531</ele>
				<time>2026-06-14T11:59:01Z</time>
			</trkpt>
			<trkpt lat="47.641514190870794" lon="20.746466083538884">
				<ele>87.803551052697</ele>
				<time>2026-06-14T11:59:03Z</time>
			</trkpt>
			<trkpt lat="47.64151940060107" lon="20.746443183349868">
				<ele>88.14199992921203</ele>
				<time>2026-06-14T11:59:06Z</time>
			</trkpt>
			<trkpt lat="47.64152506626188" lon="20.746414486061333">
				<ele>88.55176402628422</ele>
				<time>2026-06-14T11:59:09Z</time>
			</trkpt>
			<trkpt lat="47.64152760003702" lon="20.746388121737276">
				<ele>89.020234124735</ele>
				<time>2026-06-14T11:59:11Z</time>
			</trkpt>
			<trkpt lat="47.641533737525165" lon="20.746358909748714">
				<ele>88.72818194888532</ele>
				<time>2026-06-14T11:59:14Z</time>
			</trkpt>
			<trkpt lat="47.64154179898413" lon="20.746332814335823">
				<ele>88.33365170098841</ele>
				<time>2026-06-14T11:59:16Z</time>
			</trkpt>
			<trkpt lat="47.641541870046275" lon="20.746306295203894">
				<ele>87.37492916733027</ele>
				<time>2026-06-14T11:59:18Z</time>
			</trkpt>
			<trkpt lat="47.64153598221694" lon="20.746274017174787">
				<ele>87.5440491521731</ele>
				<time>2026-06-14T11:59:21Z</time>
			</trkpt>
			<trkpt lat="47.64153214350494" lon="20.746245146122178">
				<ele>88.44534199126065</ele>
				<time>2026-06-14T11:59:23Z</time>
			</trkpt>
			<trkpt lat="47.64153432527364" lon="20.746204784281236">
				<ele>88.03221249394119</ele>
				<time>2026-06-14T11:59:26Z</time>
			</trkpt>
			<trkpt lat="47.64151396288064" lon="20.746194668668426">
				<ele>76.66054778717516</ele>
				<time>2026-06-14T11:59:28Z</time>
			</trkpt>
			<trkpt lat="47.64152320552072" lon="20.746177966409746">
				<ele>88.33179627545178</ele>
				<time>2026-06-14T11:59:29Z</time>
			</trkpt>
			<trkpt lat="47.64154436141115" lon="20.746149376625972">
				<ele>89.46589551120996</ele>
				<time>2026-06-14T11:59:31Z</time>
			</trkpt>
			<trkpt lat="47.641565275173065" lon="20.746130437196936">
				<ele>88.18072552513331</ele>
				<time>2026-06-14T11:59:32Z</time>
			</trkpt>
			<trkpt lat="47.64158506806282" lon="20.746091168485535">
				<ele>86.37591851688921</ele>
				<time>2026-06-14T11:59:35Z</time>
			</trkpt>
			<trkpt lat="47.6415902132359" lon="20.746062297820703">
				<ele>86.40974362939596</ele>
				<time>2026-06-14T11:59:37Z</time>
			</trkpt>
			<trkpt lat="47.641601113739995" lon="20.74603077614719">
				<ele>87.01315885130316</ele>
				<time>2026-06-14T11:59:41Z</time>
			</trkpt>
			<trkpt lat="47.64161247792721" lon="20.746021435615198">
				<ele>85.71626008674502</ele>
				<time>2026-06-14T11:59:42Z</time>
			</trkpt>
			<trkpt lat="47.641622420697615" lon="20.745987556608508">
				<ele>83.98838975001127</ele>
				<time>2026-06-14T11:59:45Z</time>
			</trkpt>
			<trkpt lat="47.64163036231053" lon="20.74595637138886">
				<ele>85.37664205115288</ele>
				<time>2026-06-14T11:59:48Z</time>
			</trkpt>
			<trkpt lat="47.6416360247193" lon="20.745938113596406">
				<ele>86.66105060651898</ele>
				<time>2026-06-14T11:59:50Z</time>
			</trkpt>
			<trkpt lat="47.64164572245516" lon="20.745914148746525">
				<ele>86.4835844701156</ele>
				<time>2026-06-14T11:59:52Z</time>
			</trkpt>
			<trkpt lat="47.64165551560288" lon="20.745883848054415">
				<ele>86.44763447251171</ele>
				<time>2026-06-14T11:59:54Z</time>
			</trkpt>
			<trkpt lat="47.64165894374939" lon="20.74585045923242">
				<ele>87.69847426377237</ele>
				<time>2026-06-14T11:59:56Z</time>
			</trkpt>
			<trkpt lat="47.64166500797847" lon="20.74582148773806">
				<ele>87.2769961906597</ele>
				<time>2026-06-14T11:59:57Z</time>
			</trkpt>
			<trkpt lat="47.64167427726498" lon="20.745777966154208">
				<ele>87.77049169037491</ele>
				<time>2026-06-14T11:59:59Z</time>
			</trkpt>
			<trkpt lat="47.64168407655657" lon="20.745738651663277">
				<ele>86.29972721915692</ele>
				<time>2026-06-14T12:00:01Z</time>
			</trkpt>
			<trkpt lat="47.64168811342743" lon="20.745712795916145">
				<ele>86.92876058537513</ele>
				<time>2026-06-14T12:00:03Z</time>
			</trkpt>
			<trkpt lat="47.641688834649166" lon="20.7456874856091">
				<ele>87.91998606454581</ele>
				<time>2026-06-14T12:00:06Z</time>
			</trkpt>
			<trkpt lat="47.64169023116329" lon="20.745644437472563">
				<ele>87.8996758107096</ele>
				<time>2026-06-14T12:00:09Z</time>
			</trkpt>
			<trkpt lat="47.64169593262959" lon="20.745605255506813">
				<ele>89.7057083863765</ele>
				<time>2026-06-14T12:00:13Z</time>
			</trkpt>
			<trkpt lat="47.641707377574505" lon="20.745595695750858">
				<ele>89.30767762847245</ele>
				<time>2026-06-14T12:00:15Z</time>
			</trkpt>
			<trkpt lat="47.641716718951756" lon="20.74556485032052">
				<ele>88.92470758594573</ele>
				<time>2026-06-14T12:00:17Z</time>
			</trkpt>
			<trkpt lat="47.64173091263777" lon="20.745530335951603">
				<ele>88.59630696568638</ele>
				<time>2026-06-14T12:00:20Z</time>
			</trkpt>
			<trkpt lat="47.641738179338645" lon="20.745507959016557">
				<ele>87.60620469786227</ele>
				<time>2026-06-14T12:00:22Z</time>
			</trkpt>
			<trkpt lat="47.64174436116966" lon="20.74547373555637">
				<ele>87.54486610461026</ele>
				<time>2026-06-14T12:00:25Z</time>
			</trkpt>
			<trkpt lat="47.641744387700356" lon="20.745437386862317">
				<ele>87.40996634308249</ele>
				<time>2026-06-14T12:00:28Z</time>
			</trkpt>
			<trkpt lat="47.64174943956005" lon="20.745410788068487">
				<ele>87.72074679005891</ele>
				<time>2026-06-14T12:00:30Z</time>
			</trkpt>
			<trkpt lat="47.64176068927874" lon="20.74538095420568">
				<ele>89.01673801988363</ele>
				<time>2026-06-14T12:00:32Z</time>
			</trkpt>
			<trkpt lat="47.641775024340916" lon="20.745357758616517">
				<ele>88.17444119788706</ele>
				<time>2026-06-14T12:00:34Z</time>
			</trkpt>
			<trkpt lat="47.64178233600656" lon="20.74533648301891">
				<ele>88.05667620897293</ele>
				<time>2026-06-14T12:00:36Z</time>
			</trkpt>
			<trkpt lat="47.64178949305971" lon="20.745313191654926">
				<ele>87.85292295645922</ele>
				<time>2026-06-14T12:00:38Z</time>
			</trkpt>
			<trkpt lat="47.64180081326611" lon="20.745290446656846">
				<ele>88.27693376783282</ele>
				<time>2026-06-14T12:00:40Z</time>
			</trkpt>
			<trkpt lat="47.64182066231712" lon="20.745245785328926">
				<ele>87.9396803053096</ele>
				<time>2026-06-14T12:00:43Z</time>
			</trkpt>
			<trkpt lat="47.64183337645687" lon="20.74520586861005">
				<ele>87.5379859469831</ele>
				<time>2026-06-14T12:00:45Z</time>
			</trkpt>
			<trkpt lat="47.64184647943995" lon="20.745168075869646">
				<ele>89.30666297581047</ele>
				<time>2026-06-14T12:00:48Z</time>
			</trkpt>
			<trkpt lat="47.64185713902725" lon="20.74513360588748">
				<ele>88.27244754135609</ele>
				<time>2026-06-14T12:00:52Z</time>
			</trkpt>
			<trkpt lat="47.64186001703049" lon="20.745103277259478">
				<ele>89.08450022060424</ele>
				<time>2026-06-14T12:00:55Z</time>
			</trkpt>
			<trkpt lat="47.64186304544485" lon="20.745076548994785">
				<ele>89.40069383289665</ele>
				<time>2026-06-14T12:00:58Z</time>
			</trkpt>
			<trkpt lat="47.64187044289401" lon="20.745048530590243">
				<ele>89.41539600118995</ele>
				<time>2026-06-14T12:01:00Z</time>
			</trkpt>
			<trkpt lat="47.64187971822276" lon="20.745019044651357">
				<ele>89.9511752948165</ele>
				<time>2026-06-14T12:01:03Z</time>
			</trkpt>
			<trkpt lat="47.64189358022311" lon="20.74499796387975">
				<ele>88.73211290780455</ele>
				<time>2026-06-14T12:01:06Z</time>
			</trkpt>
			<trkpt lat="47.641904226452844" lon="20.74497485129963">
				<ele>87.8910851078108</ele>
				<time>2026-06-14T12:01:09Z</time>
			</trkpt>
			<trkpt lat="47.64191419659103" lon="20.74494640470907">
				<ele>87.19430762901902</ele>
				<time>2026-06-14T12:01:12Z</time>
			</trkpt>
			<trkpt lat="47.6419191248739" lon="20.74491772413142">
				<ele>87.47857358399779</ele>
				<time>2026-06-14T12:01:14Z</time>
			</trkpt>
			<trkpt lat="47.64192272805842" lon="20.744883073640562">
				<ele>87.44279940146953</ele>
				<time>2026-06-14T12:01:17Z</time>
			</trkpt>
			<trkpt lat="47.64192698386454" lon="20.74484476221224">
				<ele>87.49589263834059</ele>
				<time>2026-06-14T12:01:20Z</time>
			</trkpt>
			<trkpt lat="47.64193095244626" lon="20.744809523155265">
				<ele>88.58706845529377</ele>
				<time>2026-06-14T12:01:23Z</time>
			</trkpt>
			<trkpt lat="47.641943254877134" lon="20.7447773794462">
				<ele>89.58474408462644</ele>
				<time>2026-06-14T12:01:26Z</time>
			</trkpt>
			<trkpt lat="47.64195609296127" lon="20.7447577414128">
				<ele>89.35472111217678</ele>
				<time>2026-06-14T12:01:28Z</time>
			</trkpt>
			<trkpt lat="47.64196700719863" lon="20.744722387885727">
				<ele>91.20501314476132</ele>
				<time>2026-06-14T12:01:31Z</time>
			</trkpt>
			<trkpt lat="47.64198187463037" lon="20.74468957934021">
				<ele>90.42381251137704</ele>
				<time>2026-06-14T12:01:33Z</time>
			</trkpt>
			<trkpt lat="47.6419965079961" lon="20.744652982883025">
				<ele>88.5693674441427</ele>
				<time>2026-06-14T12:01:36Z</time>
			</trkpt>
			<trkpt lat="47.642004630325985" lon="20.744632593068115">
				<ele>88.64564483147115</ele>
				<time>2026-06-14T12:01:39Z</time>
			</trkpt>
			<trkpt lat="47.64201097841507" lon="20.74461465320015">
				<ele>89.41307327989489</ele>
				<time>2026-06-14T12:01:42Z</time>
			</trkpt>
			<trkpt lat="47.64200831669044" lon="20.74455941921446">
				<ele>88.79816808365285</ele>
				<time>2026-06-14T12:01:46Z</time>
			</trkpt>
			<trkpt lat="47.64201631967523" lon="20.74452233226945">
				<ele>89.71699999738485</ele>
				<time>2026-06-14T12:01:50Z</time>
			</trkpt>
			<trkpt lat="47.642023987766905" lon="20.744505188168816">
				<ele>90.16831708606333</ele>
				<time>2026-06-14T12:01:53Z</time>
			</trkpt>
			<trkpt lat="47.64203280851212" lon="20.74448288494598">
				<ele>89.40499145630747</ele>
				<time>2026-06-14T12:01:56Z</time>
			</trkpt>
			<trkpt lat="47.64205197690412" lon="20.74445265271033">
				<ele>91.222994456999</ele>
				<time>2026-06-14T12:01:59Z</time>
			</trkpt>
			<trkpt lat="47.642061921651916" lon="20.744427635852006">
				<ele>90.85048969089985</ele>
				<time>2026-06-14T12:02:01Z</time>
			</trkpt>
			<trkpt lat="47.642060578555274" lon="20.744395753269647">
				<ele>92.58817932289094</ele>
				<time>2026-06-14T12:02:03Z</time>
			</trkpt>
			<trkpt lat="47.64205384953019" lon="20.744357600459274">
				<ele>92.55337555427104</ele>
				<time>2026-06-14T12:02:05Z</time>
			</trkpt>
			<trkpt lat="47.642058881303356" lon="20.744300003176278">
				<ele>91.36611614469439</ele>
				<time>2026-06-14T12:02:09Z</time>
			</trkpt>
			<trkpt lat="47.64207138298952" lon="20.744283563426265">
				<ele>90.79741507116705</ele>
				<time>2026-06-14T12:02:12Z</time>
			</trkpt>
			<trkpt lat="47.64208134560304" lon="20.744274056120187">
				<ele>90.26738674938679</ele>
				<time>2026-06-14T12:02:14Z</time>
			</trkpt>
			<trkpt lat="47.6420973260192" lon="20.744254127000296">
				<ele>91.1244913674891</ele>
				<time>2026-06-14T12:02:17Z</time>
			</trkpt>
			<trkpt lat="47.64211247340991" lon="20.744233239983622">
				<ele>88.91479951236397</ele>
				<time>2026-06-14T12:02:20Z</time>
			</trkpt>
			<trkpt lat="47.64212831005478" lon="20.744206786382772">
				<ele>85.98606295790523</ele>
				<time>2026-06-14T12:02:22Z</time>
			</trkpt>
			<trkpt lat="47.64213399898974" lon="20.744170716367485">
				<ele>86.81464257091284</ele>
				<time>2026-06-14T12:02:24Z</time>
			</trkpt>
			<trkpt lat="47.642129372426574" lon="20.744133474727086">
				<ele>87.82924435753375</ele>
				<time>2026-06-14T12:02:27Z</time>
			</trkpt>
			<trkpt lat="47.642127145813696" lon="20.74410052363962">
				<ele>87.80961380340159</ele>
				<time>2026-06-14T12:02:30Z</time>
			</trkpt>
			<trkpt lat="47.64213751580681" lon="20.744072055667537">
				<ele>87.36990408599377</ele>
				<time>2026-06-14T12:02:32Z</time>
			</trkpt>
			<trkpt lat="47.64215661641525" lon="20.74404096870079">
				<ele>87.85470727737993</ele>
				<time>2026-06-14T12:02:35Z</time>
			</trkpt>
			<trkpt lat="47.64216533363403" lon="20.744003252623124">
				<ele>90.90158559568226</ele>
				<time>2026-06-14T12:02:39Z</time>
			</trkpt>
			<trkpt lat="47.642165583458194" lon="20.743978128484322">
				<ele>89.72000677417964</ele>
				<time>2026-06-14T12:02:42Z</time>
			</trkpt>
			<trkpt lat="47.64216393351059" lon="20.743954695118273">
				<ele>89.53744568210095</ele>
				<time>2026-06-14T12:02:45Z</time>
			</trkpt>
			<trkpt lat="47.64216048090092" lon="20.743924594381372">
				<ele>89.35649583116174</ele>
				<time>2026-06-14T12:02:49Z</time>
			</trkpt>
			<trkpt lat="47.64216883579021" lon="20.743915017766863">
				<ele>89.07778292801231</ele>
				<time>2026-06-14T12:02:51Z</time>
			</trkpt>
			<trkpt lat="47.642191945088214" lon="20.74390998350093">
				<ele>88.08778510335833</ele>
				<time>2026-06-14T12:02:53Z</time>
			</trkpt>
			<trkpt lat="47.64221146515118" lon="20.74389170212531">
				<ele>90.60807396192104</ele>
				<time>2026-06-14T12:02:56Z</time>
			</trkpt>
			<trkpt lat="47.64221813461208" lon="20.743866324431302">
				<ele>90.09130887780339</ele>
				<time>2026-06-14T12:02:59Z</time>
			</trkpt>
			<trkpt lat="47.64222847420772" lon="20.74384784139965">
				<ele>88.68828002549708</ele>
				<time>2026-06-14T12:03:01Z</time>
			</trkpt>
			<trkpt lat="47.642239572999465" lon="20.743813292351934">
				<ele>88.85368977859616</ele>
				<time>2026-06-14T12:03:03Z</time>
			</trkpt>
			<trkpt lat="47.64225063183192" lon="20.743777576534395">
				<ele>89.49842898361385</ele>
				<time>2026-06-14T12:03:06Z</time>
			</trkpt>
			<trkpt lat="47.642257487302054" lon="20.743758267619352">
				<ele>89.5173969687894</ele>
				<time>2026-06-14T12:03:08Z</time>
			</trkpt>
			<trkpt lat="47.64227290002186" lon="20.74373275860675">
				<ele>89.29485816694796</ele>
				<time>2026-06-14T12:03:11Z</time>
			</trkpt>
			<trkpt lat="47.64228216958588" lon="20.743709580006943">
				<ele>88.83294742181897</ele>
				<time>2026-06-14T12:03:13Z</time>
			</trkpt>
			<trkpt lat="47.64229174242473" lon="20.743684516562467">
				<ele>88.89038543123752</ele>
				<time>2026-06-14T12:03:15Z</time>
			</trkpt>
			<trkpt lat="47.64230639388081" lon="20.74362537460715">
				<ele>87.29118490125984</ele>
				<time>2026-06-14T12:03:19Z</time>
			</trkpt>
			<trkpt lat="47.64231470805394" lon="20.743593674285627">
				<ele>88.21307856962085</ele>
				<time>2026-06-14T12:03:22Z</time>
			</trkpt>
			<trkpt lat="47.6423279997895" lon="20.743577101874486">
				<ele>88.79616128839552</ele>
				<time>2026-06-14T12:03:24Z</time>
			</trkpt>
			<trkpt lat="47.64235361110267" lon="20.74354143567319">
				<ele>87.97704883478582</ele>
				<time>2026-06-14T12:03:29Z</time>
			</trkpt>
			<trkpt lat="47.64236989799046" lon="20.74352681658683">
				<ele>86.26249436847866</ele>
				<time>2026-06-14T12:03:31Z</time>
			</trkpt>
			<trkpt lat="47.64237761977539" lon="20.74350300210285">
				<ele>86.5306617449969</ele>
				<time>2026-06-14T12:03:33Z</time>
			</trkpt>
			<trkpt lat="47.642372895570226" lon="20.74347984781613">
				<ele>89.42897021397948</ele>
				<time>2026-06-14T12:03:35Z</time>
			</trkpt>
			<trkpt lat="47.64236299478217" lon="20.743450757396516">
				<ele>88.36227149702609</ele>
				<time>2026-06-14T12:03:38Z</time>
			</trkpt>
			<trkpt lat="47.64235134472848" lon="20.743418920729628">
				<ele>88.99559231288731</ele>
				<time>2026-06-14T12:03:42Z</time>
			</trkpt>
			<trkpt lat="47.642355601279874" lon="20.743391769274144">
				<ele>87.62084869481623</ele>
				<time>2026-06-14T12:03:45Z</time>
			</trkpt>
			<trkpt lat="47.64236298298045" lon="20.743363237523106">
				<ele>87.74336150940508</ele>
				<time>2026-06-14T12:03:48Z</time>
			</trkpt>
			<trkpt lat="47.64237647428878" lon="20.743336256105906">
				<ele>88.96226560045034</ele>
				<time>2026-06-14T12:03:51Z</time>
			</trkpt>
			<trkpt lat="47.642378061130366" lon="20.743310228576945">
				<ele>89.15791424550116</ele>
				<time>2026-06-14T12:03:54Z</time>
			</trkpt>
			<trkpt lat="47.642381634474354" lon="20.743263769935815">
				<ele>88.30729226209223</ele>
				<time>2026-06-14T12:03:57Z</time>
			</trkpt>
			<trkpt lat="47.64238606194496" lon="20.74322028049207">
				<ele>88.05007849447429</ele>
				<time>2026-06-14T12:04:01Z</time>
			</trkpt>
			<trkpt lat="47.64237906796246" lon="20.743185735690787">
				<ele>87.80793163459748</ele>
				<time>2026-06-14T12:04:07Z</time>
			</trkpt>
			<trkpt lat="47.64238159963372" lon="20.74316268557829">
				<ele>88.06217678729445</ele>
				<time>2026-06-14T12:04:10Z</time>
			</trkpt>
			<trkpt lat="47.64238575154252" lon="20.743142180168277">
				<ele>87.46070586517453</ele>
				<time>2026-06-14T12:04:12Z</time>
			</trkpt>
			<trkpt lat="47.64239536283161" lon="20.743112851499507">
				<ele>87.42227454576641</ele>
				<time>2026-06-14T12:04:15Z</time>
			</trkpt>
			<trkpt lat="47.642403128468366" lon="20.743086894342248">
				<ele>87.67450050637126</ele>
				<time>2026-06-14T12:04:17Z</time>
			</trkpt>
			<trkpt lat="47.6424149172462" lon="20.74305755033853">
				<ele>87.74358373135328</ele>
				<time>2026-06-14T12:04:19Z</time>
			</trkpt>
			<trkpt lat="47.64242433894788" lon="20.74302947245924">
				<ele>88.95765880867839</ele>
				<time>2026-06-14T12:04:21Z</time>
			</trkpt>
			<trkpt lat="47.642438714054435" lon="20.742992537238248">
				<ele>89.55653437320143</ele>
				<time>2026-06-14T12:04:23Z</time>
			</trkpt>
			<trkpt lat="47.64245745841741" lon="20.74296033013467">
				<ele>89.27001719363034</ele>
				<time>2026-06-14T12:04:25Z</time>
			</trkpt>
			<trkpt lat="47.64247718515736" lon="20.742934781170035">
				<ele>90.87565108574927</ele>
				<time>2026-06-14T12:04:27Z</time>
			</trkpt>
			<trkpt lat="47.6424983084369" lon="20.742900285897107">
				<ele>90.03492460399866</ele>
				<time>2026-06-14T12:04:29Z</time>
			</trkpt>
			<trkpt lat="47.64250131986674" lon="20.74286580894693">
				<ele>90.38710694853216</ele>
				<time>2026-06-14T12:04:31Z</time>
			</trkpt>
			<trkpt lat="47.64250062428187" lon="20.742827337333498">
				<ele>88.8379330392927</ele>
				<time>2026-06-14T12:04:34Z</time>
			</trkpt>
			<trkpt lat="47.642502375677445" lon="20.742795275390222">
				<ele>88.8399203484878</ele>
				<time>2026-06-14T12:04:36Z</time>
			</trkpt>
			<trkpt lat="47.64250413260637" lon="20.74275926396762">
				<ele>89.64062418974936</ele>
				<time>2026-06-14T12:04:38Z</time>
			</trkpt>
			<trkpt lat="47.64250361890873" lon="20.742735749890716">
				<ele>89.85173246636987</ele>
				<time>2026-06-14T12:04:39Z</time>
			</trkpt>
			<trkpt lat="47.64250619217871" lon="20.74269776643389">
				<ele>89.60815161187202</ele>
				<time>2026-06-14T12:04:42Z</time>
			</trkpt>
			<trkpt lat="47.6425117801308" lon="20.74267858306334">
				<ele>89.9076394578442</ele>
				<time>2026-06-14T12:04:44Z</time>
			</trkpt>
			<trkpt lat="47.64251989657111" lon="20.742653273663667">
				<ele>89.99473799671978</ele>
				<time>2026-06-14T12:04:45Z</time>
			</trkpt>
			<trkpt lat="47.64253281947756" lon="20.74261543352609">
				<ele>90.0893734479323</ele>
				<time>2026-06-14T12:04:47Z</time>
			</trkpt>
			<trkpt lat="47.64254781391307" lon="20.74258166764669">
				<ele>89.46015356015414</ele>
				<time>2026-06-14T12:04:49Z</time>
			</trkpt>
			<trkpt lat="47.64256150724377" lon="20.74255227150225">
				<ele>89.60546009242535</ele>
				<time>2026-06-14T12:04:51Z</time>
			</trkpt>
			<trkpt lat="47.64257068053874" lon="20.742529673624357">
				<ele>91.46335516218096</ele>
				<time>2026-06-14T12:04:54Z</time>
			</trkpt>
			<trkpt lat="47.64258202610127" lon="20.742502886105246">
				<ele>91.22446552384645</ele>
				<time>2026-06-14T12:04:56Z</time>
			</trkpt>
			<trkpt lat="47.64258741533058" lon="20.74246877218585">
				<ele>91.43198506813496</ele>
				<time>2026-06-14T12:04:59Z</time>
			</trkpt>
			<trkpt lat="47.64258300990579" lon="20.74243048940384">
				<ele>92.02514904458076</ele>
				<time>2026-06-14T12:05:01Z</time>
			</trkpt>
			<trkpt lat="47.64257687105228" lon="20.74240178325073">
				<ele>91.04911197908223</ele>
				<time>2026-06-14T12:05:03Z</time>
			</trkpt>
			<trkpt lat="47.64257296603384" lon="20.742362952407237">
				<ele>90.1946534793824</ele>
				<time>2026-06-14T12:05:05Z</time>
			</trkpt>
			<trkpt lat="47.642576919256435" lon="20.74232463699426">
				<ele>89.371751033701</ele>
				<time>2026-06-14T12:05:07Z</time>
			</trkpt>
			<trkpt lat="47.64258126058004" lon="20.742291207529057">
				<ele>89.56365525443107</ele>
				<time>2026-06-14T12:05:09Z</time>
			</trkpt>
			<trkpt lat="47.64258441855693" lon="20.74225613851436">
				<ele>90.3494411194697</ele>
				<time>2026-06-14T12:05:11Z</time>
			</trkpt>
			<trkpt lat="47.64258914046811" lon="20.74222424965139">
				<ele>90.6953385528177</ele>
				<time>2026-06-14T12:05:13Z</time>
			</trkpt>
			<trkpt lat="47.642598577740394" lon="20.742189975438908">
				<ele>89.75911703146994</ele>
				<time>2026-06-14T12:05:15Z</time>
			</trkpt>
			<trkpt lat="47.642610862429066" lon="20.742151327985304">
				<ele>90.01640000101179</ele>
				<time>2026-06-14T12:05:17Z</time>
			</trkpt>
			<trkpt lat="47.64262343801019" lon="20.742119587995905">
				<ele>89.36137451697141</ele>
				<time>2026-06-14T12:05:19Z</time>
			</trkpt>
			<trkpt lat="47.64263165273695" lon="20.742093621834858">
				<ele>89.46842737775296</ele>
				<time>2026-06-14T12:05:22Z</time>
			</trkpt>
			<trkpt lat="47.642636717845164" lon="20.742067060173035">
				<ele>90.87506135739386</ele>
				<time>2026-06-14T12:05:24Z</time>
			</trkpt>
			<trkpt lat="47.64264700788332" lon="20.742028347174568">
				<ele>91.9562245067209</ele>
				<time>2026-06-14T12:05:27Z</time>
			</trkpt>
			<trkpt lat="47.64265906765442" lon="20.74200838079369">
				<ele>91.64244924671948</ele>
				<time>2026-06-14T12:05:29Z</time>
			</trkpt>
			<trkpt lat="47.642661005623836" lon="20.741975314688588">
				<ele>89.87744551897049</ele>
				<time>2026-06-14T12:05:31Z</time>
			</trkpt>
			<trkpt lat="47.64266145398543" lon="20.74192511381231">
				<ele>89.75799401756376</ele>
				<time>2026-06-14T12:05:34Z</time>
			</trkpt>
			<trkpt lat="47.64265573681114" lon="20.74190313922548">
				<ele>89.8208168912679</ele>
				<time>2026-06-14T12:05:36Z</time>
			</trkpt>
			<trkpt lat="47.64265948466694" lon="20.741869197315673">
				<ele>89.1300936397165</ele>
				<time>2026-06-14T12:05:38Z</time>
			</trkpt>
			<trkpt lat="47.64266031003325" lon="20.741830296701835">
				<ele>89.60200809221715</ele>
				<time>2026-06-14T12:05:40Z</time>
			</trkpt>
			<trkpt lat="47.64266019635144" lon="20.741791077505447">
				<ele>90.66610344592482</ele>
				<time>2026-06-14T12:05:42Z</time>
			</trkpt>
			<trkpt lat="47.64266119600509" lon="20.741755223086844">
				<ele>90.65976929385215</ele>
				<time>2026-06-14T12:05:44Z</time>
			</trkpt>
			<trkpt lat="47.64266446151203" lon="20.74170702376322">
				<ele>89.42123356740922</ele>
				<time>2026-06-14T12:05:47Z</time>
			</trkpt>
			<trkpt lat="47.64266534360975" lon="20.741663245574102">
				<ele>89.05889548081905</ele>
				<time>2026-06-14T12:05:50Z</time>
			</trkpt>
			<trkpt lat="47.64266578390582" lon="20.741631083447142">
				<ele>89.37366672884673</ele>
				<time>2026-06-14T12:05:52Z</time>
			</trkpt>
			<trkpt lat="47.642670213409986" lon="20.741597905366266">
				<ele>89.19177873712033</ele>
				<time>2026-06-14T12:05:54Z</time>
			</trkpt>
			<trkpt lat="47.64267466807713" lon="20.741560900713754">
				<ele>89.00955829117447</ele>
				<time>2026-06-14T12:05:56Z</time>
			</trkpt>
			<trkpt lat="47.64268119293388" lon="20.741525708813874">
				<ele>88.88108679186553</ele>
				<time>2026-06-14T12:05:58Z</time>
			</trkpt>
			<trkpt lat="47.64268957880082" lon="20.741490929046464">
				<ele>89.07450418826193</ele>
				<time>2026-06-14T12:06:00Z</time>
			</trkpt>
			<trkpt lat="47.64270420150968" lon="20.741457246355797">
				<ele>88.91043066885322</ele>
				<time>2026-06-14T12:06:02Z</time>
			</trkpt>
			<trkpt lat="47.642712440471" lon="20.741437091675202">
				<ele>89.23749479372054</ele>
				<time>2026-06-14T12:06:04Z</time>
			</trkpt>
			<trkpt lat="47.642726405651366" lon="20.74140956726402">
				<ele>90.56102758087218</ele>
				<time>2026-06-14T12:06:06Z</time>
			</trkpt>
			<trkpt lat="47.64273720799387" lon="20.741379633882367">
				<ele>90.73162236157805</ele>
				<time>2026-06-14T12:06:09Z</time>
			</trkpt>
			<trkpt lat="47.64274349993128" lon="20.741364032234834">
				<ele>90.37999928276986</ele>
				<time>2026-06-14T12:06:11Z</time>
			</trkpt>
			<trkpt lat="47.64274989916951" lon="20.74134469498623">
				<ele>90.15398524142802</ele>
				<time>2026-06-14T12:06:13Z</time>
			</trkpt>
			<trkpt lat="47.64275814297206" lon="20.741323017861596">
				<ele>89.62528741080314</ele>
				<time>2026-06-14T12:06:15Z</time>
			</trkpt>
			<trkpt lat="47.64276862167081" lon="20.741290001462954">
				<ele>89.21757478453219</ele>
				<time>2026-06-14T12:06:17Z</time>
			</trkpt>
			<trkpt lat="47.64276746271579" lon="20.74125682509796">
				<ele>89.90893672220409</ele>
				<time>2026-06-14T12:06:20Z</time>
			</trkpt>
			<trkpt lat="47.64277060934388" lon="20.741239827569892">
				<ele>90.03641890361905</ele>
				<time>2026-06-14T12:06:22Z</time>
			</trkpt>
			<trkpt lat="47.642778917424856" lon="20.741213233378325">
				<ele>89.45461118780077</ele>
				<time>2026-06-14T12:06:25Z</time>
			</trkpt>
			<trkpt lat="47.6427899074754" lon="20.741188253441813">
				<ele>89.66539450269192</ele>
				<time>2026-06-14T12:06:28Z</time>
			</trkpt>
			<trkpt lat="47.64280291965014" lon="20.74117193347245">
				<ele>89.64515674579889</ele>
				<time>2026-06-14T12:06:30Z</time>
			</trkpt>
			<trkpt lat="47.64281296710438" lon="20.74114665061475">
				<ele>88.93270182888955</ele>
				<time>2026-06-14T12:06:33Z</time>
			</trkpt>
			<trkpt lat="47.642822773066314" lon="20.74112662881716">
				<ele>88.94329891260713</ele>
				<time>2026-06-14T12:06:35Z</time>
			</trkpt>
			<trkpt lat="47.6428473561648" lon="20.741089398577618">
				<ele>88.43308888375759</ele>
				<time>2026-06-14T12:06:38Z</time>
			</trkpt>
			<trkpt lat="47.6428556142267" lon="20.741054118832537">
				<ele>87.02633291855454</ele>
				<time>2026-06-14T12:06:40Z</time>
			</trkpt>
			<trkpt lat="47.64286579523131" lon="20.741018735430966">
				<ele>87.55683992058039</ele>
				<time>2026-06-14T12:06:43Z</time>
			</trkpt>
			<trkpt lat="47.64287404783885" lon="20.74098553645965">
				<ele>89.08982342947274</ele>
				<time>2026-06-14T12:06:45Z</time>
			</trkpt>
			<trkpt lat="47.642866575271874" lon="20.740941224917925">
				<ele>88.3535179598257</ele>
				<time>2026-06-14T12:06:48Z</time>
			</trkpt>
			<trkpt lat="47.642861824524644" lon="20.740908413515278">
				<ele>88.61362564377487</ele>
				<time>2026-06-14T12:06:51Z</time>
			</trkpt>
			<trkpt lat="47.642866235385334" lon="20.740892737234965">
				<ele>89.17308742832392</ele>
				<time>2026-06-14T12:06:52Z</time>
			</trkpt>
			<trkpt lat="47.642877416228494" lon="20.740861745826606">
				<ele>89.19394329469651</ele>
				<time>2026-06-14T12:06:54Z</time>
			</trkpt>
			<trkpt lat="47.64289009820031" lon="20.740827863110304">
				<ele>88.41507520247251</ele>
				<time>2026-06-14T12:06:57Z</time>
			</trkpt>
			<trkpt lat="47.64290333994824" lon="20.740795443860392">
				<ele>89.47572240140289</ele>
				<time>2026-06-14T12:06:59Z</time>
			</trkpt>
			<trkpt lat="47.642928049581585" lon="20.740763161606193">
				<ele>92.01456912886351</ele>
				<time>2026-06-14T12:07:02Z</time>
			</trkpt>
			<trkpt lat="47.642950271134445" lon="20.74075202989314">
				<ele>90.12032052967697</ele>
				<time>2026-06-14T12:07:04Z</time>
			</trkpt>
			<trkpt lat="47.642966315045555" lon="20.740734397877944">
				<ele>89.33484847750515</ele>
				<time>2026-06-14T12:07:06Z</time>
			</trkpt>
			<trkpt lat="47.64298732509032" lon="20.740728539684206">
				<ele>89.98161834385246</ele>
				<time>2026-06-14T12:07:08Z</time>
			</trkpt>
			<trkpt lat="47.6430105604007" lon="20.740698018193314">
				<ele>89.66375072766095</ele>
				<time>2026-06-14T12:07:11Z</time>
			</trkpt>
			<trkpt lat="47.64302389034051" lon="20.740671199730304">
				<ele>89.2431863900274</ele>
				<time>2026-06-14T12:07:13Z</time>
			</trkpt>
			<trkpt lat="47.6430360460686" lon="20.740650530326935">
				<ele>89.0412132833153</ele>
				<time>2026-06-14T12:07:16Z</time>
			</trkpt>
			<trkpt lat="47.643047665221616" lon="20.7406389047995">
				<ele>89.51512823719531</ele>
				<time>2026-06-14T12:07:17Z</time>
			</trkpt>
			<trkpt lat="47.643064666374265" lon="20.74059600230359">
				<ele>89.06927573122084</ele>
				<time>2026-06-14T12:07:20Z</time>
			</trkpt>
			<trkpt lat="47.64307827194471" lon="20.7405586388378">
				<ele>88.99616115260869</ele>
				<time>2026-06-14T12:07:22Z</time>
			</trkpt>
			<trkpt lat="47.64309346315813" lon="20.74052766705158">
				<ele>89.68900346010923</ele>
				<time>2026-06-14T12:07:24Z</time>
			</trkpt>
			<trkpt lat="47.6431029971933" lon="20.740487725898113">
				<ele>89.11344010941684</ele>
				<time>2026-06-14T12:07:26Z</time>
			</trkpt>
			<trkpt lat="47.643109592345404" lon="20.74045373937338">
				<ele>89.22707145381719</ele>
				<time>2026-06-14T12:07:28Z</time>
			</trkpt>
			<trkpt lat="47.64310964251618" lon="20.740410952242108">
				<ele>89.59318168088794</ele>
				<time>2026-06-14T12:07:31Z</time>
			</trkpt>
			<trkpt lat="47.64311245567078" lon="20.740375198044834">
				<ele>89.1604080721736</ele>
				<time>2026-06-14T12:07:33Z</time>
			</trkpt>
			<trkpt lat="47.643105596558236" lon="20.74034602236715">
				<ele>89.40928988344967</ele>
				<time>2026-06-14T12:07:35Z</time>
			</trkpt>
			<trkpt lat="47.64310435252139" lon="20.740324921266375">
				<ele>90.24502866901457</ele>
				<time>2026-06-14T12:07:36Z</time>
			</trkpt>
			<trkpt lat="47.64310587831946" lon="20.740274624571793">
				<ele>87.75963784568012</ele>
				<time>2026-06-14T12:07:39Z</time>
			</trkpt>
			<trkpt lat="47.64311308048215" lon="20.740238027454208">
				<ele>88.23099905718118</ele>
				<time>2026-06-14T12:07:41Z</time>
			</trkpt>
			<trkpt lat="47.643122110537774" lon="20.74019998563506">
				<ele>87.73089901544154</ele>
				<time>2026-06-14T12:07:43Z</time>
			</trkpt>
			<trkpt lat="47.643131951457015" lon="20.74016502332369">
				<ele>88.737021420151</ele>
				<time>2026-06-14T12:07:45Z</time>
			</trkpt>
			<trkpt lat="47.64313354564844" lon="20.74014175355423">
				<ele>88.00666982401162</ele>
				<time>2026-06-14T12:07:46Z</time>
			</trkpt>
			<trkpt lat="47.64314027543575" lon="20.740105694869797">
				<ele>88.0807005316019</ele>
				<time>2026-06-14T12:07:48Z</time>
			</trkpt>
			<trkpt lat="47.64314994311502" lon="20.740069265010437">
				<ele>88.5215078825131</ele>
				<time>2026-06-14T12:07:50Z</time>
			</trkpt>
			<trkpt lat="47.64315966999328" lon="20.74003817365784">
				<ele>88.60909110121429</ele>
				<time>2026-06-14T12:07:52Z</time>
			</trkpt>
			<trkpt lat="47.64316896231839" lon="20.740008227192696">
				<ele>88.63431133516133</ele>
				<time>2026-06-14T12:07:54Z</time>
			</trkpt>
			<trkpt lat="47.643180479677355" lon="20.739971934012843">
				<ele>88.14444200135767</ele>
				<time>2026-06-14T12:07:56Z</time>
			</trkpt>
			<trkpt lat="47.643190648828856" lon="20.73994029050102">
				<ele>89.87547980062664</ele>
				<time>2026-06-14T12:07:59Z</time>
			</trkpt>
			<trkpt lat="47.64319530629717" lon="20.739925219964604">
				<ele>89.32245496939868</ele>
				<time>2026-06-14T12:08:01Z</time>
			</trkpt>
			<trkpt lat="47.64319976241306" lon="20.739895534824946">
				<ele>89.59315149765462</ele>
				<time>2026-06-14T12:08:03Z</time>
			</trkpt>
			<trkpt lat="47.64319661840112" lon="20.739856181855977">
				<ele>91.32600369583815</ele>
				<time>2026-06-14T12:08:06Z</time>
			</trkpt>
			<trkpt lat="47.64319244521774" lon="20.739834291324634">
				<ele>90.79800702538341</ele>
				<time>2026-06-14T12:08:08Z</time>
			</trkpt>
			<trkpt lat="47.64319030136198" lon="20.739799226400844">
				<ele>91.34653847292066</ele>
				<time>2026-06-14T12:08:10Z</time>
			</trkpt>
			<trkpt lat="47.64317986278893" lon="20.739768349558414">
				<ele>91.72236299607903</ele>
				<time>2026-06-14T12:08:12Z</time>
			</trkpt>
			<trkpt lat="47.64317026416784" lon="20.739731373991585">
				<ele>90.40785160474479</ele>
				<time>2026-06-14T12:08:14Z</time>
			</trkpt>
			<trkpt lat="47.643167466402936" lon="20.739697158999515">
				<ele>89.09759980626404</ele>
				<time>2026-06-14T12:08:17Z</time>
			</trkpt>
			<trkpt lat="47.64316828291243" lon="20.739674206341572">
				<ele>88.86223588977009</ele>
				<time>2026-06-14T12:08:18Z</time>
			</trkpt>
			<trkpt lat="47.643168954906386" lon="20.739649394874675">
				<ele>89.13678738195449</ele>
				<time>2026-06-14T12:08:20Z</time>
			</trkpt>
			<trkpt lat="47.64316952179346" lon="20.739608210089443">
				<ele>89.37875968590379</ele>
				<time>2026-06-14T12:08:22Z</time>
			</trkpt>
			<trkpt lat="47.643171367515535" lon="20.73956419294826">
				<ele>89.48190008383244</ele>
				<time>2026-06-14T12:08:24Z</time>
			</trkpt>
			<trkpt lat="47.6431764619532" lon="20.73952241927687">
				<ele>88.95031529571861</ele>
				<time>2026-06-14T12:08:26Z</time>
			</trkpt>
			<trkpt lat="47.64317902824257" lon="20.739481636083184">
				<ele>88.8778844056651</ele>
				<time>2026-06-14T12:08:28Z</time>
			</trkpt>
			<trkpt lat="47.6431801793607" lon="20.7394423470164">
				<ele>88.72007143124938</ele>
				<time>2026-06-14T12:08:30Z</time>
			</trkpt>
			<trkpt lat="47.64317851106416" lon="20.73940617973406">
				<ele>88.69755658041686</ele>
				<time>2026-06-14T12:08:32Z</time>
			</trkpt>
			<trkpt lat="47.643173016197586" lon="20.739364934930713">
				<ele>89.02762653492391</ele>
				<time>2026-06-14T12:08:34Z</time>
			</trkpt>
			<trkpt lat="47.64316860127302" lon="20.739322614541187">
				<ele>89.35278483387083</ele>
				<time>2026-06-14T12:08:36Z</time>
			</trkpt>
			<trkpt lat="47.64316648636565" lon="20.739276655695452">
				<ele>89.3916169218719</ele>
				<time>2026-06-14T12:08:38Z</time>
			</trkpt>
			<trkpt lat="47.64316608989662" lon="20.739230863397115">
				<ele>89.03437023982406</ele>
				<time>2026-06-14T12:08:40Z</time>
			</trkpt>
			<trkpt lat="47.64317074684478" lon="20.7391847426641">
				<ele>89.02715844660997</ele>
				<time>2026-06-14T12:08:42Z</time>
			</trkpt>
			<trkpt lat="47.643173938836306" lon="20.739144911961933">
				<ele>88.91846174746752</ele>
				<time>2026-06-14T12:08:44Z</time>
			</trkpt>
			<trkpt lat="47.643179406779566" lon="20.73910862750007">
				<ele>88.96373395901173</ele>
				<time>2026-06-14T12:08:46Z</time>
			</trkpt>
			<trkpt lat="47.64318763665265" lon="20.73907539291808">
				<ele>88.23530662059784</ele>
				<time>2026-06-14T12:08:48Z</time>
			</trkpt>
			<trkpt lat="47.64319771042956" lon="20.73904446452466">
				<ele>88.4113593781367</ele>
				<time>2026-06-14T12:08:50Z</time>
			</trkpt>
			<trkpt lat="47.6432091498567" lon="20.739015416812904">
				<ele>88.25058604869992</ele>
				<time>2026-06-14T12:08:52Z</time>
			</trkpt>
			<trkpt lat="47.64322838601922" lon="20.73899503230747">
				<ele>90.13661667425185</ele>
				<time>2026-06-14T12:08:54Z</time>
			</trkpt>
			<trkpt lat="47.643255306417274" lon="20.73896906960721">
				<ele>90.61260238755494</ele>
				<time>2026-06-14T12:08:56Z</time>
			</trkpt>
			<trkpt lat="47.6432828377952" lon="20.738933384397914">
				<ele>87.69690315145999</ele>
				<time>2026-06-14T12:08:59Z</time>
			</trkpt>
			<trkpt lat="47.64329684178179" lon="20.738910984494783">
				<ele>88.98261254839599</ele>
				<time>2026-06-14T12:09:01Z</time>
			</trkpt>
			<trkpt lat="47.64331659358909" lon="20.73888424283068">
				<ele>88.82483309227973</ele>
				<time>2026-06-14T12:09:03Z</time>
			</trkpt>
			<trkpt lat="47.64333138199947" lon="20.73884818513894">
				<ele>88.4592271912843</ele>
				<time>2026-06-14T12:09:05Z</time>
			</trkpt>
			<trkpt lat="47.64334341999889" lon="20.738793569786008">
				<ele>88.49724264256656</ele>
				<time>2026-06-14T12:09:08Z</time>
			</trkpt>
			<trkpt lat="47.64335400999629" lon="20.738757497024647">
				<ele>88.73520521540195</ele>
				<time>2026-06-14T12:09:10Z</time>
			</trkpt>
			<trkpt lat="47.6433588443106" lon="20.738723093424355">
				<ele>88.68014898337424</ele>
				<time>2026-06-14T12:09:12Z</time>
			</trkpt>
			<trkpt lat="47.64335796500948" lon="20.738700292378596">
				<ele>88.77062522806227</ele>
				<time>2026-06-14T12:09:14Z</time>
			</trkpt>
			<trkpt lat="47.64335566404404" lon="20.73866367071349">
				<ele>90.0934927649796</ele>
				<time>2026-06-14T12:09:16Z</time>
			</trkpt>
			<trkpt lat="47.64335362563428" lon="20.738619738557983">
				<ele>88.92205395828933</ele>
				<time>2026-06-14T12:09:18Z</time>
			</trkpt>
			<trkpt lat="47.643351481298616" lon="20.738576934774105">
				<ele>88.78405732195824</ele>
				<time>2026-06-14T12:09:20Z</time>
			</trkpt>
			<trkpt lat="47.64334509348478" lon="20.738539088714273">
				<ele>89.10965453460813</ele>
				<time>2026-06-14T12:09:22Z</time>
			</trkpt>
			<trkpt lat="47.643346381291785" lon="20.738501119866285">
				<ele>88.7509053060785</ele>
				<time>2026-06-14T12:09:24Z</time>
			</trkpt>
			<trkpt lat="47.643356952839284" lon="20.738455315026798">
				<ele>88.9122996199876</ele>
				<time>2026-06-14T12:09:27Z</time>
			</trkpt>
			<trkpt lat="47.64336173055759" lon="20.738435782754056">
				<ele>88.97499920800328</ele>
				<time>2026-06-14T12:09:28Z</time>
			</trkpt>
			<trkpt lat="47.643371227200525" lon="20.738402175204918">
				<ele>88.85855543706566</ele>
				<time>2026-06-14T12:09:30Z</time>
			</trkpt>
			<trkpt lat="47.64338744180505" lon="20.738374209476515">
				<ele>88.70692166965455</ele>
				<time>2026-06-14T12:09:32Z</time>
			</trkpt>
			<trkpt lat="47.64340383183209" lon="20.738344800334744">
				<ele>88.78781885001808</ele>
				<time>2026-06-14T12:09:34Z</time>
			</trkpt>
			<trkpt lat="47.64341984607872" lon="20.738310410382915">
				<ele>89.46256157010794</ele>
				<time>2026-06-14T12:09:36Z</time>
			</trkpt>
			<trkpt lat="47.6434261305648" lon="20.738274923706157">
				<ele>91.6567395189777</ele>
				<time>2026-06-14T12:09:38Z</time>
			</trkpt>
			<trkpt lat="47.64342991431128" lon="20.73825170302801">
				<ele>91.33300076238811</ele>
				<time>2026-06-14T12:09:39Z</time>
			</trkpt>
			<trkpt lat="47.64342626438549" lon="20.738201389990877">
				<ele>89.84037529211491</ele>
				<time>2026-06-14T12:09:42Z</time>
			</trkpt>
			<trkpt lat="47.64343005135849" lon="20.73818613334169">
				<ele>89.83817205391824</ele>
				<time>2026-06-14T12:09:43Z</time>
			</trkpt>
			<trkpt lat="47.64343455693056" lon="20.738157217644094">
				<ele>91.16941668000072</ele>
				<time>2026-06-14T12:09:45Z</time>
			</trkpt>
			<trkpt lat="47.643432870289175" lon="20.73812013084944">
				<ele>92.21909668389708</ele>
				<time>2026-06-14T12:09:47Z</time>
			</trkpt>
			<trkpt lat="47.6434329452874" lon="20.738068029384994">
				<ele>88.74661157652736</ele>
				<time>2026-06-14T12:09:50Z</time>
			</trkpt>
			<trkpt lat="47.64343090676672" lon="20.738044152194863">
				<ele>89.00593377556652</ele>
				<time>2026-06-14T12:09:51Z</time>
			</trkpt>
			<trkpt lat="47.64343670235581" lon="20.738005767729092">
				<ele>88.28240616526455</ele>
				<time>2026-06-14T12:09:53Z</time>
			</trkpt>
			<trkpt lat="47.64344146904978" lon="20.737964631244974">
				<ele>89.27060728985816</ele>
				<time>2026-06-14T12:09:55Z</time>
			</trkpt>
			<trkpt lat="47.64344961892534" lon="20.73791451897799">
				<ele>89.25966772716492</ele>
				<time>2026-06-14T12:09:58Z</time>
			</trkpt>
			<trkpt lat="47.64345340243294" lon="20.737880221788657">
				<ele>89.80574490875006</ele>
				<time>2026-06-14T12:10:00Z</time>
			</trkpt>
			<trkpt lat="47.64345703238645" lon="20.737848156206546">
				<ele>89.5086713032797</ele>
				<time>2026-06-14T12:10:02Z</time>
			</trkpt>
			<trkpt lat="47.64346170185293" lon="20.737816356922963">
				<ele>88.52514308784157</ele>
				<time>2026-06-14T12:10:04Z</time>
			</trkpt>
			<trkpt lat="47.64346771716582" lon="20.7377839376076">
				<ele>89.11294556595385</ele>
				<time>2026-06-14T12:10:06Z</time>
			</trkpt>
			<trkpt lat="47.64347714414385" lon="20.737750971096503">
				<ele>88.67056358419359</ele>
				<time>2026-06-14T12:10:08Z</time>
			</trkpt>
			<trkpt lat="47.643489556159096" lon="20.737716681036858">
				<ele>89.3207586184144</ele>
				<time>2026-06-14T12:10:10Z</time>
			</trkpt>
			<trkpt lat="47.64350062414273" lon="20.73768120238964">
				<ele>89.65732562541962</ele>
				<time>2026-06-14T12:10:12Z</time>
			</trkpt>
			<trkpt lat="47.643508360396154" lon="20.737658565083613">
				<ele>88.990592260845</ele>
				<time>2026-06-14T12:10:13Z</time>
			</trkpt>
			<trkpt lat="47.64351236804678" lon="20.737607722180282">
				<ele>89.43276316300035</ele>
				<time>2026-06-14T12:10:16Z</time>
			</trkpt>
			<trkpt lat="47.643510791021654" lon="20.737574568344783">
				<ele>89.8263560347259</ele>
				<time>2026-06-14T12:10:18Z</time>
			</trkpt>
			<trkpt lat="47.64350696992849" lon="20.737544679341255">
				<ele>90.11760234646499</ele>
				<time>2026-06-14T12:10:20Z</time>
			</trkpt>
			<trkpt lat="47.64349806677726" lon="20.73751390411743">
				<ele>91.65935731120408</ele>
				<time>2026-06-14T12:10:22Z</time>
			</trkpt>
			<trkpt lat="47.64349409206544" lon="20.737490766293256">
				<ele>90.65952652227134</ele>
				<time>2026-06-14T12:10:24Z</time>
			</trkpt>
			<trkpt lat="47.643497614424724" lon="20.73747102020061">
				<ele>90.00717398151755</ele>
				<time>2026-06-14T12:10:25Z</time>
			</trkpt>
			<trkpt lat="47.64349477014874" lon="20.737432875667817">
				<ele>90.7799839982763</ele>
				<time>2026-06-14T12:10:27Z</time>
			</trkpt>
			<trkpt lat="47.64349680424383" lon="20.737406560275623">
				<ele>89.23558916058391</ele>
				<time>2026-06-14T12:10:29Z</time>
			</trkpt>
			<trkpt lat="47.6434997008167" lon="20.73738453468116">
				<ele>89.53539399430156</ele>
				<time>2026-06-14T12:10:31Z</time>
			</trkpt>
			<trkpt lat="47.6435041169525" lon="20.737356700354432">
				<ele>89.35485467035323</ele>
				<time>2026-06-14T12:10:32Z</time>
			</trkpt>
			<trkpt lat="47.64351276151929" lon="20.737312730687503">
				<ele>88.46717236936092</ele>
				<time>2026-06-14T12:10:34Z</time>
			</trkpt>
			<trkpt lat="47.64352293876105" lon="20.73728387091456">
				<ele>87.9443035358563</ele>
				<time>2026-06-14T12:10:35Z</time>
			</trkpt>
			<trkpt lat="47.64353638503699" lon="20.737231340382962">
				<ele>88.37269731145352</ele>
				<time>2026-06-14T12:10:38Z</time>
			</trkpt>
			<trkpt lat="47.64354593272203" lon="20.737199719109707">
				<ele>88.82702599465847</ele>
				<time>2026-06-14T12:10:40Z</time>
			</trkpt>
			<trkpt lat="47.64356029736898" lon="20.73717127187031">
				<ele>88.97378451190889</ele>
				<time>2026-06-14T12:10:42Z</time>
			</trkpt>
			<trkpt lat="47.64357798977724" lon="20.73714634961652">
				<ele>88.80087404511869</ele>
				<time>2026-06-14T12:10:44Z</time>
			</trkpt>
			<trkpt lat="47.64359401257297" lon="20.737126843731414">
				<ele>90.27105853985995</ele>
				<time>2026-06-14T12:10:46Z</time>
			</trkpt>
			<trkpt lat="47.64360935131192" lon="20.737099896768736">
				<ele>89.30348134692758</ele>
				<time>2026-06-14T12:10:48Z</time>
			</trkpt>
			<trkpt lat="47.64361555300549" lon="20.73707638206292">
				<ele>89.55248362477869</ele>
				<time>2026-06-14T12:10:50Z</time>
			</trkpt>
			<trkpt lat="47.64362349161428" lon="20.737056612535074">
				<ele>89.01586609426886</ele>
				<time>2026-06-14T12:10:51Z</time>
			</trkpt>
			<trkpt lat="47.643633497765514" lon="20.737018003939415">
				<ele>89.42381080985069</ele>
				<time>2026-06-14T12:10:53Z</time>
			</trkpt>
			<trkpt lat="47.64363681916283" lon="20.73697537097462">
				<ele>89.23902664054185</ele>
				<time>2026-06-14T12:10:55Z</time>
			</trkpt>
			<trkpt lat="47.64363845951631" lon="20.736933431655743">
				<ele>89.6199816884473</ele>
				<time>2026-06-14T12:10:57Z</time>
			</trkpt>
			<trkpt lat="47.64363695627327" lon="20.73689513004552">
				<ele>89.21672740299255</ele>
				<time>2026-06-14T12:10:59Z</time>
			</trkpt>
			<trkpt lat="47.64363549003353" lon="20.73685749468046">
				<ele>88.67061567958444</ele>
				<time>2026-06-14T12:11:01Z</time>
			</trkpt>
			<trkpt lat="47.64363466583461" lon="20.736819003000807">
				<ele>89.11504239309579</ele>
				<time>2026-06-14T12:11:03Z</time>
			</trkpt>
			<trkpt lat="47.64362959690819" lon="20.73678311171171">
				<ele>88.53870689310133</ele>
				<time>2026-06-14T12:11:05Z</time>
			</trkpt>
			<trkpt lat="47.64362147365379" lon="20.736763133448576">
				<ele>89.41323661245406</ele>
				<time>2026-06-14T12:11:07Z</time>
			</trkpt>
			<trkpt lat="47.64360753958103" lon="20.73674049650679">
				<ele>90.65613882709295</ele>
				<time>2026-06-14T12:11:10Z</time>
			</trkpt>
			<trkpt lat="47.64359326860873" lon="20.736724869048476">
				<ele>90.41882054973394</ele>
				<time>2026-06-14T12:11:12Z</time>
			</trkpt>
			<trkpt lat="47.64358472598537" lon="20.736703621370353">
				<ele>89.65151218697429</ele>
				<time>2026-06-14T12:11:14Z</time>
			</trkpt>
			<trkpt lat="47.64357715772719" lon="20.73667816512454">
				<ele>90.23712329287082</ele>
				<time>2026-06-14T12:11:15Z</time>
			</trkpt>
			<trkpt lat="47.64356795962617" lon="20.73663641931742">
				<ele>89.78006576932967</ele>
				<time>2026-06-14T12:11:17Z</time>
			</trkpt>
			<trkpt lat="47.64356406254448" lon="20.73659149139732">
				<ele>89.88334982842207</ele>
				<time>2026-06-14T12:11:19Z</time>
			</trkpt>
			<trkpt lat="47.643561826135794" lon="20.73654886182343">
				<ele>89.85139214340597</ele>
				<time>2026-06-14T12:11:21Z</time>
			</trkpt>
			<trkpt lat="47.64356370832501" lon="20.73651284846322">
				<ele>89.41950884461403</ele>
				<time>2026-06-14T12:11:23Z</time>
			</trkpt>
			<trkpt lat="47.643569866717705" lon="20.736479840635425">
				<ele>88.60787926614285</ele>
				<time>2026-06-14T12:11:25Z</time>
			</trkpt>
			<trkpt lat="47.643577620466495" lon="20.736455602429075">
				<ele>87.41464458964765</ele>
				<time>2026-06-14T12:11:26Z</time>
			</trkpt>
			<trkpt lat="47.643587534001924" lon="20.736414195501695">
				<ele>87.5886748963967</ele>
				<time>2026-06-14T12:11:28Z</time>
			</trkpt>
			<trkpt lat="47.64360198266724" lon="20.736372747973427">
				<ele>90.08866374474019</ele>
				<time>2026-06-14T12:11:31Z</time>
			</trkpt>
			<trkpt lat="47.64360457276723" lon="20.736354364518466">
				<ele>89.40849370323122</ele>
				<time>2026-06-14T12:11:33Z</time>
			</trkpt>
			<trkpt lat="47.64359810388033" lon="20.73633524946645">
				<ele>88.07339475862682</ele>
				<time>2026-06-14T12:11:36Z</time>
			</trkpt>
			<trkpt lat="47.643594151360006" lon="20.736297337932136">
				<ele>88.84216817654669</ele>
				<time>2026-06-14T12:11:38Z</time>
			</trkpt>
			<trkpt lat="47.643589919503746" lon="20.736256625864282">
				<ele>87.57994842622429</ele>
				<time>2026-06-14T12:11:40Z</time>
			</trkpt>
			<trkpt lat="47.643584809624095" lon="20.73621915104264">
				<ele>88.19194158073515</ele>
				<time>2026-06-14T12:11:42Z</time>
			</trkpt>
			<trkpt lat="47.64358805274813" lon="20.736178461762265">
				<ele>88.01582709420472</ele>
				<time>2026-06-14T12:11:44Z</time>
			</trkpt>
			<trkpt lat="47.64360272521811" lon="20.736129002130664">
				<ele>88.24170156940818</ele>
				<time>2026-06-14T12:11:47Z</time>
			</trkpt>
			<trkpt lat="47.643609807798605" lon="20.736090911013186">
				<ele>88.7342823157087</ele>
				<time>2026-06-14T12:11:49Z</time>
			</trkpt>
			<trkpt lat="47.64361681055345" lon="20.736052290866024">
				<ele>89.0196926118806</ele>
				<time>2026-06-14T12:11:51Z</time>
			</trkpt>
			<trkpt lat="47.64362262324822" lon="20.736016012890968">
				<ele>90.43972799833864</ele>
				<time>2026-06-14T12:11:53Z</time>
			</trkpt>
			<trkpt lat="47.64363125853781" lon="20.7359829171406">
				<ele>89.55436713900417</ele>
				<time>2026-06-14T12:11:55Z</time>
			</trkpt>
			<trkpt lat="47.64362416721263" lon="20.735954237624576">
				<ele>88.1291654733941</ele>
				<time>2026-06-14T12:11:57Z</time>
			</trkpt>
			<trkpt lat="47.64362348792102" lon="20.735921298344785">
				<ele>89.38612166792154</ele>
				<time>2026-06-14T12:11:59Z</time>
			</trkpt>
			<trkpt lat="47.64362813370999" lon="20.735878953939892">
				<ele>88.30424145795405</ele>
				<time>2026-06-14T12:12:01Z</time>
			</trkpt>
			<trkpt lat="47.643628800375275" lon="20.735843220508574">
				<ele>87.5770896114409</ele>
				<time>2026-06-14T12:12:03Z</time>
			</trkpt>
			<trkpt lat="47.6436194052092" lon="20.735806991512618">
				<ele>87.99290905799717</ele>
				<time>2026-06-14T12:12:05Z</time>
			</trkpt>
			<trkpt lat="47.64360650851934" lon="20.73577391565165">
				<ele>88.05409201886505</ele>
				<time>2026-06-14T12:12:07Z</time>
			</trkpt>
			<trkpt lat="47.6435995474275" lon="20.735734376843634">
				<ele>87.85138385277241</ele>
				<time>2026-06-14T12:12:09Z</time>
			</trkpt>
			<trkpt lat="47.643595065722614" lon="20.73568955361548">
				<ele>86.13345276098698</ele>
				<time>2026-06-14T12:12:12Z</time>
			</trkpt>
			<trkpt lat="47.64359871778041" lon="20.735657120920397">
				<ele>85.974688176997</ele>
				<time>2026-06-14T12:12:14Z</time>
			</trkpt>
			<trkpt lat="47.6436012484462" lon="20.735620963743035">
				<ele>86.49218963831663</ele>
				<time>2026-06-14T12:12:16Z</time>
			</trkpt>
			<trkpt lat="47.64360353412437" lon="20.735594232875613">
				<ele>86.66139303985983</ele>
				<time>2026-06-14T12:12:17Z</time>
			</trkpt>
			<trkpt lat="47.64360690648555" lon="20.735549995935163">
				<ele>87.11689732130617</ele>
				<time>2026-06-14T12:12:19Z</time>
			</trkpt>
			<trkpt lat="47.64361304738912" lon="20.735510126248048">
				<ele>87.49510669056326</ele>
				<time>2026-06-14T12:12:21Z</time>
			</trkpt>
			<trkpt lat="47.643620554765135" lon="20.73547403767121">
				<ele>87.88722070772201</ele>
				<time>2026-06-14T12:12:23Z</time>
			</trkpt>
			<trkpt lat="47.64363031672211" lon="20.735439465331805">
				<ele>88.19062552135438</ele>
				<time>2026-06-14T12:12:25Z</time>
			</trkpt>
			<trkpt lat="47.64364426284324" lon="20.735410003743777">
				<ele>89.56153401825577</ele>
				<time>2026-06-14T12:12:27Z</time>
			</trkpt>
			<trkpt lat="47.643661999832894" lon="20.735373164837814">
				<ele>88.5617357743904</ele>
				<time>2026-06-14T12:12:30Z</time>
			</trkpt>
			<trkpt lat="47.6436567749798" lon="20.735356416138995">
				<ele>89.07722841296345</ele>
				<time>2026-06-14T12:12:31Z</time>
			</trkpt>
			<trkpt lat="47.64365860972815" lon="20.735330135394367">
				<ele>89.67310414649546</ele>
				<time>2026-06-14T12:12:32Z</time>
			</trkpt>
			<trkpt lat="47.64365953034716" lon="20.735291100003987">
				<ele>89.76204899325967</ele>
				<time>2026-06-14T12:12:34Z</time>
			</trkpt>
			<trkpt lat="47.64365709508636" lon="20.735258280924477">
				<ele>88.9546814635396</ele>
				<time>2026-06-14T12:12:36Z</time>
			</trkpt>
			<trkpt lat="47.643660874514175" lon="20.73523721281034">
				<ele>89.02467565611005</ele>
				<time>2026-06-14T12:12:37Z</time>
			</trkpt>
			<trkpt lat="47.64365571366996" lon="20.735212432058727">
				<ele>89.09436543658376</ele>
				<time>2026-06-14T12:12:38Z</time>
			</trkpt>
			<trkpt lat="47.64364884792327" lon="20.735172752186198">
				<ele>88.72344157844782</ele>
				<time>2026-06-14T12:12:40Z</time>
			</trkpt>
			<trkpt lat="47.643645381785866" lon="20.735130100767705">
				<ele>89.70701642986387</ele>
				<time>2026-06-14T12:12:42Z</time>
			</trkpt>
			<trkpt lat="47.64363778097466" lon="20.735087862526193">
				<ele>89.41290972474962</ele>
				<time>2026-06-14T12:12:44Z</time>
			</trkpt>
			<trkpt lat="47.64363635763082" lon="20.735058220780633">
				<ele>88.5839905468747</ele>
				<time>2026-06-14T12:12:45Z</time>
			</trkpt>
			<trkpt lat="47.64363363658112" lon="20.735026591282004">
				<ele>88.74666392151266</ele>
				<time>2026-06-14T12:12:46Z</time>
			</trkpt>
			<trkpt lat="47.64362619728889" lon="20.734986115447455">
				<ele>89.29328551702201</ele>
				<time>2026-06-14T12:12:48Z</time>
			</trkpt>
			<trkpt lat="47.64362618012552" lon="20.734950706074166">
				<ele>89.17592798732221</ele>
				<time>2026-06-14T12:12:50Z</time>
			</trkpt>
			<trkpt lat="47.64362509288683" lon="20.73491836472377">
				<ele>89.57792217377573</ele>
				<time>2026-06-14T12:12:52Z</time>
			</trkpt>
			<trkpt lat="47.643620121645434" lon="20.734877036833584">
				<ele>89.971491381526</ele>
				<time>2026-06-14T12:12:54Z</time>
			</trkpt>
			<trkpt lat="47.643618469720394" lon="20.73484186820659">
				<ele>89.66069213673472</ele>
				<time>2026-06-14T12:12:56Z</time>
			</trkpt>
			<trkpt lat="47.64361773769365" lon="20.734806374745276">
				<ele>88.83693688735366</ele>
				<time>2026-06-14T12:12:58Z</time>
			</trkpt>
			<trkpt lat="47.64361900921026" lon="20.734767019707817">
				<ele>89.25865844730288</ele>
				<time>2026-06-14T12:13:00Z</time>
			</trkpt>
			<trkpt lat="47.64362010050227" lon="20.73473985923285">
				<ele>89.17955903429538</ele>
				<time>2026-06-14T12:13:02Z</time>
			</trkpt>
			<trkpt lat="47.64362182034908" lon="20.734700107059048">
				<ele>88.70758381299675</ele>
				<time>2026-06-14T12:13:04Z</time>
			</trkpt>
			<trkpt lat="47.643624715493374" lon="20.73465536527575">
				<ele>89.56141733378172</ele>
				<time>2026-06-14T12:13:06Z</time>
			</trkpt>
			<trkpt lat="47.64362607985148" lon="20.734614667624484">
				<ele>89.05087408237159</ele>
				<time>2026-06-14T12:13:08Z</time>
			</trkpt>
			<trkpt lat="47.643633174453754" lon="20.734575296887737">
				<ele>89.87883381731808</ele>
				<time>2026-06-14T12:13:10Z</time>
			</trkpt>
			<trkpt lat="47.6436378466044" lon="20.734543577941196">
				<ele>91.0526402471587</ele>
				<time>2026-06-14T12:13:12Z</time>
			</trkpt>
			<trkpt lat="47.64362826480215" lon="20.734516635323146">
				<ele>89.87919725198299</ele>
				<time>2026-06-14T12:13:14Z</time>
			</trkpt>
			<trkpt lat="47.64361267201972" lon="20.734493784344785">
				<ele>89.16606263350695</ele>
				<time>2026-06-14T12:13:17Z</time>
			</trkpt>
			<trkpt lat="47.64360166395441" lon="20.734477059644252">
				<ele>88.29507018718868</ele>
				<time>2026-06-14T12:13:18Z</time>
			</trkpt>
			<trkpt lat="47.64358277026749" lon="20.734442006063766">
				<ele>89.42078514955938</ele>
				<time>2026-06-14T12:13:20Z</time>
			</trkpt>
			<trkpt lat="47.64357118963358" lon="20.73440506207466">
				<ele>89.01346078701317</ele>
				<time>2026-06-14T12:13:22Z</time>
			</trkpt>
			<trkpt lat="47.64356386243452" lon="20.73436758602831">
				<ele>89.01851651165634</ele>
				<time>2026-06-14T12:13:24Z</time>
			</trkpt>
			<trkpt lat="47.64355937610687" lon="20.734332883741608">
				<ele>88.80010955967009</ele>
				<time>2026-06-14T12:13:26Z</time>
			</trkpt>
			<trkpt lat="47.64355908249521" lon="20.734301349147163">
				<ele>88.36428351700306</ele>
				<time>2026-06-14T12:13:28Z</time>
			</trkpt>
			<trkpt lat="47.643558173584985" lon="20.734266307056323">
				<ele>89.26472893636674</ele>
				<time>2026-06-14T12:13:30Z</time>
			</trkpt>
			<trkpt lat="47.64355981784656" lon="20.734231211412958">
				<ele>89.71665334049612</ele>
				<time>2026-06-14T12:13:32Z</time>
			</trkpt>
			<trkpt lat="47.64356516766638" lon="20.73419647138375">
				<ele>89.52978799678385</ele>
				<time>2026-06-14T12:13:34Z</time>
			</trkpt>
			<trkpt lat="47.64357963349411" lon="20.734153494946057">
				<ele>89.28665560297668</ele>
				<time>2026-06-14T12:13:37Z</time>
			</trkpt>
			<trkpt lat="47.64358906250396" lon="20.73413240727649">
				<ele>89.74138169363141</ele>
				<time>2026-06-14T12:13:40Z</time>
			</trkpt>
			<trkpt lat="47.643597679653524" lon="20.734108898045886">
				<ele>90.49078986700624</ele>
				<time>2026-06-14T12:13:43Z</time>
			</trkpt>
			<trkpt lat="47.64361528007101" lon="20.734082209318252">
				<ele>90.21832578722388</ele>
				<time>2026-06-14T12:13:46Z</time>
			</trkpt>
			<trkpt lat="47.643626176240815" lon="20.734058735769672">
				<ele>90.33231470175087</ele>
				<time>2026-06-14T12:13:49Z</time>
			</trkpt>
			<trkpt lat="47.64362751505976" lon="20.734040027912688">
				<ele>90.59675832185894</ele>
				<time>2026-06-14T12:13:51Z</time>
			</trkpt>
			<trkpt lat="47.643632197061045" lon="20.734018228813863">
				<ele>90.33891249727458</ele>
				<time>2026-06-14T12:13:53Z</time>
			</trkpt>
			<trkpt lat="47.64363978585828" lon="20.733985855165407">
				<ele>89.55799978878349</ele>
				<time>2026-06-14T12:13:55Z</time>
			</trkpt>
			<trkpt lat="47.643648522970274" lon="20.733948435464043">
				<ele>89.90272933151573</ele>
				<time>2026-06-14T12:13:57Z</time>
			</trkpt>
			<trkpt lat="47.64365831500176" lon="20.73391105302565">
				<ele>89.78827630635351</ele>
				<time>2026-06-14T12:14:00Z</time>
			</trkpt>
			<trkpt lat="47.64365976969247" lon="20.733889291349104">
				<ele>88.87522572744638</ele>
				<time>2026-06-14T12:14:02Z</time>
			</trkpt>
			<trkpt lat="47.64366770472353" lon="20.733859287871464">
				<ele>88.1355747198686</ele>
				<time>2026-06-14T12:14:04Z</time>
			</trkpt>
			<trkpt lat="47.64368891050911" lon="20.733825576976734">
				<ele>89.841254751198</ele>
				<time>2026-06-14T12:14:06Z</time>
			</trkpt>
			<trkpt lat="47.643729412111945" lon="20.733766954421906">
				<ele>90.23467930126935</ele>
				<time>2026-06-14T12:14:10Z</time>
			</trkpt>
			<trkpt lat="47.64374797000111" lon="20.73372519230242">
				<ele>88.9794853888452</ele>
				<time>2026-06-14T12:14:13Z</time>
			</trkpt>
			<trkpt lat="47.64374776834081" lon="20.733706382775896">
				<ele>88.78645233809948</ele>
				<time>2026-06-14T12:14:15Z</time>
			</trkpt>
			<trkpt lat="47.64374450996116" lon="20.733677530348015">
				<ele>87.70690818503499</ele>
				<time>2026-06-14T12:14:17Z</time>
			</trkpt>
			<trkpt lat="47.64374691293012" lon="20.733650409453944">
				<ele>89.11648069974035</ele>
				<time>2026-06-14T12:14:18Z</time>
			</trkpt>
			<trkpt lat="47.64374487230517" lon="20.733591873884993">
				<ele>88.89652869384736</ele>
				<time>2026-06-14T12:14:21Z</time>
			</trkpt>
			<trkpt lat="47.64374046685063" lon="20.73356090411912">
				<ele>89.25133988913149</ele>
				<time>2026-06-14T12:14:23Z</time>
			</trkpt>
			<trkpt lat="47.643734411072984" lon="20.73353046282395">
				<ele>88.5356718134135</ele>
				<time>2026-06-14T12:14:25Z</time>
			</trkpt>
			<trkpt lat="47.64373669592586" lon="20.733482163350185">
				<ele>89.21519255265594</ele>
				<time>2026-06-14T12:14:28Z</time>
			</trkpt>
			<trkpt lat="47.643754695953476" lon="20.733438209546875">
				<ele>88.51579250674695</ele>
				<time>2026-06-14T12:14:31Z</time>
			</trkpt>
			<trkpt lat="47.64377021109393" lon="20.73341491729091">
				<ele>88.775011587888</ele>
				<time>2026-06-14T12:14:33Z</time>
			</trkpt>
			<trkpt lat="47.64377994095871" lon="20.733400372032897">
				<ele>89.07065890077502</ele>
				<time>2026-06-14T12:14:35Z</time>
			</trkpt>
			<trkpt lat="47.64378590449858" lon="20.733386410889427">
				<ele>89.78092536516488</ele>
				<time>2026-06-14T12:14:37Z</time>
			</trkpt>
			<trkpt lat="47.64379371737817" lon="20.733359996740873">
				<ele>90.53374175354838</ele>
				<time>2026-06-14T12:14:40Z</time>
			</trkpt>
			<trkpt lat="47.6438053641461" lon="20.733331171296573">
				<ele>90.63824129849672</ele>
				<time>2026-06-14T12:14:43Z</time>
			</trkpt>
			<trkpt lat="47.64381451317102" lon="20.733287217812798">
				<ele>90.70059993863106</ele>
				<time>2026-06-14T12:14:55Z</time>
			</trkpt>
			<trkpt lat="47.643813848567596" lon="20.73325787991745">
				<ele>90.2250320725143</ele>
				<time>2026-06-14T12:15:04Z</time>
			</trkpt>
			<trkpt lat="47.64382634953802" lon="20.73324987929277">
				<ele>90.64832147303969</ele>
				<time>2026-06-14T12:15:09Z</time>
			</trkpt>
			<trkpt lat="47.64382879335093" lon="20.73321704130164">
				<ele>93.16427394747734</ele>
				<time>2026-06-14T12:15:48Z</time>
			</trkpt>
			<trkpt lat="47.64380924619566" lon="20.73319925538077">
				<ele>95.47309512272477</ele>
				<time>2026-06-14T12:16:01Z</time>
			</trkpt>
			<trkpt lat="47.64380519444289" lon="20.733225585709725">
				<ele>91.34713419899344</ele>
				<time>2026-06-14T12:16:26Z</time>
			</trkpt>
			<trkpt lat="47.64380200601851" lon="20.733248913482758">
				<ele>92.76960398256779</ele>
				<time>2026-06-14T12:16:33Z</time>
			</trkpt>
			<trkpt lat="47.643788676178" lon="20.73327496652716">
				<ele>92.14187507331371</ele>
				<time>2026-06-14T12:16:43Z</time>
			</trkpt>
			<trkpt lat="47.64380403367473" lon="20.73327565141383">
				<ele>91.60926904622465</ele>
				<time>2026-06-14T12:16:55Z</time>
			</trkpt>
			<trkpt lat="47.643822596870265" lon="20.733273481519078">
				<ele>92.73476677481085</ele>
				<time>2026-06-14T12:16:58Z</time>
			</trkpt>
			<trkpt lat="47.64384093450164" lon="20.733271793906887">
				<ele>92.83872269373387</ele>
				<time>2026-06-14T12:17:01Z</time>
			</trkpt>
			<trkpt lat="47.64386622025977" lon="20.733255370283782">
				<ele>94.573665949516</ele>
				<time>2026-06-14T12:17:09Z</time>
			</trkpt>
			<trkpt lat="47.64387472797006" lon="20.733233480833995">
				<ele>95.14438299648464</ele>
				<time>2026-06-14T12:17:13Z</time>
			</trkpt>
			<trkpt lat="47.64389347367589" lon="20.733203806049442">
				<ele>95.03143624775112</ele>
				<time>2026-06-14T12:17:21Z</time>
			</trkpt>
			<trkpt lat="47.643914970766495" lon="20.73320085913227">
				<ele>95.43603741563857</ele>
				<time>2026-06-14T12:17:28Z</time>
			</trkpt>
			<trkpt lat="47.643934224378576" lon="20.733193800995384">
				<ele>96.63122195843607</ele>
				<time>2026-06-14T12:17:31Z</time>
			</trkpt>
			<trkpt lat="47.64395488211895" lon="20.733191851480665">
				<ele>97.99416261911392</ele>
				<time>2026-06-14T12:17:35Z</time>
			</trkpt>
			<trkpt lat="47.643974863572716" lon="20.73318204338286">
				<ele>98.76055085845292</ele>
				<time>2026-06-14T12:17:37Z</time>
			</trkpt>
			<trkpt lat="47.644001195071965" lon="20.73317910834117">
				<ele>98.58952861465514</ele>
				<time>2026-06-14T12:17:39Z</time>
			</trkpt>
			<trkpt lat="47.64402955595116" lon="20.73318705414828">
				<ele>98.35567674506456</ele>
				<time>2026-06-14T12:17:42Z</time>
			</trkpt>
			<trkpt lat="47.644044907228924" lon="20.733182063764023">
				<ele>98.18358030542731</ele>
				<time>2026-06-14T12:17:44Z</time>
			</trkpt>
			<trkpt lat="47.644069698428346" lon="20.733166572500313">
				<ele>98.72891846764833</ele>
				<time>2026-06-14T12:17:47Z</time>
			</trkpt>
			<trkpt lat="47.64410137145483" lon="20.733145031794507">
				<ele>98.88423178438097</ele>
				<time>2026-06-14T12:17:49Z</time>
			</trkpt>
			<trkpt lat="47.64414552544975" lon="20.733134854938363">
				<ele>98.90168853290379</ele>
				<time>2026-06-14T12:17:52Z</time>
			</trkpt>
			<trkpt lat="47.644171425233644" lon="20.733134947723723">
				<ele>98.75636276230216</ele>
				<time>2026-06-14T12:17:54Z</time>
			</trkpt>
			<trkpt lat="47.644197710977245" lon="20.733137604289325">
				<ele>99.5241713821888</ele>
				<time>2026-06-14T12:17:56Z</time>
			</trkpt>
			<trkpt lat="47.644215645583344" lon="20.733136157951545">
				<ele>99.06656825263053</ele>
				<time>2026-06-14T12:17:58Z</time>
			</trkpt>
			<trkpt lat="47.6442295887223" lon="20.73313338997969">
				<ele>99.29508055187762</ele>
				<time>2026-06-14T12:18:00Z</time>
			</trkpt>
			<trkpt lat="47.644252904075074" lon="20.733129760527383">
				<ele>100.18777015060186</ele>
				<time>2026-06-14T12:18:03Z</time>
			</trkpt>
			<trkpt lat="47.64427817247224" lon="20.733138085840448">
				<ele>100.09852104168385</ele>
				<time>2026-06-14T12:18:07Z</time>
			</trkpt>
			<trkpt lat="47.64429527790285" lon="20.733145990423143">
				<ele>99.19842722080648</ele>
				<time>2026-06-14T12:18:10Z</time>
			</trkpt>
			<trkpt lat="47.64431775819988" lon="20.733150584630557">
				<ele>99.28178259264678</ele>
				<time>2026-06-14T12:18:13Z</time>
			</trkpt>
			<trkpt lat="47.644351190126095" lon="20.73314830025186">
				<ele>97.76259289029986</ele>
				<time>2026-06-14T12:18:20Z</time>
			</trkpt>
			<trkpt lat="47.644366541230184" lon="20.733136578251177">
				<ele>97.17705432604998</ele>
				<time>2026-06-14T12:18:22Z</time>
			</trkpt>
			<trkpt lat="47.64437672336653" lon="20.733154760656213">
				<ele>95.72064749337733</ele>
				<time>2026-06-14T12:18:27Z</time>
			</trkpt>
			<trkpt lat="47.64439364273532" lon="20.73315447745426">
				<ele>94.75316577218473</ele>
				<time>2026-06-14T12:18:36Z</time>
			</trkpt>
			<trkpt lat="47.6444149317887" lon="20.733150022466813">
				<ele>97.34691605623811</ele>
				<time>2026-06-14T12:18:47Z</time>
			</trkpt>
			<trkpt lat="47.64443187230552" lon="20.733136373657846">
				<ele>98.407819904387</ele>
				<time>2026-06-14T12:19:03Z</time>
			</trkpt>
			<trkpt lat="47.64444680949014" lon="20.733146380265826">
				<ele>99.86753504909575</ele>
				<time>2026-06-14T12:19:11Z</time>
			</trkpt>
			<trkpt lat="47.64445437597123" lon="20.733167951599576">
				<ele>99.62126393336803</ele>
				<time>2026-06-14T12:19:16Z</time>
			</trkpt>
			<trkpt lat="47.64444131954438" lon="20.733160215190452">
				<ele>97.37727299984545</ele>
				<time>2026-06-14T12:19:21Z</time>
			</trkpt>
			<trkpt lat="47.64442798623322" lon="20.733154862159772">
				<ele>98.71316897217184</ele>
				<time>2026-06-14T12:19:23Z</time>
			</trkpt>
			<trkpt lat="47.64441917634992" lon="20.733166903844683">
				<ele>97.52537089306861</ele>
				<time>2026-06-14T12:19:25Z</time>
			</trkpt>
			<trkpt lat="47.64440606773467" lon="20.733188088261215">
				<ele>96.84981877263635</ele>
				<time>2026-06-14T12:19:28Z</time>
			</trkpt>
			<trkpt lat="47.64437541800234" lon="20.733218124631872">
				<ele>97.83605107758194</ele>
				<time>2026-06-14T12:19:35Z</time>
			</trkpt>
			<trkpt lat="47.64435608309783" lon="20.733197757395132">
				<ele>98.06827555131167</ele>
				<time>2026-06-14T12:19:48Z</time>
			</trkpt>
			<trkpt lat="47.64435655042577" lon="20.73317201676253">
				<ele>97.11037951800972</ele>
				<time>2026-06-14T12:19:52Z</time>
			</trkpt>
			<trkpt lat="47.644347508586435" lon="20.733182680983393">
				<ele>95.10286020953208</ele>
				<time>2026-06-14T12:20:08Z</time>
			</trkpt>
			<trkpt lat="47.644330947561436" lon="20.733200692214805">
				<ele>96.60936564672738</ele>
				<time>2026-06-14T12:20:27Z</time>
			</trkpt>
			<trkpt lat="47.64431490428874" lon="20.73320189635663">
				<ele>97.38982415944338</ele>
				<time>2026-06-14T12:20:34Z</time>
			</trkpt>
			<trkpt lat="47.64429287934376" lon="20.733205062460275">
				<ele>97.23673310503364</ele>
				<time>2026-06-14T12:20:49Z</time>
			</trkpt>
			<trkpt lat="47.64427490172806" lon="20.733206963483294">
				<ele>97.90434764698148</ele>
				<time>2026-06-14T12:21:05Z</time>
			</trkpt>
			<trkpt lat="47.64425706266847" lon="20.73321330475743">
				<ele>99.14645423088223</ele>
				<time>2026-06-14T12:21:19Z</time>
			</trkpt>
			<trkpt lat="47.64423999983966" lon="20.73322124304318">
				<ele>99.43904156051576</ele>
				<time>2026-06-14T12:21:31Z</time>
			</trkpt>
			<trkpt lat="47.64422155680325" lon="20.733214264159603">
				<ele>99.04301453381777</ele>
				<time>2026-06-14T12:21:44Z</time>
			</trkpt>
			<trkpt lat="47.6442118436811" lon="20.73323877206064">
				<ele>99.4657273851335</ele>
				<time>2026-06-14T12:21:55Z</time>
			</trkpt>
			<trkpt lat="47.64419886063305" lon="20.73322704657916">
				<ele>99.10624172631651</ele>
				<time>2026-06-14T12:22:04Z</time>
			</trkpt>
			<trkpt lat="47.644179102119985" lon="20.733219060457156">
				<ele>97.86290002148598</ele>
				<time>2026-06-14T12:22:17Z</time>
			</trkpt>
			<trkpt lat="47.64416221642508" lon="20.733223626182294">
				<ele>97.77596457209438</ele>
				<time>2026-06-14T12:22:26Z</time>
			</trkpt>
			<trkpt lat="47.64414655575201" lon="20.733235100402204">
				<ele>98.51969995070249</ele>
				<time>2026-06-14T12:22:32Z</time>
			</trkpt>
			<trkpt lat="47.64412757490683" lon="20.733242332218325">
				<ele>101.73569719586521</ele>
				<time>2026-06-14T12:22:40Z</time>
			</trkpt>
			<trkpt lat="47.64412957790698" lon="20.73321565134552">
				<ele>102.07508398126811</ele>
				<time>2026-06-14T12:22:49Z</time>
			</trkpt>
			<trkpt lat="47.644145605797554" lon="20.73320817002509">
				<ele>102.65591230522841</ele>
				<time>2026-06-14T12:22:53Z</time>
			</trkpt>
			<trkpt lat="47.64416218393749" lon="20.733203088041545">
				<ele>101.94103773590177</ele>
				<time>2026-06-14T12:22:56Z</time>
			</trkpt>
			<trkpt lat="47.644177053528715" lon="20.733181309515697">
				<ele>102.16568708140403</ele>
				<time>2026-06-14T12:23:01Z</time>
			</trkpt>
			<trkpt lat="47.64418821614356" lon="20.733170163311197">
				<ele>100.98478805553168</ele>
				<time>2026-06-14T12:23:03Z</time>
			</trkpt>
			<trkpt lat="47.64420990934208" lon="20.733158862425633">
				<ele>101.60665802005678</ele>
				<time>2026-06-14T12:23:10Z</time>
			</trkpt>
			<trkpt lat="47.64422877706596" lon="20.73316376521818">
				<ele>100.42079521808773</ele>
				<time>2026-06-14T12:23:13Z</time>
			</trkpt>
			<trkpt lat="47.64425823994256" lon="20.733178604007747">
				<ele>101.34022396337241</ele>
				<time>2026-06-14T12:23:19Z</time>
			</trkpt>
			<trkpt lat="47.644282782119134" lon="20.733192632954964">
				<ele>101.11271308455616</ele>
				<time>2026-06-14T12:23:25Z</time>
			</trkpt>
			<trkpt lat="47.644286246831086" lon="20.733173715630567">
				<ele>101.87107292935252</ele>
				<time>2026-06-14T12:23:31Z</time>
			</trkpt>
			<trkpt lat="47.64430296775125" lon="20.73316165433868">
				<ele>100.42790268175304</ele>
				<time>2026-06-14T12:23:37Z</time>
			</trkpt>
			<trkpt lat="47.644322703409706" lon="20.733170029070404">
				<ele>99.77866264618933</ele>
				<time>2026-06-14T12:23:43Z</time>
			</trkpt>
			<trkpt lat="47.64434133003329" lon="20.733165401048296">
				<ele>101.25134496204555</ele>
				<time>2026-06-14T12:23:51Z</time>
			</trkpt>
			<trkpt lat="47.644360930571075" lon="20.733162499917967">
				<ele>101.39694842323661</ele>
				<time>2026-06-14T12:24:05Z</time>
			</trkpt>
			<trkpt lat="47.644380651271014" lon="20.73316240519672">
				<ele>100.8820955036208</ele>
				<time>2026-06-14T12:24:22Z</time>
			</trkpt>
			<trkpt lat="47.64439404147405" lon="20.733142302423875">
				<ele>98.18243231624365</ele>
				<time>2026-06-14T12:24:42Z</time>
			</trkpt>
			<trkpt lat="47.64439700790475" lon="20.7331189037672">
				<ele>99.54934980440885</ele>
				<time>2026-06-14T12:24:50Z</time>
			</trkpt>
			<trkpt lat="47.64438112680525" lon="20.733122595746615">
				<ele>100.7576498342678</ele>
				<time>2026-06-14T12:24:56Z</time>
			</trkpt>
			<trkpt lat="47.64438323645331" lon="20.73310702198482">
				<ele>100.38159748259932</ele>
				<time>2026-06-14T12:24:58Z</time>
			</trkpt>
			<trkpt lat="47.644396165613664" lon="20.733077762018333">
				<ele>99.96395151782781</ele>
				<time>2026-06-14T12:25:05Z</time>
			</trkpt>
			<trkpt lat="47.644409809372846" lon="20.733082247716098">
				<ele>100.09774774871767</ele>
				<time>2026-06-14T12:25:08Z</time>
			</trkpt>
			<trkpt lat="47.64442710158987" lon="20.733088001474098">
				<ele>100.28684450872242</ele>
				<time>2026-06-14T12:25:12Z</time>
			</trkpt>
			<trkpt lat="47.6444469320351" lon="20.733079144065194">
				<ele>100.83525609318167</ele>
				<time>2026-06-14T12:25:16Z</time>
			</trkpt>
			<trkpt lat="47.64446743124997" lon="20.733075666238676">
				<ele>101.1852533556521</ele>
				<time>2026-06-14T12:25:19Z</time>
			</trkpt>
			<trkpt lat="47.64448162570006" lon="20.733062667314655">
				<ele>101.64472675975412</ele>
				<time>2026-06-14T12:25:22Z</time>
			</trkpt>
			<trkpt lat="47.644503213636504" lon="20.733039207644957">
				<ele>101.33457915950567</ele>
				<time>2026-06-14T12:25:26Z</time>
			</trkpt>
			<trkpt lat="47.644524989946255" lon="20.733025586740872">
				<ele>100.98188093584031</ele>
				<time>2026-06-14T12:25:29Z</time>
			</trkpt>
			<trkpt lat="47.64454298765158" lon="20.73301359138566">
				<ele>101.19327403046191</ele>
				<time>2026-06-14T12:25:32Z</time>
			</trkpt>
			<trkpt lat="47.64456238241982" lon="20.73299597197238">
				<ele>102.29013748653233</ele>
				<time>2026-06-14T12:25:36Z</time>
			</trkpt>
			<trkpt lat="47.64458652454505" lon="20.732983926702715">
				<ele>100.96500473283231</ele>
				<time>2026-06-14T12:25:41Z</time>
			</trkpt>
			<trkpt lat="47.64460384238591" lon="20.732979644707203">
				<ele>99.54111741669476</ele>
				<time>2026-06-14T12:25:44Z</time>
			</trkpt>
			<trkpt lat="47.64462450430261" lon="20.73297400203585">
				<ele>98.58607636671513</ele>
				<time>2026-06-14T12:25:48Z</time>
			</trkpt>
			<trkpt lat="47.64464475067929" lon="20.732970125150665">
				<ele>98.5347358668223</ele>
				<time>2026-06-14T12:25:52Z</time>
			</trkpt>
			<trkpt lat="47.64466982442716" lon="20.73296713911593">
				<ele>98.3182284431532</ele>
				<time>2026-06-14T12:25:58Z</time>
			</trkpt>
			<trkpt lat="47.644687898771735" lon="20.732949183473146">
				<ele>97.94363450165838</ele>
				<time>2026-06-14T12:26:05Z</time>
			</trkpt>
			<trkpt lat="47.644707026126405" lon="20.732933211025752">
				<ele>98.15598240680993</ele>
				<time>2026-06-14T12:26:12Z</time>
			</trkpt>
			<trkpt lat="47.64472342773494" lon="20.73293740123099">
				<ele>99.40711944084615</ele>
				<time>2026-06-14T12:26:15Z</time>
			</trkpt>
			<trkpt lat="47.644712387729875" lon="20.73294465939013">
				<ele>98.17820227704942</ele>
				<time>2026-06-14T12:26:50Z</time>
			</trkpt>
			<trkpt lat="47.64471920015795" lon="20.7329706814395">
				<ele>97.01156751252711</ele>
				<time>2026-06-14T12:27:10Z</time>
			</trkpt>
			<trkpt lat="47.64472389559284" lon="20.73295151757051">
				<ele>98.66179523617029</ele>
				<time>2026-06-14T12:27:16Z</time>
			</trkpt>
			<trkpt lat="47.644730265678014" lon="20.73296878369553">
				<ele>100.09593656100333</ele>
				<time>2026-06-14T12:27:29Z</time>
			</trkpt>
			<trkpt lat="47.64471605602308" lon="20.732985018590007">
				<ele>97.8589436057955</ele>
				<time>2026-06-14T12:27:40Z</time>
			</trkpt>
			<trkpt lat="47.64470333285853" lon="20.73297172690824">
				<ele>97.93103935848922</ele>
				<time>2026-06-14T12:27:45Z</time>
			</trkpt>
			<trkpt lat="47.64467970498149" lon="20.732961437007155">
				<ele>95.69472271110862</ele>
				<time>2026-06-14T12:27:50Z</time>
			</trkpt>
			<trkpt lat="47.64468792767799" lon="20.732957304517615">
				<ele>96.85162471141666</ele>
				<time>2026-06-14T12:28:01Z</time>
			</trkpt>
			<trkpt lat="47.644677437296636" lon="20.73297547745206">
				<ele>98.19598305411637</ele>
				<time>2026-06-14T12:28:42Z</time>
			</trkpt>
			<trkpt lat="47.64465964566467" lon="20.73299052279091">
				<ele>97.09617319237441</ele>
				<time>2026-06-14T12:29:09Z</time>
			</trkpt>
			<trkpt lat="47.644648755035114" lon="20.73300505826104">
				<ele>97.23986783064902</ele>
				<time>2026-06-14T12:29:17Z</time>
			</trkpt>
			<trkpt lat="47.64463275785291" lon="20.73302590143115">
				<ele>96.88410987891257</ele>
				<time>2026-06-14T12:29:28Z</time>
			</trkpt>
			<trkpt lat="47.64464570205584" lon="20.733012018998313">
				<ele>96.13381065707654</ele>
				<time>2026-06-14T12:29:55Z</time>
			</trkpt>
			<trkpt lat="47.64465991049153" lon="20.733000359606002">
				<ele>96.76608716137707</ele>
				<time>2026-06-14T12:30:03Z</time>
			</trkpt>
			<trkpt lat="47.64468286280761" lon="20.732998139864804">
				<ele>97.74277693778276</ele>
				<time>2026-06-14T12:30:08Z</time>
			</trkpt>
			<trkpt lat="47.644704045448435" lon="20.732978103492204">
				<ele>98.36881001386791</ele>
				<time>2026-06-14T12:30:19Z</time>
			</trkpt>
			<trkpt lat="47.6447177661759" lon="20.7329587563953">
				<ele>97.90579041093588</ele>
				<time>2026-06-14T12:30:32Z</time>
			</trkpt>
			<trkpt lat="47.64473746971757" lon="20.732957916578467">
				<ele>94.46024537552148</ele>
				<time>2026-06-14T12:31:11Z</time>
			</trkpt>
			<trkpt lat="47.644747954975365" lon="20.73294239048551">
				<ele>94.12380830477923</ele>
				<time>2026-06-14T12:31:17Z</time>
			</trkpt>
			<trkpt lat="47.644767697768614" lon="20.732929926753645">
				<ele>94.06236788257957</ele>
				<time>2026-06-14T12:31:24Z</time>
			</trkpt>
			<trkpt lat="47.64478456536595" lon="20.732916224126587">
				<ele>94.81651115231216</ele>
				<time>2026-06-14T12:31:30Z</time>
			</trkpt>
			<trkpt lat="47.64479984999194" lon="20.732879943935334">
				<ele>95.49926929734647</ele>
				<time>2026-06-14T12:31:43Z</time>
			</trkpt>
			<trkpt lat="47.64480500512347" lon="20.732858754716737">
				<ele>97.46739310398698</ele>
				<time>2026-06-14T12:31:48Z</time>
			</trkpt>
			<trkpt lat="47.64482315333027" lon="20.732851896633967">
				<ele>96.35566653497517</ele>
				<time>2026-06-14T12:31:54Z</time>
			</trkpt>
			<trkpt lat="47.644842345997475" lon="20.732836572642828">
				<ele>96.71955938171595</ele>
				<time>2026-06-14T12:32:00Z</time>
			</trkpt>
			<trkpt lat="47.6448597285362" lon="20.732818277343508">
				<ele>97.15705855283886</ele>
				<time>2026-06-14T12:32:06Z</time>
			</trkpt>
			<trkpt lat="47.64487715724967" lon="20.732802177631893">
				<ele>97.31300142593682</ele>
				<time>2026-06-14T12:32:12Z</time>
			</trkpt>
			<trkpt lat="47.64489048595333" lon="20.73280688995937">
				<ele>97.06486342288554</ele>
				<time>2026-06-14T12:32:15Z</time>
			</trkpt>
			<trkpt lat="47.644905980489504" lon="20.732820696944323">
				<ele>96.61159986909479</ele>
				<time>2026-06-14T12:32:18Z</time>
			</trkpt>
			<trkpt lat="47.644924563172154" lon="20.73280787820169">
				<ele>94.95061736460775</ele>
				<time>2026-06-14T12:32:34Z</time>
			</trkpt>
			<trkpt lat="47.64493220376147" lon="20.732782270714633">
				<ele>94.36737162526697</ele>
				<time>2026-06-14T12:32:45Z</time>
			</trkpt>
			<trkpt lat="47.644934379894245" lon="20.732748401122763">
				<ele>95.19353161100298</ele>
				<time>2026-06-14T12:33:20Z</time>
			</trkpt>
			<trkpt lat="47.644941952852605" lon="20.732729701084537">
				<ele>95.44766042660922</ele>
				<time>2026-06-14T12:33:26Z</time>
			</trkpt>
			<trkpt lat="47.64495481742706" lon="20.73270796059507">
				<ele>95.96753731742501</ele>
				<time>2026-06-14T12:33:32Z</time>
			</trkpt>
			<trkpt lat="47.64497209619491" lon="20.732689333417735">
				<ele>96.48936487641186</ele>
				<time>2026-06-14T12:33:44Z</time>
			</trkpt>
			<trkpt lat="47.64498456062992" lon="20.732670807413164">
				<ele>96.91575251705945</ele>
				<time>2026-06-14T12:33:55Z</time>
			</trkpt>
			<trkpt lat="47.64499255124956" lon="20.73269231295056">
				<ele>96.03243022784591</ele>
				<time>2026-06-14T12:34:16Z</time>
			</trkpt>
			<trkpt lat="47.64500948925071" lon="20.732682456170544">
				<ele>96.4469380620867</ele>
				<time>2026-06-14T12:34:23Z</time>
			</trkpt>
			<trkpt lat="47.64502976946097" lon="20.73267140594271">
				<ele>96.18032124172896</ele>
				<time>2026-06-14T12:34:29Z</time>
			</trkpt>
			<trkpt lat="47.645048494791126" lon="20.73265975046871">
				<ele>96.13908265996724</ele>
				<time>2026-06-14T12:34:35Z</time>
			</trkpt>
			<trkpt lat="47.645066491293704" lon="20.732644222685053">
				<ele>95.32243237737566</ele>
				<time>2026-06-14T12:34:42Z</time>
			</trkpt>
			<trkpt lat="47.64508486538159" lon="20.73263277247753">
				<ele>95.08754246868193</ele>
				<time>2026-06-14T12:34:51Z</time>
			</trkpt>
			<trkpt lat="47.64509683461385" lon="20.73261141149844">
				<ele>94.97618213389069</ele>
				<time>2026-06-14T12:34:59Z</time>
			</trkpt>
			<trkpt lat="47.64510933357549" lon="20.732589097149145">
				<ele>95.11131864786148</ele>
				<time>2026-06-14T12:35:06Z</time>
			</trkpt>
			<trkpt lat="47.64512162262788" lon="20.73256702133005">
				<ele>94.35871047247201</ele>
				<time>2026-06-14T12:35:11Z</time>
			</trkpt>
			<trkpt lat="47.64512267723948" lon="20.732547868589858">
				<ele>95.04503260273486</ele>
				<time>2026-06-14T12:35:13Z</time>
			</trkpt>
			<trkpt lat="47.64512515868444" lon="20.73252412423772">
				<ele>94.58695415779948</ele>
				<time>2026-06-14T12:35:16Z</time>
			</trkpt>
			<trkpt lat="47.6451374796696" lon="20.732494165173456">
				<ele>94.3970248978585</ele>
				<time>2026-06-14T12:35:21Z</time>
			</trkpt>
			<trkpt lat="47.645151146577135" lon="20.732478077400543">
				<ele>94.32168354745954</ele>
				<time>2026-06-14T12:35:24Z</time>
			</trkpt>
			<trkpt lat="47.64517536149465" lon="20.732455357604305">
				<ele>94.67246388085186</ele>
				<time>2026-06-14T12:35:30Z</time>
			</trkpt>
			<trkpt lat="47.645197299814086" lon="20.732434941970546">
				<ele>93.33217861317098</ele>
				<time>2026-06-14T12:35:34Z</time>
			</trkpt>
			<trkpt lat="47.64521571037909" lon="20.732415991543277">
				<ele>93.5154493926093</ele>
				<time>2026-06-14T12:35:37Z</time>
			</trkpt>
			<trkpt lat="47.64522918905834" lon="20.732395509815063">
				<ele>93.29846915323287</ele>
				<time>2026-06-14T12:35:40Z</time>
			</trkpt>
			<trkpt lat="47.64523859704862" lon="20.73237607430791">
				<ele>93.31897519621998</ele>
				<time>2026-06-14T12:35:42Z</time>
			</trkpt>
			<trkpt lat="47.64526313799409" lon="20.732337493320948">
				<ele>93.95651038270444</ele>
				<time>2026-06-14T12:35:46Z</time>
			</trkpt>
			<trkpt lat="47.645271150024854" lon="20.732311699404672">
				<ele>94.21317896619439</ele>
				<time>2026-06-14T12:35:48Z</time>
			</trkpt>
			<trkpt lat="47.64527693506344" lon="20.73229084807396">
				<ele>95.3388365637511</ele>
				<time>2026-06-14T12:35:50Z</time>
			</trkpt>
			<trkpt lat="47.64529304025325" lon="20.73227009400806">
				<ele>95.11541652865708</ele>
				<time>2026-06-14T12:35:52Z</time>
			</trkpt>
			<trkpt lat="47.645312235717356" lon="20.7322469078812">
				<ele>95.44190857373178</ele>
				<time>2026-06-14T12:35:54Z</time>
			</trkpt>
			<trkpt lat="47.64533036019731" lon="20.732221002524394">
				<ele>95.89238212723285</ele>
				<time>2026-06-14T12:35:57Z</time>
			</trkpt>
			<trkpt lat="47.645346686371674" lon="20.73220619756995">
				<ele>95.63148186635226</ele>
				<time>2026-06-14T12:36:00Z</time>
			</trkpt>
			<trkpt lat="47.64536352989998" lon="20.73219136778671">
				<ele>95.53013105504215</ele>
				<time>2026-06-14T12:36:02Z</time>
			</trkpt>
			<trkpt lat="47.645378623879154" lon="20.732175721275343">
				<ele>95.7601153627038</ele>
				<time>2026-06-14T12:36:04Z</time>
			</trkpt>
			<trkpt lat="47.64539970002316" lon="20.732149754760766">
				<ele>95.85989198833704</ele>
				<time>2026-06-14T12:36:06Z</time>
			</trkpt>
			<trkpt lat="47.64542020669855" lon="20.73212191771377">
				<ele>95.64813832659274</ele>
				<time>2026-06-14T12:36:08Z</time>
			</trkpt>
			<trkpt lat="47.64543835832628" lon="20.732098326215556">
				<ele>95.26083667762578</ele>
				<time>2026-06-14T12:36:10Z</time>
			</trkpt>
			<trkpt lat="47.64545739394584" lon="20.73208377710476">
				<ele>94.38467891421169</ele>
				<time>2026-06-14T12:36:12Z</time>
			</trkpt>
			<trkpt lat="47.64547676516161" lon="20.732059358850634">
				<ele>94.64351627603173</ele>
				<time>2026-06-14T12:36:14Z</time>
			</trkpt>
			<trkpt lat="47.64549230219374" lon="20.732038108237706">
				<ele>95.18271538708359</ele>
				<time>2026-06-14T12:36:17Z</time>
			</trkpt>
			<trkpt lat="47.64549831428438" lon="20.732024716743652">
				<ele>95.68171017244458</ele>
				<time>2026-06-14T12:36:19Z</time>
			</trkpt>
			<trkpt lat="47.645512456303514" lon="20.7320050263403">
				<ele>95.86568062566221</ele>
				<time>2026-06-14T12:36:22Z</time>
			</trkpt>
			<trkpt lat="47.64553225085147" lon="20.731970961267624">
				<ele>97.12757753022015</ele>
				<time>2026-06-14T12:36:25Z</time>
			</trkpt>
			<trkpt lat="47.64555090008851" lon="20.73194462708839">
				<ele>96.87892427574843</ele>
				<time>2026-06-14T12:36:28Z</time>
			</trkpt>
			<trkpt lat="47.64556897464664" lon="20.73192321828047">
				<ele>97.18282732367516</ele>
				<time>2026-06-14T12:36:32Z</time>
			</trkpt>
			<trkpt lat="47.64558515678223" lon="20.731900178552397">
				<ele>97.05527676921338</ele>
				<time>2026-06-14T12:36:35Z</time>
			</trkpt>
			<trkpt lat="47.64560362053355" lon="20.73187443992507">
				<ele>97.0068438956514</ele>
				<time>2026-06-14T12:36:37Z</time>
			</trkpt>
			<trkpt lat="47.64562306597303" lon="20.731843253852112">
				<ele>96.12007850594819</ele>
				<time>2026-06-14T12:36:39Z</time>
			</trkpt>
			<trkpt lat="47.645643998178684" lon="20.731796207253904">
				<ele>95.76899744011462</ele>
				<time>2026-06-14T12:36:42Z</time>
			</trkpt>
			<trkpt lat="47.64565673912523" lon="20.73176806182685">
				<ele>95.61030920315534</ele>
				<time>2026-06-14T12:36:44Z</time>
			</trkpt>
			<trkpt lat="47.64566606988466" lon="20.731751128818225">
				<ele>95.32847162336111</ele>
				<time>2026-06-14T12:36:46Z</time>
			</trkpt>
			<trkpt lat="47.645681428979046" lon="20.731728394861648">
				<ele>94.87416564486921</ele>
				<time>2026-06-14T12:36:48Z</time>
			</trkpt>
			<trkpt lat="47.64569419222148" lon="20.731712344983727">
				<ele>94.62939894013107</ele>
				<time>2026-06-14T12:36:50Z</time>
			</trkpt>
			<trkpt lat="47.645703971292306" lon="20.731695136296747">
				<ele>95.24052568431944</ele>
				<time>2026-06-14T12:36:52Z</time>
			</trkpt>
			<trkpt lat="47.64571591603294" lon="20.731672796533992">
				<ele>95.99060544464737</ele>
				<time>2026-06-14T12:36:54Z</time>
			</trkpt>
			<trkpt lat="47.64573583043704" lon="20.73164321666067">
				<ele>96.62995604984462</ele>
				<time>2026-06-14T12:36:56Z</time>
			</trkpt>
			<trkpt lat="47.645756232567656" lon="20.731625127779623">
				<ele>95.34588388632983</ele>
				<time>2026-06-14T12:36:58Z</time>
			</trkpt>
			<trkpt lat="47.64577864652526" lon="20.73160433970263">
				<ele>95.01835313625634</ele>
				<time>2026-06-14T12:37:01Z</time>
			</trkpt>
			<trkpt lat="47.64579595958689" lon="20.73158252249417">
				<ele>95.04205918870866</ele>
				<time>2026-06-14T12:37:04Z</time>
			</trkpt>
			<trkpt lat="47.64581104177253" lon="20.731563875476855">
				<ele>94.82398853078485</ele>
				<time>2026-06-14T12:37:07Z</time>
			</trkpt>
			<trkpt lat="47.64582889018468" lon="20.731535469009447">
				<ele>94.72823337744921</ele>
				<time>2026-06-14T12:37:11Z</time>
			</trkpt>
			<trkpt lat="47.64584166678028" lon="20.731507874483754">
				<ele>94.76421267166734</ele>
				<time>2026-06-14T12:37:14Z</time>
			</trkpt>
			<trkpt lat="47.64585667317992" lon="20.731484155485113">
				<ele>94.30918290745467</ele>
				<time>2026-06-14T12:37:17Z</time>
			</trkpt>
			<trkpt lat="47.645871803187966" lon="20.731464013549704">
				<ele>93.86236157640815</ele>
				<time>2026-06-14T12:37:20Z</time>
			</trkpt>
			<trkpt lat="47.64588418930126" lon="20.731448110557547">
				<ele>94.3905975157395</ele>
				<time>2026-06-14T12:37:22Z</time>
			</trkpt>
			<trkpt lat="47.645904339212564" lon="20.73142513482137">
				<ele>92.39471752848476</ele>
				<time>2026-06-14T12:37:27Z</time>
			</trkpt>
			<trkpt lat="47.64591589329257" lon="20.73139947236451">
				<ele>92.13219303637743</ele>
				<time>2026-06-14T12:37:29Z</time>
			</trkpt>
			<trkpt lat="47.64593218372854" lon="20.731377927686317">
				<ele>92.27673318609595</ele>
				<time>2026-06-14T12:37:31Z</time>
			</trkpt>
			<trkpt lat="47.645956332066625" lon="20.731360200858855">
				<ele>93.81878079287708</ele>
				<time>2026-06-14T12:37:34Z</time>
			</trkpt>
			<trkpt lat="47.645979602250016" lon="20.731344375224616">
				<ele>93.87655021436512</ele>
				<time>2026-06-14T12:37:37Z</time>
			</trkpt>
			<trkpt lat="47.64599747465478" lon="20.73132695703812">
				<ele>94.57026334106922</ele>
				<time>2026-06-14T12:37:40Z</time>
			</trkpt>
			<trkpt lat="47.64601603349706" lon="20.73131800768202">
				<ele>94.40222631860524</ele>
				<time>2026-06-14T12:37:43Z</time>
			</trkpt>
			<trkpt lat="47.6460374997056" lon="20.731316347697472">
				<ele>94.2102305945009</ele>
				<time>2026-06-14T12:37:46Z</time>
			</trkpt>
			<trkpt lat="47.64605903027239" lon="20.731321690285547">
				<ele>94.22272572107613</ele>
				<time>2026-06-14T12:37:49Z</time>
			</trkpt>
			<trkpt lat="47.64608897043439" lon="20.731329993334484">
				<ele>95.20836226735264</ele>
				<time>2026-06-14T12:37:54Z</time>
			</trkpt>
			<trkpt lat="47.646092529172314" lon="20.731311278139554">
				<ele>94.62750779651105</ele>
				<time>2026-06-14T12:38:05Z</time>
			</trkpt>
			<trkpt lat="47.64610492257404" lon="20.73128762344196">
				<ele>93.87755518965423</ele>
				<time>2026-06-14T12:38:27Z</time>
			</trkpt>
			<trkpt lat="47.646120651979686" lon="20.731274355667082">
				<ele>94.78736788220704</ele>
				<time>2026-06-14T12:38:33Z</time>
			</trkpt>
			<trkpt lat="47.646129671789616" lon="20.73125267740211">
				<ele>94.45276426523924</ele>
				<time>2026-06-14T12:38:37Z</time>
			</trkpt>
			<trkpt lat="47.646140943362624" lon="20.731242049230357">
				<ele>95.25055471342057</ele>
				<time>2026-06-14T12:38:39Z</time>
			</trkpt>
			<trkpt lat="47.64615639502044" lon="20.7312190251812">
				<ele>94.65643154922873</ele>
				<time>2026-06-14T12:38:42Z</time>
			</trkpt>
			<trkpt lat="47.64617803959436" lon="20.731197791617245">
				<ele>94.84236037638038</ele>
				<time>2026-06-14T12:38:45Z</time>
			</trkpt>
			<trkpt lat="47.646194725899775" lon="20.731177792002143">
				<ele>95.29966288991272</ele>
				<time>2026-06-14T12:38:47Z</time>
			</trkpt>
			<trkpt lat="47.64622235509442" lon="20.731148918789543">
				<ele>95.94621536508203</ele>
				<time>2026-06-14T12:38:50Z</time>
			</trkpt>
			<trkpt lat="47.64624779059195" lon="20.73113737306037">
				<ele>95.59544833842665</ele>
				<time>2026-06-14T12:38:52Z</time>
			</trkpt>
			<trkpt lat="47.64627740290735" lon="20.73111274015464">
				<ele>95.99830266926438</ele>
				<time>2026-06-14T12:38:55Z</time>
			</trkpt>
			<trkpt lat="47.646297387904696" lon="20.73109859271048">
				<ele>95.2089144140482</ele>
				<time>2026-06-14T12:38:57Z</time>
			</trkpt>
			<trkpt lat="47.64631460423382" lon="20.731081108288983">
				<ele>95.37986601889133</ele>
				<time>2026-06-14T12:38:59Z</time>
			</trkpt>
			<trkpt lat="47.64632831142375" lon="20.731054103267788">
				<ele>95.7101501794532</ele>
				<time>2026-06-14T12:39:01Z</time>
			</trkpt>
			<trkpt lat="47.64634019494042" lon="20.73103029846672">
				<ele>97.43101508822292</ele>
				<time>2026-06-14T12:39:02Z</time>
			</trkpt>
			<trkpt lat="47.6463582585663" lon="20.730984357221526">
				<ele>96.9800247438252</ele>
				<time>2026-06-14T12:39:05Z</time>
			</trkpt>
			<trkpt lat="47.64637384102297" lon="20.730955274582122">
				<ele>98.05295471753925</ele>
				<time>2026-06-14T12:39:07Z</time>
			</trkpt>
			<trkpt lat="47.64639492290704" lon="20.730940000069825">
				<ele>97.39768235385418</ele>
				<time>2026-06-14T12:39:09Z</time>
			</trkpt>
			<trkpt lat="47.646409017559115" lon="20.730923397111383">
				<ele>97.2414705408737</ele>
				<time>2026-06-14T12:39:12Z</time>
			</trkpt>
			<trkpt lat="47.64641986117427" lon="20.73092178476166">
				<ele>96.84012846276164</ele>
				<time>2026-06-14T12:39:14Z</time>
			</trkpt>
			<trkpt lat="47.646434045895575" lon="20.730914671790106">
				<ele>96.16654156707227</ele>
				<time>2026-06-14T12:39:16Z</time>
			</trkpt>
			<trkpt lat="47.64646515503003" lon="20.73089973818165">
				<ele>96.99386151041836</ele>
				<time>2026-06-14T12:39:18Z</time>
			</trkpt>
			<trkpt lat="47.64649392570643" lon="20.730882738012845">
				<ele>96.66214071586728</ele>
				<time>2026-06-14T12:39:20Z</time>
			</trkpt>
			<trkpt lat="47.646521743506064" lon="20.730865978908028">
				<ele>96.71851170901209</ele>
				<time>2026-06-14T12:39:22Z</time>
			</trkpt>
			<trkpt lat="47.64654642982511" lon="20.73084931938768">
				<ele>95.91614914406091</ele>
				<time>2026-06-14T12:39:24Z</time>
			</trkpt>
			<trkpt lat="47.6465663665986" lon="20.730830712122735">
				<ele>95.7049811789766</ele>
				<time>2026-06-14T12:39:26Z</time>
			</trkpt>
			<trkpt lat="47.64658580010668" lon="20.730814365414734">
				<ele>94.94626961275935</ele>
				<time>2026-06-14T12:39:28Z</time>
			</trkpt>
			<trkpt lat="47.646605608737325" lon="20.73078066844651">
				<ele>95.12074716575444</ele>
				<time>2026-06-14T12:39:31Z</time>
			</trkpt>
			<trkpt lat="47.64661147230476" lon="20.730765886805614">
				<ele>95.0837356960401</ele>
				<time>2026-06-14T12:39:33Z</time>
			</trkpt>
			<trkpt lat="47.64662207258611" lon="20.730750443878307">
				<ele>95.23327154479921</ele>
				<time>2026-06-14T12:39:34Z</time>
			</trkpt>
			<trkpt lat="47.646644854384505" lon="20.730733664945028">
				<ele>95.28629180788994</ele>
				<time>2026-06-14T12:39:36Z</time>
			</trkpt>
			<trkpt lat="47.64667359422009" lon="20.730698267887867">
				<ele>95.6225970974192</ele>
				<time>2026-06-14T12:39:39Z</time>
			</trkpt>
			<trkpt lat="47.64668674510839" lon="20.73067480436592">
				<ele>95.38516737706959</ele>
				<time>2026-06-14T12:39:41Z</time>
			</trkpt>
			<trkpt lat="47.646701320357685" lon="20.730651900909113">
				<ele>95.12049814034253</ele>
				<time>2026-06-14T12:39:43Z</time>
			</trkpt>
			<trkpt lat="47.646714667242" lon="20.730624933800133">
				<ele>96.03773090150207</ele>
				<time>2026-06-14T12:39:45Z</time>
			</trkpt>
			<trkpt lat="47.64672721209576" lon="20.730598816542425">
				<ele>96.17233027983457</ele>
				<time>2026-06-14T12:39:47Z</time>
			</trkpt>
			<trkpt lat="47.64674043259086" lon="20.73057731184278">
				<ele>96.13458988443017</ele>
				<time>2026-06-14T12:39:50Z</time>
			</trkpt>
			<trkpt lat="47.64676280957453" lon="20.73055419065981">
				<ele>96.38187213148922</ele>
				<time>2026-06-14T12:39:53Z</time>
			</trkpt>
			<trkpt lat="47.64677956189072" lon="20.730533703789963">
				<ele>95.82668434735388</ele>
				<time>2026-06-14T12:39:56Z</time>
			</trkpt>
			<trkpt lat="47.646799895831165" lon="20.73051639323023">
				<ele>95.43708811979741</ele>
				<time>2026-06-14T12:39:58Z</time>
			</trkpt>
			<trkpt lat="47.64681789270307" lon="20.730507338488522">
				<ele>95.12569439038634</ele>
				<time>2026-06-14T12:40:00Z</time>
			</trkpt>
			<trkpt lat="47.646832551242305" lon="20.73050018301818">
				<ele>94.2697348985821</ele>
				<time>2026-06-14T12:40:02Z</time>
			</trkpt>
			<trkpt lat="47.64684663735427" lon="20.730484549925645">
				<ele>94.15397290047258</ele>
				<time>2026-06-14T12:40:04Z</time>
			</trkpt>
			<trkpt lat="47.64686189938823" lon="20.730466898096143">
				<ele>94.5871722213924</ele>
				<time>2026-06-14T12:40:06Z</time>
			</trkpt>
			<trkpt lat="47.64687843434082" lon="20.730456952424248">
				<ele>93.98041281010956</ele>
				<time>2026-06-14T12:40:08Z</time>
			</trkpt>
			<trkpt lat="47.64690293762926" lon="20.730434838434405">
				<ele>94.41830226033926</ele>
				<time>2026-06-14T12:40:10Z</time>
			</trkpt>
			<trkpt lat="47.646939445999124" lon="20.730395816149407">
				<ele>94.20487861987203</ele>
				<time>2026-06-14T12:40:13Z</time>
			</trkpt>
			<trkpt lat="47.6469594161721" lon="20.73037193046168">
				<ele>94.23380908090621</ele>
				<time>2026-06-14T12:40:16Z</time>
			</trkpt>
			<trkpt lat="47.6469712541739" lon="20.730355893106434">
				<ele>93.56959115434438</ele>
				<time>2026-06-14T12:40:19Z</time>
			</trkpt>
			<trkpt lat="47.64695759329762" lon="20.73033659990968">
				<ele>94.3521210346371</ele>
				<time>2026-06-14T12:40:29Z</time>
			</trkpt>
			<trkpt lat="47.646944204999585" lon="20.730347219950694">
				<ele>94.05101411510259</ele>
				<time>2026-06-14T12:40:34Z</time>
			</trkpt>
			<trkpt lat="47.646937505859924" lon="20.730365273697448">
				<ele>93.98246858082712</ele>
				<time>2026-06-14T12:40:36Z</time>
			</trkpt>
			<trkpt lat="47.646923427567415" lon="20.730388808830117">
				<ele>93.32315798010677</ele>
				<time>2026-06-14T12:40:40Z</time>
			</trkpt>
			<trkpt lat="47.64690986773976" lon="20.730415257922562">
				<ele>91.82781681232154</ele>
				<time>2026-06-14T12:40:46Z</time>
			</trkpt>
			<trkpt lat="47.646898080295664" lon="20.730443808944848">
				<ele>93.73679672833532</ele>
				<time>2026-06-14T12:40:51Z</time>
			</trkpt>
			<trkpt lat="47.64688872501061" lon="20.730475355661536">
				<ele>93.27717453613877</ele>
				<time>2026-06-14T12:40:56Z</time>
			</trkpt>
			<trkpt lat="47.64688697749363" lon="20.730512435737655">
				<ele>92.75782878231257</ele>
				<time>2026-06-14T12:41:03Z</time>
			</trkpt>
			<trkpt lat="47.64687424481127" lon="20.730536797866144">
				<ele>93.89547812379897</ele>
				<time>2026-06-14T12:41:14Z</time>
			</trkpt>
			<trkpt lat="47.64685717537884" lon="20.730549931667507">
				<ele>93.04057584051043</ele>
				<time>2026-06-14T12:41:22Z</time>
			</trkpt>
			<trkpt lat="47.64685515810819" lon="20.73057303833597">
				<ele>93.20876550395042</ele>
				<time>2026-06-14T12:41:28Z</time>
			</trkpt>
			<trkpt lat="47.64686769440881" lon="20.7305992301088">
				<ele>92.87382898386568</ele>
				<time>2026-06-14T12:41:36Z</time>
			</trkpt>
			<trkpt lat="47.64686109329898" lon="20.730586568474497">
				<ele>92.79032565373927</ele>
				<time>2026-06-14T12:41:44Z</time>
			</trkpt>
			<trkpt lat="47.646862971756725" lon="20.730552852924735">
				<ele>92.2505965642631</ele>
				<time>2026-06-14T12:41:52Z</time>
			</trkpt>
			<trkpt lat="47.646866132291144" lon="20.73052598433874">
				<ele>93.45878737606108</ele>
				<time>2026-06-14T12:41:57Z</time>
			</trkpt>
			<trkpt lat="47.646875656202546" lon="20.730500428349384">
				<ele>92.77067255880684</ele>
				<time>2026-06-14T12:42:04Z</time>
			</trkpt>
			<trkpt lat="47.646885612415325" lon="20.730475752557407">
				<ele>92.6617118474096</ele>
				<time>2026-06-14T12:42:11Z</time>
			</trkpt>
			<trkpt lat="47.646895465877854" lon="20.730452656724502">
				<ele>92.18791099544615</ele>
				<time>2026-06-14T12:42:17Z</time>
			</trkpt>
			<trkpt lat="47.6469124839158" lon="20.730439235576796">
				<ele>93.52751004789025</ele>
				<time>2026-06-14T12:42:23Z</time>
			</trkpt>
			<trkpt lat="47.64693226469392" lon="20.730422022375556">
				<ele>94.94693239964545</ele>
				<time>2026-06-14T12:42:37Z</time>
			</trkpt>
			<trkpt lat="47.646919932509824" lon="20.73040302483587">
				<ele>93.58138332981616</ele>
				<time>2026-06-14T12:43:02Z</time>
			</trkpt>
			<trkpt lat="47.64691557382535" lon="20.730379771115526">
				<ele>94.25942897889763</ele>
				<time>2026-06-14T12:43:11Z</time>
			</trkpt>
			<trkpt lat="47.64693244934526" lon="20.730363890927414">
				<ele>93.1180331716314</ele>
				<time>2026-06-14T12:44:39Z</time>
			</trkpt>
			<trkpt lat="47.64695199297223" lon="20.730362098937526">
				<ele>92.84667701926082</ele>
				<time>2026-06-14T12:45:16Z</time>
			</trkpt>
			<trkpt lat="47.64693895783711" lon="20.73037951928731">
				<ele>90.96895594615489</ele>
				<time>2026-06-14T12:45:59Z</time>
			</trkpt>
			<trkpt lat="47.64694696073589" lon="20.73034956985902">
				<ele>94.99403183627874</ele>
				<time>2026-06-14T12:47:41Z</time>
			</trkpt>
			<trkpt lat="47.646956623802396" lon="20.730331260822258">
				<ele>94.4820026922971</ele>
				<time>2026-06-14T12:47:48Z</time>
			</trkpt>
			<trkpt lat="47.646975704303166" lon="20.730318888936623">
				<ele>94.63892884273082</ele>
				<time>2026-06-14T12:47:54Z</time>
			</trkpt>
			<trkpt lat="47.64699494698158" lon="20.73031143738318">
				<ele>94.20606451109052</ele>
				<time>2026-06-14T12:47:59Z</time>
			</trkpt>
			<trkpt lat="47.647013289260606" lon="20.730309110233524">
				<ele>96.02920578606427</ele>
				<time>2026-06-14T12:48:03Z</time>
			</trkpt>
			<trkpt lat="47.64703813889805" lon="20.73030214845441">
				<ele>95.11324104294181</ele>
				<time>2026-06-14T12:48:08Z</time>
			</trkpt>
			<trkpt lat="47.64705207556511" lon="20.730280594450694">
				<ele>94.49225890915841</ele>
				<time>2026-06-14T12:48:12Z</time>
			</trkpt>
			<trkpt lat="47.64706720366552" lon="20.730258053732914">
				<ele>94.87206126283854</ele>
				<time>2026-06-14T12:48:16Z</time>
			</trkpt>
			<trkpt lat="47.64707716692557" lon="20.73023539570746">
				<ele>95.52022433187813</ele>
				<time>2026-06-14T12:48:19Z</time>
			</trkpt>
			<trkpt lat="47.647096974254545" lon="20.73021479115988">
				<ele>95.09879963379353</ele>
				<time>2026-06-14T12:48:23Z</time>
			</trkpt>
			<trkpt lat="47.64712253598902" lon="20.73019221645855">
				<ele>94.81579378433526</ele>
				<time>2026-06-14T12:48:26Z</time>
			</trkpt>
			<trkpt lat="47.64714185326594" lon="20.73016670963991">
				<ele>94.38152164779603</ele>
				<time>2026-06-14T12:48:30Z</time>
			</trkpt>
			<trkpt lat="47.64714985653325" lon="20.730148778716938">
				<ele>95.17677569482476</ele>
				<time>2026-06-14T12:48:32Z</time>
			</trkpt>
			<trkpt lat="47.64716371754255" lon="20.73013483758326">
				<ele>93.65954157989472</ele>
				<time>2026-06-14T12:48:35Z</time>
			</trkpt>
			<trkpt lat="47.64717446948593" lon="20.730120976246997">
				<ele>94.74066976550967</ele>
				<time>2026-06-14T12:48:37Z</time>
			</trkpt>
			<trkpt lat="47.64718403723853" lon="20.730103217710422">
				<ele>93.48495261743665</ele>
				<time>2026-06-14T12:48:39Z</time>
			</trkpt>
			<trkpt lat="47.64719970299117" lon="20.73007732910698">
				<ele>94.55960212927312</ele>
				<time>2026-06-14T12:48:42Z</time>
			</trkpt>
			<trkpt lat="47.64721118809201" lon="20.73004016068951">
				<ele>93.1314936177805</ele>
				<time>2026-06-14T12:48:44Z</time>
			</trkpt>
			<trkpt lat="47.64722814804158" lon="20.73000686289311">
				<ele>92.81158229894936</ele>
				<time>2026-06-14T12:48:47Z</time>
			</trkpt>
			<trkpt lat="47.647254509622066" lon="20.729984404359517">
				<ele>92.5015468923375</ele>
				<time>2026-06-14T12:48:50Z</time>
			</trkpt>
			<trkpt lat="47.647276348630726" lon="20.729982804184935">
				<ele>92.93525521364063</ele>
				<time>2026-06-14T12:48:53Z</time>
			</trkpt>
			<trkpt lat="47.647290486697294" lon="20.729981075102437">
				<ele>93.15877082757652</ele>
				<time>2026-06-14T12:48:55Z</time>
			</trkpt>
			<trkpt lat="47.64730827207539" lon="20.729971414566716">
				<ele>93.08460740931332</ele>
				<time>2026-06-14T12:48:58Z</time>
			</trkpt>
			<trkpt lat="47.647330473371845" lon="20.729957783246675">
				<ele>93.7581681413576</ele>
				<time>2026-06-14T12:49:02Z</time>
			</trkpt>
			<trkpt lat="47.647354937213386" lon="20.729951195747116">
				<ele>94.21885879803449</ele>
				<time>2026-06-14T12:49:06Z</time>
			</trkpt>
			<trkpt lat="47.64737218097607" lon="20.729953885533913">
				<ele>94.77862505894154</ele>
				<time>2026-06-14T12:49:08Z</time>
			</trkpt>
			<trkpt lat="47.64739395283376" lon="20.729952191105976">
				<ele>95.9511990705505</ele>
				<time>2026-06-14T12:49:11Z</time>
			</trkpt>
			<trkpt lat="47.647415328864966" lon="20.729945633641908">
				<ele>95.8500874536112</ele>
				<time>2026-06-14T12:49:14Z</time>
			</trkpt>
			<trkpt lat="47.647436974757966" lon="20.729919460319916">
				<ele>95.79010743275285</ele>
				<time>2026-06-14T12:49:18Z</time>
			</trkpt>
			<trkpt lat="47.647460676641884" lon="20.729872450327647">
				<ele>96.82027660030872</ele>
				<time>2026-06-14T12:49:24Z</time>
			</trkpt>
			<trkpt lat="47.64746478139084" lon="20.72984733246633">
				<ele>96.58372240513563</ele>
				<time>2026-06-14T12:49:27Z</time>
			</trkpt>
			<trkpt lat="47.64747112462891" lon="20.729828449794105">
				<ele>96.75123845413327</ele>
				<time>2026-06-14T12:49:30Z</time>
			</trkpt>
			<trkpt lat="47.647483377850904" lon="20.729803040723294">
				<ele>94.96581153851002</ele>
				<time>2026-06-14T12:49:34Z</time>
			</trkpt>
			<trkpt lat="47.64749560154737" lon="20.729787048302548">
				<ele>94.81670245993882</ele>
				<time>2026-06-14T12:49:36Z</time>
			</trkpt>
			<trkpt lat="47.64750895928979" lon="20.729772533772614">
				<ele>94.61735521722585</ele>
				<time>2026-06-14T12:49:38Z</time>
			</trkpt>
			<trkpt lat="47.64753513229664" lon="20.72975573520838">
				<ele>95.25753173138946</ele>
				<time>2026-06-14T12:49:41Z</time>
			</trkpt>
			<trkpt lat="47.64755763063569" lon="20.729744603549644">
				<ele>95.28229485824704</ele>
				<time>2026-06-14T12:49:44Z</time>
			</trkpt>
			<trkpt lat="47.647575943864915" lon="20.72972571820005">
				<ele>95.35274938680232</ele>
				<time>2026-06-14T12:49:50Z</time>
			</trkpt>
			<trkpt lat="47.647591903796894" lon="20.729709207547018">
				<ele>95.41818123217672</ele>
				<time>2026-06-14T12:49:56Z</time>
			</trkpt>
			<trkpt lat="47.64760712960607" lon="20.72969727089272">
				<ele>94.79302293434739</ele>
				<time>2026-06-14T12:50:01Z</time>
			</trkpt>
			<trkpt lat="47.647613720319555" lon="20.7296775112696">
				<ele>94.9295673230663</ele>
				<time>2026-06-14T12:50:04Z</time>
			</trkpt>
			<trkpt lat="47.64762134732837" lon="20.72965047457527">
				<ele>94.86315120197833</ele>
				<time>2026-06-14T12:50:07Z</time>
			</trkpt>
			<trkpt lat="47.647634337586275" lon="20.729621290735462">
				<ele>93.757467857562</ele>
				<time>2026-06-14T12:50:12Z</time>
			</trkpt>
			<trkpt lat="47.647640322434924" lon="20.729597626675407">
				<ele>93.01858707237989</ele>
				<time>2026-06-14T12:50:16Z</time>
			</trkpt>
			<trkpt lat="47.64764306775855" lon="20.72957148758551">
				<ele>92.96496416069567</ele>
				<time>2026-06-14T12:50:19Z</time>
			</trkpt>
			<trkpt lat="47.64765020593074" lon="20.729538468261463">
				<ele>93.34351908322424</ele>
				<time>2026-06-14T12:50:22Z</time>
			</trkpt>
			<trkpt lat="47.647662365497744" lon="20.729508271145868">
				<ele>93.03871923219413</ele>
				<time>2026-06-14T12:50:25Z</time>
			</trkpt>
			<trkpt lat="47.64768242114112" lon="20.72949008667082">
				<ele>93.36605661921203</ele>
				<time>2026-06-14T12:50:28Z</time>
			</trkpt>
			<trkpt lat="47.64770315878178" lon="20.72947841709844">
				<ele>93.57240775320679</ele>
				<time>2026-06-14T12:50:31Z</time>
			</trkpt>
			<trkpt lat="47.64772329432024" lon="20.72947052525913">
				<ele>94.29611075855792</ele>
				<time>2026-06-14T12:50:34Z</time>
			</trkpt>
			<trkpt lat="47.64773988123767" lon="20.72946596088129">
				<ele>94.53542313538492</ele>
				<time>2026-06-14T12:50:36Z</time>
			</trkpt>
			<trkpt lat="47.64776160925075" lon="20.729460884641615">
				<ele>94.84160484187305</ele>
				<time>2026-06-14T12:50:39Z</time>
			</trkpt>
			<trkpt lat="47.647784677826266" lon="20.729455745905593">
				<ele>95.31034640874714</ele>
				<time>2026-06-14T12:50:42Z</time>
			</trkpt>
			<trkpt lat="47.64780531368093" lon="20.72944777681494">
				<ele>95.98158689402044</ele>
				<time>2026-06-14T12:50:45Z</time>
			</trkpt>
			<trkpt lat="47.64781715916507" lon="20.72941894669406">
				<ele>96.16524752508849</ele>
				<time>2026-06-14T12:50:50Z</time>
			</trkpt>
			<trkpt lat="47.647824480632565" lon="20.729390311655344">
				<ele>95.55958225764334</ele>
				<time>2026-06-14T12:50:54Z</time>
			</trkpt>
			<trkpt lat="47.64783480986453" lon="20.729365130688304">
				<ele>94.51895022112876</ele>
				<time>2026-06-14T12:50:57Z</time>
			</trkpt>
			<trkpt lat="47.647844677213975" lon="20.729335920070326">
				<ele>93.82635711785406</ele>
				<time>2026-06-14T12:50:59Z</time>
			</trkpt>
			<trkpt lat="47.6478538364121" lon="20.729309244224343">
				<ele>94.79382554627955</ele>
				<time>2026-06-14T12:51:01Z</time>
			</trkpt>
			<trkpt lat="47.6478636143507" lon="20.729279861115455">
				<ele>94.22619065269828</ele>
				<time>2026-06-14T12:51:04Z</time>
			</trkpt>
			<trkpt lat="47.64787649904268" lon="20.72924865124225">
				<ele>93.88143670372665</ele>
				<time>2026-06-14T12:51:07Z</time>
			</trkpt>
			<trkpt lat="47.64789050211604" lon="20.72921636970388">
				<ele>94.090596861206</ele>
				<time>2026-06-14T12:51:10Z</time>
			</trkpt>
			<trkpt lat="47.64790782988399" lon="20.729181603651575">
				<ele>94.87452363222837</ele>
				<time>2026-06-14T12:51:14Z</time>
			</trkpt>
			<trkpt lat="47.647919637889274" lon="20.72915312911866">
				<ele>94.3962618354708</ele>
				<time>2026-06-14T12:51:18Z</time>
			</trkpt>
			<trkpt lat="47.64793282623512" lon="20.729139186667012">
				<ele>94.42645469028503</ele>
				<time>2026-06-14T12:51:21Z</time>
			</trkpt>
			<trkpt lat="47.64795040814425" lon="20.729119703469582">
				<ele>95.45118030998856</ele>
				<time>2026-06-14T12:51:24Z</time>
			</trkpt>
			<trkpt lat="47.647975402664024" lon="20.729111137001873">
				<ele>95.24374099541456</ele>
				<time>2026-06-14T12:51:28Z</time>
			</trkpt>
			<trkpt lat="47.647992966942226" lon="20.729097737853017">
				<ele>95.08889843244106</ele>
				<time>2026-06-14T12:51:31Z</time>
			</trkpt>
			<trkpt lat="47.64800305747384" lon="20.729072893791546">
				<ele>94.67078919615597</ele>
				<time>2026-06-14T12:51:34Z</time>
			</trkpt>
			<trkpt lat="47.64801193479646" lon="20.72904147208473">
				<ele>94.4077161308378</ele>
				<time>2026-06-14T12:51:37Z</time>
			</trkpt>
			<trkpt lat="47.648016343853484" lon="20.72901023553128">
				<ele>93.65574375353754</ele>
				<time>2026-06-14T12:51:40Z</time>
			</trkpt>
			<trkpt lat="47.648026201494375" lon="20.72898001357401">
				<ele>94.45277211815119</ele>
				<time>2026-06-14T12:51:43Z</time>
			</trkpt>
			<trkpt lat="47.64804477001692" lon="20.728950573486213">
				<ele>94.72771059628576</ele>
				<time>2026-06-14T12:51:46Z</time>
			</trkpt>
			<trkpt lat="47.64806230681419" lon="20.728930415565856">
				<ele>95.01432956568897</ele>
				<time>2026-06-14T12:51:49Z</time>
			</trkpt>
			<trkpt lat="47.64808619732136" lon="20.728912999612728">
				<ele>94.83459089696407</ele>
				<time>2026-06-14T12:51:55Z</time>
			</trkpt>
			<trkpt lat="47.64810044188566" lon="20.728895414040785">
				<ele>94.78334410022944</ele>
				<time>2026-06-14T12:51:59Z</time>
			</trkpt>
			<trkpt lat="47.64810950533096" lon="20.72887150551121">
				<ele>95.03415870293975</ele>
				<time>2026-06-14T12:52:02Z</time>
			</trkpt>
			<trkpt lat="47.648112610592946" lon="20.728844624291327">
				<ele>95.72105099260807</ele>
				<time>2026-06-14T12:52:05Z</time>
			</trkpt>
			<trkpt lat="47.64811923297226" lon="20.728810607502236">
				<ele>95.50258961040527</ele>
				<time>2026-06-14T12:52:09Z</time>
			</trkpt>
			<trkpt lat="47.64813832588875" lon="20.728766365334963">
				<ele>96.19389748666435</ele>
				<time>2026-06-14T12:52:13Z</time>
			</trkpt>
			<trkpt lat="47.64815869826535" lon="20.728735093080257">
				<ele>96.01516971178353</ele>
				<time>2026-06-14T12:52:18Z</time>
			</trkpt>
			<trkpt lat="47.648174519141826" lon="20.728728463038156">
				<ele>95.76118592265993</ele>
				<time>2026-06-14T12:52:21Z</time>
			</trkpt>
			<trkpt lat="47.64819698685808" lon="20.728721294806594">
				<ele>96.22710510902107</ele>
				<time>2026-06-14T12:52:25Z</time>
			</trkpt>
			<trkpt lat="47.64821354001402" lon="20.728705865914122">
				<ele>96.65362960565835</ele>
				<time>2026-06-14T12:52:28Z</time>
			</trkpt>
			<trkpt lat="47.64822390032184" lon="20.72868241349643">
				<ele>96.27501181233674</ele>
				<time>2026-06-14T12:52:31Z</time>
			</trkpt>
			<trkpt lat="47.64823209761861" lon="20.72865313880976">
				<ele>96.54546883981675</ele>
				<time>2026-06-14T12:52:34Z</time>
			</trkpt>
			<trkpt lat="47.64823385896647" lon="20.72862431741751">
				<ele>96.5701698269695</ele>
				<time>2026-06-14T12:52:37Z</time>
			</trkpt>
			<trkpt lat="47.64823413721158" lon="20.728586074456018">
				<ele>96.29313291795552</ele>
				<time>2026-06-14T12:52:40Z</time>
			</trkpt>
			<trkpt lat="47.648232894996724" lon="20.72855176523681">
				<ele>95.8182800039649</ele>
				<time>2026-06-14T12:52:44Z</time>
			</trkpt>
			<trkpt lat="47.64823537679828" lon="20.728528886973674">
				<ele>95.52823893353343</ele>
				<time>2026-06-14T12:52:47Z</time>
			</trkpt>
			<trkpt lat="47.64824286515685" lon="20.728496669461503">
				<ele>95.7305589010939</ele>
				<time>2026-06-14T12:52:50Z</time>
			</trkpt>
			<trkpt lat="47.6482554001678" lon="20.72847823124666">
				<ele>94.60459128394723</ele>
				<time>2026-06-14T12:52:52Z</time>
			</trkpt>
			<trkpt lat="47.64827025356216" lon="20.728455326951973">
				<ele>93.99924607947469</ele>
				<time>2026-06-14T12:52:55Z</time>
			</trkpt>
			<trkpt lat="47.648282917519936" lon="20.728438092123156">
				<ele>94.67547186091542</ele>
				<time>2026-06-14T12:52:57Z</time>
			</trkpt>
			<trkpt lat="47.64829793971584" lon="20.728427200584566">
				<ele>93.9101778762415</ele>
				<time>2026-06-14T12:52:59Z</time>
			</trkpt>
			<trkpt lat="47.648314581392896" lon="20.728409831868692">
				<ele>94.11496590543538</ele>
				<time>2026-06-14T12:53:02Z</time>
			</trkpt>
			<trkpt lat="47.64833006401597" lon="20.72839707002927">
				<ele>94.36933472100645</ele>
				<time>2026-06-14T12:53:04Z</time>
			</trkpt>
			<trkpt lat="47.64834735730539" lon="20.72838414114536">
				<ele>94.33138311561197</ele>
				<time>2026-06-14T12:53:06Z</time>
			</trkpt>
			<trkpt lat="47.64837022178229" lon="20.728375870926545">
				<ele>93.73528298269957</ele>
				<time>2026-06-14T12:53:09Z</time>
			</trkpt>
			<trkpt lat="47.64838933459807" lon="20.72836538742782">
				<ele>93.06976160593331</ele>
				<time>2026-06-14T12:53:10Z</time>
			</trkpt>
			<trkpt lat="47.648401056400154" lon="20.72834594864619">
				<ele>93.6528992690146</ele>
				<time>2026-06-14T12:53:12Z</time>
			</trkpt>
			<trkpt lat="47.64841395770348" lon="20.728315487223473">
				<ele>94.24119228031486</ele>
				<time>2026-06-14T12:53:14Z</time>
			</trkpt>
			<trkpt lat="47.64842556281018" lon="20.72826545099604">
				<ele>96.15095940418541</ele>
				<time>2026-06-14T12:53:17Z</time>
			</trkpt>
			<trkpt lat="47.648426410628005" lon="20.7282411942928">
				<ele>96.47108125220984</ele>
				<time>2026-06-14T12:53:19Z</time>
			</trkpt>
			<trkpt lat="47.648428617260265" lon="20.728219609280274">
				<ele>95.34785452019423</ele>
				<time>2026-06-14T12:53:21Z</time>
			</trkpt>
			<trkpt lat="47.64843369141852" lon="20.72819160163771">
				<ele>94.8738646581769</ele>
				<time>2026-06-14T12:53:24Z</time>
			</trkpt>
			<trkpt lat="47.648439008098514" lon="20.728167371292944">
				<ele>94.58326785173267</ele>
				<time>2026-06-14T12:53:26Z</time>
			</trkpt>
			<trkpt lat="47.64844905475169" lon="20.728136704989723">
				<ele>93.89571030624211</ele>
				<time>2026-06-14T12:53:29Z</time>
			</trkpt>
			<trkpt lat="47.64846345859944" lon="20.72810097070826">
				<ele>94.74309042934328</ele>
				<time>2026-06-14T12:53:31Z</time>
			</trkpt>
			<trkpt lat="47.64847715599783" lon="20.728067206535844">
				<ele>94.94882063474506</ele>
				<time>2026-06-14T12:53:33Z</time>
			</trkpt>
			<trkpt lat="47.64850048950328" lon="20.72802760987416">
				<ele>94.85126338340342</ele>
				<time>2026-06-14T12:53:36Z</time>
			</trkpt>
			<trkpt lat="47.64851448989626" lon="20.72800142169151">
				<ele>94.70441910903901</ele>
				<time>2026-06-14T12:53:39Z</time>
			</trkpt>
			<trkpt lat="47.64852276460587" lon="20.72798856143439">
				<ele>94.42456523515284</ele>
				<time>2026-06-14T12:53:41Z</time>
			</trkpt>
			<trkpt lat="47.648533725266105" lon="20.727972996213108">
				<ele>94.51452411245555</ele>
				<time>2026-06-14T12:53:43Z</time>
			</trkpt>
			<trkpt lat="47.648546106774496" lon="20.727947968606426">
				<ele>94.70568173844367</ele>
				<time>2026-06-14T12:53:46Z</time>
			</trkpt>
			<trkpt lat="47.64855628691029" lon="20.72792746676057">
				<ele>94.50673134159297</ele>
				<time>2026-06-14T12:53:48Z</time>
			</trkpt>
			<trkpt lat="47.648570942761474" lon="20.727894191487945">
				<ele>94.83502743951976</ele>
				<time>2026-06-14T12:53:52Z</time>
			</trkpt>
			<trkpt lat="47.64858700523442" lon="20.727867161791448">
				<ele>94.5638013407588</ele>
				<time>2026-06-14T12:53:55Z</time>
			</trkpt>
			<trkpt lat="47.6486017504581" lon="20.727839824410772">
				<ele>94.1654296014458</ele>
				<time>2026-06-14T12:53:58Z</time>
			</trkpt>
			<trkpt lat="47.648613197710446" lon="20.727814479881385">
				<ele>94.40409414749593</ele>
				<time>2026-06-14T12:54:01Z</time>
			</trkpt>
			<trkpt lat="47.64862356659478" lon="20.727784861694555">
				<ele>94.23062858730555</ele>
				<time>2026-06-14T12:54:04Z</time>
			</trkpt>
			<trkpt lat="47.64863667716811" lon="20.72775563184136">
				<ele>94.64837093558162</ele>
				<time>2026-06-14T12:54:07Z</time>
			</trkpt>
			<trkpt lat="47.64865073825404" lon="20.72772719805155">
				<ele>94.34240428823978</ele>
				<time>2026-06-14T12:54:10Z</time>
			</trkpt>
			<trkpt lat="47.64866212961884" lon="20.72770560078413">
				<ele>94.35586597770452</ele>
				<time>2026-06-14T12:54:12Z</time>
			</trkpt>
			<trkpt lat="47.64867820298628" lon="20.727678291775867">
				<ele>94.7494206763804</ele>
				<time>2026-06-14T12:54:14Z</time>
			</trkpt>
			<trkpt lat="47.64869651032259" lon="20.727647590547445">
				<ele>94.6352847693488</ele>
				<time>2026-06-14T12:54:17Z</time>
			</trkpt>
			<trkpt lat="47.648711482528846" lon="20.727622666285495">
				<ele>94.83998287562281</ele>
				<time>2026-06-14T12:54:19Z</time>
			</trkpt>
			<trkpt lat="47.648725081744075" lon="20.727605116499852">
				<ele>94.78094375692308</ele>
				<time>2026-06-14T12:54:21Z</time>
			</trkpt>
			<trkpt lat="47.6487393237085" lon="20.727598185401835">
				<ele>94.09356682095677</ele>
				<time>2026-06-14T12:54:23Z</time>
			</trkpt>
			<trkpt lat="47.64875822569025" lon="20.72759534203015">
				<ele>94.63829359970987</ele>
				<time>2026-06-14T12:54:25Z</time>
			</trkpt>
			<trkpt lat="47.64877964931234" lon="20.727594838201274">
				<ele>94.27014283463359</ele>
				<time>2026-06-14T12:54:27Z</time>
			</trkpt>
			<trkpt lat="47.6488121038237" lon="20.727577558450825">
				<ele>95.61625473480672</ele>
				<time>2026-06-14T12:54:30Z</time>
			</trkpt>
			<trkpt lat="47.648830903577384" lon="20.727566941110037">
				<ele>95.17877732496709</ele>
				<time>2026-06-14T12:54:32Z</time>
			</trkpt>
			<trkpt lat="47.648844395273386" lon="20.727545521749295">
				<ele>95.51706948783249</ele>
				<time>2026-06-14T12:54:35Z</time>
			</trkpt>
			<trkpt lat="47.64886136527259" lon="20.727504310440867">
				<ele>96.16674332506955</ele>
				<time>2026-06-14T12:54:38Z</time>
			</trkpt>
			<trkpt lat="47.64886860738878" lon="20.72747066416092">
				<ele>95.5768694858998</ele>
				<time>2026-06-14T12:54:41Z</time>
			</trkpt>
			<trkpt lat="47.64886271272151" lon="20.727420598603135">
				<ele>96.25700969621539</ele>
				<time>2026-06-14T12:54:45Z</time>
			</trkpt>
			<trkpt lat="47.648859490255184" lon="20.72739417803229">
				<ele>96.58262631762773</ele>
				<time>2026-06-14T12:54:47Z</time>
			</trkpt>
			<trkpt lat="47.64885398022102" lon="20.727368418622433">
				<ele>96.71054098103195</ele>
				<time>2026-06-14T12:54:50Z</time>
			</trkpt>
			<trkpt lat="47.648855378414254" lon="20.72733900179412">
				<ele>96.46136038284749</ele>
				<time>2026-06-14T12:54:53Z</time>
			</trkpt>
			<trkpt lat="47.64885970825878" lon="20.727311832665553">
				<ele>96.62634404748678</ele>
				<time>2026-06-14T12:54:55Z</time>
			</trkpt>
			<trkpt lat="47.648872960201786" lon="20.727282860772313">
				<ele>96.14704667776823</ele>
				<time>2026-06-14T12:54:57Z</time>
			</trkpt>
			<trkpt lat="47.648891581255825" lon="20.727251569752934">
				<ele>95.90131835639477</ele>
				<time>2026-06-14T12:55:00Z</time>
			</trkpt>
			<trkpt lat="47.64891213975998" lon="20.727220507387585">
				<ele>96.67146661225706</ele>
				<time>2026-06-14T12:55:03Z</time>
			</trkpt>
			<trkpt lat="47.64892752757575" lon="20.72718703398789">
				<ele>95.96509363316</ele>
				<time>2026-06-14T12:55:06Z</time>
			</trkpt>
			<trkpt lat="47.6489437677867" lon="20.72714719042754">
				<ele>96.02441844064742</ele>
				<time>2026-06-14T12:55:09Z</time>
			</trkpt>
			<trkpt lat="47.64896042573882" lon="20.727113383065728">
				<ele>94.70845072437078</ele>
				<time>2026-06-14T12:55:13Z</time>
			</trkpt>
			<trkpt lat="47.648971702668845" lon="20.72709427308334">
				<ele>94.50996695738286</ele>
				<time>2026-06-14T12:55:16Z</time>
			</trkpt>
			<trkpt lat="47.64898753854795" lon="20.727069723105057">
				<ele>93.95276296138763</ele>
				<time>2026-06-14T12:55:19Z</time>
			</trkpt>
			<trkpt lat="47.649005877147964" lon="20.727037998438547">
				<ele>95.0617579324171</ele>
				<time>2026-06-14T12:55:22Z</time>
			</trkpt>
			<trkpt lat="47.6490235022196" lon="20.727011199770367">
				<ele>94.89124153926969</ele>
				<time>2026-06-14T12:55:25Z</time>
			</trkpt>
			<trkpt lat="47.649035491534065" lon="20.726985334769736">
				<ele>95.44693939015269</ele>
				<time>2026-06-14T12:55:28Z</time>
			</trkpt>
			<trkpt lat="47.649043502167" lon="20.726962402487654">
				<ele>95.90896969195455</ele>
				<time>2026-06-14T12:55:30Z</time>
			</trkpt>
			<trkpt lat="47.64905566647006" lon="20.726923488135665">
				<ele>95.79692869447172</ele>
				<time>2026-06-14T12:55:34Z</time>
			</trkpt>
			<trkpt lat="47.649062754597914" lon="20.726899564418407">
				<ele>96.66544705349952</ele>
				<time>2026-06-14T12:55:36Z</time>
			</trkpt>
			<trkpt lat="47.64906656749642" lon="20.72687518495323">
				<ele>96.6227577989921</ele>
				<time>2026-06-14T12:55:38Z</time>
			</trkpt>
			<trkpt lat="47.64907302970224" lon="20.72684647739165">
				<ele>96.95374570321292</ele>
				<time>2026-06-14T12:55:40Z</time>
			</trkpt>
			<trkpt lat="47.649079091861545" lon="20.726812830501295">
				<ele>96.70449639111757</ele>
				<time>2026-06-14T12:55:43Z</time>
			</trkpt>
			<trkpt lat="47.64909002615171" lon="20.72678677421193">
				<ele>96.33787948638201</ele>
				<time>2026-06-14T12:55:46Z</time>
			</trkpt>
			<trkpt lat="47.6491025455566" lon="20.726764189479244">
				<ele>96.44315571151674</ele>
				<time>2026-06-14T12:55:49Z</time>
			</trkpt>
			<trkpt lat="47.64912071042203" lon="20.72673856167344">
				<ele>95.12235482502729</ele>
				<time>2026-06-14T12:55:53Z</time>
			</trkpt>
			<trkpt lat="47.64913465300497" lon="20.726718560097236">
				<ele>94.7423070250079</ele>
				<time>2026-06-14T12:55:55Z</time>
			</trkpt>
			<trkpt lat="47.649146078729615" lon="20.726693397521633">
				<ele>94.678440942429</ele>
				<time>2026-06-14T12:55:57Z</time>
			</trkpt>
			<trkpt lat="47.64915716210117" lon="20.726671053533824">
				<ele>95.29866414982826</ele>
				<time>2026-06-14T12:55:59Z</time>
			</trkpt>
			<trkpt lat="47.649169404812845" lon="20.726646970464646">
				<ele>96.15557194780558</ele>
				<time>2026-06-14T12:56:01Z</time>
			</trkpt>
			<trkpt lat="47.64918737577867" lon="20.72662663799636">
				<ele>97.24448117241263</ele>
				<time>2026-06-14T12:56:03Z</time>
			</trkpt>
			<trkpt lat="47.649206924778134" lon="20.72661045425648">
				<ele>96.56818761304021</ele>
				<time>2026-06-14T12:56:05Z</time>
			</trkpt>
			<trkpt lat="47.64923298603368" lon="20.726592491983837">
				<ele>96.0364971589297</ele>
				<time>2026-06-14T12:56:08Z</time>
			</trkpt>
			<trkpt lat="47.649253839516334" lon="20.726566367811085">
				<ele>96.50212469510734</ele>
				<time>2026-06-14T12:56:11Z</time>
			</trkpt>
			<trkpt lat="47.64926822249172" lon="20.72654503323442">
				<ele>96.41844087932259</ele>
				<time>2026-06-14T12:56:13Z</time>
			</trkpt>
			<trkpt lat="47.649286856374935" lon="20.726534124627943">
				<ele>96.22268261015415</ele>
				<time>2026-06-14T12:56:15Z</time>
			</trkpt>
			<trkpt lat="47.649313177031196" lon="20.726523661753472">
				<ele>96.25410548225045</ele>
				<time>2026-06-14T12:56:17Z</time>
			</trkpt>
			<trkpt lat="47.649345898225185" lon="20.726522354651006">
				<ele>96.13988114893436</ele>
				<time>2026-06-14T12:56:20Z</time>
			</trkpt>
			<trkpt lat="47.649369076682234" lon="20.726517522606986">
				<ele>96.91726684290916</ele>
				<time>2026-06-14T12:56:22Z</time>
			</trkpt>
			<trkpt lat="47.64939597119882" lon="20.726514633534748">
				<ele>96.67789030261338</ele>
				<time>2026-06-14T12:56:25Z</time>
			</trkpt>
			<trkpt lat="47.649426298860526" lon="20.72650813178837">
				<ele>97.80532371718436</ele>
				<time>2026-06-14T12:56:30Z</time>
			</trkpt>
			<trkpt lat="47.64944417041985" lon="20.726500615402966">
				<ele>97.31549805309623</ele>
				<time>2026-06-14T12:56:32Z</time>
			</trkpt>
			<trkpt lat="47.649462659232924" lon="20.726496172637386">
				<ele>96.64293783251196</ele>
				<time>2026-06-14T12:56:34Z</time>
			</trkpt>
			<trkpt lat="47.64948347912068" lon="20.726484209199157">
				<ele>95.98486347589642</ele>
				<time>2026-06-14T12:56:36Z</time>
			</trkpt>
			<trkpt lat="47.64950262689487" lon="20.726470775861966">
				<ele>95.73013563361019</ele>
				<time>2026-06-14T12:56:38Z</time>
			</trkpt>
			<trkpt lat="47.649523315144826" lon="20.726455699646877">
				<ele>96.00935813691467</ele>
				<time>2026-06-14T12:56:40Z</time>
			</trkpt>
			<trkpt lat="47.64955212392577" lon="20.72643852499713">
				<ele>96.3153275474906</ele>
				<time>2026-06-14T12:56:42Z</time>
			</trkpt>
			<trkpt lat="47.64957214347513" lon="20.72641114164828">
				<ele>96.77838490251452</ele>
				<time>2026-06-14T12:56:46Z</time>
			</trkpt>
			<trkpt lat="47.649584346609196" lon="20.726397789439012">
				<ele>97.24701898451895</ele>
				<time>2026-06-14T12:56:47Z</time>
			</trkpt>
			<trkpt lat="47.649591748043456" lon="20.726376600472005">
				<ele>96.54407902341336</ele>
				<time>2026-06-14T12:56:48Z</time>
			</trkpt>
			<trkpt lat="47.64961528816166" lon="20.726333697482765">
				<ele>96.08654957916588</ele>
				<time>2026-06-14T12:56:51Z</time>
			</trkpt>
			<trkpt lat="47.649627533625576" lon="20.726316572017684">
				<ele>96.53360404539853</ele>
				<time>2026-06-14T12:56:53Z</time>
			</trkpt>
			<trkpt lat="47.64964010946278" lon="20.726306754407158">
				<ele>96.67201825138181</ele>
				<time>2026-06-14T12:56:55Z</time>
			</trkpt>
			<trkpt lat="47.64966145448978" lon="20.72629171150673">
				<ele>96.21108391042799</ele>
				<time>2026-06-14T12:56:59Z</time>
			</trkpt>
			<trkpt lat="47.64967627964491" lon="20.72627735414717">
				<ele>96.18104233406484</ele>
				<time>2026-06-14T12:57:01Z</time>
			</trkpt>
			<trkpt lat="47.64969733385059" lon="20.726260495335175">
				<ele>96.5152136804536</ele>
				<time>2026-06-14T12:57:03Z</time>
			</trkpt>
			<trkpt lat="47.649724542234296" lon="20.726234296973058">
				<ele>97.50069459434599</ele>
				<time>2026-06-14T12:57:06Z</time>
			</trkpt>
			<trkpt lat="47.64974113105517" lon="20.726212937164817">
				<ele>97.38417752552778</ele>
				<time>2026-06-14T12:57:09Z</time>
			</trkpt>
			<trkpt lat="47.64975174743018" lon="20.726188041752113">
				<ele>97.6686916090548</ele>
				<time>2026-06-14T12:57:12Z</time>
			</trkpt>
			<trkpt lat="47.649763216043425" lon="20.72616486752634">
				<ele>97.40988313313574</ele>
				<time>2026-06-14T12:57:15Z</time>
			</trkpt>
			<trkpt lat="47.64977520581378" lon="20.726119827012276">
				<ele>96.14789065346122</ele>
				<time>2026-06-14T12:57:18Z</time>
			</trkpt>
			<trkpt lat="47.649795840325496" lon="20.72607609092671">
				<ele>95.83189435303211</ele>
				<time>2026-06-14T12:57:21Z</time>
			</trkpt>
			<trkpt lat="47.64982952270334" lon="20.72606842237011">
				<ele>95.11408003699034</ele>
				<time>2026-06-14T12:57:24Z</time>
			</trkpt>
			<trkpt lat="47.64984843012138" lon="20.726058635371515">
				<ele>95.65904160123318</ele>
				<time>2026-06-14T12:57:27Z</time>
			</trkpt>
			<trkpt lat="47.649865644437476" lon="20.726046375657475">
				<ele>95.70448602549732</ele>
				<time>2026-06-14T12:57:30Z</time>
			</trkpt>
			<trkpt lat="47.64988543629542" lon="20.72602688633607">
				<ele>94.14201981201768</ele>
				<time>2026-06-14T12:57:33Z</time>
			</trkpt>
			<trkpt lat="47.64990533026536" lon="20.72600049233675">
				<ele>94.30756595917046</ele>
				<time>2026-06-14T12:57:36Z</time>
			</trkpt>
			<trkpt lat="47.649918549768" lon="20.725974118721464">
				<ele>92.76175293792039</ele>
				<time>2026-06-14T12:57:39Z</time>
			</trkpt>
			<trkpt lat="47.64993212583567" lon="20.72594783519604">
				<ele>94.32950471714139</ele>
				<time>2026-06-14T12:57:42Z</time>
			</trkpt>
			<trkpt lat="47.64994820831459" lon="20.725930716304433">
				<ele>95.50035786349326</ele>
				<time>2026-06-14T12:57:44Z</time>
			</trkpt>
			<trkpt lat="47.64996849910726" lon="20.725911455281636">
				<ele>95.77881732489914</ele>
				<time>2026-06-14T12:57:47Z</time>
			</trkpt>
			<trkpt lat="47.64998795098942" lon="20.72588365119886">
				<ele>94.99793713446707</ele>
				<time>2026-06-14T12:57:50Z</time>
			</trkpt>
			<trkpt lat="47.65000229974102" lon="20.72586168151316">
				<ele>95.7010114947334</ele>
				<time>2026-06-14T12:57:52Z</time>
			</trkpt>
			<trkpt lat="47.6500199907293" lon="20.725849340740297">
				<ele>95.68269238620996</ele>
				<time>2026-06-14T12:57:54Z</time>
			</trkpt>
			<trkpt lat="47.65004444734958" lon="20.725831547713046">
				<ele>95.21272381022573</ele>
				<time>2026-06-14T12:57:57Z</time>
			</trkpt>
			<trkpt lat="47.650074210166466" lon="20.72581325507124">
				<ele>95.51183142140508</ele>
				<time>2026-06-14T12:58:01Z</time>
			</trkpt>
			<trkpt lat="47.650100621041126" lon="20.72580053110741">
				<ele>96.95024007745087</ele>
				<time>2026-06-14T12:58:04Z</time>
			</trkpt>
			<trkpt lat="47.65014030294443" lon="20.725789434764962">
				<ele>100.74408526904881</ele>
				<time>2026-06-14T12:58:07Z</time>
			</trkpt>
			<trkpt lat="47.65016706305251" lon="20.725786034808827">
				<ele>102.16141717508435</ele>
				<time>2026-06-14T12:58:10Z</time>
			</trkpt>
			<trkpt lat="47.650186473413896" lon="20.72577425846944">
				<ele>102.77381809987128</ele>
				<time>2026-06-14T12:58:12Z</time>
			</trkpt>
			<trkpt lat="47.650204006300015" lon="20.72575943314544">
				<ele>103.9219360742718</ele>
				<time>2026-06-14T12:58:14Z</time>
			</trkpt>
			<trkpt lat="47.6502178229485" lon="20.72574166384593">
				<ele>104.44727929122746</ele>
				<time>2026-06-14T12:58:16Z</time>
			</trkpt>
			<trkpt lat="47.65023374135543" lon="20.72572789839824">
				<ele>104.26315890904516</ele>
				<time>2026-06-14T12:58:18Z</time>
			</trkpt>
			<trkpt lat="47.65025129329064" lon="20.72571830731158">
				<ele>104.74658706225455</ele>
				<time>2026-06-14T12:58:20Z</time>
			</trkpt>
			<trkpt lat="47.6502784790019" lon="20.725701034074742">
				<ele>105.59220916964114</ele>
				<time>2026-06-14T12:58:22Z</time>
			</trkpt>
			<trkpt lat="47.65031752155108" lon="20.72569010371554">
				<ele>105.85975767765194</ele>
				<time>2026-06-14T12:58:25Z</time>
			</trkpt>
			<trkpt lat="47.65033764612788" lon="20.72568057933571">
				<ele>106.35692784935236</ele>
				<time>2026-06-14T12:58:28Z</time>
			</trkpt>
			<trkpt lat="47.6503532550135" lon="20.725667461293273">
				<ele>107.51314384769648</ele>
				<time>2026-06-14T12:58:30Z</time>
			</trkpt>
			<trkpt lat="47.65037567582509" lon="20.725657042691594">
				<ele>107.8812385732308</ele>
				<time>2026-06-14T12:58:32Z</time>
			</trkpt>
			<trkpt lat="47.65040216535886" lon="20.725651855797185">
				<ele>107.54159194882959</ele>
				<time>2026-06-14T12:58:34Z</time>
			</trkpt>
			<trkpt lat="47.65041621065794" lon="20.725657206629204">
				<ele>106.25444424711168</ele>
				<time>2026-06-14T12:58:36Z</time>
			</trkpt>
			<trkpt lat="47.65042857529637" lon="20.725658374001775">
				<ele>106.76835098210722</ele>
				<time>2026-06-14T12:58:38Z</time>
			</trkpt>
			<trkpt lat="47.6504435876539" lon="20.72565885341503">
				<ele>106.11164952069521</ele>
				<time>2026-06-14T12:58:40Z</time>
			</trkpt>
			<trkpt lat="47.650455541248476" lon="20.725663650290944">
				<ele>105.10762616619468</ele>
				<time>2026-06-14T12:58:41Z</time>
			</trkpt>
			<trkpt lat="47.65047142779456" lon="20.725672514425646">
				<ele>105.22610669024289</ele>
				<time>2026-06-14T12:58:43Z</time>
			</trkpt>
			<trkpt lat="47.6504889251899" lon="20.725686435006452">
				<ele>104.2809931896627</ele>
				<time>2026-06-14T12:58:45Z</time>
			</trkpt>
			<trkpt lat="47.650509126210245" lon="20.725707755920457">
				<ele>103.66148110106587</ele>
				<time>2026-06-14T12:58:48Z</time>
			</trkpt>
			<trkpt lat="47.65052542461794" lon="20.725730802809466">
				<ele>103.5586285656318</ele>
				<time>2026-06-14T12:58:50Z</time>
			</trkpt>
			<trkpt lat="47.65053702345593" lon="20.72575419694615">
				<ele>103.69990791752934</ele>
				<time>2026-06-14T12:58:52Z</time>
			</trkpt>
			<trkpt lat="47.65054533836316" lon="20.72577738940012">
				<ele>102.97559402137995</ele>
				<time>2026-06-14T12:58:54Z</time>
			</trkpt>
			<trkpt lat="47.65055448500405" lon="20.725806282460475">
				<ele>101.94534916989505</ele>
				<time>2026-06-14T12:58:57Z</time>
			</trkpt>
			<trkpt lat="47.650560786774335" lon="20.725834342454466">
				<ele>101.640730378218</ele>
				<time>2026-06-14T12:58:59Z</time>
			</trkpt>
			<trkpt lat="47.65056755004983" lon="20.725867769899484">
				<ele>102.94608010910451</ele>
				<time>2026-06-14T12:59:02Z</time>
			</trkpt>
			<trkpt lat="47.65057525986199" lon="20.72592070662579">
				<ele>103.20088527537882</ele>
				<time>2026-06-14T12:59:08Z</time>
			</trkpt>
			<trkpt lat="47.650586474750284" lon="20.725943269681725">
				<ele>102.35231264960021</ele>
				<time>2026-06-14T12:59:11Z</time>
			</trkpt>
			<trkpt lat="47.65060055011447" lon="20.72594790178495">
				<ele>102.86693861708045</ele>
				<time>2026-06-14T12:59:14Z</time>
			</trkpt>
			<trkpt lat="47.650618396369794" lon="20.72594533213591">
				<ele>103.8714776514098</ele>
				<time>2026-06-14T12:59:18Z</time>
			</trkpt>
			<trkpt lat="47.65063508684348" lon="20.725944944587138">
				<ele>104.54662862420082</ele>
				<time>2026-06-14T12:59:21Z</time>
			</trkpt>
			<trkpt lat="47.650650001614615" lon="20.72594399725271">
				<ele>104.11967758648098</ele>
				<time>2026-06-14T12:59:23Z</time>
			</trkpt>
			<trkpt lat="47.650685284293935" lon="20.72594899561175">
				<ele>105.01965304836631</ele>
				<time>2026-06-14T12:59:27Z</time>
			</trkpt>
			<trkpt lat="47.65071839586666" lon="20.7259434929478">
				<ele>104.43275535479188</ele>
				<time>2026-06-14T12:59:32Z</time>
			</trkpt>
			<trkpt lat="47.65072951145781" lon="20.725930520174604">
				<ele>103.14601600077003</ele>
				<time>2026-06-14T12:59:35Z</time>
			</trkpt>
			<trkpt lat="47.650741061814294" lon="20.725920518380345">
				<ele>102.07529985718429</ele>
				<time>2026-06-14T12:59:38Z</time>
			</trkpt>
			<trkpt lat="47.65075991885227" lon="20.7259107606535">
				<ele>102.70902869850397</ele>
				<time>2026-06-14T12:59:42Z</time>
			</trkpt>
			<trkpt lat="47.650788356342254" lon="20.725909815854035">
				<ele>101.74481283314526</ele>
				<time>2026-06-14T12:59:45Z</time>
			</trkpt>
			<trkpt lat="47.65080643947947" lon="20.725915543617496">
				<ele>102.81452053971589</ele>
				<time>2026-06-14T12:59:47Z</time>
			</trkpt>
			<trkpt lat="47.65082283829693" lon="20.72592925332408">
				<ele>104.11286459024996</ele>
				<time>2026-06-14T12:59:50Z</time>
			</trkpt>
			<trkpt lat="47.65083769527065" lon="20.725946264112324">
				<ele>104.23672112915665</ele>
				<time>2026-06-14T12:59:52Z</time>
			</trkpt>
			<trkpt lat="47.65085208771797" lon="20.72596332188764">
				<ele>102.55084153451025</ele>
				<time>2026-06-14T12:59:54Z</time>
			</trkpt>
			<trkpt lat="47.650864537442295" lon="20.72598186044752">
				<ele>101.70631636958569</ele>
				<time>2026-06-14T12:59:56Z</time>
			</trkpt>
			<trkpt lat="47.650881471246215" lon="20.726009933979213">
				<ele>99.52553000859916</ele>
				<time>2026-06-14T13:00:00Z</time>
			</trkpt>
			<trkpt lat="47.6509003105706" lon="20.726031785892985">
				<ele>98.68049461580813</ele>
				<time>2026-06-14T13:00:03Z</time>
			</trkpt>
			<trkpt lat="47.650916132218065" lon="20.726049029194176">
				<ele>98.48345671221614</ele>
				<time>2026-06-14T13:00:05Z</time>
			</trkpt>
			<trkpt lat="47.650937488157496" lon="20.72606527536375">
				<ele>96.7024832861498</ele>
				<time>2026-06-14T13:00:10Z</time>
			</trkpt>
			<trkpt lat="47.650959794298856" lon="20.726076751663314">
				<ele>97.14632326364517</ele>
				<time>2026-06-14T13:00:14Z</time>
			</trkpt>
			<trkpt lat="47.65099237148981" lon="20.726081785900806">
				<ele>96.23540496826172</ele>
				<time>2026-06-14T13:00:23Z</time>
			</trkpt>
			<trkpt lat="47.65101721949974" lon="20.726088148651606">
				<ele>95.98130063060671</ele>
				<time>2026-06-14T13:00:31Z</time>
			</trkpt>
			<trkpt lat="47.65104216580832" lon="20.726085565156794">
				<ele>96.56264347489923</ele>
				<time>2026-06-14T13:00:44Z</time>
			</trkpt>
			<trkpt lat="47.65105413235232" lon="20.72607610518828">
				<ele>97.54283980559558</ele>
				<time>2026-06-14T13:00:48Z</time>
			</trkpt>
			<trkpt lat="47.651072251387774" lon="20.726072383413346">
				<ele>96.58609928376973</ele>
				<time>2026-06-14T13:00:55Z</time>
			</trkpt>
			<trkpt lat="47.65108585371461" lon="20.72606250467316">
				<ele>96.86654426343739</ele>
				<time>2026-06-14T13:00:59Z</time>
			</trkpt>
			<trkpt lat="47.65109216826221" lon="20.726041795996316">
				<ele>95.43133582733572</ele>
				<time>2026-06-14T13:01:05Z</time>
			</trkpt>
			<trkpt lat="47.65109555900643" lon="20.72601450571125">
				<ele>95.70832436811179</ele>
				<time>2026-06-14T13:01:13Z</time>
			</trkpt>
			<trkpt lat="47.651099788407436" lon="20.72599393187504">
				<ele>95.3564287647605</ele>
				<time>2026-06-14T13:01:16Z</time>
			</trkpt>
			<trkpt lat="47.65111044484143" lon="20.725971602147773">
				<ele>94.42680681217462</ele>
				<time>2026-06-14T13:01:19Z</time>
			</trkpt>
			<trkpt lat="47.65112530906666" lon="20.725956793790537">
				<ele>94.41512446198612</ele>
				<time>2026-06-14T13:01:22Z</time>
			</trkpt>
			<trkpt lat="47.651146985306816" lon="20.72595140153631">
				<ele>93.8028311477974</ele>
				<time>2026-06-14T13:01:26Z</time>
			</trkpt>
			<trkpt lat="47.651182222669576" lon="20.725965014671687">
				<ele>93.74932616669685</ele>
				<time>2026-06-14T13:01:29Z</time>
			</trkpt>
			<trkpt lat="47.65121050219174" lon="20.72599206154866">
				<ele>93.21539795957506</ele>
				<time>2026-06-14T13:01:33Z</time>
			</trkpt>
			<trkpt lat="47.651222705903734" lon="20.726002813850023">
				<ele>92.94031887874007</ele>
				<time>2026-06-14T13:01:36Z</time>
			</trkpt>
			<trkpt lat="47.65123643401535" lon="20.72600468095373">
				<ele>93.44747769832611</ele>
				<time>2026-06-14T13:01:38Z</time>
			</trkpt>
			<trkpt lat="47.65125356647051" lon="20.72600229997683">
				<ele>92.9490529615432</ele>
				<time>2026-06-14T13:01:41Z</time>
			</trkpt>
			<trkpt lat="47.65126926254114" lon="20.72600286924654">
				<ele>93.48889866098762</ele>
				<time>2026-06-14T13:01:43Z</time>
			</trkpt>
			<trkpt lat="47.6512864823639" lon="20.72600557388076">
				<ele>93.65015379618853</ele>
				<time>2026-06-14T13:01:45Z</time>
			</trkpt>
			<trkpt lat="47.65130409009941" lon="20.726010318085702">
				<ele>93.35978454351425</ele>
				<time>2026-06-14T13:01:47Z</time>
			</trkpt>
			<trkpt lat="47.65132172209492" lon="20.726016368305533">
				<ele>93.47654311452061</ele>
				<time>2026-06-14T13:01:49Z</time>
			</trkpt>
			<trkpt lat="47.65133882571703" lon="20.72602621640728">
				<ele>94.00113458558917</ele>
				<time>2026-06-14T13:01:51Z</time>
			</trkpt>
			<trkpt lat="47.65135424654566" lon="20.72604093492119">
				<ele>93.49192469473928</ele>
				<time>2026-06-14T13:01:53Z</time>
			</trkpt>
			<trkpt lat="47.65137016680915" lon="20.726062232661096">
				<ele>92.58453278243542</ele>
				<time>2026-06-14T13:01:56Z</time>
			</trkpt>
			<trkpt lat="47.651380779139174" lon="20.726091953004733">
				<ele>92.47518252301961</ele>
				<time>2026-06-14T13:01:59Z</time>
			</trkpt>
			<trkpt lat="47.6513875272953" lon="20.726123662344715">
				<ele>92.44606365356594</ele>
				<time>2026-06-14T13:02:02Z</time>
			</trkpt>
			<trkpt lat="47.65138651596162" lon="20.726152594468257">
				<ele>92.08410778734833</ele>
				<time>2026-06-14T13:02:05Z</time>
			</trkpt>
			<trkpt lat="47.651380391666706" lon="20.72617322009444">
				<ele>91.99442012421787</ele>
				<time>2026-06-14T13:02:07Z</time>
			</trkpt>
			<trkpt lat="47.65136535412985" lon="20.72620264611818">
				<ele>92.45086458791047</ele>
				<time>2026-06-14T13:02:09Z</time>
			</trkpt>
			<trkpt lat="47.651348156566236" lon="20.726231569113015">
				<ele>92.25808055978268</ele>
				<time>2026-06-14T13:02:12Z</time>
			</trkpt>
			<trkpt lat="47.65134117692708" lon="20.726254200194017">
				<ele>91.77123941946775</ele>
				<time>2026-06-14T13:02:16Z</time>
			</trkpt>
			<trkpt lat="47.651337647327225" lon="20.726287897262868">
				<ele>92.91025961842388</ele>
				<time>2026-06-14T13:02:18Z</time>
			</trkpt>
			<trkpt lat="47.65133596978139" lon="20.726332096856677">
				<ele>93.51930079329759</ele>
				<time>2026-06-14T13:02:23Z</time>
			</trkpt>
			<trkpt lat="47.65133877524963" lon="20.726363039911554">
				<ele>92.92502496857196</ele>
				<time>2026-06-14T13:02:25Z</time>
			</trkpt>
			<trkpt lat="47.651346242005296" lon="20.726388826782284">
				<ele>93.59094522800297</ele>
				<time>2026-06-14T13:02:28Z</time>
			</trkpt>
			<trkpt lat="47.65135188955945" lon="20.726404222561907">
				<ele>91.82614249456674</ele>
				<time>2026-06-14T13:02:31Z</time>
			</trkpt>
			<trkpt lat="47.65134857055711" lon="20.726413078863708">
				<ele>92.47449515666813</ele>
				<time>2026-06-14T13:02:38Z</time>
			</trkpt>
			<trkpt lat="47.65135564697919" lon="20.72642342729572">
				<ele>92.43044531159103</ele>
				<time>2026-06-14T13:02:43Z</time>
			</trkpt>
			<trkpt lat="47.65137650486327" lon="20.726418496747254">
				<ele>91.2128379791975</ele>
				<time>2026-06-14T13:02:47Z</time>
			</trkpt>
			<trkpt lat="47.65139777710268" lon="20.726414699218477">
				<ele>92.41817195899785</ele>
				<time>2026-06-14T13:02:50Z</time>
			</trkpt>
			<trkpt lat="47.65142897606574" lon="20.72639983441075">
				<ele>93.85738410428166</ele>
				<time>2026-06-14T13:02:53Z</time>
			</trkpt>
			<trkpt lat="47.65144834638262" lon="20.726388323561594">
				<ele>93.36053603794426</ele>
				<time>2026-06-14T13:02:55Z</time>
			</trkpt>
			<trkpt lat="47.651473182966924" lon="20.726378948508437">
				<ele>94.20011070370674</ele>
				<time>2026-06-14T13:02:58Z</time>
			</trkpt>
			<trkpt lat="47.65149162777435" lon="20.72636943911957">
				<ele>92.55876337271184</ele>
				<time>2026-06-14T13:03:01Z</time>
			</trkpt>
			<trkpt lat="47.65150856228886" lon="20.726370804510406">
				<ele>91.94451510999352</ele>
				<time>2026-06-14T13:03:06Z</time>
			</trkpt>
			<trkpt lat="47.6515336287775" lon="20.72638407014537">
				<ele>91.67407542001456</ele>
				<time>2026-06-14T13:03:13Z</time>
			</trkpt>
			<trkpt lat="47.651552879193495" lon="20.726392241783994">
				<ele>91.60131239145994</ele>
				<time>2026-06-14T13:03:16Z</time>
			</trkpt>
			<trkpt lat="47.65157667036287" lon="20.72640528859829">
				<ele>91.53167137503624</ele>
				<time>2026-06-14T13:03:18Z</time>
			</trkpt>
			<trkpt lat="47.65160157720248" lon="20.72641432523913">
				<ele>90.55208402033895</ele>
				<time>2026-06-14T13:03:21Z</time>
			</trkpt>
			<trkpt lat="47.65162333927924" lon="20.726419059732056">
				<ele>90.95318329893053</ele>
				<time>2026-06-14T13:03:23Z</time>
			</trkpt>
			<trkpt lat="47.651646502001654" lon="20.72642533880666">
				<ele>91.60961398482323</ele>
				<time>2026-06-14T13:03:26Z</time>
			</trkpt>
			<trkpt lat="47.65166390529018" lon="20.72643225163938">
				<ele>91.67088803555816</ele>
				<time>2026-06-14T13:03:29Z</time>
			</trkpt>
			<trkpt lat="47.65168496274547" lon="20.726443222515798">
				<ele>91.46689467225224</ele>
				<time>2026-06-14T13:03:32Z</time>
			</trkpt>
			<trkpt lat="47.6517087981106" lon="20.726458348194214">
				<ele>91.4879851564765</ele>
				<time>2026-06-14T13:03:35Z</time>
			</trkpt>
			<trkpt lat="47.65173121105642" lon="20.726474944857962">
				<ele>90.7852210700512</ele>
				<time>2026-06-14T13:03:38Z</time>
			</trkpt>
			<trkpt lat="47.65174877894701" lon="20.726488450972475">
				<ele>90.97701029200107</ele>
				<time>2026-06-14T13:03:41Z</time>
			</trkpt>
			<trkpt lat="47.651765395367136" lon="20.726499872230683">
				<ele>91.20728168450296</ele>
				<time>2026-06-14T13:03:44Z</time>
			</trkpt>
			<trkpt lat="47.65178522433885" lon="20.72650965257346">
				<ele>91.44645065255463</ele>
				<time>2026-06-14T13:03:48Z</time>
			</trkpt>
			<trkpt lat="47.6518086736785" lon="20.726515665673627">
				<ele>90.74892955832183</ele>
				<time>2026-06-14T13:03:52Z</time>
			</trkpt>
			<trkpt lat="47.651831742046056" lon="20.726521892174908">
				<ele>89.04255594220012</ele>
				<time>2026-06-14T13:03:54Z</time>
			</trkpt>
			<trkpt lat="47.65185616559544" lon="20.726531792201023">
				<ele>90.23827134724706</ele>
				<time>2026-06-14T13:03:58Z</time>
			</trkpt>
			<trkpt lat="47.65185532156392" lon="20.726525244892777">
				<ele>91.07255051191896</ele>
				<time>2026-06-14T13:04:16Z</time>
			</trkpt>
			<trkpt lat="47.651840689923155" lon="20.726505457000012">
				<ele>92.07001456618309</ele>
				<time>2026-06-14T13:04:37Z</time>
			</trkpt>
			<trkpt lat="47.65185523271481" lon="20.726494651844003">
				<ele>91.23271689005196</ele>
				<time>2026-06-14T13:05:00Z</time>
			</trkpt>
			<trkpt lat="47.65186737519218" lon="20.726478431712245">
				<ele>90.0949312550947</ele>
				<time>2026-06-14T13:05:05Z</time>
			</trkpt>
			<trkpt lat="47.651876470052215" lon="20.726461870401643">
				<ele>91.41273031849414</ele>
				<time>2026-06-14T13:05:08Z</time>
			</trkpt>
			<trkpt lat="47.65188903987808" lon="20.72643720265935">
				<ele>90.21829023212194</ele>
				<time>2026-06-14T13:05:13Z</time>
			</trkpt>
			<trkpt lat="47.65191000350269" lon="20.72641209491088">
				<ele>90.16937822010368</ele>
				<time>2026-06-14T13:05:21Z</time>
			</trkpt>
			<trkpt lat="47.65191291555631" lon="20.726378578840414">
				<ele>91.45560883637518</ele>
				<time>2026-06-14T13:05:46Z</time>
			</trkpt>
			<trkpt lat="47.65191379101576" lon="20.726351679388383">
				<ele>90.52475896850228</ele>
				<time>2026-06-14T13:06:07Z</time>
			</trkpt>
			<trkpt lat="47.65191776786545" lon="20.726327850719116">
				<ele>91.04046822804958</ele>
				<time>2026-06-14T13:06:13Z</time>
			</trkpt>
			<trkpt lat="47.65192546688881" lon="20.72630066591864">
				<ele>90.2426268234849</ele>
				<time>2026-06-14T13:06:22Z</time>
			</trkpt>
			<trkpt lat="47.65194991167225" lon="20.726275004621083">
				<ele>91.24902572203428</ele>
				<time>2026-06-14T13:06:52Z</time>
			</trkpt>
			<trkpt lat="47.65195923622449" lon="20.726258184264545">
				<ele>89.1093713818118</ele>
				<time>2026-06-14T13:06:56Z</time>
			</trkpt>
			<trkpt lat="47.65197204152274" lon="20.726225254385525">
				<ele>87.72562000248581</ele>
				<time>2026-06-14T13:06:59Z</time>
			</trkpt>
			<trkpt lat="47.651980716470305" lon="20.72619424389345">
				<ele>89.47923249006271</ele>
				<time>2026-06-14T13:07:02Z</time>
			</trkpt>
			<trkpt lat="47.65199230773751" lon="20.726179018416868">
				<ele>90.47634132299572</ele>
				<time>2026-06-14T13:07:05Z</time>
			</trkpt>
			<trkpt lat="47.65201319446666" lon="20.72617264054311">
				<ele>91.08097085449845</ele>
				<time>2026-06-14T13:07:07Z</time>
			</trkpt>
			<trkpt lat="47.6520378611578" lon="20.726175534234457">
				<ele>91.18680275045335</ele>
				<time>2026-06-14T13:07:09Z</time>
			</trkpt>
			<trkpt lat="47.65205878258431" lon="20.726190053424972">
				<ele>90.16835991013795</ele>
				<time>2026-06-14T13:07:11Z</time>
			</trkpt>
			<trkpt lat="47.652083810446975" lon="20.72621823979248">
				<ele>89.76184047944844</ele>
				<time>2026-06-14T13:07:13Z</time>
			</trkpt>
			<trkpt lat="47.652109532276846" lon="20.72624079851272">
				<ele>89.41783038433641</ele>
				<time>2026-06-14T13:07:15Z</time>
			</trkpt>
			<trkpt lat="47.65213477198228" lon="20.726253285294355">
				<ele>89.31682027410716</ele>
				<time>2026-06-14T13:07:17Z</time>
			</trkpt>
			<trkpt lat="47.6521574521056" lon="20.726278761495674">
				<ele>88.4841526215896</ele>
				<time>2026-06-14T13:07:19Z</time>
			</trkpt>
			<trkpt lat="47.65218303996835" lon="20.726312347072323">
				<ele>87.44005924556404</ele>
				<time>2026-06-14T13:07:21Z</time>
			</trkpt>
			<trkpt lat="47.65219837734404" lon="20.726322206802582">
				<ele>88.10063340794295</ele>
				<time>2026-06-14T13:07:22Z</time>
			</trkpt>
			<trkpt lat="47.65222517396182" lon="20.726341825954567">
				<ele>88.89798240270466</ele>
				<time>2026-06-14T13:07:24Z</time>
			</trkpt>
			<trkpt lat="47.65223985381714" lon="20.726351557727337">
				<ele>88.62419175542891</ele>
				<time>2026-06-14T13:07:25Z</time>
			</trkpt>
			<trkpt lat="47.652268193439056" lon="20.72637898227902">
				<ele>87.72574687562883</ele>
				<time>2026-06-14T13:07:27Z</time>
			</trkpt>
			<trkpt lat="47.652293612237806" lon="20.72640019629407">
				<ele>88.50236299447715</ele>
				<time>2026-06-14T13:07:29Z</time>
			</trkpt>
			<trkpt lat="47.65231495489157" lon="20.72642397041664">
				<ele>87.11074027232826</ele>
				<time>2026-06-14T13:07:31Z</time>
			</trkpt>
			<trkpt lat="47.65233535458939" lon="20.726440945272">
				<ele>87.81425226759166</ele>
				<time>2026-06-14T13:07:33Z</time>
			</trkpt>
			<trkpt lat="47.652363302829585" lon="20.726462618206458">
				<ele>88.20266851503402</ele>
				<time>2026-06-14T13:07:36Z</time>
			</trkpt>
			<trkpt lat="47.652387348153624" lon="20.726480759650435">
				<ele>89.00308716483414</ele>
				<time>2026-06-14T13:07:38Z</time>
			</trkpt>
			<trkpt lat="47.652401771618834" lon="20.72648604268752">
				<ele>89.18264602776617</ele>
				<time>2026-06-14T13:07:40Z</time>
			</trkpt>
			<trkpt lat="47.652423232275076" lon="20.726497766135033">
				<ele>89.34380412381142</ele>
				<time>2026-06-14T13:07:42Z</time>
			</trkpt>
			<trkpt lat="47.652446905809" lon="20.72651813601559">
				<ele>89.8510851515457</ele>
				<time>2026-06-14T13:07:44Z</time>
			</trkpt>
			<trkpt lat="47.6524705443936" lon="20.726544227843377">
				<ele>90.34057098720223</ele>
				<time>2026-06-14T13:07:46Z</time>
			</trkpt>
			<trkpt lat="47.65249514318199" lon="20.72656118602661">
				<ele>90.64766167011112</ele>
				<time>2026-06-14T13:07:48Z</time>
			</trkpt>
			<trkpt lat="47.65250741691859" lon="20.726570290318904">
				<ele>90.59335106052458</ele>
				<time>2026-06-14T13:07:49Z</time>
			</trkpt>
			<trkpt lat="47.65252016157771" lon="20.726589023457485">
				<ele>90.7445452734828</ele>
				<time>2026-06-14T13:07:56Z</time>
			</trkpt>
			<trkpt lat="47.65250056692894" lon="20.726606120244533">
				<ele>91.82040072139353</ele>
				<time>2026-06-14T13:08:09Z</time>
			</trkpt>
			<trkpt lat="47.65248723769747" lon="20.726613441560197">
				<ele>92.21250982489437</ele>
				<time>2026-06-14T13:08:13Z</time>
			</trkpt>
			<trkpt lat="47.65246043451521" lon="20.726614573291407">
				<ele>92.76024679467082</ele>
				<time>2026-06-14T13:08:21Z</time>
			</trkpt>
			<trkpt lat="47.6524357610424" lon="20.726604723560957">
				<ele>92.46225496288389</ele>
				<time>2026-06-14T13:08:26Z</time>
			</trkpt>
			<trkpt lat="47.65242296662906" lon="20.726590998382218">
				<ele>91.9132979363203</ele>
				<time>2026-06-14T13:08:29Z</time>
			</trkpt>
			<trkpt lat="47.6524150136483" lon="20.726567129572206">
				<ele>91.82008321490139</ele>
				<time>2026-06-14T13:08:32Z</time>
			</trkpt>
			<trkpt lat="47.65241751253326" lon="20.726541172962722">
				<ele>91.11000909097493</ele>
				<time>2026-06-14T13:08:35Z</time>
			</trkpt>
			<trkpt lat="47.65242657241462" lon="20.726524890254883">
				<ele>91.64542038738728</ele>
				<time>2026-06-14T13:08:37Z</time>
			</trkpt>
			<trkpt lat="47.65244643352294" lon="20.726510903206407">
				<ele>91.49617835320532</ele>
				<time>2026-06-14T13:08:39Z</time>
			</trkpt>
			<trkpt lat="47.65246730584006" lon="20.726505429080845">
				<ele>91.63416073936969</ele>
				<time>2026-06-14T13:08:41Z</time>
			</trkpt>
			<trkpt lat="47.652496924065524" lon="20.726509803694046">
				<ele>91.57581368554384</ele>
				<time>2026-06-14T13:08:43Z</time>
			</trkpt>
			<trkpt lat="47.65251955515994" lon="20.726513302169298">
				<ele>91.16020166687667</ele>
				<time>2026-06-14T13:08:45Z</time>
			</trkpt>
			<trkpt lat="47.65254324729626" lon="20.726522965308078">
				<ele>91.17818603478372</ele>
				<time>2026-06-14T13:08:47Z</time>
			</trkpt>
			<trkpt lat="47.65257333637727" lon="20.726548002613637">
				<ele>92.89043525326997</ele>
				<time>2026-06-14T13:08:50Z</time>
			</trkpt>
			<trkpt lat="47.65258643558734" lon="20.72656088736549">
				<ele>92.20908008888364</ele>
				<time>2026-06-14T13:08:52Z</time>
			</trkpt>
			<trkpt lat="47.652608929469615" lon="20.726588134942737">
				<ele>91.82827090565115</ele>
				<time>2026-06-14T13:08:55Z</time>
			</trkpt>
			<trkpt lat="47.652632770430984" lon="20.72661520693664">
				<ele>91.21934035606682</ele>
				<time>2026-06-14T13:08:57Z</time>
			</trkpt>
			<trkpt lat="47.652656134599056" lon="20.726633404196697">
				<ele>90.02391708828509</ele>
				<time>2026-06-14T13:08:59Z</time>
			</trkpt>
			<trkpt lat="47.65268283557228" lon="20.72664852074295">
				<ele>91.04401767812669</ele>
				<time>2026-06-14T13:09:01Z</time>
			</trkpt>
			<trkpt lat="47.65270685715228" lon="20.72665811432486">
				<ele>91.11279954109341</ele>
				<time>2026-06-14T13:09:03Z</time>
			</trkpt>
			<trkpt lat="47.6527345770592" lon="20.726670404100044">
				<ele>90.9249380491674</ele>
				<time>2026-06-14T13:09:05Z</time>
			</trkpt>
			<trkpt lat="47.65276100034401" lon="20.72668047392607">
				<ele>90.51601960603148</ele>
				<time>2026-06-14T13:09:07Z</time>
			</trkpt>
			<trkpt lat="47.65277685701542" lon="20.72668701178432">
				<ele>90.75862662494183</ele>
				<time>2026-06-14T13:09:08Z</time>
			</trkpt>
			<trkpt lat="47.652807998976925" lon="20.72669024099623">
				<ele>91.26844247989357</ele>
				<time>2026-06-14T13:09:10Z</time>
			</trkpt>
			<trkpt lat="47.65284079416987" lon="20.726690950234413">
				<ele>91.16736326925457</ele>
				<time>2026-06-14T13:09:12Z</time>
			</trkpt>
			<trkpt lat="47.65287256304728" lon="20.726687298136657">
				<ele>91.54384746588767</ele>
				<time>2026-06-14T13:09:14Z</time>
			</trkpt>
			<trkpt lat="47.652902728326254" lon="20.726686671141042">
				<ele>92.16466490272433</ele>
				<time>2026-06-14T13:09:16Z</time>
			</trkpt>
			<trkpt lat="47.65293643004515" lon="20.72668284097749">
				<ele>91.7786524053663</ele>
				<time>2026-06-14T13:09:18Z</time>
			</trkpt>
			<trkpt lat="47.65296546828604" lon="20.726675891852057">
				<ele>92.78353452216834</ele>
				<time>2026-06-14T13:09:20Z</time>
			</trkpt>
			<trkpt lat="47.65299400214404" lon="20.726672474847614">
				<ele>92.03208511322737</ele>
				<time>2026-06-14T13:09:22Z</time>
			</trkpt>
			<trkpt lat="47.65302341655306" lon="20.72667114263485">
				<ele>91.88363585434854</ele>
				<time>2026-06-14T13:09:24Z</time>
			</trkpt>
			<trkpt lat="47.65305260322768" lon="20.726674205132763">
				<ele>92.48166670836508</ele>
				<time>2026-06-14T13:09:26Z</time>
			</trkpt>
			<trkpt lat="47.65308455419057" lon="20.72667873519016">
				<ele>93.59388968255371</ele>
				<time>2026-06-14T13:09:28Z</time>
			</trkpt>
			<trkpt lat="47.653114241796246" lon="20.72668460726695">
				<ele>92.82622328866273</ele>
				<time>2026-06-14T13:09:30Z</time>
			</trkpt>
			<trkpt lat="47.653142571678586" lon="20.726693534290494">
				<ele>93.22319880872965</ele>
				<time>2026-06-14T13:09:32Z</time>
			</trkpt>
			<trkpt lat="47.65317165745414" lon="20.726698552776252">
				<ele>93.10890162084252</ele>
				<time>2026-06-14T13:09:34Z</time>
			</trkpt>
			<trkpt lat="47.653201969226494" lon="20.72670452852425">
				<ele>93.42535426653922</ele>
				<time>2026-06-14T13:09:36Z</time>
			</trkpt>
			<trkpt lat="47.65323272675748" lon="20.726717775231005">
				<ele>92.2350670862943</ele>
				<time>2026-06-14T13:09:38Z</time>
			</trkpt>
			<trkpt lat="47.6532597000944" lon="20.726725506494198">
				<ele>92.18100989423692</ele>
				<time>2026-06-14T13:09:40Z</time>
			</trkpt>
			<trkpt lat="47.65327720970669" lon="20.726730308060638">
				<ele>92.59763223864138</ele>
				<time>2026-06-14T13:09:41Z</time>
			</trkpt>
			<trkpt lat="47.653309165268304" lon="20.72673475597223">
				<ele>92.06134404428303</ele>
				<time>2026-06-14T13:09:43Z</time>
			</trkpt>
			<trkpt lat="47.653340268760864" lon="20.72673388998301">
				<ele>92.38849047850817</ele>
				<time>2026-06-14T13:09:45Z</time>
			</trkpt>
			<trkpt lat="47.65336877617738" lon="20.726740587770372">
				<ele>92.39643799513578</ele>
				<time>2026-06-14T13:09:47Z</time>
			</trkpt>
			<trkpt lat="47.65339604289213" lon="20.726745378014474">
				<ele>92.28865588828921</ele>
				<time>2026-06-14T13:09:49Z</time>
			</trkpt>
			<trkpt lat="47.65341644679309" lon="20.726749755679652">
				<ele>91.49068917520344</ele>
				<time>2026-06-14T13:09:50Z</time>
			</trkpt>
			<trkpt lat="47.65345075990373" lon="20.726758438537008">
				<ele>92.12665840052068</ele>
				<time>2026-06-14T13:09:52Z</time>
			</trkpt>
			<trkpt lat="47.65348531637857" lon="20.726766579122103">
				<ele>92.10464750602841</ele>
				<time>2026-06-14T13:09:54Z</time>
			</trkpt>
			<trkpt lat="47.653515524728334" lon="20.726776960194783">
				<ele>93.24056361522526</ele>
				<time>2026-06-14T13:09:56Z</time>
			</trkpt>
			<trkpt lat="47.653536916448594" lon="20.726786013847924">
				<ele>93.21154300589114</ele>
				<time>2026-06-14T13:09:58Z</time>
			</trkpt>
			<trkpt lat="47.65356180479905" lon="20.726794149195946">
				<ele>93.16055159084499</ele>
				<time>2026-06-14T13:10:00Z</time>
			</trkpt>
			<trkpt lat="47.65358501023192" lon="20.726804389977968">
				<ele>92.91685160063207</ele>
				<time>2026-06-14T13:10:02Z</time>
			</trkpt>
			<trkpt lat="47.65360819809174" lon="20.726822568040948">
				<ele>92.82122385129333</ele>
				<time>2026-06-14T13:10:04Z</time>
			</trkpt>
			<trkpt lat="47.65362382446424" lon="20.72682982420002">
				<ele>92.45334671717137</ele>
				<time>2026-06-14T13:10:05Z</time>
			</trkpt>
			<trkpt lat="47.65364796773683" lon="20.72683701306052">
				<ele>92.54662538599223</ele>
				<time>2026-06-14T13:10:07Z</time>
			</trkpt>
			<trkpt lat="47.65367697573672" lon="20.726848110602862">
				<ele>92.24434241652489</ele>
				<time>2026-06-14T13:10:09Z</time>
			</trkpt>
			<trkpt lat="47.65371588889137" lon="20.726863154233587">
				<ele>91.84784391708672</ele>
				<time>2026-06-14T13:10:12Z</time>
			</trkpt>
			<trkpt lat="47.65374364236289" lon="20.72686833688158">
				<ele>91.88103641569614</ele>
				<time>2026-06-14T13:10:14Z</time>
			</trkpt>
			<trkpt lat="47.65377404333336" lon="20.72688061419766">
				<ele>91.37178726959974</ele>
				<time>2026-06-14T13:10:16Z</time>
			</trkpt>
			<trkpt lat="47.65380147120178" lon="20.726891896073543">
				<ele>90.96895381063223</ele>
				<time>2026-06-14T13:10:18Z</time>
			</trkpt>
			<trkpt lat="47.65382857521039" lon="20.726900594689024">
				<ele>91.06635423377156</ele>
				<time>2026-06-14T13:10:20Z</time>
			</trkpt>
			<trkpt lat="47.65385735891703" lon="20.726908593364858">
				<ele>90.98956768028438</ele>
				<time>2026-06-14T13:10:22Z</time>
			</trkpt>
			<trkpt lat="47.65388115744307" lon="20.726912710294577">
				<ele>91.95103502646089</ele>
				<time>2026-06-14T13:10:24Z</time>
			</trkpt>
			<trkpt lat="47.6538950091301" lon="20.72691547029379">
				<ele>91.56848499458283</ele>
				<time>2026-06-14T13:10:25Z</time>
			</trkpt>
			<trkpt lat="47.65391110186181" lon="20.726919409338755">
				<ele>91.09531653020531</ele>
				<time>2026-06-14T13:10:26Z</time>
			</trkpt>
			<trkpt lat="47.65394188154315" lon="20.726924645460322">
				<ele>90.89095519296825</ele>
				<time>2026-06-14T13:10:28Z</time>
			</trkpt>
			<trkpt lat="47.65396904506945" lon="20.726928268178703">
				<ele>90.86029293015599</ele>
				<time>2026-06-14T13:10:30Z</time>
			</trkpt>
			<trkpt lat="47.65398722439608" lon="20.726932163738976">
				<ele>91.0825423784554</ele>
				<time>2026-06-14T13:10:31Z</time>
			</trkpt>
			<trkpt lat="47.654018148110644" lon="20.72693654711901">
				<ele>91.22970163170248</ele>
				<time>2026-06-14T13:10:33Z</time>
			</trkpt>
			<trkpt lat="47.65404725059412" lon="20.72694289975926">
				<ele>91.5855543622747</ele>
				<time>2026-06-14T13:10:35Z</time>
			</trkpt>
			<trkpt lat="47.65407927452933" lon="20.72694940380336">
				<ele>91.79564598947763</ele>
				<time>2026-06-14T13:10:37Z</time>
			</trkpt>
			<trkpt lat="47.65410203639632" lon="20.726954456664824">
				<ele>91.74149269238114</ele>
				<time>2026-06-14T13:10:39Z</time>
			</trkpt>
			<trkpt lat="47.65411575064056" lon="20.726958494689523">
				<ele>91.53703051246703</ele>
				<time>2026-06-14T13:10:40Z</time>
			</trkpt>
			<trkpt lat="47.65414673505433" lon="20.7269756274591">
				<ele>92.91719529312104</ele>
				<time>2026-06-14T13:10:42Z</time>
			</trkpt>
			<trkpt lat="47.65417670383584" lon="20.726987719809657">
				<ele>92.55902859475464</ele>
				<time>2026-06-14T13:10:44Z</time>
			</trkpt>
			<trkpt lat="47.65420828595386" lon="20.726994433901982">
				<ele>93.32231238950044</ele>
				<time>2026-06-14T13:10:46Z</time>
			</trkpt>
			<trkpt lat="47.65424352632923" lon="20.727007633430897">
				<ele>93.42415363714099</ele>
				<time>2026-06-14T13:10:48Z</time>
			</trkpt>
			<trkpt lat="47.654274081298574" lon="20.727021886542666">
				<ele>93.4891554415226</ele>
				<time>2026-06-14T13:10:50Z</time>
			</trkpt>
			<trkpt lat="47.654301805665966" lon="20.72703933391867">
				<ele>93.45206855516881</ele>
				<time>2026-06-14T13:10:52Z</time>
			</trkpt>
			<trkpt lat="47.65433278015962" lon="20.7270567909875">
				<ele>93.68749347608536</ele>
				<time>2026-06-14T13:10:54Z</time>
			</trkpt>
			<trkpt lat="47.654349991401624" lon="20.72706172101776">
				<ele>92.8998591331765</ele>
				<time>2026-06-14T13:10:55Z</time>
			</trkpt>
			<trkpt lat="47.65438526029637" lon="20.727076693300383">
				<ele>92.70437539368868</ele>
				<time>2026-06-14T13:10:57Z</time>
			</trkpt>
			<trkpt lat="47.65441115737708" lon="20.727085900496242">
				<ele>92.3465781584382</ele>
				<time>2026-06-14T13:10:59Z</time>
			</trkpt>
			<trkpt lat="47.65442619443354" lon="20.727095160991944">
				<ele>92.47159760072827</ele>
				<time>2026-06-14T13:11:00Z</time>
			</trkpt>
			<trkpt lat="47.65445622508307" lon="20.727107425940968">
				<ele>92.52815490216017</ele>
				<time>2026-06-14T13:11:02Z</time>
			</trkpt>
			<trkpt lat="47.654487021467716" lon="20.72711856180189">
				<ele>92.65535482950509</ele>
				<time>2026-06-14T13:11:04Z</time>
			</trkpt>
			<trkpt lat="47.65451801153218" lon="20.727124279715387">
				<ele>92.95419480558485</ele>
				<time>2026-06-14T13:11:06Z</time>
			</trkpt>
			<trkpt lat="47.65454932984616" lon="20.727126063529433">
				<ele>91.68454039096832</ele>
				<time>2026-06-14T13:11:08Z</time>
			</trkpt>
			<trkpt lat="47.654576587520246" lon="20.727126280645358">
				<ele>91.35326349269599</ele>
				<time>2026-06-14T13:11:10Z</time>
			</trkpt>
			<trkpt lat="47.654592000644456" lon="20.727128925691737">
				<ele>91.40522034373134</ele>
				<time>2026-06-14T13:11:11Z</time>
			</trkpt>
			<trkpt lat="47.65461996052454" lon="20.727142514651465">
				<ele>92.09890419617295</ele>
				<time>2026-06-14T13:11:13Z</time>
			</trkpt>
			<trkpt lat="47.65464313557758" lon="20.727157472020703">
				<ele>91.8490351838991</ele>
				<time>2026-06-14T13:11:15Z</time>
			</trkpt>
			<trkpt lat="47.654669626985225" lon="20.727169289704374">
				<ele>91.41863121464849</ele>
				<time>2026-06-14T13:11:17Z</time>
			</trkpt>
			<trkpt lat="47.65469784527587" lon="20.7271875549284">
				<ele>90.98798687104136</ele>
				<time>2026-06-14T13:11:19Z</time>
			</trkpt>
			<trkpt lat="47.654725223536055" lon="20.72720936550482">
				<ele>90.37914507463574</ele>
				<time>2026-06-14T13:11:21Z</time>
			</trkpt>
			<trkpt lat="47.654730347364115" lon="20.72723054381415">
				<ele>89.5727226594463</ele>
				<time>2026-06-14T13:11:22Z</time>
			</trkpt>
			<trkpt lat="47.654742916667225" lon="20.727245329974266">
				<ele>90.37418374698609</ele>
				<time>2026-06-14T13:11:23Z</time>
			</trkpt>
			<trkpt lat="47.65476763649741" lon="20.727273343746216">
				<ele>89.60429752618074</ele>
				<time>2026-06-14T13:11:25Z</time>
			</trkpt>
			<trkpt lat="47.65479454558763" lon="20.727303161137844">
				<ele>89.0801998283714</ele>
				<time>2026-06-14T13:11:27Z</time>
			</trkpt>
			<trkpt lat="47.654820724250854" lon="20.72733461493764">
				<ele>90.94389380235225</ele>
				<time>2026-06-14T13:11:29Z</time>
			</trkpt>
			<trkpt lat="47.65483357880392" lon="20.727355597023656">
				<ele>90.2618378540501</ele>
				<time>2026-06-14T13:11:30Z</time>
			</trkpt>
			<trkpt lat="47.65484985366566" lon="20.727375999473587">
				<ele>89.65863111056387</ele>
				<time>2026-06-14T13:11:31Z</time>
			</trkpt>
			<trkpt lat="47.654880177818264" lon="20.727399117811142">
				<ele>90.14393505267799</ele>
				<time>2026-06-14T13:11:33Z</time>
			</trkpt>
			<trkpt lat="47.654908027825336" lon="20.727407722087467">
				<ele>90.3911237521097</ele>
				<time>2026-06-14T13:11:35Z</time>
			</trkpt>
			<trkpt lat="47.65492510633611" lon="20.72740857883261">
				<ele>91.61017198674381</ele>
				<time>2026-06-14T13:11:36Z</time>
			</trkpt>
			<trkpt lat="47.654957637583784" lon="20.727414794064906">
				<ele>91.22458310984075</ele>
				<time>2026-06-14T13:11:38Z</time>
			</trkpt>
			<trkpt lat="47.65498941714903" lon="20.727417690053976">
				<ele>91.05782525893301</ele>
				<time>2026-06-14T13:11:40Z</time>
			</trkpt>
			<trkpt lat="47.65502358026296" lon="20.727425422523698">
				<ele>91.30473635531962</ele>
				<time>2026-06-14T13:11:42Z</time>
			</trkpt>
			<trkpt lat="47.65505270296266" lon="20.727426810969206">
				<ele>92.06039427313954</ele>
				<time>2026-06-14T13:11:44Z</time>
			</trkpt>
			<trkpt lat="47.65506812489511" lon="20.727425061826708">
				<ele>92.40183627046645</ele>
				<time>2026-06-14T13:11:46Z</time>
			</trkpt>
			<trkpt lat="47.655082472783796" lon="20.727426143047353">
				<ele>92.38393781520426</ele>
				<time>2026-06-14T13:11:47Z</time>
			</trkpt>
			<trkpt lat="47.65510421783371" lon="20.727437980993933">
				<ele>92.36149844713509</ele>
				<time>2026-06-14T13:11:49Z</time>
			</trkpt>
			<trkpt lat="47.65511912452555" lon="20.72745152459323">
				<ele>91.88604727294296</ele>
				<time>2026-06-14T13:11:50Z</time>
			</trkpt>
			<trkpt lat="47.655146016019195" lon="20.727474343166527">
				<ele>92.06573361717165</ele>
				<time>2026-06-14T13:11:52Z</time>
			</trkpt>
			<trkpt lat="47.65515749259732" lon="20.727494224805408">
				<ele>92.02931007742882</ele>
				<time>2026-06-14T13:11:53Z</time>
			</trkpt>
			<trkpt lat="47.65517547574438" lon="20.727531134639236">
				<ele>91.31325329095125</ele>
				<time>2026-06-14T13:11:55Z</time>
			</trkpt>
			<trkpt lat="47.655187083334866" lon="20.72755136422386">
				<ele>91.3491411106661</ele>
				<time>2026-06-14T13:11:56Z</time>
			</trkpt>
			<trkpt lat="47.655203610581246" lon="20.727582363232244">
				<ele>92.5318164974451</ele>
				<time>2026-06-14T13:11:58Z</time>
			</trkpt>
			<trkpt lat="47.655215125642464" lon="20.72759714109955">
				<ele>92.14644867181778</ele>
				<time>2026-06-14T13:11:59Z</time>
			</trkpt>
			<trkpt lat="47.65523196554588" lon="20.727615778711538">
				<ele>92.67944052722305</ele>
				<time>2026-06-14T13:12:00Z</time>
			</trkpt>
			<trkpt lat="47.65526854733086" lon="20.72763886128888">
				<ele>92.71306853927672</ele>
				<time>2026-06-14T13:12:02Z</time>
			</trkpt>
			<trkpt lat="47.65530141726445" lon="20.7276444950399">
				<ele>92.85427014250308</ele>
				<time>2026-06-14T13:12:04Z</time>
			</trkpt>
			<trkpt lat="47.65531504747516" lon="20.727655549084314">
				<ele>93.21549768000841</ele>
				<time>2026-06-14T13:12:05Z</time>
			</trkpt>
			<trkpt lat="47.65534238006419" lon="20.727678939834725">
				<ele>92.75989459175617</ele>
				<time>2026-06-14T13:12:07Z</time>
			</trkpt>
			<trkpt lat="47.65537206276899" lon="20.727695446958975">
				<ele>94.23055502586067</ele>
				<time>2026-06-14T13:12:09Z</time>
			</trkpt>
			<trkpt lat="47.655390739921884" lon="20.727709182501144">
				<ele>94.07219246961176</ele>
				<time>2026-06-14T13:12:10Z</time>
			</trkpt>
			<trkpt lat="47.65542449870288" lon="20.727741492064776">
				<ele>92.8184515517205</ele>
				<time>2026-06-14T13:12:12Z</time>
			</trkpt>
			<trkpt lat="47.65545845923063" lon="20.727771729520047">
				<ele>93.76138184592128</ele>
				<time>2026-06-14T13:12:14Z</time>
			</trkpt>
			<trkpt lat="47.655487961058" lon="20.727784426889404">
				<ele>91.3482861444354</ele>
				<time>2026-06-14T13:12:16Z</time>
			</trkpt>
			<trkpt lat="47.655499175646845" lon="20.72779527878656">
				<ele>91.71585794724524</ele>
				<time>2026-06-14T13:12:17Z</time>
			</trkpt>
			<trkpt lat="47.655512720139974" lon="20.727807644533872">
				<ele>92.0027852319181</ele>
				<time>2026-06-14T13:12:18Z</time>
			</trkpt>
			<trkpt lat="47.655537393305345" lon="20.727841117978098">
				<ele>92.77533230185509</ele>
				<time>2026-06-14T13:12:20Z</time>
			</trkpt>
			<trkpt lat="47.655550227652675" lon="20.727861815029975">
				<ele>92.42245931364596</ele>
				<time>2026-06-14T13:12:21Z</time>
			</trkpt>
			<trkpt lat="47.655571307383234" lon="20.727897094507156">
				<ele>91.37195295188576</ele>
				<time>2026-06-14T13:12:23Z</time>
			</trkpt>
			<trkpt lat="47.65558158362427" lon="20.72791459880496">
				<ele>90.85666737426072</ele>
				<time>2026-06-14T13:12:24Z</time>
			</trkpt>
			<trkpt lat="47.65559143083784" lon="20.727938237447148">
				<ele>91.41976877767593</ele>
				<time>2026-06-14T13:12:25Z</time>
			</trkpt>
			<trkpt lat="47.65560376901694" lon="20.727958335162143">
				<ele>91.52482080459595</ele>
				<time>2026-06-14T13:12:26Z</time>
			</trkpt>
			<trkpt lat="47.655615077375586" lon="20.727981681876557">
				<ele>91.53021884895861</ele>
				<time>2026-06-14T13:12:27Z</time>
			</trkpt>
			<trkpt lat="47.65563562584471" lon="20.72802378457">
				<ele>90.83787337876856</ele>
				<time>2026-06-14T13:12:29Z</time>
			</trkpt>
			<trkpt lat="47.655647450222936" lon="20.728041455793758">
				<ele>91.04268319625407</ele>
				<time>2026-06-14T13:12:30Z</time>
			</trkpt>
			<trkpt lat="47.65567030711216" lon="20.728079328561073">
				<ele>90.62251123599708</ele>
				<time>2026-06-14T13:12:32Z</time>
			</trkpt>
			<trkpt lat="47.65568435394311" lon="20.72810177831643">
				<ele>90.95771160069853</ele>
				<time>2026-06-14T13:12:33Z</time>
			</trkpt>
			<trkpt lat="47.655709328497" lon="20.72813996915726">
				<ele>90.46330201253295</ele>
				<time>2026-06-14T13:12:35Z</time>
			</trkpt>
			<trkpt lat="47.65573012147935" lon="20.728174137646786">
				<ele>90.51684012077749</ele>
				<time>2026-06-14T13:12:37Z</time>
			</trkpt>
			<trkpt lat="47.65574004617513" lon="20.728195874674203">
				<ele>90.12126135826111</ele>
				<time>2026-06-14T13:12:38Z</time>
			</trkpt>
			<trkpt lat="47.655759665036186" lon="20.728231452480227">
				<ele>90.56307456735522</ele>
				<time>2026-06-14T13:12:40Z</time>
			</trkpt>
			<trkpt lat="47.65577080146202" lon="20.72824977550963">
				<ele>90.89147650077939</ele>
				<time>2026-06-14T13:12:41Z</time>
			</trkpt>
			<trkpt lat="47.65579172315396" lon="20.728290531651535">
				<ele>90.44699772633612</ele>
				<time>2026-06-14T13:12:43Z</time>
			</trkpt>
			<trkpt lat="47.65580928706731" lon="20.72832548895596">
				<ele>90.47662852983922</ele>
				<time>2026-06-14T13:12:45Z</time>
			</trkpt>
			<trkpt lat="47.655820202711766" lon="20.72834199281278">
				<ele>90.59956056717783</ele>
				<time>2026-06-14T13:12:46Z</time>
			</trkpt>
			<trkpt lat="47.655843273573225" lon="20.72837210352274">
				<ele>90.9492160808295</ele>
				<time>2026-06-14T13:12:48Z</time>
			</trkpt>
			<trkpt lat="47.65585502614584" lon="20.72839140651672">
				<ele>90.62956217676401</ele>
				<time>2026-06-14T13:12:49Z</time>
			</trkpt>
			<trkpt lat="47.655873731437225" lon="20.728430238075813">
				<ele>90.14670502115041</ele>
				<time>2026-06-14T13:12:51Z</time>
			</trkpt>
			<trkpt lat="47.65589121337054" lon="20.728460905862196">
				<ele>90.2493733111769</ele>
				<time>2026-06-14T13:12:53Z</time>
			</trkpt>
			<trkpt lat="47.655909598026106" lon="20.728496113283157">
				<ele>89.90947459358722</ele>
				<time>2026-06-14T13:12:55Z</time>
			</trkpt>
			<trkpt lat="47.65592956083504" lon="20.728533205116737">
				<ele>90.12458139192313</ele>
				<time>2026-06-14T13:12:57Z</time>
			</trkpt>
			<trkpt lat="47.65595050844963" lon="20.72857493122795">
				<ele>89.7133141439408</ele>
				<time>2026-06-14T13:12:59Z</time>
			</trkpt>
			<trkpt lat="47.65596954062459" lon="20.72861698341097">
				<ele>90.29370859172195</ele>
				<time>2026-06-14T13:13:01Z</time>
			</trkpt>
			<trkpt lat="47.655985632306056" lon="20.72865142897651">
				<ele>90.48218754306436</ele>
				<time>2026-06-14T13:13:03Z</time>
			</trkpt>
			<trkpt lat="47.6559992289968" lon="20.72869489370052">
				<ele>90.69047092925757</ele>
				<time>2026-06-14T13:13:05Z</time>
			</trkpt>
			<trkpt lat="47.65601097675052" lon="20.728734328900444">
				<ele>90.57460969593376</ele>
				<time>2026-06-14T13:13:07Z</time>
			</trkpt>
			<trkpt lat="47.656024935633546" lon="20.72877904657099">
				<ele>90.05228594597429</ele>
				<time>2026-06-14T13:13:09Z</time>
			</trkpt>
			<trkpt lat="47.656045188418936" lon="20.728828124561314">
				<ele>90.58838161919266</ele>
				<time>2026-06-14T13:13:11Z</time>
			</trkpt>
			<trkpt lat="47.65605898339501" lon="20.728864912646298">
				<ele>90.71222530119121</ele>
				<time>2026-06-14T13:13:13Z</time>
			</trkpt>
			<trkpt lat="47.65607107166181" lon="20.728901190686557">
				<ele>90.37437030673027</ele>
				<time>2026-06-14T13:13:15Z</time>
			</trkpt>
			<trkpt lat="47.656086368804864" lon="20.72894138635989">
				<ele>90.59457243140787</ele>
				<time>2026-06-14T13:13:17Z</time>
			</trkpt>
			<trkpt lat="47.65610015845718" lon="20.72898168483615">
				<ele>90.68052771501243</ele>
				<time>2026-06-14T13:13:19Z</time>
			</trkpt>
			<trkpt lat="47.65611751205883" lon="20.72901394915603">
				<ele>90.60402992367744</ele>
				<time>2026-06-14T13:13:21Z</time>
			</trkpt>
			<trkpt lat="47.65613702054007" lon="20.729040878776914">
				<ele>90.51044932473451</ele>
				<time>2026-06-14T13:13:23Z</time>
			</trkpt>
			<trkpt lat="47.65615662465965" lon="20.729060910243913">
				<ele>90.48091567121446</ele>
				<time>2026-06-14T13:13:25Z</time>
			</trkpt>
			<trkpt lat="47.656169451720615" lon="20.729071276681633">
				<ele>90.57630226109177</ele>
				<time>2026-06-14T13:13:27Z</time>
			</trkpt>
			<trkpt lat="47.65618734341788" lon="20.729085732267777">
				<ele>90.63554583955556</ele>
				<time>2026-06-14T13:13:29Z</time>
			</trkpt>
			<trkpt lat="47.656207329269584" lon="20.729109851761176">
				<ele>90.62317179981619</ele>
				<time>2026-06-14T13:13:31Z</time>
			</trkpt>
			<trkpt lat="47.656226839796936" lon="20.72913374671808">
				<ele>90.7535560335964</ele>
				<time>2026-06-14T13:13:33Z</time>
			</trkpt>
			<trkpt lat="47.65624519976885" lon="20.729159778999954">
				<ele>91.21617600787431</ele>
				<time>2026-06-14T13:13:35Z</time>
			</trkpt>
			<trkpt lat="47.65626150770325" lon="20.72918803406844">
				<ele>91.36089882347733</ele>
				<time>2026-06-14T13:13:37Z</time>
			</trkpt>
			<trkpt lat="47.65627483974395" lon="20.729220340937005">
				<ele>90.8295801570639</ele>
				<time>2026-06-14T13:13:39Z</time>
			</trkpt>
			<trkpt lat="47.65628868357728" lon="20.729254518664323">
				<ele>91.29272460471839</ele>
				<time>2026-06-14T13:13:41Z</time>
			</trkpt>
			<trkpt lat="47.65630255326246" lon="20.729288215515023">
				<ele>91.52008809708059</ele>
				<time>2026-06-14T13:13:43Z</time>
			</trkpt>
			<trkpt lat="47.65631577217059" lon="20.729321254421937">
				<ele>91.78792054578662</ele>
				<time>2026-06-14T13:13:45Z</time>
			</trkpt>
			<trkpt lat="47.656328845314356" lon="20.729353943028702">
				<ele>92.2092444319278</ele>
				<time>2026-06-14T13:13:47Z</time>
			</trkpt>
			<trkpt lat="47.656343507058004" lon="20.729390500659196">
				<ele>91.63568863086402</ele>
				<time>2026-06-14T13:13:49Z</time>
			</trkpt>
			<trkpt lat="47.65635859705306" lon="20.729426608303783">
				<ele>91.98131067398936</ele>
				<time>2026-06-14T13:13:51Z</time>
			</trkpt>
			<trkpt lat="47.656374857843694" lon="20.729453933856732">
				<ele>91.68395186029375</ele>
				<time>2026-06-14T13:13:53Z</time>
			</trkpt>
			<trkpt lat="47.656393336988344" lon="20.729474906641183">
				<ele>91.86953941266984</ele>
				<time>2026-06-14T13:13:55Z</time>
			</trkpt>
			<trkpt lat="47.65641317687795" lon="20.7294926157025">
				<ele>92.26390975899994</ele>
				<time>2026-06-14T13:13:57Z</time>
			</trkpt>
			<trkpt lat="47.65643241908618" lon="20.72950962423483">
				<ele>92.39489381480962</ele>
				<time>2026-06-14T13:13:59Z</time>
			</trkpt>
			<trkpt lat="47.65644486338947" lon="20.729518554078737">
				<ele>92.42268387787044</ele>
				<time>2026-06-14T13:14:01Z</time>
			</trkpt>
			<trkpt lat="47.65645489839706" lon="20.729524648857172">
				<ele>92.56417733710259</ele>
				<time>2026-06-14T13:14:03Z</time>
			</trkpt>
			<trkpt lat="47.656467452532304" lon="20.7295320919555">
				<ele>92.5447868378833</ele>
				<time>2026-06-14T13:14:05Z</time>
			</trkpt>
			<trkpt lat="47.65648540608383" lon="20.729540132328133">
				<ele>92.34170120023191</ele>
				<time>2026-06-14T13:14:08Z</time>
			</trkpt>
			<trkpt lat="47.6565041954523" lon="20.72954911832103">
				<ele>93.74477638024837</ele>
				<time>2026-06-14T13:14:11Z</time>
			</trkpt>
			<trkpt lat="47.65652333672479" lon="20.72955885633175">
				<ele>93.36181213054806</ele>
				<time>2026-06-14T13:14:12Z</time>
			</trkpt>
			<trkpt lat="47.65654971026438" lon="20.72956821654036">
				<ele>93.43659934774041</ele>
				<time>2026-06-14T13:14:14Z</time>
			</trkpt>
			<trkpt lat="47.65657865735124" lon="20.729576426345947">
				<ele>93.51044338848442</ele>
				<time>2026-06-14T13:14:16Z</time>
			</trkpt>
			<trkpt lat="47.65660778748001" lon="20.729587821745202">
				<ele>93.43823365867138</ele>
				<time>2026-06-14T13:14:18Z</time>
			</trkpt>
			<trkpt lat="47.65663968013769" lon="20.729591923096415">
				<ele>93.00232133828104</ele>
				<time>2026-06-14T13:14:20Z</time>
			</trkpt>
			<trkpt lat="47.65666955624028" lon="20.729598947278404">
				<ele>92.96188522130251</ele>
				<time>2026-06-14T13:14:22Z</time>
			</trkpt>
			<trkpt lat="47.65669669909925" lon="20.729598427702413">
				<ele>92.441549859941</ele>
				<time>2026-06-14T13:14:24Z</time>
			</trkpt>
			<trkpt lat="47.656721287580055" lon="20.729596931365535">
				<ele>91.54760437458754</ele>
				<time>2026-06-14T13:14:26Z</time>
			</trkpt>
			<trkpt lat="47.65673913752488" lon="20.729601603628605">
				<ele>91.85239280760288</ele>
				<time>2026-06-14T13:14:27Z</time>
			</trkpt>
			<trkpt lat="47.656769357239135" lon="20.729599308361824">
				<ele>92.28051806334406</ele>
				<time>2026-06-14T13:14:29Z</time>
			</trkpt>
			<trkpt lat="47.65680006696061" lon="20.729598499006098">
				<ele>92.03393589705229</ele>
				<time>2026-06-14T13:14:31Z</time>
			</trkpt>
			<trkpt lat="47.656828581684614" lon="20.729600792598383">
				<ele>93.43963957671076</ele>
				<time>2026-06-14T13:14:33Z</time>
			</trkpt>
			<trkpt lat="47.65685767027939" lon="20.729612153098056">
				<ele>92.48233511298895</ele>
				<time>2026-06-14T13:14:35Z</time>
			</trkpt>
			<trkpt lat="47.65687434734997" lon="20.729622248440144">
				<ele>92.548494188115</ele>
				<time>2026-06-14T13:14:36Z</time>
			</trkpt>
			<trkpt lat="47.65690388677941" lon="20.729638315513736">
				<ele>91.28167203813791</ele>
				<time>2026-06-14T13:14:38Z</time>
			</trkpt>
			<trkpt lat="47.656931173973625" lon="20.72964424911784">
				<ele>92.11444037221372</ele>
				<time>2026-06-14T13:14:40Z</time>
			</trkpt>
			<trkpt lat="47.656945997447885" lon="20.72964514086841">
				<ele>91.57312501780689</ele>
				<time>2026-06-14T13:14:41Z</time>
			</trkpt>
			<trkpt lat="47.65697112236193" lon="20.729646262204135">
				<ele>92.3455274598673</ele>
				<time>2026-06-14T13:14:43Z</time>
			</trkpt>
			<trkpt lat="47.65699695366075" lon="20.729644571139904">
				<ele>92.95946216862649</ele>
				<time>2026-06-14T13:14:45Z</time>
			</trkpt>
			<trkpt lat="47.657020682096174" lon="20.729643732249347">
				<ele>93.10366879682988</ele>
				<time>2026-06-14T13:14:47Z</time>
			</trkpt>
			<trkpt lat="47.657032722490776" lon="20.729645622857568">
				<ele>93.16127488482744</ele>
				<time>2026-06-14T13:14:49Z</time>
			</trkpt>
			<trkpt lat="47.65705235417425" lon="20.72966385753154">
				<ele>92.95274894218892</ele>
				<time>2026-06-14T13:14:51Z</time>
			</trkpt>
			<trkpt lat="47.65706687928141" lon="20.72967961364458">
				<ele>92.82458035368472</ele>
				<time>2026-06-14T13:14:53Z</time>
			</trkpt>
			<trkpt lat="47.657087927535244" lon="20.729700311331726">
				<ele>92.71966300997883</ele>
				<time>2026-06-14T13:14:55Z</time>
			</trkpt>
			<trkpt lat="47.657113511851286" lon="20.729719117683878">
				<ele>92.89356924407184</ele>
				<time>2026-06-14T13:14:57Z</time>
			</trkpt>
			<trkpt lat="47.65712981213078" lon="20.7297302735612">
				<ele>93.00352696795017</ele>
				<time>2026-06-14T13:14:58Z</time>
			</trkpt>
			<trkpt lat="47.65716042273365" lon="20.729743402220983">
				<ele>92.67371700238436</ele>
				<time>2026-06-14T13:15:00Z</time>
			</trkpt>
			<trkpt lat="47.65718973579804" lon="20.729750940435867">
				<ele>92.25757153518498</ele>
				<time>2026-06-14T13:15:02Z</time>
			</trkpt>
			<trkpt lat="47.65721626923479" lon="20.729752922972207">
				<ele>92.69474359788</ele>
				<time>2026-06-14T13:15:04Z</time>
			</trkpt>
			<trkpt lat="47.65724101660198" lon="20.72975071910873">
				<ele>92.603051523678</ele>
				<time>2026-06-14T13:15:06Z</time>
			</trkpt>
			<trkpt lat="47.65726859517391" lon="20.72974995778081">
				<ele>92.50350021384656</ele>
				<time>2026-06-14T13:15:08Z</time>
			</trkpt>
			<trkpt lat="47.657291875038105" lon="20.729756439690146">
				<ele>92.78450764063746</ele>
				<time>2026-06-14T13:15:10Z</time>
			</trkpt>
			<trkpt lat="47.657313096178285" lon="20.729771069675767">
				<ele>93.35209286678582</ele>
				<time>2026-06-14T13:15:12Z</time>
			</trkpt>
			<trkpt lat="47.6573300583407" lon="20.729794507348757">
				<ele>93.1022333400324</ele>
				<time>2026-06-14T13:15:14Z</time>
			</trkpt>
			<trkpt lat="47.657337527189256" lon="20.729812646640514">
				<ele>92.90916955377907</ele>
				<time>2026-06-14T13:15:16Z</time>
			</trkpt>
			<trkpt lat="47.65734156289768" lon="20.72983491226402">
				<ele>92.55859922990203</ele>
				<time>2026-06-14T13:15:19Z</time>
			</trkpt>
			<trkpt lat="47.657344083594516" lon="20.729855778552306">
				<ele>92.2959770904854</ele>
				<time>2026-06-14T13:15:21Z</time>
			</trkpt>
			<trkpt lat="47.6573487098416" lon="20.729884212197767">
				<ele>92.40624704398215</ele>
				<time>2026-06-14T13:15:24Z</time>
			</trkpt>
			<trkpt lat="47.65735466377993" lon="20.72990750558798">
				<ele>92.25904228910804</ele>
				<time>2026-06-14T13:15:26Z</time>
			</trkpt>
			<trkpt lat="47.657363082902386" lon="20.72993984877624">
				<ele>91.97683242801577</ele>
				<time>2026-06-14T13:15:29Z</time>
			</trkpt>
			<trkpt lat="47.65737459748154" lon="20.729976933851336">
				<ele>92.18517192732543</ele>
				<time>2026-06-14T13:15:33Z</time>
			</trkpt>
			<trkpt lat="47.65738677965944" lon="20.730013394803745">
				<ele>92.31666107289493</ele>
				<time>2026-06-14T13:15:38Z</time>
			</trkpt>
			<trkpt lat="47.65740146612101" lon="20.730032637620894">
				<ele>93.12489947210997</ele>
				<time>2026-06-14T13:15:41Z</time>
			</trkpt>
			<trkpt lat="47.657415753037" lon="20.73005869882568">
				<ele>93.67633382044733</ele>
				<time>2026-06-14T13:15:43Z</time>
			</trkpt>
			<trkpt lat="47.6574387971687" lon="20.730064859340715">
				<ele>91.89953949209303</ele>
				<time>2026-06-14T13:15:45Z</time>
			</trkpt>
			<trkpt lat="47.65746036303705" lon="20.730055659995575">
				<ele>91.84933249559253</ele>
				<time>2026-06-14T13:15:47Z</time>
			</trkpt>
			<trkpt lat="47.65747919351667" lon="20.730031017027194">
				<ele>92.17194567248225</ele>
				<time>2026-06-14T13:15:49Z</time>
			</trkpt>
			<trkpt lat="47.657492859397614" lon="20.730002050326156">
				<ele>90.4553240146488</ele>
				<time>2026-06-14T13:15:51Z</time>
			</trkpt>
			<trkpt lat="47.65750420927352" lon="20.72997012837542">
				<ele>90.38835278805345</ele>
				<time>2026-06-14T13:15:53Z</time>
			</trkpt>
			<trkpt lat="47.65751481652724" lon="20.729928460216286">
				<ele>90.54177229292691</ele>
				<time>2026-06-14T13:15:55Z</time>
			</trkpt>
			<trkpt lat="47.65751271244409" lon="20.729890557588924">
				<ele>89.74368418380618</ele>
				<time>2026-06-14T13:15:57Z</time>
			</trkpt>
			<trkpt lat="47.65750421695809" lon="20.729856808277376">
				<ele>89.4005503281951</ele>
				<time>2026-06-14T13:15:59Z</time>
			</trkpt>
			<trkpt lat="47.65750183981804" lon="20.729834671942314">
				<ele>89.45475516654551</ele>
				<time>2026-06-14T13:16:00Z</time>
			</trkpt>
			<trkpt lat="47.65749073219588" lon="20.729803043542514">
				<ele>89.77264886721969</ele>
				<time>2026-06-14T13:16:03Z</time>
			</trkpt>
			<trkpt lat="47.65747601601987" lon="20.72977825601075">
				<ele>89.06982809025794</ele>
				<time>2026-06-14T13:16:05Z</time>
			</trkpt>
			<trkpt lat="47.657461671561265" lon="20.729742100976214">
				<ele>89.47548339981586</ele>
				<time>2026-06-14T13:16:07Z</time>
			</trkpt>
			<trkpt lat="47.657450083669474" lon="20.72970968432122">
				<ele>89.47383338864893</ele>
				<time>2026-06-14T13:16:10Z</time>
			</trkpt>
			<trkpt lat="47.65744196116339" lon="20.729680086846603">
				<ele>89.65908875036985</ele>
				<time>2026-06-14T13:16:12Z</time>
			</trkpt>
			<trkpt lat="47.657439557079776" lon="20.729643130307313">
				<ele>88.94443797320127</ele>
				<time>2026-06-14T13:16:15Z</time>
			</trkpt>
			<trkpt lat="47.657439567632" lon="20.729607508273713">
				<ele>89.80904092174023</ele>
				<time>2026-06-14T13:16:17Z</time>
			</trkpt>
			<trkpt lat="47.65744423362057" lon="20.729568163821078">
				<ele>90.27876110654324</ele>
				<time>2026-06-14T13:16:20Z</time>
			</trkpt>
			<trkpt lat="47.6574492353578" lon="20.729547562753037">
				<ele>89.42020312137902</ele>
				<time>2026-06-14T13:16:22Z</time>
			</trkpt>
			<trkpt lat="47.65746150940363" lon="20.729516205470862">
				<ele>90.86462542507797</ele>
				<time>2026-06-14T13:16:24Z</time>
			</trkpt>
			<trkpt lat="47.657475755418815" lon="20.7294715923834">
				<ele>90.87472348380834</ele>
				<time>2026-06-14T13:16:26Z</time>
			</trkpt>
			<trkpt lat="47.657480905262744" lon="20.72943350991041">
				<ele>90.01165525894612</ele>
				<time>2026-06-14T13:16:29Z</time>
			</trkpt>
			<trkpt lat="47.657483960114156" lon="20.729405781890193">
				<ele>89.1823047855869</ele>
				<time>2026-06-14T13:16:32Z</time>
			</trkpt>
			<trkpt lat="47.65749141689017" lon="20.72938247174858">
				<ele>89.77200930286199</ele>
				<time>2026-06-14T13:16:35Z</time>
			</trkpt>
			<trkpt lat="47.65750176771041" lon="20.72935864757852">
				<ele>89.48253887239844</ele>
				<time>2026-06-14T13:16:39Z</time>
			</trkpt>
			<trkpt lat="47.65750569823305" lon="20.729333790807484">
				<ele>89.99387410376221</ele>
				<time>2026-06-14T13:16:42Z</time>
			</trkpt>
			<trkpt lat="47.657503439283104" lon="20.72929415864643">
				<ele>90.82151104323566</ele>
				<time>2026-06-14T13:16:45Z</time>
			</trkpt>
			<trkpt lat="47.65750087526653" lon="20.72925920064828">
				<ele>90.53270220942795</ele>
				<time>2026-06-14T13:16:48Z</time>
			</trkpt>
			<trkpt lat="47.65750020827301" lon="20.72922708021356">
				<ele>90.37170828785747</ele>
				<time>2026-06-14T13:16:50Z</time>
			</trkpt>
			<trkpt lat="47.6575054975961" lon="20.729178508817583">
				<ele>90.17692391108721</ele>
				<time>2026-06-14T13:16:55Z</time>
			</trkpt>
			<trkpt lat="47.65751735263668" lon="20.72916281550353">
				<ele>90.47836681082845</ele>
				<time>2026-06-14T13:16:58Z</time>
			</trkpt>
			<trkpt lat="47.65753513368094" lon="20.729144700064136">
				<ele>90.80167994089425</ele>
				<time>2026-06-14T13:17:02Z</time>
			</trkpt>
			<trkpt lat="47.65755443686799" lon="20.729128297954727">
				<ele>89.75913833454251</ele>
				<time>2026-06-14T13:17:06Z</time>
			</trkpt>
			<trkpt lat="47.65758124479746" lon="20.729123037867012">
				<ele>90.99790947977453</ele>
				<time>2026-06-14T13:17:16Z</time>
			</trkpt>
			<trkpt lat="47.657600434723946" lon="20.7291458223355">
				<ele>95.17603469640017</ele>
				<time>2026-06-14T13:18:07Z</time>
			</trkpt>
			<trkpt lat="47.65760617825999" lon="20.729165595862312">
				<ele>97.00554411672056</ele>
				<time>2026-06-14T13:18:09Z</time>
			</trkpt>
			<trkpt lat="47.65762374254167" lon="20.72917168647479">
				<ele>95.96263547800481</ele>
				<time>2026-06-14T13:18:15Z</time>
			</trkpt>
			<trkpt lat="47.65763956884867" lon="20.729148014413802">
				<ele>97.4112856099382</ele>
				<time>2026-06-14T13:18:18Z</time>
			</trkpt>
			<trkpt lat="47.657651808753634" lon="20.729123555429943">
				<ele>98.1484892629087</ele>
				<time>2026-06-14T13:18:20Z</time>
			</trkpt>
			<trkpt lat="47.65766900250869" lon="20.72910180652476">
				<ele>96.23608100414276</ele>
				<time>2026-06-14T13:18:22Z</time>
			</trkpt>
			<trkpt lat="47.65769179687485" lon="20.72908022575644">
				<ele>96.64439134765416</ele>
				<time>2026-06-14T13:18:25Z</time>
			</trkpt>
			<trkpt lat="47.6577022535966" lon="20.729069836787566">
				<ele>95.52351770643145</ele>
				<time>2026-06-14T13:18:27Z</time>
			</trkpt>
			<trkpt lat="47.65771145884644" lon="20.729059232134613">
				<ele>95.21143817901611</ele>
				<time>2026-06-14T13:18:29Z</time>
			</trkpt>
			<trkpt lat="47.65772646336928" lon="20.729038042599896">
				<ele>94.40524556674063</ele>
				<time>2026-06-14T13:18:32Z</time>
			</trkpt>
			<trkpt lat="47.65774101718938" lon="20.72901177047421">
				<ele>94.9906891360879</ele>
				<time>2026-06-14T13:18:35Z</time>
			</trkpt>
			<trkpt lat="47.65775565360565" lon="20.72899562589681">
				<ele>94.92574069276452</ele>
				<time>2026-06-14T13:18:37Z</time>
			</trkpt>
			<trkpt lat="47.65777401250817" lon="20.72895618489717">
				<ele>94.17683643102646</ele>
				<time>2026-06-14T13:18:41Z</time>
			</trkpt>
			<trkpt lat="47.65778549451189" lon="20.728915767943008">
				<ele>93.58840554952621</ele>
				<time>2026-06-14T13:18:43Z</time>
			</trkpt>
			<trkpt lat="47.657792625208764" lon="20.728888415463018">
				<ele>94.03671411238611</ele>
				<time>2026-06-14T13:18:45Z</time>
			</trkpt>
			<trkpt lat="47.6578109089823" lon="20.728850273531698">
				<ele>93.23912563640624</ele>
				<time>2026-06-14T13:18:47Z</time>
			</trkpt>
			<trkpt lat="47.65782062857411" lon="20.72880937548736">
				<ele>93.11905375029892</ele>
				<time>2026-06-14T13:18:49Z</time>
			</trkpt>
			<trkpt lat="47.65782670033086" lon="20.728784980321567">
				<ele>93.52578190341592</ele>
				<time>2026-06-14T13:18:51Z</time>
			</trkpt>
			<trkpt lat="47.657841342756846" lon="20.728761707258997">
				<ele>92.94408373627812</ele>
				<time>2026-06-14T13:18:53Z</time>
			</trkpt>
			<trkpt lat="47.65786159122595" lon="20.7287312995586">
				<ele>92.90434323716909</ele>
				<time>2026-06-14T13:18:55Z</time>
			</trkpt>
			<trkpt lat="47.65788017059933" lon="20.728702022777824">
				<ele>92.90346326027066</ele>
				<time>2026-06-14T13:18:57Z</time>
			</trkpt>
			<trkpt lat="47.65789939354321" lon="20.728682015321358">
				<ele>92.55352008156478</ele>
				<time>2026-06-14T13:18:59Z</time>
			</trkpt>
			<trkpt lat="47.65791180524613" lon="20.728670148760802">
				<ele>92.39060030411929</ele>
				<time>2026-06-14T13:19:00Z</time>
			</trkpt>
			<trkpt lat="47.65793668143364" lon="20.728637918709055">
				<ele>91.59421266056597</ele>
				<time>2026-06-14T13:19:03Z</time>
			</trkpt>
			<trkpt lat="47.65795485026489" lon="20.728618950323572">
				<ele>91.57088210713118</ele>
				<time>2026-06-14T13:19:05Z</time>
			</trkpt>
			<trkpt lat="47.65797433379703" lon="20.72859478743753">
				<ele>91.70280229393393</ele>
				<time>2026-06-14T13:19:07Z</time>
			</trkpt>
			<trkpt lat="47.65799559865904" lon="20.728569596354873">
				<ele>90.59350528474897</ele>
				<time>2026-06-14T13:19:09Z</time>
			</trkpt>
			<trkpt lat="47.65801577160453" lon="20.72855078965735">
				<ele>90.4649480804801</ele>
				<time>2026-06-14T13:19:11Z</time>
			</trkpt>
			<trkpt lat="47.65803667168152" lon="20.72853075096737">
				<ele>90.93842512648553</ele>
				<time>2026-06-14T13:19:13Z</time>
			</trkpt>
			<trkpt lat="47.65806511877039" lon="20.728507059779083">
				<ele>90.20327784586698</ele>
				<time>2026-06-14T13:19:16Z</time>
			</trkpt>
			<trkpt lat="47.658081815228726" lon="20.728492180964622">
				<ele>91.31205068342388</ele>
				<time>2026-06-14T13:19:18Z</time>
			</trkpt>
			<trkpt lat="47.65810255048001" lon="20.728470210217626">
				<ele>90.43217653501779</ele>
				<time>2026-06-14T13:19:20Z</time>
			</trkpt>
			<trkpt lat="47.65812590022124" lon="20.728445864885437">
				<ele>91.8970927381888</ele>
				<time>2026-06-14T13:19:22Z</time>
			</trkpt>
			<trkpt lat="47.65814278860982" lon="20.7284187322303">
				<ele>90.86277638748288</ele>
				<time>2026-06-14T13:19:24Z</time>
			</trkpt>
			<trkpt lat="47.65815990295614" lon="20.728380275787707">
				<ele>90.84156863577664</ele>
				<time>2026-06-14T13:19:27Z</time>
			</trkpt>
			<trkpt lat="47.65817321778207" lon="20.728355173127692">
				<ele>91.10101793892682</ele>
				<time>2026-06-14T13:19:29Z</time>
			</trkpt>
			<trkpt lat="47.658187398774466" lon="20.72833475207505">
				<ele>91.07818019017577</ele>
				<time>2026-06-14T13:19:31Z</time>
			</trkpt>
			<trkpt lat="47.65820157684018" lon="20.728306430993236">
				<ele>91.65990949701518</ele>
				<time>2026-06-14T13:19:33Z</time>
			</trkpt>
			<trkpt lat="47.658223708904444" lon="20.72827384184853">
				<ele>91.55742631759495</ele>
				<time>2026-06-14T13:19:36Z</time>
			</trkpt>
			<trkpt lat="47.6582340975958" lon="20.7282509003953">
				<ele>92.08275815565139</ele>
				<time>2026-06-14T13:19:40Z</time>
			</trkpt>
			<trkpt lat="47.65823677969403" lon="20.72823817735199">
				<ele>92.22256016358733</ele>
				<time>2026-06-14T13:19:43Z</time>
			</trkpt>
			<trkpt lat="47.65824803842072" lon="20.728218014684135">
				<ele>92.12311277817935</ele>
				<time>2026-06-14T13:19:48Z</time>
			</trkpt>
			<trkpt lat="47.65826038184936" lon="20.72819687827747">
				<ele>92.62314798310399</ele>
				<time>2026-06-14T13:19:52Z</time>
			</trkpt>
			<trkpt lat="47.65827263211244" lon="20.728179114698744">
				<ele>91.82414513081312</ele>
				<time>2026-06-14T13:19:55Z</time>
			</trkpt>
			<trkpt lat="47.65828631097363" lon="20.728161844944374">
				<ele>92.82204641867429</ele>
				<time>2026-06-14T13:19:58Z</time>
			</trkpt>
			<trkpt lat="47.658305323329024" lon="20.72813956353361">
				<ele>92.76590411365032</ele>
				<time>2026-06-14T13:20:02Z</time>
			</trkpt>
			<trkpt lat="47.65832353078424" lon="20.728119214073182">
				<ele>93.06444598082453</ele>
				<time>2026-06-14T13:20:05Z</time>
			</trkpt>
			<trkpt lat="47.65833791683062" lon="20.728099846908883">
				<ele>93.09266353677958</ele>
				<time>2026-06-14T13:20:08Z</time>
			</trkpt>
			<trkpt lat="47.65834999209424" lon="20.728076844451266">
				<ele>93.72785056941211</ele>
				<time>2026-06-14T13:20:11Z</time>
			</trkpt>
			<trkpt lat="47.65836458721851" lon="20.728045976065907">
				<ele>93.53386365342885</ele>
				<time>2026-06-14T13:20:13Z</time>
			</trkpt>
			<trkpt lat="47.65837591194199" lon="20.72800909094676">
				<ele>93.47867111582309</ele>
				<time>2026-06-14T13:20:16Z</time>
			</trkpt>
			<trkpt lat="47.65838622619625" lon="20.727982308237507">
				<ele>91.71238244324923</ele>
				<time>2026-06-14T13:20:18Z</time>
			</trkpt>
			<trkpt lat="47.65839899445725" lon="20.7279628827014">
				<ele>92.92771427240223</ele>
				<time>2026-06-14T13:20:20Z</time>
			</trkpt>
			<trkpt lat="47.65841967388774" lon="20.7279530858183">
				<ele>90.73494572937489</ele>
				<time>2026-06-14T13:20:22Z</time>
			</trkpt>
			<trkpt lat="47.658442650398776" lon="20.727949233307328">
				<ele>92.2959070848301</ele>
				<time>2026-06-14T13:20:25Z</time>
			</trkpt>
			<trkpt lat="47.65846413713096" lon="20.727951551868294">
				<ele>91.38109922967851</ele>
				<time>2026-06-14T13:20:28Z</time>
			</trkpt>
			<trkpt lat="47.6584885336624" lon="20.727952158596455">
				<ele>89.89913958217949</ele>
				<time>2026-06-14T13:20:30Z</time>
			</trkpt>
			<trkpt lat="47.65850642205657" lon="20.727952377346057">
				<ele>89.4883774695918</ele>
				<time>2026-06-14T13:20:32Z</time>
			</trkpt>
			<trkpt lat="47.65852212970077" lon="20.727951096618337">
				<ele>89.71689185593277</ele>
				<time>2026-06-14T13:20:34Z</time>
			</trkpt>
			<trkpt lat="47.658547324131824" lon="20.72793832419588">
				<ele>89.88413497619331</ele>
				<time>2026-06-14T13:20:36Z</time>
			</trkpt>
			<trkpt lat="47.65857367616568" lon="20.727920833619155">
				<ele>90.34402106516063</ele>
				<time>2026-06-14T13:20:39Z</time>
			</trkpt>
			<trkpt lat="47.65860151067929" lon="20.72791838584347">
				<ele>89.92728888336569</ele>
				<time>2026-06-14T13:20:41Z</time>
			</trkpt>
			<trkpt lat="47.658621217951996" lon="20.72791173191977">
				<ele>90.7279208144173</ele>
				<time>2026-06-14T13:20:43Z</time>
			</trkpt>
			<trkpt lat="47.65864625489307" lon="20.727897558806166">
				<ele>90.56868717633188</ele>
				<time>2026-06-14T13:20:45Z</time>
			</trkpt>
			<trkpt lat="47.65867334938529" lon="20.727878194320198">
				<ele>90.98890256788582</ele>
				<time>2026-06-14T13:20:47Z</time>
			</trkpt>
			<trkpt lat="47.65869746398782" lon="20.727854968327446">
				<ele>91.35476362798363</ele>
				<time>2026-06-14T13:20:49Z</time>
			</trkpt>
			<trkpt lat="47.65872127462563" lon="20.72783638805879">
				<ele>89.4925655387342</ele>
				<time>2026-06-14T13:20:51Z</time>
			</trkpt>
			<trkpt lat="47.6587350076535" lon="20.72782069735558">
				<ele>89.71980643365532</ele>
				<time>2026-06-14T13:20:52Z</time>
			</trkpt>
			<trkpt lat="47.658749969412874" lon="20.727804131366398">
				<ele>89.43487291410565</ele>
				<time>2026-06-14T13:20:53Z</time>
			</trkpt>
			<trkpt lat="47.65877494306751" lon="20.727779447064535">
				<ele>89.9661902198568</ele>
				<time>2026-06-14T13:20:55Z</time>
			</trkpt>
			<trkpt lat="47.658793409499125" lon="20.72775532182451">
				<ele>89.12628148496151</ele>
				<time>2026-06-14T13:20:57Z</time>
			</trkpt>
			<trkpt lat="47.65881225292668" lon="20.727729314828352">
				<ele>88.46779995877296</ele>
				<time>2026-06-14T13:20:59Z</time>
			</trkpt>
			<trkpt lat="47.658830148785476" lon="20.72770419870794">
				<ele>88.915388321504</ele>
				<time>2026-06-14T13:21:01Z</time>
			</trkpt>
			<trkpt lat="47.65884788778421" lon="20.72768836799291">
				<ele>88.16022426169366</ele>
				<time>2026-06-14T13:21:03Z</time>
			</trkpt>
			<trkpt lat="47.6588692594857" lon="20.7276784046027">
				<ele>87.94818998873234</ele>
				<time>2026-06-14T13:21:05Z</time>
			</trkpt>
			<trkpt lat="47.65889417639201" lon="20.72766151094832">
				<ele>87.69330110866576</ele>
				<time>2026-06-14T13:21:07Z</time>
			</trkpt>
			<trkpt lat="47.65890944736141" lon="20.727650233265734">
				<ele>88.39905349444598</ele>
				<time>2026-06-14T13:21:08Z</time>
			</trkpt>
			<trkpt lat="47.65893307057271" lon="20.727631194021615">
				<ele>88.65668991580606</ele>
				<time>2026-06-14T13:21:11Z</time>
			</trkpt>
			<trkpt lat="47.65895198938405" lon="20.727615473843645">
				<ele>88.8137395940721</ele>
				<time>2026-06-14T13:21:13Z</time>
			</trkpt>
			<trkpt lat="47.658971473685625" lon="20.727595630311605">
				<ele>89.67562127579004</ele>
				<time>2026-06-14T13:21:16Z</time>
			</trkpt>
			<trkpt lat="47.6589902875273" lon="20.727574551546546">
				<ele>89.01066137198359</ele>
				<time>2026-06-14T13:21:18Z</time>
			</trkpt>
			<trkpt lat="47.65901787615023" lon="20.72754336621356">
				<ele>87.37508296966553</ele>
				<time>2026-06-14T13:21:21Z</time>
			</trkpt>
			<trkpt lat="47.659036228930766" lon="20.72752008247027">
				<ele>89.6875352980569</ele>
				<time>2026-06-14T13:21:23Z</time>
			</trkpt>
			<trkpt lat="47.659044833157616" lon="20.727498466357734">
				<ele>89.94074432179332</ele>
				<time>2026-06-14T13:21:24Z</time>
			</trkpt>
			<trkpt lat="47.65906732412806" lon="20.727472699106396">
				<ele>89.42380366660655</ele>
				<time>2026-06-14T13:21:26Z</time>
			</trkpt>
			<trkpt lat="47.65908731271394" lon="20.727450932135334">
				<ele>87.98246289417148</ele>
				<time>2026-06-14T13:21:28Z</time>
			</trkpt>
			<trkpt lat="47.659117183192855" lon="20.727435434960626">
				<ele>88.72593675833195</ele>
				<time>2026-06-14T13:21:30Z</time>
			</trkpt>
			<trkpt lat="47.65913633804426" lon="20.727426330503636">
				<ele>89.58717548381537</ele>
				<time>2026-06-14T13:21:32Z</time>
			</trkpt>
			<trkpt lat="47.65915238071912" lon="20.727413993087303">
				<ele>89.4764047274366</ele>
				<time>2026-06-14T13:21:33Z</time>
			</trkpt>
			<trkpt lat="47.65918516963045" lon="20.727405404669643">
				<ele>88.71940141543746</ele>
				<time>2026-06-14T13:21:35Z</time>
			</trkpt>
			<trkpt lat="47.659217984552555" lon="20.72740135640363">
				<ele>87.21848982851952</ele>
				<time>2026-06-14T13:21:37Z</time>
			</trkpt>
			<trkpt lat="47.6592466085849" lon="20.72739836138426">
				<ele>87.93771971575916</ele>
				<time>2026-06-14T13:21:39Z</time>
			</trkpt>
			<trkpt lat="47.659266694063646" lon="20.727385610798795">
				<ele>89.65900261700153</ele>
				<time>2026-06-14T13:21:41Z</time>
			</trkpt>
			<trkpt lat="47.659289893772296" lon="20.72738214541864">
				<ele>90.17538190446794</ele>
				<time>2026-06-14T13:21:43Z</time>
			</trkpt>
			<trkpt lat="47.659319061828946" lon="20.727383960680342">
				<ele>87.86303471028805</ele>
				<time>2026-06-14T13:21:45Z</time>
			</trkpt>
			<trkpt lat="47.65934109586402" lon="20.727374043710775">
				<ele>89.05584204476327</ele>
				<time>2026-06-14T13:21:47Z</time>
			</trkpt>
			<trkpt lat="47.65935980095185" lon="20.727362013724136">
				<ele>89.88243221957237</ele>
				<time>2026-06-14T13:21:49Z</time>
			</trkpt>
			<trkpt lat="47.65938301785364" lon="20.727350481014334">
				<ele>88.86987410765141</ele>
				<time>2026-06-14T13:21:51Z</time>
			</trkpt>
			<trkpt lat="47.65940589877142" lon="20.727339693521717">
				<ele>90.19158762786537</ele>
				<time>2026-06-14T13:21:53Z</time>
			</trkpt>
			<trkpt lat="47.65942175982345" lon="20.727325192728653">
				<ele>89.80717074871063</ele>
				<time>2026-06-14T13:21:55Z</time>
			</trkpt>
			<trkpt lat="47.65943695819623" lon="20.727310290098046">
				<ele>89.446686623618</ele>
				<time>2026-06-14T13:21:56Z</time>
			</trkpt>
			<trkpt lat="47.659467320684136" lon="20.727290587026694">
				<ele>89.32829098869115</ele>
				<time>2026-06-14T13:21:58Z</time>
			</trkpt>
			<trkpt lat="47.65949801827591" lon="20.727270537155814">
				<ele>89.82989465724677</ele>
				<time>2026-06-14T13:22:00Z</time>
			</trkpt>
			<trkpt lat="47.659527342195986" lon="20.72725342231068">
				<ele>91.82910321839154</ele>
				<time>2026-06-14T13:22:02Z</time>
			</trkpt>
			<trkpt lat="47.65955089732961" lon="20.727237105578055">
				<ele>91.84103622008115</ele>
				<time>2026-06-14T13:22:04Z</time>
			</trkpt>
			<trkpt lat="47.659572255268756" lon="20.72722056747534">
				<ele>91.0140197891742</ele>
				<time>2026-06-14T13:22:06Z</time>
			</trkpt>
			<trkpt lat="47.65958583143189" lon="20.727211356491054">
				<ele>91.42995603848249</ele>
				<time>2026-06-14T13:22:07Z</time>
			</trkpt>
			<trkpt lat="47.65960895812394" lon="20.727184555366314">
				<ele>92.16391188651323</ele>
				<time>2026-06-14T13:22:09Z</time>
			</trkpt>
			<trkpt lat="47.659639953019386" lon="20.727163071987064">
				<ele>90.61697813682258</ele>
				<time>2026-06-14T13:22:11Z</time>
			</trkpt>
			<trkpt lat="47.659671075499745" lon="20.72715164336782">
				<ele>90.38561522495002</ele>
				<time>2026-06-14T13:22:14Z</time>
			</trkpt>
			<trkpt lat="47.65968582212822" lon="20.727148361035116">
				<ele>91.63290208950639</ele>
				<time>2026-06-14T13:22:15Z</time>
			</trkpt>
			<trkpt lat="47.65971047999087" lon="20.727144698089525">
				<ele>90.27767276484519</ele>
				<time>2026-06-14T13:22:17Z</time>
			</trkpt>
			<trkpt lat="47.659737357672356" lon="20.727147849206254">
				<ele>88.3060431201011</ele>
				<time>2026-06-14T13:22:19Z</time>
			</trkpt>
			<trkpt lat="47.65975398098279" lon="20.727149008939406">
				<ele>89.0971073275432</ele>
				<time>2026-06-14T13:22:20Z</time>
			</trkpt>
			<trkpt lat="47.65978427922447" lon="20.727143966950536">
				<ele>90.02738551795483</ele>
				<time>2026-06-14T13:22:22Z</time>
			</trkpt>
			<trkpt lat="47.65981116216344" lon="20.727140978489555">
				<ele>90.17989720404148</ele>
				<time>2026-06-14T13:22:24Z</time>
			</trkpt>
			<trkpt lat="47.65983841781516" lon="20.727146261631866">
				<ele>91.1564332479611</ele>
				<time>2026-06-14T13:22:26Z</time>
			</trkpt>
			<trkpt lat="47.659862358294774" lon="20.727153996655613">
				<ele>90.8167828079313</ele>
				<time>2026-06-14T13:22:28Z</time>
			</trkpt>
			<trkpt lat="47.65989238251084" lon="20.727155590649026">
				<ele>91.47760062105954</ele>
				<time>2026-06-14T13:22:30Z</time>
			</trkpt>
			<trkpt lat="47.65990985970064" lon="20.727151077059276">
				<ele>90.71526939887553</ele>
				<time>2026-06-14T13:22:31Z</time>
			</trkpt>
			<trkpt lat="47.659927976336604" lon="20.727148599896815">
				<ele>90.87811741791666</ele>
				<time>2026-06-14T13:22:32Z</time>
			</trkpt>
			<trkpt lat="47.65995608135748" lon="20.727157183785053">
				<ele>89.11561194155365</ele>
				<time>2026-06-14T13:22:34Z</time>
			</trkpt>
			<trkpt lat="47.65997903453929" lon="20.727168953660605">
				<ele>88.64145817887038</ele>
				<time>2026-06-14T13:22:36Z</time>
			</trkpt>
			<trkpt lat="47.65999720965116" lon="20.727170158687446">
				<ele>89.86749660503119</ele>
				<time>2026-06-14T13:22:37Z</time>
			</trkpt>
			<trkpt lat="47.660026808579765" lon="20.72716665322521">
				<ele>91.99268587958068</ele>
				<time>2026-06-14T13:22:39Z</time>
			</trkpt>
			<trkpt lat="47.66004204493747" lon="20.72716881979784">
				<ele>91.76259581651539</ele>
				<time>2026-06-14T13:22:40Z</time>
			</trkpt>
			<trkpt lat="47.660058616228696" lon="20.72716709520352">
				<ele>92.72677858918905</ele>
				<time>2026-06-14T13:22:41Z</time>
			</trkpt>
			<trkpt lat="47.66009146343331" lon="20.727168565380627">
				<ele>92.06740700732917</ele>
				<time>2026-06-14T13:22:43Z</time>
			</trkpt>
			<trkpt lat="47.66010891422845" lon="20.727164387313973">
				<ele>92.29900117404759</ele>
				<time>2026-06-14T13:22:44Z</time>
			</trkpt>
			<trkpt lat="47.66013718050094" lon="20.727160160013284">
				<ele>90.61399015691131</ele>
				<time>2026-06-14T13:22:46Z</time>
			</trkpt>
			<trkpt lat="47.660162990162775" lon="20.727153580988002">
				<ele>90.91651223599911</ele>
				<time>2026-06-14T13:22:48Z</time>
			</trkpt>
			<trkpt lat="47.66019034523436" lon="20.727148345747636">
				<ele>90.9163784114644</ele>
				<time>2026-06-14T13:22:50Z</time>
			</trkpt>
			<trkpt lat="47.66021814785287" lon="20.727143912048586">
				<ele>90.37039575073868</ele>
				<time>2026-06-14T13:22:52Z</time>
			</trkpt>
			<trkpt lat="47.660246696746995" lon="20.727135790894533">
				<ele>90.96961674746126</ele>
				<time>2026-06-14T13:22:54Z</time>
			</trkpt>
			<trkpt lat="47.66027231548776" lon="20.727131752858632">
				<ele>90.84224005509168</ele>
				<time>2026-06-14T13:22:56Z</time>
			</trkpt>
			<trkpt lat="47.6602982515991" lon="20.7271266563483">
				<ele>90.92635150626302</ele>
				<time>2026-06-14T13:22:58Z</time>
			</trkpt>
			<trkpt lat="47.66032754689142" lon="20.727122788244017">
				<ele>92.13200313970447</ele>
				<time>2026-06-14T13:23:00Z</time>
			</trkpt>
			<trkpt lat="47.66035153965597" lon="20.727111688112778">
				<ele>90.57275102473795</ele>
				<time>2026-06-14T13:23:02Z</time>
			</trkpt>
			<trkpt lat="47.66037815723268" lon="20.727110201105866">
				<ele>91.65300565864891</ele>
				<time>2026-06-14T13:23:04Z</time>
			</trkpt>
			<trkpt lat="47.660408504325446" lon="20.727112259403714">
				<ele>90.83871981315315</ele>
				<time>2026-06-14T13:23:06Z</time>
			</trkpt>
			<trkpt lat="47.66044311791075" lon="20.727118564113603">
				<ele>89.30011940002441</ele>
				<time>2026-06-14T13:23:08Z</time>
			</trkpt>
			<trkpt lat="47.660472268264265" lon="20.727124921784213">
				<ele>91.06695392355323</ele>
				<time>2026-06-14T13:23:10Z</time>
			</trkpt>
			<trkpt lat="47.660499061243264" lon="20.727118256551297">
				<ele>90.3573940237984</ele>
				<time>2026-06-14T13:23:12Z</time>
			</trkpt>
			<trkpt lat="47.660525906671836" lon="20.72711726110377">
				<ele>89.88495908491313</ele>
				<time>2026-06-14T13:23:14Z</time>
			</trkpt>
			<trkpt lat="47.66055778773246" lon="20.727130376288226">
				<ele>92.21693106926978</ele>
				<time>2026-06-14T13:23:16Z</time>
			</trkpt>
			<trkpt lat="47.660587012509254" lon="20.727136503584802">
				<ele>91.32750164438039</ele>
				<time>2026-06-14T13:23:18Z</time>
			</trkpt>
			<trkpt lat="47.66060842910208" lon="20.727131669581613">
				<ele>90.27727169450372</ele>
				<time>2026-06-14T13:23:20Z</time>
			</trkpt>
			<trkpt lat="47.66062743155915" lon="20.727124529448584">
				<ele>90.55800697114319</ele>
				<time>2026-06-14T13:23:22Z</time>
			</trkpt>
			<trkpt lat="47.660641039489164" lon="20.727120639908108">
				<ele>89.47484487388283</ele>
				<time>2026-06-14T13:23:23Z</time>
			</trkpt>
			<trkpt lat="47.660664503826844" lon="20.72711282830769">
				<ele>89.18404431361705</ele>
				<time>2026-06-14T13:23:25Z</time>
			</trkpt>
			<trkpt lat="47.660685513095125" lon="20.727097451502214">
				<ele>90.45712604466826</ele>
				<time>2026-06-14T13:23:28Z</time>
			</trkpt>
			<trkpt lat="47.66070141205518" lon="20.727082895263745">
				<ele>90.3125840369612</ele>
				<time>2026-06-14T13:23:30Z</time>
			</trkpt>
			<trkpt lat="47.66072484795573" lon="20.72706867997826">
				<ele>90.65841874666512</ele>
				<time>2026-06-14T13:23:33Z</time>
			</trkpt>
			<trkpt lat="47.66074794470539" lon="20.727054988167357">
				<ele>90.65203488245606</ele>
				<time>2026-06-14T13:23:36Z</time>
			</trkpt>
			<trkpt lat="47.66077044688445" lon="20.727034728795704">
				<ele>91.70038520544767</ele>
				<time>2026-06-14T13:23:39Z</time>
			</trkpt>
			<trkpt lat="47.66078388006298" lon="20.727014690292588">
				<ele>92.01154450047761</ele>
				<time>2026-06-14T13:23:41Z</time>
			</trkpt>
			<trkpt lat="47.660800103039534" lon="20.726988875660407">
				<ele>91.74853425566107</ele>
				<time>2026-06-14T13:23:44Z</time>
			</trkpt>
			<trkpt lat="47.66080949015232" lon="20.72696131645059">
				<ele>91.61965162772685</ele>
				<time>2026-06-14T13:23:47Z</time>
			</trkpt>
			<trkpt lat="47.660825240557756" lon="20.72692289056945">
				<ele>88.6323762210086</ele>
				<time>2026-06-14T13:23:52Z</time>
			</trkpt>
			<trkpt lat="47.66083111119114" lon="20.72690034008487">
				<ele>89.79742090031505</ele>
				<time>2026-06-14T13:23:55Z</time>
			</trkpt>
			<trkpt lat="47.6608449402115" lon="20.726868670783134">
				<ele>90.938128140755</ele>
				<time>2026-06-14T13:24:00Z</time>
			</trkpt>
			<trkpt lat="47.660854023854235" lon="20.726845288303192">
				<ele>89.9486178709194</ele>
				<time>2026-06-14T13:24:04Z</time>
			</trkpt>
			<trkpt lat="47.660858492875505" lon="20.726824404231994">
				<ele>90.83828791975975</ele>
				<time>2026-06-14T13:24:07Z</time>
			</trkpt>
			<trkpt lat="47.660867199690095" lon="20.72678595329513">
				<ele>89.77614146471024</ele>
				<time>2026-06-14T13:24:11Z</time>
			</trkpt>
			<trkpt lat="47.660870884788885" lon="20.72674385113307">
				<ele>87.74732080567628</ele>
				<time>2026-06-14T13:24:15Z</time>
			</trkpt>
			<trkpt lat="47.66086663095307" lon="20.72671013379595">
				<ele>88.59647482354194</ele>
				<time>2026-06-14T13:24:18Z</time>
			</trkpt>
			<trkpt lat="47.66085158501877" lon="20.72668966810638">
				<ele>89.7210343470797</ele>
				<time>2026-06-14T13:24:21Z</time>
			</trkpt>
			<trkpt lat="47.66082595948565" lon="20.726653607238642">
				<ele>89.34647723380476</ele>
				<time>2026-06-14T13:24:24Z</time>
			</trkpt>
			<trkpt lat="47.660812423613926" lon="20.726623036190688">
				<ele>88.10560986213386</ele>
				<time>2026-06-14T13:24:26Z</time>
			</trkpt>
			<trkpt lat="47.660801569207436" lon="20.72659797917853">
				<ele>89.51439177431166</ele>
				<time>2026-06-14T13:24:29Z</time>
			</trkpt>
			<trkpt lat="47.66079812669457" lon="20.7265707974839">
				<ele>90.94037730898708</ele>
				<time>2026-06-14T13:24:31Z</time>
			</trkpt>
			<trkpt lat="47.660792146735446" lon="20.726539883576613">
				<ele>89.47798503935337</ele>
				<time>2026-06-14T13:24:34Z</time>
			</trkpt>
			<trkpt lat="47.6607883412358" lon="20.72651871742937">
				<ele>88.86595632880926</ele>
				<time>2026-06-14T13:24:36Z</time>
			</trkpt>
			<trkpt lat="47.66078260429883" lon="20.726488266794522">
				<ele>89.54685723781586</ele>
				<time>2026-06-14T13:24:38Z</time>
			</trkpt>
			<trkpt lat="47.66076698273101" lon="20.726454970310602">
				<ele>87.05660036671907</ele>
				<time>2026-06-14T13:24:40Z</time>
			</trkpt>
			<trkpt lat="47.66074755162897" lon="20.72643044487438">
				<ele>89.58746539894491</ele>
				<time>2026-06-14T13:24:42Z</time>
			</trkpt>
			<trkpt lat="47.660732605104435" lon="20.726414357674383">
				<ele>90.1157815149054</ele>
				<time>2026-06-14T13:24:44Z</time>
			</trkpt>
			<trkpt lat="47.660723343073876" lon="20.726385432241297">
				<ele>90.59320582076907</ele>
				<time>2026-06-14T13:24:46Z</time>
			</trkpt>
			<trkpt lat="47.6607218303311" lon="20.72635048271525">
				<ele>91.8770562428981</ele>
				<time>2026-06-14T13:24:48Z</time>
			</trkpt>
			<trkpt lat="47.66071810817915" lon="20.726314504562186">
				<ele>89.92359713930637</ele>
				<time>2026-06-14T13:24:51Z</time>
			</trkpt>
			<trkpt lat="47.66071590771525" lon="20.726282998357764">
				<ele>87.84873415902257</ele>
				<time>2026-06-14T13:24:54Z</time>
			</trkpt>
			<trkpt lat="47.66070100534497" lon="20.726253394527884">
				<ele>91.9035567753017</ele>
				<time>2026-06-14T13:25:04Z</time>
			</trkpt>
			<trkpt lat="47.66069552090138" lon="20.726239918814592">
				<ele>89.67144245374948</ele>
				<time>2026-06-14T13:25:09Z</time>
			</trkpt>
			<trkpt lat="47.66069382748979" lon="20.72621372831175">
				<ele>89.38557918556035</ele>
				<time>2026-06-14T13:25:12Z</time>
			</trkpt>
			<trkpt lat="47.6606936706961" lon="20.72617080864581">
				<ele>90.82825627177954</ele>
				<time>2026-06-14T13:25:17Z</time>
			</trkpt>
			<trkpt lat="47.66069607498887" lon="20.726138863329215">
				<ele>90.77514463569969</ele>
				<time>2026-06-14T13:25:20Z</time>
			</trkpt>
			<trkpt lat="47.66069484039735" lon="20.726115536480567">
				<ele>89.93081602361053</ele>
				<time>2026-06-14T13:25:22Z</time>
			</trkpt>
			<trkpt lat="47.66068244442537" lon="20.72607315691772">
				<ele>88.44532731827348</ele>
				<time>2026-06-14T13:25:25Z</time>
			</trkpt>
			<trkpt lat="47.66067398638822" lon="20.726046734394448">
				<ele>89.54127004183829</ele>
				<time>2026-06-14T13:25:27Z</time>
			</trkpt>
			<trkpt lat="47.660673776438706" lon="20.7260206771939">
				<ele>89.15498872846365</ele>
				<time>2026-06-14T13:25:29Z</time>
			</trkpt>
			<trkpt lat="47.660678395857175" lon="20.725984278043097">
				<ele>90.09507459122688</ele>
				<time>2026-06-14T13:25:31Z</time>
			</trkpt>
			<trkpt lat="47.66068704024308" lon="20.72594728461865">
				<ele>91.89031790196896</ele>
				<time>2026-06-14T13:25:33Z</time>
			</trkpt>
			<trkpt lat="47.66070300773151" lon="20.725902558334816">
				<ele>91.19828628003597</ele>
				<time>2026-06-14T13:25:36Z</time>
			</trkpt>
			<trkpt lat="47.66071159644162" lon="20.72588154918401">
				<ele>91.90108879562467</ele>
				<time>2026-06-14T13:25:38Z</time>
			</trkpt>
			<trkpt lat="47.660716508925674" lon="20.725862725100097">
				<ele>91.19594620727003</ele>
				<time>2026-06-14T13:25:40Z</time>
			</trkpt>
			<trkpt lat="47.66071998531843" lon="20.725840414261125">
				<ele>91.25820441916585</ele>
				<time>2026-06-14T13:25:42Z</time>
			</trkpt>
			<trkpt lat="47.66071971564776" lon="20.72580243400555">
				<ele>88.83823265507817</ele>
				<time>2026-06-14T13:25:44Z</time>
			</trkpt>
			<trkpt lat="47.6607236493899" lon="20.72576000155793">
				<ele>91.74918943922967</ele>
				<time>2026-06-14T13:25:46Z</time>
			</trkpt>
			<trkpt lat="47.66073239167553" lon="20.72572351738064">
				<ele>89.585597791709</ele>
				<time>2026-06-14T13:25:48Z</time>
			</trkpt>
			<trkpt lat="47.660736314894976" lon="20.725692209590004">
				<ele>89.52044743672013</ele>
				<time>2026-06-14T13:25:50Z</time>
			</trkpt>
			<trkpt lat="47.66073784987202" lon="20.725670552337043">
				<ele>90.13161065522581</ele>
				<time>2026-06-14T13:25:52Z</time>
			</trkpt>
			<trkpt lat="47.66073957545197" lon="20.725638903953612">
				<ele>91.27062888257205</ele>
				<time>2026-06-14T13:25:56Z</time>
			</trkpt>
			<trkpt lat="47.66074127822792" lon="20.725604942050857">
				<ele>90.36773060169071</ele>
				<time>2026-06-14T13:26:00Z</time>
			</trkpt>
			<trkpt lat="47.66073602471709" lon="20.725576441558957">
				<ele>91.69030284229666</ele>
				<time>2026-06-14T13:26:03Z</time>
			</trkpt>
			<trkpt lat="47.66073234828539" lon="20.725552132045976">
				<ele>90.99577500019222</ele>
				<time>2026-06-14T13:26:05Z</time>
			</trkpt>
			<trkpt lat="47.660719332168746" lon="20.725509709330034">
				<ele>90.42273449059576</ele>
				<time>2026-06-14T13:26:08Z</time>
			</trkpt>
			<trkpt lat="47.660710139303845" lon="20.725482971680098">
				<ele>90.8545588683337</ele>
				<time>2026-06-14T13:26:10Z</time>
			</trkpt>
			<trkpt lat="47.660705585082475" lon="20.72546072628716">
				<ele>90.67315389122814</ele>
				<time>2026-06-14T13:26:12Z</time>
			</trkpt>
			<trkpt lat="47.660705302303015" lon="20.725430474759772">
				<ele>91.07424392737448</ele>
				<time>2026-06-14T13:26:14Z</time>
			</trkpt>
			<trkpt lat="47.66070936623807" lon="20.725399503302373">
				<ele>90.4720347840339</ele>
				<time>2026-06-14T13:26:16Z</time>
			</trkpt>
			<trkpt lat="47.660713689722506" lon="20.725368611033492">
				<ele>90.81142422743142</ele>
				<time>2026-06-14T13:26:18Z</time>
			</trkpt>
			<trkpt lat="47.660727643154665" lon="20.725324181269578">
				<ele>92.02976997476071</ele>
				<time>2026-06-14T13:26:20Z</time>
			</trkpt>
			<trkpt lat="47.66073948894669" lon="20.725275702406147">
				<ele>91.16024333890527</ele>
				<time>2026-06-14T13:26:23Z</time>
			</trkpt>
			<trkpt lat="47.66074971552791" lon="20.725242427867656">
				<ele>91.07011382654309</ele>
				<time>2026-06-14T13:26:25Z</time>
			</trkpt>
			<trkpt lat="47.66075519773892" lon="20.7252051936883">
				<ele>91.27686227113008</ele>
				<time>2026-06-14T13:26:28Z</time>
			</trkpt>
			<trkpt lat="47.660762807573754" lon="20.725167843765544">
				<ele>91.12377018388361</ele>
				<time>2026-06-14T13:26:30Z</time>
			</trkpt>
			<trkpt lat="47.66076083256555" lon="20.725114536492214">
				<ele>90.92717968951911</ele>
				<time>2026-06-14T13:26:34Z</time>
			</trkpt>
			<trkpt lat="47.66075809185178" lon="20.725085577692326">
				<ele>90.3510239161551</ele>
				<time>2026-06-14T13:26:36Z</time>
			</trkpt>
			<trkpt lat="47.66075836226783" lon="20.725053268166416">
				<ele>89.91109278332442</ele>
				<time>2026-06-14T13:26:38Z</time>
			</trkpt>
			<trkpt lat="47.66075438479827" lon="20.72503055965151">
				<ele>90.16310088336468</ele>
				<time>2026-06-14T13:26:40Z</time>
			</trkpt>
			<trkpt lat="47.660758739125974" lon="20.72498523207347">
				<ele>90.76958283875138</ele>
				<time>2026-06-14T13:26:43Z</time>
			</trkpt>
			<trkpt lat="47.66077122470495" lon="20.72495522949845">
				<ele>90.12352691031992</ele>
				<time>2026-06-14T13:26:45Z</time>
			</trkpt>
			<trkpt lat="47.66078987125003" lon="20.72493534064716">
				<ele>91.45935157034546</ele>
				<time>2026-06-14T13:26:47Z</time>
			</trkpt>
			<trkpt lat="47.66081568735622" lon="20.72491531151545">
				<ele>90.14368755649775</ele>
				<time>2026-06-14T13:26:49Z</time>
			</trkpt>
			<trkpt lat="47.66083782671687" lon="20.724875705498572">
				<ele>90.43992702383548</ele>
				<time>2026-06-14T13:26:52Z</time>
			</trkpt>
			<trkpt lat="47.66085655343752" lon="20.724829596891567">
				<ele>90.2033570818603</ele>
				<time>2026-06-14T13:26:55Z</time>
			</trkpt>
			<trkpt lat="47.66086437483652" lon="20.72479659270854">
				<ele>89.51920844893903</ele>
				<time>2026-06-14T13:26:57Z</time>
			</trkpt>
			<trkpt lat="47.66086984096179" lon="20.72476039030082">
				<ele>90.00671188067645</ele>
				<time>2026-06-14T13:26:59Z</time>
			</trkpt>
			<trkpt lat="47.66087460028478" lon="20.724721139847652">
				<ele>90.17201228719205</ele>
				<time>2026-06-14T13:27:01Z</time>
			</trkpt>
			<trkpt lat="47.66087812778391" lon="20.72469631309858">
				<ele>90.50160944648087</ele>
				<time>2026-06-14T13:27:03Z</time>
			</trkpt>
			<trkpt lat="47.660880152433364" lon="20.724679027463434">
				<ele>90.10346373636276</ele>
				<time>2026-06-14T13:27:05Z</time>
			</trkpt>
			<trkpt lat="47.66088258417148" lon="20.72465679954416">
				<ele>90.95033545233309</ele>
				<time>2026-06-14T13:27:07Z</time>
			</trkpt>
			<trkpt lat="47.66088693862491" lon="20.724617580618155">
				<ele>90.517563293688</ele>
				<time>2026-06-14T13:27:13Z</time>
			</trkpt>
			<trkpt lat="47.66089789825678" lon="20.72459901177114">
				<ele>90.89967483468354</ele>
				<time>2026-06-14T13:27:18Z</time>
			</trkpt>
			<trkpt lat="47.66091384242294" lon="20.724587588076403">
				<ele>90.97471696138382</ele>
				<time>2026-06-14T13:27:24Z</time>
			</trkpt>
			<trkpt lat="47.66091867013959" lon="20.724610844747268">
				<ele>91.83212256338447</ele>
				<time>2026-06-14T13:27:59Z</time>
			</trkpt>
			<trkpt lat="47.66090223694648" lon="20.72460398267988">
				<ele>91.9570239931345</ele>
				<time>2026-06-14T13:28:13Z</time>
			</trkpt>
			<trkpt lat="47.66090989701361" lon="20.724599486342026">
				<ele>92.8329782159999</ele>
				<time>2026-06-14T13:28:17Z</time>
			</trkpt>
			<trkpt lat="47.66090473750551" lon="20.724590136766842">
				<ele>93.84755162429065</ele>
				<time>2026-06-14T13:28:22Z</time>
			</trkpt>
			<trkpt lat="47.66091521678825" lon="20.72457882796108">
				<ele>92.89152754284441</ele>
				<time>2026-06-14T13:28:30Z</time>
			</trkpt>
			<trkpt lat="47.66093668958513" lon="20.72456680323896">
				<ele>93.82826462388039</ele>
				<time>2026-06-14T13:28:42Z</time>
			</trkpt>
			<trkpt lat="47.660955626687816" lon="20.724577888167037">
				<ele>92.4080174677074</ele>
				<time>2026-06-14T13:28:50Z</time>
			</trkpt>
			<trkpt lat="47.6609505056642" lon="20.72455750964318">
				<ele>95.64117001090199</ele>
				<time>2026-06-14T13:29:15Z</time>
			</trkpt>
			<trkpt lat="47.66094876802085" lon="20.724580640338306">
				<ele>93.76314059924334</ele>
				<time>2026-06-14T13:29:49Z</time>
			</trkpt>
			<trkpt lat="47.66093693325014" lon="20.724605726480135">
				<ele>91.0179089801386</ele>
				<time>2026-06-14T13:30:48Z</time>
			</trkpt>
			<trkpt lat="47.66092746449322" lon="20.7246262651248">
				<ele>91.59504563454539</ele>
				<time>2026-06-14T13:31:23Z</time>
			</trkpt>
			<trkpt lat="47.66092017943598" lon="20.72463076575878">
				<ele>91.23272536508739</ele>
				<time>2026-06-14T13:34:11Z</time>
			</trkpt>
			<trkpt lat="47.66090263082025" lon="20.724634337785055">
				<ele>92.09439097810537</ele>
				<time>2026-06-14T13:34:59Z</time>
			</trkpt>
			<trkpt lat="47.66092089002477" lon="20.724629447122712">
				<ele>92.07272875495255</ele>
				<time>2026-06-14T13:37:01Z</time>
			</trkpt>
			<trkpt lat="47.660908940414274" lon="20.72460908415462">
				<ele>92.14945421554148</ele>
				<time>2026-06-14T13:39:09Z</time>
			</trkpt>
			<trkpt lat="47.6609292455119" lon="20.724611352269346">
				<ele>93.93497919943184</ele>
				<time>2026-06-14T13:39:40Z</time>
			</trkpt>
			<trkpt lat="47.66094984910551" lon="20.72461610366595">
				<ele>94.19714848138392</ele>
				<time>2026-06-14T13:39:45Z</time>
			</trkpt>
			<trkpt lat="47.660966826556844" lon="20.724624582050183">
				<ele>94.03844869975</ele>
				<time>2026-06-14T13:39:48Z</time>
			</trkpt>
			<trkpt lat="47.66098337529835" lon="20.724633300605692">
				<ele>94.8993248688057</ele>
				<time>2026-06-14T13:39:51Z</time>
			</trkpt>
			<trkpt lat="47.66099978069396" lon="20.72463572542494">
				<ele>95.21148435585201</ele>
				<time>2026-06-14T13:39:53Z</time>
			</trkpt>
			<trkpt lat="47.66103456311398" lon="20.72463665936044">
				<ele>93.91752580180764</ele>
				<time>2026-06-14T13:39:56Z</time>
			</trkpt>
			<trkpt lat="47.66106279763299" lon="20.72463410820894">
				<ele>94.0165313212201</ele>
				<time>2026-06-14T13:39:58Z</time>
			</trkpt>
			<trkpt lat="47.661102020221136" lon="20.724616929883076">
				<ele>95.24689198844135</ele>
				<time>2026-06-14T13:40:01Z</time>
			</trkpt>
			<trkpt lat="47.66112533257004" lon="20.724612841939265">
				<ele>94.21605385933071</ele>
				<time>2026-06-14T13:40:04Z</time>
			</trkpt>
			<trkpt lat="47.66113624484662" lon="20.724609159314024">
				<ele>94.87692813482136</ele>
				<time>2026-06-14T13:40:06Z</time>
			</trkpt>
			<trkpt lat="47.66115298313182" lon="20.724605003149296">
				<ele>95.32227282784879</ele>
				<time>2026-06-14T13:40:07Z</time>
			</trkpt>
			<trkpt lat="47.66117482898269" lon="20.724588361742633">
				<ele>96.13078035973012</ele>
				<time>2026-06-14T13:40:10Z</time>
			</trkpt>
			<trkpt lat="47.66118988884632" lon="20.724577794303904">
				<ele>95.69449854828417</ele>
				<time>2026-06-14T13:40:12Z</time>
			</trkpt>
			<trkpt lat="47.661207340862326" lon="20.724571589106073">
				<ele>95.82810755260289</ele>
				<time>2026-06-14T13:40:14Z</time>
			</trkpt>
			<trkpt lat="47.66122753212991" lon="20.724566337908684">
				<ele>95.86162184737623</ele>
				<time>2026-06-14T13:40:17Z</time>
			</trkpt>
			<trkpt lat="47.661252652139964" lon="20.724565693945856">
				<ele>95.89506167452782</ele>
				<time>2026-06-14T13:40:22Z</time>
			</trkpt>
			<trkpt lat="47.66127929549403" lon="20.724572701822822">
				<ele>96.8337581884116</ele>
				<time>2026-06-14T13:40:27Z</time>
			</trkpt>
			<trkpt lat="47.66129522633794" lon="20.724575612500338">
				<ele>95.60844292957336</ele>
				<time>2026-06-14T13:40:30Z</time>
			</trkpt>
			<trkpt lat="47.66131002846498" lon="20.724571931511875">
				<ele>94.97355175204575</ele>
				<time>2026-06-14T13:40:33Z</time>
			</trkpt>
			<trkpt lat="47.661324202602685" lon="20.724566099669847">
				<ele>94.85790210589767</ele>
				<time>2026-06-14T13:40:35Z</time>
			</trkpt>
			<trkpt lat="47.66134516932397" lon="20.7245526719556">
				<ele>95.03770407661796</ele>
				<time>2026-06-14T13:40:37Z</time>
			</trkpt>
			<trkpt lat="47.66136179012048" lon="20.724539407429386">
				<ele>94.8434035051614</ele>
				<time>2026-06-14T13:40:39Z</time>
			</trkpt>
			<trkpt lat="47.66137602214483" lon="20.72453036980929">
				<ele>94.49216130562127</ele>
				<time>2026-06-14T13:40:41Z</time>
			</trkpt>
			<trkpt lat="47.66139370367944" lon="20.724520437129055">
				<ele>94.47040820121765</ele>
				<time>2026-06-14T13:40:42Z</time>
			</trkpt>
			<trkpt lat="47.661415604080574" lon="20.724495368732214">
				<ele>93.94811483379453</ele>
				<time>2026-06-14T13:40:44Z</time>
			</trkpt>
			<trkpt lat="47.66143059141957" lon="20.72445454051891">
				<ele>93.7537429574877</ele>
				<time>2026-06-14T13:40:46Z</time>
			</trkpt>
			<trkpt lat="47.66144516736776" lon="20.724414356608417">
				<ele>92.94436490442604</ele>
				<time>2026-06-14T13:40:48Z</time>
			</trkpt>
			<trkpt lat="47.66145493818772" lon="20.724392448815923">
				<ele>93.03916774969548</ele>
				<time>2026-06-14T13:40:49Z</time>
			</trkpt>
			<trkpt lat="47.66146944065181" lon="20.724360706710794">
				<ele>92.09183469600976</ele>
				<time>2026-06-14T13:40:51Z</time>
			</trkpt>
			<trkpt lat="47.66148774448955" lon="20.724337997253933">
				<ele>91.48185143247247</ele>
				<time>2026-06-14T13:40:53Z</time>
			</trkpt>
			<trkpt lat="47.66150306130378" lon="20.724316725025634">
				<ele>91.10693716350943</ele>
				<time>2026-06-14T13:40:55Z</time>
			</trkpt>
			<trkpt lat="47.66151453860875" lon="20.724304008071442">
				<ele>91.28340459708124</ele>
				<time>2026-06-14T13:40:56Z</time>
			</trkpt>
			<trkpt lat="47.66153181932873" lon="20.724277288016115">
				<ele>91.37207780685276</ele>
				<time>2026-06-14T13:40:58Z</time>
			</trkpt>
			<trkpt lat="47.66155180340104" lon="20.7242516334217">
				<ele>93.24251132365316</ele>
				<time>2026-06-14T13:41:00Z</time>
			</trkpt>
			<trkpt lat="47.661569713922965" lon="20.724226860568844">
				<ele>92.89944754354656</ele>
				<time>2026-06-14T13:41:02Z</time>
			</trkpt>
			<trkpt lat="47.661582440182706" lon="20.724200630672605">
				<ele>92.69844234082848</ele>
				<time>2026-06-14T13:41:04Z</time>
			</trkpt>
			<trkpt lat="47.66159394333325" lon="20.724167714429427">
				<ele>92.31811142526567</ele>
				<time>2026-06-14T13:41:07Z</time>
			</trkpt>
			<trkpt lat="47.66159658224812" lon="20.7241519049936">
				<ele>93.05183284170926</ele>
				<time>2026-06-14T13:41:09Z</time>
			</trkpt>
			<trkpt lat="47.66160519236177" lon="20.724129957505102">
				<ele>92.38315842766315</ele>
				<time>2026-06-14T13:41:12Z</time>
			</trkpt>
			<trkpt lat="47.66161841427947" lon="20.724096123024">
				<ele>92.88901111576706</ele>
				<time>2026-06-14T13:41:14Z</time>
			</trkpt>
			<trkpt lat="47.661631054190806" lon="20.72407598276508">
				<ele>92.3042311547324</ele>
				<time>2026-06-14T13:41:16Z</time>
			</trkpt>
			<trkpt lat="47.66164578465234" lon="20.724063453914546">
				<ele>92.36195222567767</ele>
				<time>2026-06-14T13:41:17Z</time>
			</trkpt>
			<trkpt lat="47.661672081278354" lon="20.724041853402667">
				<ele>92.57764279283583</ele>
				<time>2026-06-14T13:41:19Z</time>
			</trkpt>
			<trkpt lat="47.6616946744061" lon="20.724012569371542">
				<ele>92.50737392250448</ele>
				<time>2026-06-14T13:41:21Z</time>
			</trkpt>
			<trkpt lat="47.661713158743765" lon="20.723987782621336">
				<ele>92.45583334658295</ele>
				<time>2026-06-14T13:41:23Z</time>
			</trkpt>
			<trkpt lat="47.661726609592996" lon="20.723975424227593">
				<ele>92.81421711854637</ele>
				<time>2026-06-14T13:41:24Z</time>
			</trkpt>
			<trkpt lat="47.661760151136164" lon="20.72394193498864">
				<ele>92.89796876348555</ele>
				<time>2026-06-14T13:41:27Z</time>
			</trkpt>
			<trkpt lat="47.66177650631859" lon="20.7239206597004">
				<ele>93.43497073370963</ele>
				<time>2026-06-14T13:41:29Z</time>
			</trkpt>
			<trkpt lat="47.661788958627966" lon="20.723911141199753">
				<ele>92.66441704239696</ele>
				<time>2026-06-14T13:41:30Z</time>
			</trkpt>
			<trkpt lat="47.661811361167" lon="20.72389546800575">
				<ele>92.20742224901915</ele>
				<time>2026-06-14T13:41:32Z</time>
			</trkpt>
			<trkpt lat="47.661829923733265" lon="20.723875567648584">
				<ele>91.64163571037352</ele>
				<time>2026-06-14T13:41:34Z</time>
			</trkpt>
			<trkpt lat="47.66184684666046" lon="20.723857582193883">
				<ele>92.17647046875209</ele>
				<time>2026-06-14T13:41:36Z</time>
			</trkpt>
			<trkpt lat="47.66187613849092" lon="20.723844224926495">
				<ele>92.8949568187818</ele>
				<time>2026-06-14T13:41:38Z</time>
			</trkpt>
			<trkpt lat="47.66190076310142" lon="20.72383264297951">
				<ele>92.53976590093225</ele>
				<time>2026-06-14T13:41:40Z</time>
			</trkpt>
			<trkpt lat="47.66192221482433" lon="20.72382260913557">
				<ele>92.07947633136064</ele>
				<time>2026-06-14T13:41:42Z</time>
			</trkpt>
			<trkpt lat="47.661933232269874" lon="20.723808138615503">
				<ele>92.03118491824716</ele>
				<time>2026-06-14T13:41:44Z</time>
			</trkpt>
			<trkpt lat="47.661949503196546" lon="20.723770619833893">
				<ele>94.63381417281926</ele>
				<time>2026-06-14T13:41:46Z</time>
			</trkpt>
			<trkpt lat="47.661967534929225" lon="20.72373663960557">
				<ele>94.03459997102618</ele>
				<time>2026-06-14T13:41:48Z</time>
			</trkpt>
			<trkpt lat="47.6619702703021" lon="20.723714682336986">
				<ele>93.4603390917182</ele>
				<time>2026-06-14T13:41:49Z</time>
			</trkpt>
			<trkpt lat="47.661983666415715" lon="20.72367817998412">
				<ele>93.21877734363079</ele>
				<time>2026-06-14T13:41:51Z</time>
			</trkpt>
			<trkpt lat="47.661999115263164" lon="20.72364450600693">
				<ele>92.6458310475573</ele>
				<time>2026-06-14T13:41:53Z</time>
			</trkpt>
			<trkpt lat="47.66202556729562" lon="20.72361880869687">
				<ele>93.1313800541684</ele>
				<time>2026-06-14T13:41:55Z</time>
			</trkpt>
			<trkpt lat="47.6620476068463" lon="20.72359236728307">
				<ele>93.59501104988158</ele>
				<time>2026-06-14T13:41:57Z</time>
			</trkpt>
			<trkpt lat="47.662057385877475" lon="20.723573266441182">
				<ele>93.70706170611084</ele>
				<time>2026-06-14T13:41:59Z</time>
			</trkpt>
			<trkpt lat="47.66207268633945" lon="20.72354940444479">
				<ele>92.36497538350523</ele>
				<time>2026-06-14T13:42:01Z</time>
			</trkpt>
			<trkpt lat="47.662092975577266" lon="20.723528381249583">
				<ele>89.92958485055715</ele>
				<time>2026-06-14T13:42:03Z</time>
			</trkpt>
			<trkpt lat="47.66211250783449" lon="20.723508791397858">
				<ele>91.61643750872463</ele>
				<time>2026-06-14T13:42:05Z</time>
			</trkpt>
			<trkpt lat="47.66213332302795" lon="20.72348443938787">
				<ele>91.28303502779454</ele>
				<time>2026-06-14T13:42:07Z</time>
			</trkpt>
			<trkpt lat="47.662147421243326" lon="20.723454841698803">
				<ele>90.47985439840704</ele>
				<time>2026-06-14T13:42:09Z</time>
			</trkpt>
			<trkpt lat="47.66215235164019" lon="20.72343361105768">
				<ele>90.39326790627092</ele>
				<time>2026-06-14T13:42:11Z</time>
			</trkpt>
			<trkpt lat="47.66216746302761" lon="20.723406686676682">
				<ele>90.16829383093864</ele>
				<time>2026-06-14T13:42:13Z</time>
			</trkpt>
			<trkpt lat="47.662188876851985" lon="20.723370931743894">
				<ele>90.27989423647523</ele>
				<time>2026-06-14T13:42:15Z</time>
			</trkpt>
			<trkpt lat="47.66219923665437" lon="20.72334435733727">
				<ele>91.03087259549648</ele>
				<time>2026-06-14T13:42:17Z</time>
			</trkpt>
			<trkpt lat="47.662211678469376" lon="20.723310263530916">
				<ele>91.00180245563388</ele>
				<time>2026-06-14T13:42:19Z</time>
			</trkpt>
			<trkpt lat="47.66223248408234" lon="20.72327872821779">
				<ele>90.12834402825683</ele>
				<time>2026-06-14T13:42:21Z</time>
			</trkpt>
			<trkpt lat="47.66225287302431" lon="20.723249493283955">
				<ele>91.08506288193166</ele>
				<time>2026-06-14T13:42:23Z</time>
			</trkpt>
			<trkpt lat="47.66227777856546" lon="20.723229196387543">
				<ele>91.2143079387024</ele>
				<time>2026-06-14T13:42:25Z</time>
			</trkpt>
			<trkpt lat="47.662303598242715" lon="20.723213363229792">
				<ele>91.32544464990497</ele>
				<time>2026-06-14T13:42:27Z</time>
			</trkpt>
			<trkpt lat="47.66232982013478" lon="20.72319810818052">
				<ele>92.37416790053248</ele>
				<time>2026-06-14T13:42:29Z</time>
			</trkpt>
			<trkpt lat="47.662344835008746" lon="20.723187566998423">
				<ele>91.51915832236409</ele>
				<time>2026-06-14T13:42:30Z</time>
			</trkpt>
			<trkpt lat="47.66236904599113" lon="20.72317550562131">
				<ele>91.52892095781863</ele>
				<time>2026-06-14T13:42:32Z</time>
			</trkpt>
			<trkpt lat="47.662390521351035" lon="20.723165244550525">
				<ele>92.56926388572901</ele>
				<time>2026-06-14T13:42:34Z</time>
			</trkpt>
			<trkpt lat="47.66241350122022" lon="20.723148579312415">
				<ele>92.2149728666991</ele>
				<time>2026-06-14T13:42:36Z</time>
			</trkpt>
			<trkpt lat="47.66243725378304" lon="20.723122525867765">
				<ele>91.44429475907236</ele>
				<time>2026-06-14T13:42:38Z</time>
			</trkpt>
			<trkpt lat="47.662459297512555" lon="20.723100601456615">
				<ele>91.121447538957</ele>
				<time>2026-06-14T13:42:40Z</time>
			</trkpt>
			<trkpt lat="47.66248152698583" lon="20.723081651690965">
				<ele>90.91450305562466</ele>
				<time>2026-06-14T13:42:42Z</time>
			</trkpt>
			<trkpt lat="47.66250804407925" lon="20.723065108135533">
				<ele>91.17736432049423</ele>
				<time>2026-06-14T13:42:44Z</time>
			</trkpt>
			<trkpt lat="47.6625330183658" lon="20.72304864910287">
				<ele>90.8808979364112</ele>
				<time>2026-06-14T13:42:46Z</time>
			</trkpt>
			<trkpt lat="47.66256148955918" lon="20.723038623606175">
				<ele>91.13913282938302</ele>
				<time>2026-06-14T13:42:48Z</time>
			</trkpt>
			<trkpt lat="47.66258279347738" lon="20.723022312459708">
				<ele>91.03245403524488</ele>
				<time>2026-06-14T13:42:50Z</time>
			</trkpt>
			<trkpt lat="47.66260329429451" lon="20.723004900022186">
				<ele>90.81021725106984</ele>
				<time>2026-06-14T13:42:52Z</time>
			</trkpt>
			<trkpt lat="47.662627693108945" lon="20.722982922327773">
				<ele>89.3872294574976</ele>
				<time>2026-06-14T13:42:54Z</time>
			</trkpt>
			<trkpt lat="47.66265351321652" lon="20.722967746154815">
				<ele>89.38001008145511</ele>
				<time>2026-06-14T13:42:56Z</time>
			</trkpt>
			<trkpt lat="47.66267739938015" lon="20.722959492165824">
				<ele>89.2877873647958</ele>
				<time>2026-06-14T13:42:58Z</time>
			</trkpt>
			<trkpt lat="47.662704706236" lon="20.72294424025287">
				<ele>90.33352341502905</ele>
				<time>2026-06-14T13:43:00Z</time>
			</trkpt>
			<trkpt lat="47.66272860034498" lon="20.722934799828806">
				<ele>90.42980222776532</ele>
				<time>2026-06-14T13:43:02Z</time>
			</trkpt>
			<trkpt lat="47.66275572179563" lon="20.722925231925878">
				<ele>90.95571767538786</ele>
				<time>2026-06-14T13:43:04Z</time>
			</trkpt>
			<trkpt lat="47.66278589377262" lon="20.722922956406183">
				<ele>90.88511069584638</ele>
				<time>2026-06-14T13:43:06Z</time>
			</trkpt>
			<trkpt lat="47.662810856356266" lon="20.722923749013734">
				<ele>90.45230820309371</ele>
				<time>2026-06-14T13:43:08Z</time>
			</trkpt>
			<trkpt lat="47.662842641911894" lon="20.722925421680056">
				<ele>90.67665289714932</ele>
				<time>2026-06-14T13:43:10Z</time>
			</trkpt>
			<trkpt lat="47.66287035718807" lon="20.722924574335984">
				<ele>90.35161909274757</ele>
				<time>2026-06-14T13:43:12Z</time>
			</trkpt>
			<trkpt lat="47.662892718641956" lon="20.722926240717328">
				<ele>90.45305048953742</ele>
				<time>2026-06-14T13:43:14Z</time>
			</trkpt>
			<trkpt lat="47.66290746750318" lon="20.722934749539647">
				<ele>90.76063836365938</ele>
				<time>2026-06-14T13:43:15Z</time>
			</trkpt>
			<trkpt lat="47.66293432470241" lon="20.722930780259464">
				<ele>91.18423116393387</ele>
				<time>2026-06-14T13:43:17Z</time>
			</trkpt>
			<trkpt lat="47.66296394623362" lon="20.722917979552747">
				<ele>92.18500577006489</ele>
				<time>2026-06-14T13:43:19Z</time>
			</trkpt>
			<trkpt lat="47.66298851650801" lon="20.72289909415127">
				<ele>91.5713308705017</ele>
				<time>2026-06-14T13:43:21Z</time>
			</trkpt>
			<trkpt lat="47.663009265142215" lon="20.722875482699372">
				<ele>92.15520085394382</ele>
				<time>2026-06-14T13:43:23Z</time>
			</trkpt>
			<trkpt lat="47.663027155925604" lon="20.72285404030533">
				<ele>91.87737169209868</ele>
				<time>2026-06-14T13:43:25Z</time>
			</trkpt>
			<trkpt lat="47.663048394404896" lon="20.722838898917388">
				<ele>90.88805677555501</ele>
				<time>2026-06-14T13:43:27Z</time>
			</trkpt>
			<trkpt lat="47.66307262105555" lon="20.722822375995438">
				<ele>91.58934553619474</ele>
				<time>2026-06-14T13:43:29Z</time>
			</trkpt>
			<trkpt lat="47.66308832087422" lon="20.722814644503554">
				<ele>90.93946987669915</ele>
				<time>2026-06-14T13:43:30Z</time>
			</trkpt>
			<trkpt lat="47.663122724940465" lon="20.722804237868605">
				<ele>90.675780152902</ele>
				<time>2026-06-14T13:43:32Z</time>
			</trkpt>
			<trkpt lat="47.66315326876511" lon="20.722807191002467">
				<ele>89.64301042631269</ele>
				<time>2026-06-14T13:43:34Z</time>
			</trkpt>
			<trkpt lat="47.66317906651568" lon="20.72281576869684">
				<ele>89.02631008904427</ele>
				<time>2026-06-14T13:43:36Z</time>
			</trkpt>
			<trkpt lat="47.663206165244745" lon="20.72282050398439">
				<ele>89.46810923237354</ele>
				<time>2026-06-14T13:43:38Z</time>
			</trkpt>
			<trkpt lat="47.66322187189559" lon="20.722820085906786">
				<ele>88.56334821600467</ele>
				<time>2026-06-14T13:43:39Z</time>
			</trkpt>
			<trkpt lat="47.66324597476473" lon="20.722821741032398">
				<ele>90.02790394891053</ele>
				<time>2026-06-14T13:43:41Z</time>
			</trkpt>
			<trkpt lat="47.66327208629229" lon="20.722817335213293">
				<ele>89.84097298234701</ele>
				<time>2026-06-14T13:43:43Z</time>
			</trkpt>
			<trkpt lat="47.66329465831962" lon="20.722799762813988">
				<ele>90.32823994848877</ele>
				<time>2026-06-14T13:43:45Z</time>
			</trkpt>
			<trkpt lat="47.663316921087436" lon="20.72277074948291">
				<ele>90.28662986122072</ele>
				<time>2026-06-14T13:43:47Z</time>
			</trkpt>
			<trkpt lat="47.66334661235674" lon="20.722738464089478">
				<ele>90.41683426406235</ele>
				<time>2026-06-14T13:43:49Z</time>
			</trkpt>
			<trkpt lat="47.6633682757294" lon="20.722708120097273">
				<ele>90.28272841777653</ele>
				<time>2026-06-14T13:43:51Z</time>
			</trkpt>
			<trkpt lat="47.663384804251585" lon="20.72268055144726">
				<ele>90.48842210043222</ele>
				<time>2026-06-14T13:43:53Z</time>
			</trkpt>
			<trkpt lat="47.66340117314469" lon="20.722655578883362">
				<ele>90.28781143203378</ele>
				<time>2026-06-14T13:43:55Z</time>
			</trkpt>
			<trkpt lat="47.663414929687086" lon="20.72263599511423">
				<ele>91.53866509627551</ele>
				<time>2026-06-14T13:43:57Z</time>
			</trkpt>
			<trkpt lat="47.66343392470165" lon="20.722612397566216">
				<ele>90.79619290586561</ele>
				<time>2026-06-14T13:43:59Z</time>
			</trkpt>
			<trkpt lat="47.66346949977708" lon="20.722580528699353">
				<ele>90.76145206391811</ele>
				<time>2026-06-14T13:44:02Z</time>
			</trkpt>
			<trkpt lat="47.66349539686721" lon="20.722577076982834">
				<ele>91.22988642100245</ele>
				<time>2026-06-14T13:44:04Z</time>
			</trkpt>
			<trkpt lat="47.663519830315785" lon="20.722579985886338">
				<ele>91.40805969852954</ele>
				<time>2026-06-14T13:44:06Z</time>
			</trkpt>
			<trkpt lat="47.663543426648374" lon="20.722583939597577">
				<ele>91.77678195387125</ele>
				<time>2026-06-14T13:44:08Z</time>
			</trkpt>
			<trkpt lat="47.663565123033585" lon="20.722585029963746">
				<ele>91.43939934205264</ele>
				<time>2026-06-14T13:44:10Z</time>
			</trkpt>
			<trkpt lat="47.66358626448612" lon="20.722588038589546">
				<ele>91.39419061504304</ele>
				<time>2026-06-14T13:44:12Z</time>
			</trkpt>
			<trkpt lat="47.66359940242079" lon="20.72258178061524">
				<ele>91.86511320061982</ele>
				<time>2026-06-14T13:44:13Z</time>
			</trkpt>
			<trkpt lat="47.663616555650464" lon="20.722575921217395">
				<ele>92.4191369432956</ele>
				<time>2026-06-14T13:44:14Z</time>
			</trkpt>
			<trkpt lat="47.66364252932377" lon="20.72257188142705">
				<ele>92.58780469186604</ele>
				<time>2026-06-14T13:44:17Z</time>
			</trkpt>
			<trkpt lat="47.663664003906696" lon="20.722579542023894">
				<ele>92.44745204783976</ele>
				<time>2026-06-14T13:44:19Z</time>
			</trkpt>
			<trkpt lat="47.66368412171535" lon="20.7225831423753">
				<ele>92.39184669032693</ele>
				<time>2026-06-14T13:44:22Z</time>
			</trkpt>
			<trkpt lat="47.66369658153787" lon="20.72258766213283">
				<ele>92.1370123969391</ele>
				<time>2026-06-14T13:44:25Z</time>
			</trkpt>
			<trkpt lat="47.66369766405884" lon="20.72260450819981">
				<ele>91.98875352367759</ele>
				<time>2026-06-14T13:44:29Z</time>
			</trkpt>
			<trkpt lat="47.66368511074861" lon="20.722626764783463">
				<ele>91.38658439554274</ele>
				<time>2026-06-14T13:44:33Z</time>
			</trkpt>
			<trkpt lat="47.66367128410965" lon="20.722642850845812">
				<ele>91.46298547368497</ele>
				<time>2026-06-14T13:44:36Z</time>
			</trkpt>
			<trkpt lat="47.663652903180264" lon="20.722658577454133">
				<ele>91.48871755506843</ele>
				<time>2026-06-14T13:44:40Z</time>
			</trkpt>
			<trkpt lat="47.66362841357121" lon="20.722671126942938">
				<ele>91.37197274062783</ele>
				<time>2026-06-14T13:44:43Z</time>
			</trkpt>
			<trkpt lat="47.663596013667764" lon="20.72268653953">
				<ele>91.4938810300082</ele>
				<time>2026-06-14T13:44:45Z</time>
			</trkpt>
			<trkpt lat="47.66355144721583" lon="20.72270466052561">
				<ele>91.84210550040007</ele>
				<time>2026-06-14T13:44:48Z</time>
			</trkpt>
			<trkpt lat="47.66352309021573" lon="20.72271270866524">
				<ele>91.83145680930465</ele>
				<time>2026-06-14T13:44:50Z</time>
			</trkpt>
			<trkpt lat="47.66350809644455" lon="20.72272087345513">
				<ele>92.08627431280911</ele>
				<time>2026-06-14T13:44:52Z</time>
			</trkpt>
			<trkpt lat="47.66349439910979" lon="20.722731105895523">
				<ele>92.08553829975426</ele>
				<time>2026-06-14T13:44:55Z</time>
			</trkpt>
			<trkpt lat="47.6634785488877" lon="20.722740700929553">
				<ele>92.44514771085232</ele>
				<time>2026-06-14T13:44:58Z</time>
			</trkpt>
			<trkpt lat="47.66345983304769" lon="20.722748320553393">
				<ele>92.56259520538151</ele>
				<time>2026-06-14T13:45:01Z</time>
			</trkpt>
			<trkpt lat="47.66343543210473" lon="20.7227606904151">
				<ele>92.30145887658</ele>
				<time>2026-06-14T13:45:06Z</time>
			</trkpt>
			<trkpt lat="47.66340776656394" lon="20.722753940285084">
				<ele>91.87623843830079</ele>
				<time>2026-06-14T13:45:16Z</time>
			</trkpt>
			<trkpt lat="47.66340891079293" lon="20.722739055666402">
				<ele>92.0604099733755</ele>
				<time>2026-06-14T13:45:19Z</time>
			</trkpt>
			<trkpt lat="47.66341739745574" lon="20.722720860185053">
				<ele>91.93923535384238</ele>
				<time>2026-06-14T13:45:22Z</time>
			</trkpt>
			<trkpt lat="47.66342786129941" lon="20.722705266185176">
				<ele>91.4625319391489</ele>
				<time>2026-06-14T13:45:24Z</time>
			</trkpt>
			<trkpt lat="47.66343913836641" lon="20.7226896470103">
				<ele>91.89787342492491</ele>
				<time>2026-06-14T13:45:26Z</time>
			</trkpt>
			<trkpt lat="47.66345774829137" lon="20.722669827042886">
				<ele>92.17184492107481</ele>
				<time>2026-06-14T13:45:29Z</time>
			</trkpt>
			<trkpt lat="47.663481469965305" lon="20.722650900215235">
				<ele>91.99272066913545</ele>
				<time>2026-06-14T13:45:32Z</time>
			</trkpt>
			<trkpt lat="47.66350013919069" lon="20.722638804448184">
				<ele>91.75935359112918</ele>
				<time>2026-06-14T13:45:34Z</time>
			</trkpt>
			<trkpt lat="47.66352375715173" lon="20.72262583069654">
				<ele>91.62314416933805</ele>
				<time>2026-06-14T13:45:37Z</time>
			</trkpt>
			<trkpt lat="47.6635493157359" lon="20.72261429290956">
				<ele>91.58059849590063</ele>
				<time>2026-06-14T13:45:40Z</time>
			</trkpt>
			<trkpt lat="47.66357545918213" lon="20.722604989853153">
				<ele>91.82264033704996</ele>
				<time>2026-06-14T13:45:43Z</time>
			</trkpt>
			<trkpt lat="47.66360386965546" lon="20.722600798460185">
				<ele>91.6327059455216</ele>
				<time>2026-06-14T13:45:46Z</time>
			</trkpt>
			<trkpt lat="47.663622067664726" lon="20.72259167550076">
				<ele>91.4868051270023</ele>
				<time>2026-06-14T13:45:48Z</time>
			</trkpt>
			<trkpt lat="47.66364560625182" lon="20.72258300818143">
				<ele>92.98075168021023</ele>
				<time>2026-06-14T13:45:50Z</time>
			</trkpt>
			<trkpt lat="47.66366302000474" lon="20.722574624201318">
				<ele>91.63311106432229</ele>
				<time>2026-06-14T13:45:52Z</time>
			</trkpt>
			<trkpt lat="47.66368283004691" lon="20.722563352822224">
				<ele>91.80179569870234</ele>
				<time>2026-06-14T13:45:55Z</time>
			</trkpt>
			<trkpt lat="47.66370812959943" lon="20.722547761158502">
				<ele>91.56168853677809</ele>
				<time>2026-06-14T13:45:57Z</time>
			</trkpt>
			<trkpt lat="47.663736717592805" lon="20.72253567691343">
				<ele>91.49501397740096</ele>
				<time>2026-06-14T13:45:59Z</time>
			</trkpt>
			<trkpt lat="47.66376060103735" lon="20.722522783560894">
				<ele>91.86756961327046</ele>
				<time>2026-06-14T13:46:01Z</time>
			</trkpt>
			<trkpt lat="47.66378511874566" lon="20.722504100810706">
				<ele>92.3699529254809</ele>
				<time>2026-06-14T13:46:03Z</time>
			</trkpt>
			<trkpt lat="47.663799402734526" lon="20.722494569668388">
				<ele>92.64867406990379</ele>
				<time>2026-06-14T13:46:05Z</time>
			</trkpt>
			<trkpt lat="47.66382096183956" lon="20.722487729290954">
				<ele>91.81425274256617</ele>
				<time>2026-06-14T13:46:07Z</time>
			</trkpt>
			<trkpt lat="47.66384859095125" lon="20.7224830367754">
				<ele>91.54404395911843</ele>
				<time>2026-06-14T13:46:09Z</time>
			</trkpt>
			<trkpt lat="47.66387776382952" lon="20.722475787765354">
				<ele>92.36939922906458</ele>
				<time>2026-06-14T13:46:11Z</time>
			</trkpt>
			<trkpt lat="47.66390669018958" lon="20.722467865499166">
				<ele>92.1514132861048</ele>
				<time>2026-06-14T13:46:13Z</time>
			</trkpt>
			<trkpt lat="47.66393632564062" lon="20.722458331433316">
				<ele>92.38759849313647</ele>
				<time>2026-06-14T13:46:15Z</time>
			</trkpt>
			<trkpt lat="47.663965647350636" lon="20.722450740190173">
				<ele>92.57406497653574</ele>
				<time>2026-06-14T13:46:17Z</time>
			</trkpt>
			<trkpt lat="47.66398423036889" lon="20.72244928767381">
				<ele>91.78759125992656</ele>
				<time>2026-06-14T13:46:19Z</time>
			</trkpt>
			<trkpt lat="47.66400668304316" lon="20.72244915504853">
				<ele>91.55896993912756</ele>
				<time>2026-06-14T13:46:21Z</time>
			</trkpt>
			<trkpt lat="47.664037018734575" lon="20.722444670069677">
				<ele>91.6553782550618</ele>
				<time>2026-06-14T13:46:23Z</time>
			</trkpt>
			<trkpt lat="47.66406678372904" lon="20.72244551528757">
				<ele>90.52769997529685</ele>
				<time>2026-06-14T13:46:25Z</time>
			</trkpt>
			<trkpt lat="47.6640979775164" lon="20.72244202984143">
				<ele>91.20188506878912</ele>
				<time>2026-06-14T13:46:27Z</time>
			</trkpt>
			<trkpt lat="47.66411643894278" lon="20.722437243533573">
				<ele>91.37598298024386</ele>
				<time>2026-06-14T13:46:29Z</time>
			</trkpt>
			<trkpt lat="47.664132350443815" lon="20.72243614623111">
				<ele>91.5119800074026</ele>
				<time>2026-06-14T13:46:30Z</time>
			</trkpt>
			<trkpt lat="47.66416006012164" lon="20.72243521550602">
				<ele>91.7205867273733</ele>
				<time>2026-06-14T13:46:32Z</time>
			</trkpt>
			<trkpt lat="47.66419120219241" lon="20.72243219078205">
				<ele>91.07533693313599</ele>
				<time>2026-06-14T13:46:34Z</time>
			</trkpt>
			<trkpt lat="47.66421819182166" lon="20.722434207242767">
				<ele>91.14912779163569</ele>
				<time>2026-06-14T13:46:36Z</time>
			</trkpt>
			<trkpt lat="47.66424712676758" lon="20.722430662477493">
				<ele>91.19318821188062</ele>
				<time>2026-06-14T13:46:38Z</time>
			</trkpt>
			<trkpt lat="47.66427141554023" lon="20.722429333982422">
				<ele>92.02140693832189</ele>
				<time>2026-06-14T13:46:40Z</time>
			</trkpt>
			<trkpt lat="47.66428721701154" lon="20.72242901872028">
				<ele>92.44706103764474</ele>
				<time>2026-06-14T13:46:41Z</time>
			</trkpt>
			<trkpt lat="47.664317759274084" lon="20.72242375471641">
				<ele>92.47011455055326</ele>
				<time>2026-06-14T13:46:43Z</time>
			</trkpt>
			<trkpt lat="47.66433696054918" lon="20.722422612237693">
				<ele>92.36889436841011</ele>
				<time>2026-06-14T13:46:44Z</time>
			</trkpt>
			<trkpt lat="47.664364301756684" lon="20.722424313896337">
				<ele>91.4523944761604</ele>
				<time>2026-06-14T13:46:46Z</time>
			</trkpt>
			<trkpt lat="47.664385727386765" lon="20.722426839232174">
				<ele>91.76655556634068</ele>
				<time>2026-06-14T13:46:48Z</time>
			</trkpt>
			<trkpt lat="47.66441158666131" lon="20.722430676575616">
				<ele>91.40954463649541</ele>
				<time>2026-06-14T13:46:50Z</time>
			</trkpt>
			<trkpt lat="47.66443951084255" lon="20.722428474432007">
				<ele>92.17486769147217</ele>
				<time>2026-06-14T13:46:52Z</time>
			</trkpt>
			<trkpt lat="47.66446763878413" lon="20.722421371017123">
				<ele>92.1866305731237</ele>
				<time>2026-06-14T13:46:54Z</time>
			</trkpt>
			<trkpt lat="47.664492696034685" lon="20.722417070160052">
				<ele>92.45526228938252</ele>
				<time>2026-06-14T13:46:56Z</time>
			</trkpt>
			<trkpt lat="47.664519205540344" lon="20.722416387725517">
				<ele>92.94471793528646</ele>
				<time>2026-06-14T13:46:58Z</time>
			</trkpt>
			<trkpt lat="47.6645436049966" lon="20.72241366040977">
				<ele>92.58533451333642</ele>
				<time>2026-06-14T13:47:00Z</time>
			</trkpt>
			<trkpt lat="47.66456830413666" lon="20.722410375110247">
				<ele>92.85849270503968</ele>
				<time>2026-06-14T13:47:02Z</time>
			</trkpt>
			<trkpt lat="47.664584328047816" lon="20.722410027578967">
				<ele>93.05533055495471</ele>
				<time>2026-06-14T13:47:03Z</time>
			</trkpt>
			<trkpt lat="47.664611658928564" lon="20.722417596150958">
				<ele>92.30761411227286</ele>
				<time>2026-06-14T13:47:05Z</time>
			</trkpt>
			<trkpt lat="47.664638651514686" lon="20.722421354576984">
				<ele>92.10727335046977</ele>
				<time>2026-06-14T13:47:07Z</time>
			</trkpt>
			<trkpt lat="47.66466661831748" lon="20.722423107375178">
				<ele>92.05009655468166</ele>
				<time>2026-06-14T13:47:09Z</time>
			</trkpt>
			<trkpt lat="47.66469027097114" lon="20.722421545049244">
				<ele>91.68846069462597</ele>
				<time>2026-06-14T13:47:11Z</time>
			</trkpt>
			<trkpt lat="47.66471891908187" lon="20.722424642443237">
				<ele>91.96424245741218</ele>
				<time>2026-06-14T13:47:13Z</time>
			</trkpt>
			<trkpt lat="47.664745824051714" lon="20.72242517468864">
				<ele>92.01174614392221</ele>
				<time>2026-06-14T13:47:15Z</time>
			</trkpt>
			<trkpt lat="47.66477019508072" lon="20.72242617641447">
				<ele>92.0089547522366</ele>
				<time>2026-06-14T13:47:17Z</time>
			</trkpt>
			<trkpt lat="47.66478550553575" lon="20.72242816845538">
				<ele>91.44412622321397</ele>
				<time>2026-06-14T13:47:19Z</time>
			</trkpt>
			<trkpt lat="47.66480691198972" lon="20.722431715766938">
				<ele>91.5086958752945</ele>
				<time>2026-06-14T13:47:21Z</time>
			</trkpt>
			<trkpt lat="47.664834028095136" lon="20.722434894453016">
				<ele>91.05994581338018</ele>
				<time>2026-06-14T13:47:23Z</time>
			</trkpt>
			<trkpt lat="47.66486368836123" lon="20.722441040166153">
				<ele>91.0603140797466</ele>
				<time>2026-06-14T13:47:25Z</time>
			</trkpt>
			<trkpt lat="47.66489279897118" lon="20.72244557306385">
				<ele>91.21704346314073</ele>
				<time>2026-06-14T13:47:27Z</time>
			</trkpt>
			<trkpt lat="47.6649166869289" lon="20.72244812951303">
				<ele>90.76125413458794</ele>
				<time>2026-06-14T13:47:29Z</time>
			</trkpt>
			<trkpt lat="47.66493882700266" lon="20.7224514447355">
				<ele>90.75494917947799</ele>
				<time>2026-06-14T13:47:31Z</time>
			</trkpt>
			<trkpt lat="47.66496268713739" lon="20.72244995180304">
				<ele>91.21124689187855</ele>
				<time>2026-06-14T13:47:33Z</time>
			</trkpt>
			<trkpt lat="47.664988724855064" lon="20.72244909553112">
				<ele>90.79034756217152</ele>
				<time>2026-06-14T13:47:35Z</time>
			</trkpt>
			<trkpt lat="47.66501586262105" lon="20.722449419922974">
				<ele>91.0471130721271</ele>
				<time>2026-06-14T13:47:37Z</time>
			</trkpt>
			<trkpt lat="47.66504555123215" lon="20.72244972884129">
				<ele>91.03875759616494</ele>
				<time>2026-06-14T13:47:39Z</time>
			</trkpt>
			<trkpt lat="47.66507156656067" lon="20.722448872731928">
				<ele>91.16843426600099</ele>
				<time>2026-06-14T13:47:41Z</time>
			</trkpt>
			<trkpt lat="47.665102109080564" lon="20.722451005978126">
				<ele>92.3708231402561</ele>
				<time>2026-06-14T13:47:43Z</time>
			</trkpt>
			<trkpt lat="47.66513139412356" lon="20.722453607695627">
				<ele>92.38306329585612</ele>
				<time>2026-06-14T13:47:45Z</time>
			</trkpt>
			<trkpt lat="47.665159283062565" lon="20.72245683973673">
				<ele>91.27687150612473</ele>
				<time>2026-06-14T13:47:47Z</time>
			</trkpt>
			<trkpt lat="47.66518438344348" lon="20.722454242619357">
				<ele>91.59497930761427</ele>
				<time>2026-06-14T13:47:49Z</time>
			</trkpt>
			<trkpt lat="47.665200857654675" lon="20.72245492659223">
				<ele>92.23655501753092</ele>
				<time>2026-06-14T13:47:50Z</time>
			</trkpt>
			<trkpt lat="47.66522770132421" lon="20.722454597223606">
				<ele>92.09310309682041</ele>
				<time>2026-06-14T13:47:52Z</time>
			</trkpt>
			<trkpt lat="47.66525391992931" lon="20.72245310357089">
				<ele>92.42667630314827</ele>
				<time>2026-06-14T13:47:54Z</time>
			</trkpt>
			<trkpt lat="47.66528016259457" lon="20.722453280452523">
				<ele>92.04404809791595</ele>
				<time>2026-06-14T13:47:56Z</time>
			</trkpt>
			<trkpt lat="47.6652944120861" lon="20.722451912273396">
				<ele>91.84091075137258</ele>
				<time>2026-06-14T13:47:58Z</time>
			</trkpt>
			<trkpt lat="47.66531895767144" lon="20.72245163405061">
				<ele>91.5210926309228</ele>
				<time>2026-06-14T13:48:00Z</time>
			</trkpt>
			<trkpt lat="47.66536083643737" lon="20.72245219841864">
				<ele>91.47110719513148</ele>
				<time>2026-06-14T13:48:03Z</time>
			</trkpt>
			<trkpt lat="47.665383877723144" lon="20.722454193184475">
				<ele>91.36809290573001</ele>
				<time>2026-06-14T13:48:05Z</time>
			</trkpt>
			<trkpt lat="47.66539876081762" lon="20.722456994652067">
				<ele>91.3799743000418</ele>
				<time>2026-06-14T13:48:07Z</time>
			</trkpt>
			<trkpt lat="47.66541386548335" lon="20.722463873395416">
				<ele>91.6318067535758</ele>
				<time>2026-06-14T13:48:08Z</time>
			</trkpt>
			<trkpt lat="47.66544299798778" lon="20.72247752961245">
				<ele>91.59370383433998</ele>
				<time>2026-06-14T13:48:10Z</time>
			</trkpt>
			<trkpt lat="47.66547180174061" lon="20.722486388161908">
				<ele>91.81485214829445</ele>
				<time>2026-06-14T13:48:12Z</time>
			</trkpt>
			<trkpt lat="47.665500793715196" lon="20.72249549579648">
				<ele>91.80101587343961</ele>
				<time>2026-06-14T13:48:14Z</time>
			</trkpt>
			<trkpt lat="47.665528139333105" lon="20.72250283208724">
				<ele>91.79183001350611</ele>
				<time>2026-06-14T13:48:16Z</time>
			</trkpt>
			<trkpt lat="47.665554728086754" lon="20.72251076493661">
				<ele>91.30263015255332</ele>
				<time>2026-06-14T13:48:18Z</time>
			</trkpt>
			<trkpt lat="47.66558442166249" lon="20.722514684036355">
				<ele>91.64937002863735</ele>
				<time>2026-06-14T13:48:20Z</time>
			</trkpt>
			<trkpt lat="47.665612546758865" lon="20.72252019117914">
				<ele>91.0660698832944</ele>
				<time>2026-06-14T13:48:22Z</time>
			</trkpt>
			<trkpt lat="47.66563764133152" lon="20.722523685039263">
				<ele>91.26406110543758</ele>
				<time>2026-06-14T13:48:24Z</time>
			</trkpt>
			<trkpt lat="47.66566113021074" lon="20.72252526634916">
				<ele>91.33838520385325</ele>
				<time>2026-06-14T13:48:26Z</time>
			</trkpt>
			<trkpt lat="47.66567636972035" lon="20.722528246743234">
				<ele>91.64183242060244</ele>
				<time>2026-06-14T13:48:27Z</time>
			</trkpt>
			<trkpt lat="47.66570475110366" lon="20.722536807288897">
				<ele>91.38929638173431</ele>
				<time>2026-06-14T13:48:29Z</time>
			</trkpt>
			<trkpt lat="47.665729983739126" lon="20.72254259305568">
				<ele>91.20712323486805</ele>
				<time>2026-06-14T13:48:31Z</time>
			</trkpt>
			<trkpt lat="47.66575450859727" lon="20.722549971425398">
				<ele>90.65077950339764</ele>
				<time>2026-06-14T13:48:33Z</time>
			</trkpt>
			<trkpt lat="47.66577967087584" lon="20.72255253946435">
				<ele>91.16588886640966</ele>
				<time>2026-06-14T13:48:35Z</time>
			</trkpt>
			<trkpt lat="47.66579793161139" lon="20.722554434177585">
				<ele>91.41636782791466</ele>
				<time>2026-06-14T13:48:36Z</time>
			</trkpt>
			<trkpt lat="47.66583026173571" lon="20.722559902525255">
				<ele>91.1033282848075</ele>
				<time>2026-06-14T13:48:38Z</time>
			</trkpt>
			<trkpt lat="47.66585821302114" lon="20.722561108656063">
				<ele>91.41077146865427</ele>
				<time>2026-06-14T13:48:40Z</time>
			</trkpt>
			<trkpt lat="47.66588590187825" lon="20.722560043468334">
				<ele>91.3793680826202</ele>
				<time>2026-06-14T13:48:42Z</time>
			</trkpt>
			<trkpt lat="47.66591229417248" lon="20.722558548589216">
				<ele>91.58445160742849</ele>
				<time>2026-06-14T13:48:44Z</time>
			</trkpt>
			<trkpt lat="47.66593960810022" lon="20.72256330561866">
				<ele>91.02668175287545</ele>
				<time>2026-06-14T13:48:46Z</time>
			</trkpt>
			<trkpt lat="47.66596504271417" lon="20.72256889794503">
				<ele>90.92259139660746</ele>
				<time>2026-06-14T13:48:48Z</time>
			</trkpt>
			<trkpt lat="47.66598135686308" lon="20.722569784067023">
				<ele>91.54847284313291</ele>
				<time>2026-06-14T13:48:49Z</time>
			</trkpt>
			<trkpt lat="47.66601149184346" lon="20.722575305913033">
				<ele>90.93444547336549</ele>
				<time>2026-06-14T13:48:51Z</time>
			</trkpt>
			<trkpt lat="47.666042370490516" lon="20.722576878467947">
				<ele>91.43920680787414</ele>
				<time>2026-06-14T13:48:53Z</time>
			</trkpt>
			<trkpt lat="47.66606875021189" lon="20.722574252312427">
				<ele>91.50666597019881</ele>
				<time>2026-06-14T13:48:55Z</time>
			</trkpt>
			<trkpt lat="47.66608450084104" lon="20.722576798335282">
				<ele>91.60107031464577</ele>
				<time>2026-06-14T13:48:56Z</time>
			</trkpt>
			<trkpt lat="47.666111942156626" lon="20.72258001659025">
				<ele>91.32088378444314</ele>
				<time>2026-06-14T13:48:58Z</time>
			</trkpt>
			<trkpt lat="47.666139174775815" lon="20.722587651441437">
				<ele>91.15715568233281</ele>
				<time>2026-06-14T13:49:00Z</time>
			</trkpt>
			<trkpt lat="47.6661553267548" lon="20.722591417812403">
				<ele>91.15249028988183</ele>
				<time>2026-06-14T13:49:02Z</time>
			</trkpt>
			<trkpt lat="47.666172804648504" lon="20.72259693463545">
				<ele>91.79906252026558</ele>
				<time>2026-06-14T13:49:03Z</time>
			</trkpt>
			<trkpt lat="47.66619994954775" lon="20.72260782007824">
				<ele>91.17198371514678</ele>
				<time>2026-06-14T13:49:05Z</time>
			</trkpt>
			<trkpt lat="47.66622468308655" lon="20.72261320642695">
				<ele>90.94028097670525</ele>
				<time>2026-06-14T13:49:07Z</time>
			</trkpt>
			<trkpt lat="47.666251899133634" lon="20.722618955741186">
				<ele>91.57071858085692</ele>
				<time>2026-06-14T13:49:09Z</time>
			</trkpt>
			<trkpt lat="47.666277234986566" lon="20.72262465114816">
				<ele>91.56822682823986</ele>
				<time>2026-06-14T13:49:11Z</time>
			</trkpt>
			<trkpt lat="47.66630105155186" lon="20.72262910603384">
				<ele>91.33235232625157</ele>
				<time>2026-06-14T13:49:13Z</time>
			</trkpt>
			<trkpt lat="47.66631599032807" lon="20.72263421532517">
				<ele>90.99612153414637</ele>
				<time>2026-06-14T13:49:15Z</time>
			</trkpt>
			<trkpt lat="47.666337135420484" lon="20.722637318914675">
				<ele>91.04628048557788</ele>
				<time>2026-06-14T13:49:17Z</time>
			</trkpt>
			<trkpt lat="47.666364563262114" lon="20.722639972564238">
				<ele>91.10283362213522</ele>
				<time>2026-06-14T13:49:19Z</time>
			</trkpt>
			<trkpt lat="47.66639386463414" lon="20.72264139001605">
				<ele>90.9768040291965</ele>
				<time>2026-06-14T13:49:21Z</time>
			</trkpt>
			<trkpt lat="47.666421754533694" lon="20.722643605082197">
				<ele>90.68858041334897</ele>
				<time>2026-06-14T13:49:23Z</time>
			</trkpt>
			<trkpt lat="47.66644996175302" lon="20.72264480817325">
				<ele>90.92987438570708</ele>
				<time>2026-06-14T13:49:25Z</time>
			</trkpt>
			<trkpt lat="47.66647986608457" lon="20.722644809209875">
				<ele>91.06549346167594</ele>
				<time>2026-06-14T13:49:27Z</time>
			</trkpt>
			<trkpt lat="47.66651047148641" lon="20.722639524558428">
				<ele>91.30986534059048</ele>
				<time>2026-06-14T13:49:29Z</time>
			</trkpt>
			<trkpt lat="47.66653902788513" lon="20.722638098068924">
				<ele>91.71432501729578</ele>
				<time>2026-06-14T13:49:31Z</time>
			</trkpt>
			<trkpt lat="47.66656623448168" lon="20.722637518987213">
				<ele>91.8055120036006</ele>
				<time>2026-06-14T13:49:33Z</time>
			</trkpt>
			<trkpt lat="47.66659313846185" lon="20.722637167051747">
				<ele>91.94109441246837</ele>
				<time>2026-06-14T13:49:35Z</time>
			</trkpt>
			<trkpt lat="47.66661895981911" lon="20.722635751604837">
				<ele>91.68783053103834</ele>
				<time>2026-06-14T13:49:37Z</time>
			</trkpt>
			<trkpt lat="47.666643749964884" lon="20.72263342807027">
				<ele>92.35233145020902</ele>
				<time>2026-06-14T13:49:39Z</time>
			</trkpt>
			<trkpt lat="47.66666994738942" lon="20.72263241436203">
				<ele>92.36859254539013</ele>
				<time>2026-06-14T13:49:41Z</time>
			</trkpt>
			<trkpt lat="47.66669253790844" lon="20.722637573821135">
				<ele>91.46845570206642</ele>
				<time>2026-06-14T13:49:43Z</time>
			</trkpt>
			<trkpt lat="47.66671561991861" lon="20.722644845658127">
				<ele>91.21296773012727</ele>
				<time>2026-06-14T13:49:45Z</time>
			</trkpt>
			<trkpt lat="47.66673637335249" lon="20.72265470404252">
				<ele>90.54117337521166</ele>
				<time>2026-06-14T13:49:47Z</time>
			</trkpt>
			<trkpt lat="47.666760955281006" lon="20.722658216179436">
				<ele>91.07904535811394</ele>
				<time>2026-06-14T13:49:49Z</time>
			</trkpt>
			<trkpt lat="47.66678389405894" lon="20.722662043962952">
				<ele>91.0186138721183</ele>
				<time>2026-06-14T13:49:51Z</time>
			</trkpt>
			<trkpt lat="47.666799001511805" lon="20.722666434864934">
				<ele>91.31862282380462</ele>
				<time>2026-06-14T13:49:52Z</time>
			</trkpt>
			<trkpt lat="47.666826585298516" lon="20.72267530339434">
				<ele>91.7084352131933</ele>
				<time>2026-06-14T13:49:54Z</time>
			</trkpt>
			<trkpt lat="47.66685365817443" lon="20.722692737020463">
				<ele>90.92059644963592</ele>
				<time>2026-06-14T13:49:56Z</time>
			</trkpt>
			<trkpt lat="47.66687891919055" lon="20.722708064896228">
				<ele>90.78561232890934</ele>
				<time>2026-06-14T13:49:58Z</time>
			</trkpt>
			<trkpt lat="47.66690245607874" lon="20.722713183495003">
				<ele>91.04891305975616</ele>
				<time>2026-06-14T13:50:00Z</time>
			</trkpt>
			<trkpt lat="47.66692557907048" lon="20.722710201384125">
				<ele>91.1704532513395</ele>
				<time>2026-06-14T13:50:02Z</time>
			</trkpt>
			<trkpt lat="47.666948655492625" lon="20.72270618811049">
				<ele>91.12102325260639</ele>
				<time>2026-06-14T13:50:04Z</time>
			</trkpt>
			<trkpt lat="47.66697591516526" lon="20.72270175540011">
				<ele>91.43379291985184</ele>
				<time>2026-06-14T13:50:06Z</time>
			</trkpt>
			<trkpt lat="47.66700574593774" lon="20.72269420358137">
				<ele>91.78042461816221</ele>
				<time>2026-06-14T13:50:08Z</time>
			</trkpt>
			<trkpt lat="47.66703560594498" lon="20.722689790772808">
				<ele>92.67614732123911</ele>
				<time>2026-06-14T13:50:10Z</time>
			</trkpt>
			<trkpt lat="47.66705993164124" lon="20.722688415030536">
				<ele>92.22437607403845</ele>
				<time>2026-06-14T13:50:12Z</time>
			</trkpt>
			<trkpt lat="47.66707413034169" lon="20.7226858816922">
				<ele>91.63718807790428</ele>
				<time>2026-06-14T13:50:13Z</time>
			</trkpt>
			<trkpt lat="47.66710085633414" lon="20.722678063616605">
				<ele>91.83816634211689</ele>
				<time>2026-06-14T13:50:15Z</time>
			</trkpt>
			<trkpt lat="47.66713035877013" lon="20.722672485352025">
				<ele>92.816480464302</ele>
				<time>2026-06-14T13:50:17Z</time>
			</trkpt>
			<trkpt lat="47.66715839519784" lon="20.722670298302162">
				<ele>94.1129264710471</ele>
				<time>2026-06-14T13:50:19Z</time>
			</trkpt>
			<trkpt lat="47.66719051119782" lon="20.722667782414113">
				<ele>94.63088491745293</ele>
				<time>2026-06-14T13:50:21Z</time>
			</trkpt>
			<trkpt lat="47.66721316999689" lon="20.72265271798295">
				<ele>93.1293949317187</ele>
				<time>2026-06-14T13:50:23Z</time>
			</trkpt>
			<trkpt lat="47.667238624451834" lon="20.722639891313896">
				<ele>93.19531940110028</ele>
				<time>2026-06-14T13:50:25Z</time>
			</trkpt>
			<trkpt lat="47.66726432205454" lon="20.722621646417693">
				<ele>94.01201869547367</ele>
				<time>2026-06-14T13:50:27Z</time>
			</trkpt>
			<trkpt lat="47.66728850342988" lon="20.7226005069105">
				<ele>95.23707107827067</ele>
				<time>2026-06-14T13:50:29Z</time>
			</trkpt>
			<trkpt lat="47.66730464182634" lon="20.722593951259267">
				<ele>95.75682157464325</ele>
				<time>2026-06-14T13:50:30Z</time>
			</trkpt>
			<trkpt lat="47.66733038216914" lon="20.722579952126114">
				<ele>94.94078657776117</ele>
				<time>2026-06-14T13:50:32Z</time>
			</trkpt>
			<trkpt lat="47.66736035926861" lon="20.72257303108071">
				<ele>95.06355216540396</ele>
				<time>2026-06-14T13:50:34Z</time>
			</trkpt>
			<trkpt lat="47.667384717190856" lon="20.722565677263823">
				<ele>95.11813339870423</ele>
				<time>2026-06-14T13:50:36Z</time>
			</trkpt>
			<trkpt lat="47.66740895444206" lon="20.72255014936116">
				<ele>95.49958305433393</ele>
				<time>2026-06-14T13:50:38Z</time>
			</trkpt>
			<trkpt lat="47.66743267163628" lon="20.722534304264624">
				<ele>95.74826016183943</ele>
				<time>2026-06-14T13:50:40Z</time>
			</trkpt>
			<trkpt lat="47.66745970424985" lon="20.72251473188507">
				<ele>96.0477335602045</ele>
				<time>2026-06-14T13:50:42Z</time>
			</trkpt>
			<trkpt lat="47.66748447373209" lon="20.722492725144466">
				<ele>97.14715415425599</ele>
				<time>2026-06-14T13:50:44Z</time>
			</trkpt>
			<trkpt lat="47.66750708079887" lon="20.72247831320829">
				<ele>96.64498139731586</ele>
				<time>2026-06-14T13:50:46Z</time>
			</trkpt>
			<trkpt lat="47.667521315520844" lon="20.722472454917103">
				<ele>96.33395619876683</ele>
				<time>2026-06-14T13:50:47Z</time>
			</trkpt>
			<trkpt lat="47.66754506730045" lon="20.72246561907552">
				<ele>95.90373347420245</ele>
				<time>2026-06-14T13:50:49Z</time>
			</trkpt>
			<trkpt lat="47.66755741263811" lon="20.722456059697333">
				<ele>97.88914278149605</ele>
				<time>2026-06-14T13:50:50Z</time>
			</trkpt>
			<trkpt lat="47.66758061636054" lon="20.72243567920746">
				<ele>97.68919439520687</ele>
				<time>2026-06-14T13:50:52Z</time>
			</trkpt>
			<trkpt lat="47.66760584786073" lon="20.722420123588716">
				<ele>96.21120224613696</ele>
				<time>2026-06-14T13:50:54Z</time>
			</trkpt>
			<trkpt lat="47.66763209824878" lon="20.72240879997932">
				<ele>96.16637896280736</ele>
				<time>2026-06-14T13:50:56Z</time>
			</trkpt>
			<trkpt lat="47.667654405329515" lon="20.722395928921838">
				<ele>96.39011918753386</ele>
				<time>2026-06-14T13:50:58Z</time>
			</trkpt>
			<trkpt lat="47.66767487964468" lon="20.7223812597969">
				<ele>95.77961900550872</ele>
				<time>2026-06-14T13:51:00Z</time>
			</trkpt>
			<trkpt lat="47.66769609545714" lon="20.722365252601076">
				<ele>95.33732679113746</ele>
				<time>2026-06-14T13:51:02Z</time>
			</trkpt>
			<trkpt lat="47.667723767420675" lon="20.72235051441726">
				<ele>95.9253116119653</ele>
				<time>2026-06-14T13:51:04Z</time>
			</trkpt>
			<trkpt lat="47.66775885061087" lon="20.722333651145945">
				<ele>95.51335381623358</ele>
				<time>2026-06-14T13:51:07Z</time>
			</trkpt>
			<trkpt lat="47.66777643565066" lon="20.722318364122643">
				<ele>96.28639346919954</ele>
				<time>2026-06-14T13:51:08Z</time>
			</trkpt>
			<trkpt lat="47.66779729134125" lon="20.722294997967563">
				<ele>96.37007659114897</ele>
				<time>2026-06-14T13:51:10Z</time>
			</trkpt>
			<trkpt lat="47.667818390461186" lon="20.72228024285464">
				<ele>95.33442717324942</ele>
				<time>2026-06-14T13:51:12Z</time>
			</trkpt>
			<trkpt lat="47.667838854343586" lon="20.722261307730175">
				<ele>95.14442919474095</ele>
				<time>2026-06-14T13:51:14Z</time>
			</trkpt>
			<trkpt lat="47.66785194021347" lon="20.722246264063408">
				<ele>95.45678771100938</ele>
				<time>2026-06-14T13:51:15Z</time>
			</trkpt>
			<trkpt lat="47.667879537873496" lon="20.722228897891707">
				<ele>94.85613761562854</ele>
				<time>2026-06-14T13:51:18Z</time>
			</trkpt>
			<trkpt lat="47.66790600924862" lon="20.72221215106823">
				<ele>94.8895009206608</ele>
				<time>2026-06-14T13:51:20Z</time>
			</trkpt>
			<trkpt lat="47.66793310137045" lon="20.722196543949806">
				<ele>95.1581777157262</ele>
				<time>2026-06-14T13:51:22Z</time>
			</trkpt>
			<trkpt lat="47.66795855292923" lon="20.722180643166972">
				<ele>96.29079638887197</ele>
				<time>2026-06-14T13:51:24Z</time>
			</trkpt>
			<trkpt lat="47.66798591224668" lon="20.722164777081957">
				<ele>96.05166419222951</ele>
				<time>2026-06-14T13:51:26Z</time>
			</trkpt>
			<trkpt lat="47.66801060354036" lon="20.722147478216044">
				<ele>96.11263045016676</ele>
				<time>2026-06-14T13:51:28Z</time>
			</trkpt>
			<trkpt lat="47.668036505765826" lon="20.72213296427193">
				<ele>96.00248625688255</ele>
				<time>2026-06-14T13:51:30Z</time>
			</trkpt>
			<trkpt lat="47.66806323087988" lon="20.7221189593631">
				<ele>96.35413325019181</ele>
				<time>2026-06-14T13:51:32Z</time>
			</trkpt>
			<trkpt lat="47.66809108410276" lon="20.722106027350268">
				<ele>96.50098412297666</ele>
				<time>2026-06-14T13:51:34Z</time>
			</trkpt>
			<trkpt lat="47.668119197134274" lon="20.7220938136528">
				<ele>96.56625357270241</ele>
				<time>2026-06-14T13:51:36Z</time>
			</trkpt>
			<trkpt lat="47.66815735600598" lon="20.722078011416126">
				<ele>96.3550434531644</ele>
				<time>2026-06-14T13:51:39Z</time>
			</trkpt>
			<trkpt lat="47.66818111429083" lon="20.722068936111924">
				<ele>96.27761924732476</ele>
				<time>2026-06-14T13:51:41Z</time>
			</trkpt>
			<trkpt lat="47.66820289577473" lon="20.722057065346526">
				<ele>97.00455434713513</ele>
				<time>2026-06-14T13:51:43Z</time>
			</trkpt>
			<trkpt lat="47.668230084245096" lon="20.722043403401447">
				<ele>96.81102870125324</ele>
				<time>2026-06-14T13:51:45Z</time>
			</trkpt>
			<trkpt lat="47.668255873160966" lon="20.722032305616878">
				<ele>96.21854672953486</ele>
				<time>2026-06-14T13:51:47Z</time>
			</trkpt>
			<trkpt lat="47.66828246821398" lon="20.722022400062333">
				<ele>96.96172074228525</ele>
				<time>2026-06-14T13:51:49Z</time>
			</trkpt>
			<trkpt lat="47.668303411784635" lon="20.72201391559344">
				<ele>96.64494462870061</ele>
				<time>2026-06-14T13:51:51Z</time>
			</trkpt>
			<trkpt lat="47.668320797182126" lon="20.7220038831148">
				<ele>96.14060409553349</ele>
				<time>2026-06-14T13:51:53Z</time>
			</trkpt>
			<trkpt lat="47.66833076433833" lon="20.721999329782648">
				<ele>96.35800824593753</ele>
				<time>2026-06-14T13:51:55Z</time>
			</trkpt>
			<trkpt lat="47.668342992850086" lon="20.721995869158434">
				<ele>96.86075396183878</ele>
				<time>2026-06-14T13:51:58Z</time>
			</trkpt>
			<trkpt lat="47.66835993314639" lon="20.721988869903587">
				<ele>97.0180702926591</ele>
				<time>2026-06-14T13:52:01Z</time>
			</trkpt>
			<trkpt lat="47.66836832450217" lon="20.721985332194365">
				<ele>97.21759011503309</ele>
				<time>2026-06-14T13:52:02Z</time>
			</trkpt>
			<trkpt lat="47.668375306926386" lon="20.721982080763034">
				<ele>96.98657421767712</ele>
				<time>2026-06-14T13:52:03Z</time>
			</trkpt>
			<trkpt lat="47.668381357727895" lon="20.72197903017682">
				<ele>97.10827713645995</ele>
				<time>2026-06-14T13:52:04Z</time>
			</trkpt>
			<trkpt lat="47.66838698197103" lon="20.721976102956244">
				<ele>97.42126121371984</ele>
				<time>2026-06-14T13:52:05Z</time>
			</trkpt>
			<trkpt lat="47.668392579219656" lon="20.721972910400975">
				<ele>97.42624555621296</ele>
				<time>2026-06-14T13:52:06Z</time>
			</trkpt>
			<trkpt lat="47.668398252056434" lon="20.721968372474002">
				<ele>97.23956135287881</ele>
				<time>2026-06-14T13:52:07Z</time>
			</trkpt>
			<trkpt lat="47.66841316729133" lon="20.721956674570173">
				<ele>96.4598498949781</ele>
				<time>2026-06-14T13:52:10Z</time>
			</trkpt>
			<trkpt lat="47.668441024733504" lon="20.721935142975944">
				<ele>96.56780285853893</ele>
				<time>2026-06-14T13:52:12Z</time>
			</trkpt>
			<trkpt lat="47.66847579610702" lon="20.721911545706508">
				<ele>96.20881389454007</ele>
				<time>2026-06-14T13:52:14Z</time>
			</trkpt>
			<trkpt lat="47.66850705209389" lon="20.72189939172973">
				<ele>95.952288643457</ele>
				<time>2026-06-14T13:52:16Z</time>
			</trkpt>
			<trkpt lat="47.66853715436326" lon="20.721891315352885">
				<ele>96.5392954852432</ele>
				<time>2026-06-14T13:52:18Z</time>
			</trkpt>
			<trkpt lat="47.66856801389998" lon="20.72188325493312">
				<ele>95.95682885218412</ele>
				<time>2026-06-14T13:52:20Z</time>
			</trkpt>
			<trkpt lat="47.668600066608725" lon="20.721867963995305">
				<ele>96.32632180955261</ele>
				<time>2026-06-14T13:52:22Z</time>
			</trkpt>
			<trkpt lat="47.66862829041746" lon="20.721851514156942">
				<ele>95.92170256003737</ele>
				<time>2026-06-14T13:52:24Z</time>
			</trkpt>
			<trkpt lat="47.668656125687136" lon="20.721839112534198">
				<ele>95.9624103019014</ele>
				<time>2026-06-14T13:52:26Z</time>
			</trkpt>
			<trkpt lat="47.66868037907137" lon="20.721828340213435">
				<ele>95.43239246215671</ele>
				<time>2026-06-14T13:52:28Z</time>
			</trkpt>
			<trkpt lat="47.668696267902796" lon="20.72182461136752">
				<ele>95.07154291681945</ele>
				<time>2026-06-14T13:52:29Z</time>
			</trkpt>
			<trkpt lat="47.66871446359962" lon="20.721821766645682">
				<ele>94.63803315348923</ele>
				<time>2026-06-14T13:52:31Z</time>
			</trkpt>
			<trkpt lat="47.66872746080959" lon="20.72181959325067">
				<ele>93.88750221859664</ele>
				<time>2026-06-14T13:52:33Z</time>
			</trkpt>
			<trkpt lat="47.66874535061389" lon="20.721815834882673">
				<ele>93.52512175124139</ele>
				<time>2026-06-14T13:52:36Z</time>
			</trkpt>
			<trkpt lat="47.66877375320109" lon="20.72181073287284">
				<ele>91.45200662687421</ele>
				<time>2026-06-14T13:52:38Z</time>
			</trkpt>
			<trkpt lat="47.66879915604688" lon="20.721805562369706">
				<ele>91.49989880248904</ele>
				<time>2026-06-14T13:52:41Z</time>
			</trkpt>
			<trkpt lat="47.66881755853812" lon="20.721804093677367">
				<ele>91.61373031511903</ele>
				<time>2026-06-14T13:52:44Z</time>
			</trkpt>
			<trkpt lat="47.66883541322705" lon="20.721801933316932">
				<ele>92.47175607737154</ele>
				<time>2026-06-14T13:52:47Z</time>
			</trkpt>
			<trkpt lat="47.668854255408746" lon="20.72180467975175">
				<ele>91.7391862096265</ele>
				<time>2026-06-14T13:52:50Z</time>
			</trkpt>
			<trkpt lat="47.66887193578328" lon="20.721799358886962">
				<ele>92.79531352873892</ele>
				<time>2026-06-14T13:52:53Z</time>
			</trkpt>
			<trkpt lat="47.66889337734659" lon="20.721785138936745">
				<ele>91.95738127734512</ele>
				<time>2026-06-14T13:52:55Z</time>
			</trkpt>
			<trkpt lat="47.668926192264365" lon="20.721767162680546">
				<ele>93.02156717330217</ele>
				<time>2026-06-14T13:52:59Z</time>
			</trkpt>
			<trkpt lat="47.6689435321936" lon="20.721761604708856">
				<ele>92.92758590821177</ele>
				<time>2026-06-14T13:53:02Z</time>
			</trkpt>
			<trkpt lat="47.66895754494094" lon="20.721758741950556">
				<ele>92.13307547196746</ele>
				<time>2026-06-14T13:53:05Z</time>
			</trkpt>
			<trkpt lat="47.66897321852534" lon="20.721756493897328">
				<ele>91.91102605871856</ele>
				<time>2026-06-14T13:53:07Z</time>
			</trkpt>
			<trkpt lat="47.66900186050521" lon="20.7217512659719">
				<ele>91.60944573860615</ele>
				<time>2026-06-14T13:53:09Z</time>
			</trkpt>
			<trkpt lat="47.6690364180524" lon="20.721747308884936">
				<ele>92.0259675225243</ele>
				<time>2026-06-14T13:53:11Z</time>
			</trkpt>
			<trkpt lat="47.669076123085134" lon="20.721736969901468">
				<ele>92.69034969061613</ele>
				<time>2026-06-14T13:53:13Z</time>
			</trkpt>
			<trkpt lat="47.66910689811467" lon="20.721729814840845">
				<ele>91.68243441265076</ele>
				<time>2026-06-14T13:53:15Z</time>
			</trkpt>
			<trkpt lat="47.66913804418738" lon="20.721724731106885">
				<ele>92.57923471182585</ele>
				<time>2026-06-14T13:53:17Z</time>
			</trkpt>
			<trkpt lat="47.66916433595347" lon="20.721718016896403">
				<ele>92.79123258776963</ele>
				<time>2026-06-14T13:53:19Z</time>
			</trkpt>
			<trkpt lat="47.66919441224958" lon="20.72171721437532">
				<ele>92.72764266096056</ele>
				<time>2026-06-14T13:53:21Z</time>
			</trkpt>
			<trkpt lat="47.66921130336318" lon="20.72171641483624">
				<ele>92.67166616022587</ele>
				<time>2026-06-14T13:53:22Z</time>
			</trkpt>
			<trkpt lat="47.66924167717246" lon="20.72171592166629">
				<ele>92.48069481737912</ele>
				<time>2026-06-14T13:53:24Z</time>
			</trkpt>
			<trkpt lat="47.669271912636454" lon="20.72171050170166">
				<ele>93.10777010209858</ele>
				<time>2026-06-14T13:53:26Z</time>
			</trkpt>
			<trkpt lat="47.66930480787257" lon="20.721700199479404">
				<ele>93.66519040055573</ele>
				<time>2026-06-14T13:53:28Z</time>
			</trkpt>
			<trkpt lat="47.66933011423461" lon="20.72168571931934">
				<ele>93.22862677276134</ele>
				<time>2026-06-14T13:53:30Z</time>
			</trkpt>
			<trkpt lat="47.66934497888354" lon="20.72168038732681">
				<ele>93.78506767004728</ele>
				<time>2026-06-14T13:53:31Z</time>
			</trkpt>
			<trkpt lat="47.66937186345584" lon="20.721676303735375">
				<ele>93.4514464251697</ele>
				<time>2026-06-14T13:53:33Z</time>
			</trkpt>
			<trkpt lat="47.66938932832922" lon="20.721677982057585">
				<ele>92.72823934536427</ele>
				<time>2026-06-14T13:53:34Z</time>
			</trkpt>
			<trkpt lat="47.66942279307434" lon="20.721674263682964">
				<ele>93.72011221759021</ele>
				<time>2026-06-14T13:53:36Z</time>
			</trkpt>
			<trkpt lat="47.6694510642662" lon="20.721670219246967">
				<ele>93.88230517040938</ele>
				<time>2026-06-14T13:53:38Z</time>
			</trkpt>
			<trkpt lat="47.66947811193388" lon="20.721661746339223">
				<ele>93.98359998688102</ele>
				<time>2026-06-14T13:53:40Z</time>
			</trkpt>
			<trkpt lat="47.66950653294965" lon="20.721655750925034">
				<ele>94.39950874540955</ele>
				<time>2026-06-14T13:53:42Z</time>
			</trkpt>
			<trkpt lat="47.66953317762366" lon="20.721651442148673">
				<ele>94.09549265541136</ele>
				<time>2026-06-14T13:53:44Z</time>
			</trkpt>
			<trkpt lat="47.66955783651369" lon="20.721649260278244">
				<ele>93.72083491645753</ele>
				<time>2026-06-14T13:53:46Z</time>
			</trkpt>
			<trkpt lat="47.66958600939275" lon="20.721647114224535">
				<ele>93.77434665430337</ele>
				<time>2026-06-14T13:53:48Z</time>
			</trkpt>
			<trkpt lat="47.66961434728141" lon="20.721645717637667">
				<ele>93.60523313563317</ele>
				<time>2026-06-14T13:53:50Z</time>
			</trkpt>
			<trkpt lat="47.669640798688995" lon="20.72164234907445">
				<ele>93.64269554521888</ele>
				<time>2026-06-14T13:53:52Z</time>
			</trkpt>
			<trkpt lat="47.6696686109621" lon="20.721642253543788">
				<ele>93.06303897313774</ele>
				<time>2026-06-14T13:53:54Z</time>
			</trkpt>
			<trkpt lat="47.66969602181653" lon="20.721641290517574">
				<ele>93.09181381203234</ele>
				<time>2026-06-14T13:53:56Z</time>
			</trkpt>
			<trkpt lat="47.66972245548847" lon="20.721641127290354">
				<ele>92.72240326087922</ele>
				<time>2026-06-14T13:53:58Z</time>
			</trkpt>
			<trkpt lat="47.66974745947914" lon="20.721639309367035">
				<ele>92.94798120018095</ele>
				<time>2026-06-14T13:54:00Z</time>
			</trkpt>
			<trkpt lat="47.669772030364044" lon="20.72163757576952">
				<ele>92.55170158762485</ele>
				<time>2026-06-14T13:54:02Z</time>
			</trkpt>
			<trkpt lat="47.66978797489728" lon="20.721633987686108">
				<ele>92.62821006029844</ele>
				<time>2026-06-14T13:54:03Z</time>
			</trkpt>
			<trkpt lat="47.66981648424435" lon="20.721632943144463">
				<ele>92.07699923031032</ele>
				<time>2026-06-14T13:54:05Z</time>
			</trkpt>
			<trkpt lat="47.66984403225207" lon="20.72163577215025">
				<ele>91.1470910673961</ele>
				<time>2026-06-14T13:54:07Z</time>
			</trkpt>
			<trkpt lat="47.66986904405595" lon="20.72163534894362">
				<ele>90.88260542135686</ele>
				<time>2026-06-14T13:54:09Z</time>
			</trkpt>
			<trkpt lat="47.66989223375042" lon="20.721626473774236">
				<ele>90.75812633242458</ele>
				<time>2026-06-14T13:54:11Z</time>
			</trkpt>
			<trkpt lat="47.66991662527629" lon="20.721620291801585">
				<ele>90.95912113320082</ele>
				<time>2026-06-14T13:54:13Z</time>
			</trkpt>
			<trkpt lat="47.6699415683448" lon="20.72161622310001">
				<ele>90.81084244977683</ele>
				<time>2026-06-14T13:54:15Z</time>
			</trkpt>
			<trkpt lat="47.669968273496536" lon="20.721611691923204">
				<ele>90.00697101652622</ele>
				<time>2026-06-14T13:54:17Z</time>
			</trkpt>
			<trkpt lat="47.66999449266548" lon="20.721609432071464">
				<ele>90.24962145090103</ele>
				<time>2026-06-14T13:54:19Z</time>
			</trkpt>
			<trkpt lat="47.670018823970594" lon="20.72160580000535">
				<ele>90.31211814563721</ele>
				<time>2026-06-14T13:54:21Z</time>
			</trkpt>
			<trkpt lat="47.670039143969255" lon="20.721601425438873">
				<ele>90.15110288094729</ele>
				<time>2026-06-14T13:54:23Z</time>
			</trkpt>
			<trkpt lat="47.67006214635203" lon="20.72159895820345">
				<ele>91.34204461425543</ele>
				<time>2026-06-14T13:54:25Z</time>
			</trkpt>
			<trkpt lat="47.67008644874755" lon="20.72159716270369">
				<ele>90.94756102748215</ele>
				<time>2026-06-14T13:54:27Z</time>
			</trkpt>
			<trkpt lat="47.670102934432435" lon="20.721597515883253">
				<ele>91.42453669011593</ele>
				<time>2026-06-14T13:54:28Z</time>
			</trkpt>
			<trkpt lat="47.670136065660884" lon="20.721592702871057">
				<ele>91.32793426141143</ele>
				<time>2026-06-14T13:54:30Z</time>
			</trkpt>
			<trkpt lat="47.6701629273136" lon="20.721583329626995">
				<ele>90.88893990963697</ele>
				<time>2026-06-14T13:54:32Z</time>
			</trkpt>
			<trkpt lat="47.670191913344546" lon="20.721577789930702">
				<ele>92.56726561207324</ele>
				<time>2026-06-14T13:54:34Z</time>
			</trkpt>
			<trkpt lat="47.670210113028986" lon="20.721576968993066">
				<ele>91.48704987298697</ele>
				<time>2026-06-14T13:54:35Z</time>
			</trkpt>
			<trkpt lat="47.670238872946584" lon="20.721568000266288">
				<ele>91.7525542024523</ele>
				<time>2026-06-14T13:54:37Z</time>
			</trkpt>
			<trkpt lat="47.67026690504356" lon="20.721556301558973">
				<ele>92.8061954760924</ele>
				<time>2026-06-14T13:54:39Z</time>
			</trkpt>
			<trkpt lat="47.6702875023091" lon="20.721533185391067">
				<ele>92.72406127862632</ele>
				<time>2026-06-14T13:54:41Z</time>
			</trkpt>
			<trkpt lat="47.67030950538463" lon="20.721517575554152">
				<ele>91.1889965981245</ele>
				<time>2026-06-14T13:54:43Z</time>
			</trkpt>
			<trkpt lat="47.67033829484897" lon="20.721512213872654">
				<ele>91.41405810508877</ele>
				<time>2026-06-14T13:54:45Z</time>
			</trkpt>
			<trkpt lat="47.670369966684106" lon="20.721515389626724">
				<ele>90.91973364539444</ele>
				<time>2026-06-14T13:54:47Z</time>
			</trkpt>
			<trkpt lat="47.6704015565534" lon="20.721518370588914">
				<ele>91.16978910192847</ele>
				<time>2026-06-14T13:54:49Z</time>
			</trkpt>
			<trkpt lat="47.670433900875864" lon="20.721520832168107">
				<ele>91.1513500995934</ele>
				<time>2026-06-14T13:54:51Z</time>
			</trkpt>
			<trkpt lat="47.67046354797174" lon="20.721523544677765">
				<ele>91.07186524849385</ele>
				<time>2026-06-14T13:54:53Z</time>
			</trkpt>
			<trkpt lat="47.67048897038535" lon="20.72152247647269">
				<ele>91.03524034656584</ele>
				<time>2026-06-14T13:54:55Z</time>
			</trkpt>
			<trkpt lat="47.670515856912516" lon="20.721521843625617">
				<ele>90.85941360890865</ele>
				<time>2026-06-14T13:54:57Z</time>
			</trkpt>
			<trkpt lat="47.67054184188132" lon="20.721522305814915">
				<ele>91.40291066654027</ele>
				<time>2026-06-14T13:54:59Z</time>
			</trkpt>
			<trkpt lat="47.67056803346371" lon="20.721515862730964">
				<ele>91.50368678011</ele>
				<time>2026-06-14T13:55:01Z</time>
			</trkpt>
			<trkpt lat="47.67059142397509" lon="20.721505159704797">
				<ele>91.59568106848747</ele>
				<time>2026-06-14T13:55:03Z</time>
			</trkpt>
			<trkpt lat="47.67061402813446" lon="20.721502574336842">
				<ele>91.22789995465428</ele>
				<time>2026-06-14T13:55:05Z</time>
			</trkpt>
			<trkpt lat="47.67063772488176" lon="20.721505297801173">
				<ele>90.79958572611213</ele>
				<time>2026-06-14T13:55:07Z</time>
			</trkpt>
			<trkpt lat="47.67066391161252" lon="20.72150310644833">
				<ele>91.68773460388184</ele>
				<time>2026-06-14T13:55:09Z</time>
			</trkpt>
			<trkpt lat="47.670689948083236" lon="20.721498041563038">
				<ele>91.94144213199615</ele>
				<time>2026-06-14T13:55:11Z</time>
			</trkpt>
			<trkpt lat="47.670714132194036" lon="20.721494765918074">
				<ele>91.97504563070834</ele>
				<time>2026-06-14T13:55:13Z</time>
			</trkpt>
			<trkpt lat="47.67073784011299" lon="20.721493343754332">
				<ele>91.27489051502198</ele>
				<time>2026-06-14T13:55:15Z</time>
			</trkpt>
			<trkpt lat="47.670763789629774" lon="20.721486857537595">
				<ele>90.97077502124012</ele>
				<time>2026-06-14T13:55:17Z</time>
			</trkpt>
			<trkpt lat="47.67078118530505" lon="20.721480484385186">
				<ele>91.17067660111934</ele>
				<time>2026-06-14T13:55:18Z</time>
			</trkpt>
			<trkpt lat="47.6708094593771" lon="20.721470757352275">
				<ele>91.36976101249456</ele>
				<time>2026-06-14T13:55:20Z</time>
			</trkpt>
			<trkpt lat="47.67083836105523" lon="20.72146505783774">
				<ele>90.88702007383108</ele>
				<time>2026-06-14T13:55:22Z</time>
			</trkpt>
			<trkpt lat="47.670867913350754" lon="20.721453640349164">
				<ele>91.44647809956223</ele>
				<time>2026-06-14T13:55:24Z</time>
			</trkpt>
			<trkpt lat="47.670897149179105" lon="20.72143922782404">
				<ele>90.96028971020132</ele>
				<time>2026-06-14T13:55:26Z</time>
			</trkpt>
			<trkpt lat="47.67091445878036" lon="20.72143061021149">
				<ele>90.25565864611417</ele>
				<time>2026-06-14T13:55:27Z</time>
			</trkpt>
			<trkpt lat="47.67094195622231" lon="20.721417139837225">
				<ele>91.27108206413686</ele>
				<time>2026-06-14T13:55:29Z</time>
			</trkpt>
			<trkpt lat="47.67096640319487" lon="20.721408184915074">
				<ele>91.94120213296264</ele>
				<time>2026-06-14T13:55:31Z</time>
			</trkpt>
			<trkpt lat="47.67098764613593" lon="20.721390421148126">
				<ele>91.78913173638284</ele>
				<time>2026-06-14T13:55:33Z</time>
			</trkpt>
			<trkpt lat="47.671018343658645" lon="20.721375589795727">
				<ele>91.52506023086607</ele>
				<time>2026-06-14T13:55:35Z</time>
			</trkpt>
			<trkpt lat="47.671042490906075" lon="20.72136504467753">
				<ele>91.82225805148482</ele>
				<time>2026-06-14T13:55:37Z</time>
			</trkpt>
			<trkpt lat="47.67106559151068" lon="20.72134939587223">
				<ele>92.08104712422937</ele>
				<time>2026-06-14T13:55:39Z</time>
			</trkpt>
			<trkpt lat="47.67108599255641" lon="20.721326404828428">
				<ele>91.22267566993833</ele>
				<time>2026-06-14T13:55:41Z</time>
			</trkpt>
			<trkpt lat="47.67110943969724" lon="20.72130927946663">
				<ele>91.50594175420702</ele>
				<time>2026-06-14T13:55:43Z</time>
			</trkpt>
			<trkpt lat="47.67113718605459" lon="20.72129810166525">
				<ele>91.57172506954521</ele>
				<time>2026-06-14T13:55:45Z</time>
			</trkpt>
			<trkpt lat="47.67116430211506" lon="20.721292559583592">
				<ele>91.21555036213249</ele>
				<time>2026-06-14T13:55:47Z</time>
			</trkpt>
			<trkpt lat="47.67118505986678" lon="20.721290294043886">
				<ele>91.20219227485359</ele>
				<time>2026-06-14T13:55:48Z</time>
			</trkpt>
			<trkpt lat="47.67121612069996" lon="20.721280765485083">
				<ele>91.28452119417489</ele>
				<time>2026-06-14T13:55:50Z</time>
			</trkpt>
			<trkpt lat="47.671238545941186" lon="20.72127342719712">
				<ele>91.18434091098607</ele>
				<time>2026-06-14T13:55:52Z</time>
			</trkpt>
			<trkpt lat="47.671259761561785" lon="20.721269314242512">
				<ele>90.90242406725883</ele>
				<time>2026-06-14T13:55:54Z</time>
			</trkpt>
			<trkpt lat="47.671283944019855" lon="20.72126557624485">
				<ele>91.51997739449143</ele>
				<time>2026-06-14T13:55:56Z</time>
			</trkpt>
			<trkpt lat="47.67130747831805" lon="20.721266389238412">
				<ele>92.18693953286856</ele>
				<time>2026-06-14T13:55:58Z</time>
			</trkpt>
			<trkpt lat="47.671328114402236" lon="20.721257262880496">
				<ele>91.79701522644609</ele>
				<time>2026-06-14T13:56:00Z</time>
			</trkpt>
			<trkpt lat="47.67134979022407" lon="20.721250599032764">
				<ele>92.3568868264556</ele>
				<time>2026-06-14T13:56:02Z</time>
			</trkpt>
			<trkpt lat="47.67137405792286" lon="20.72124090707795">
				<ele>93.45783301256597</ele>
				<time>2026-06-14T13:56:04Z</time>
			</trkpt>
			<trkpt lat="47.67140283926749" lon="20.721222545650377">
				<ele>93.66959656681865</ele>
				<time>2026-06-14T13:56:06Z</time>
			</trkpt>
			<trkpt lat="47.67142770270931" lon="20.72120529171259">
				<ele>92.90610841941088</ele>
				<time>2026-06-14T13:56:08Z</time>
			</trkpt>
			<trkpt lat="47.67145091961113" lon="20.721192411413476">
				<ele>92.16459525283426</ele>
				<time>2026-06-14T13:56:10Z</time>
			</trkpt>
			<trkpt lat="47.67147782774877" lon="20.72118096948061">
				<ele>92.66263591777533</ele>
				<time>2026-06-14T13:56:12Z</time>
			</trkpt>
			<trkpt lat="47.67150348690411" lon="20.721172541213594">
				<ele>92.89948581065983</ele>
				<time>2026-06-14T13:56:14Z</time>
			</trkpt>
			<trkpt lat="47.67153035346282" lon="20.72116689414626">
				<ele>92.74314913526177</ele>
				<time>2026-06-14T13:56:16Z</time>
			</trkpt>
			<trkpt lat="47.67155606571142" lon="20.721161054799836">
				<ele>93.02479527704418</ele>
				<time>2026-06-14T13:56:18Z</time>
			</trkpt>
			<trkpt lat="47.67157729949615" lon="20.72115076763728">
				<ele>92.97662372794002</ele>
				<time>2026-06-14T13:56:20Z</time>
			</trkpt>
			<trkpt lat="47.671590062798515" lon="20.721143031728378">
				<ele>92.77747226506472</ele>
				<time>2026-06-14T13:56:21Z</time>
			</trkpt>
			<trkpt lat="47.6716132461784" lon="20.721135613412258">
				<ele>91.95931210368872</ele>
				<time>2026-06-14T13:56:23Z</time>
			</trkpt>
			<trkpt lat="47.671635862681654" lon="20.721127937015112">
				<ele>92.95180096570402</ele>
				<time>2026-06-14T13:56:25Z</time>
			</trkpt>
			<trkpt lat="47.671663103357346" lon="20.721118604999372">
				<ele>92.49992233794183</ele>
				<time>2026-06-14T13:56:27Z</time>
			</trkpt>
			<trkpt lat="47.67168611033363" lon="20.721107330028328">
				<ele>92.48519083950669</ele>
				<time>2026-06-14T13:56:29Z</time>
			</trkpt>
			<trkpt lat="47.67171185073817" lon="20.721095822173883">
				<ele>92.76847004145384</ele>
				<time>2026-06-14T13:56:31Z</time>
			</trkpt>
			<trkpt lat="47.67173957807482" lon="20.72108295500854">
				<ele>93.12022903747857</ele>
				<time>2026-06-14T13:56:33Z</time>
			</trkpt>
			<trkpt lat="47.671765072011674" lon="20.72107019361947">
				<ele>91.61247018631548</ele>
				<time>2026-06-14T13:56:35Z</time>
			</trkpt>
			<trkpt lat="47.67178881129451" lon="20.72105960538601">
				<ele>91.94054756034166</ele>
				<time>2026-06-14T13:56:37Z</time>
			</trkpt>
			<trkpt lat="47.67181466722609" lon="20.721049844635626">
				<ele>91.75952219963074</ele>
				<time>2026-06-14T13:56:39Z</time>
			</trkpt>
			<trkpt lat="47.67183664534063" lon="20.72104073581147">
				<ele>91.46564702223986</ele>
				<time>2026-06-14T13:56:41Z</time>
			</trkpt>
			<trkpt lat="47.671861438969266" lon="20.721030086866012">
				<ele>91.94909070059657</ele>
				<time>2026-06-14T13:56:43Z</time>
			</trkpt>
			<trkpt lat="47.67188469759485" lon="20.72102029503901">
				<ele>91.2725731106475</ele>
				<time>2026-06-14T13:56:45Z</time>
			</trkpt>
			<trkpt lat="47.67191051545548" lon="20.721009448354927">
				<ele>90.68874379247427</ele>
				<time>2026-06-14T13:56:47Z</time>
			</trkpt>
			<trkpt lat="47.67194459817978" lon="20.720987982062788">
				<ele>91.08706042263657</ele>
				<time>2026-06-14T13:56:50Z</time>
			</trkpt>
			<trkpt lat="47.671962158551494" lon="20.720974762659928">
				<ele>90.56219810061157</ele>
				<time>2026-06-14T13:56:52Z</time>
			</trkpt>
			<trkpt lat="47.67198029806703" lon="20.720962469105327">
				<ele>89.9426680188626</ele>
				<time>2026-06-14T13:56:54Z</time>
			</trkpt>
			<trkpt lat="47.671999017586664" lon="20.720949290537973">
				<ele>90.00107103772461</ele>
				<time>2026-06-14T13:56:56Z</time>
			</trkpt>
			<trkpt lat="47.67202245484495" lon="20.720936109344624">
				<ele>89.72193452436477</ele>
				<time>2026-06-14T13:56:58Z</time>
			</trkpt>
			<trkpt lat="47.67203687228035" lon="20.720925812904703">
				<ele>89.95208256971091</ele>
				<time>2026-06-14T13:57:00Z</time>
			</trkpt>
			<trkpt lat="47.672053913186566" lon="20.72090874957628">
				<ele>90.63731404300779</ele>
				<time>2026-06-14T13:57:02Z</time>
			</trkpt>
			<trkpt lat="47.672089302757" lon="20.720884498870213">
				<ele>90.59870607592165</ele>
				<time>2026-06-14T13:57:05Z</time>
			</trkpt>
			<trkpt lat="47.67211544543769" lon="20.720872987158796">
				<ele>89.9275444271043</ele>
				<time>2026-06-14T13:57:07Z</time>
			</trkpt>
			<trkpt lat="47.67214520959987" lon="20.72086621323252">
				<ele>92.46029977407306</ele>
				<time>2026-06-14T13:57:10Z</time>
			</trkpt>
			<trkpt lat="47.672171757795795" lon="20.720864920760487">
				<ele>93.07224738877267</ele>
				<time>2026-06-14T13:57:12Z</time>
			</trkpt>
			<trkpt lat="47.672198721818326" lon="20.720856330005585">
				<ele>92.16902809217572</ele>
				<time>2026-06-14T13:57:14Z</time>
			</trkpt>
			<trkpt lat="47.67222695727154" lon="20.72084347350254">
				<ele>92.01133266557008</ele>
				<time>2026-06-14T13:57:16Z</time>
			</trkpt>
			<trkpt lat="47.67224960297372" lon="20.720820403485817">
				<ele>91.87945361994207</ele>
				<time>2026-06-14T13:57:18Z</time>
			</trkpt>
			<trkpt lat="47.67226906002813" lon="20.720801725352608">
				<ele>91.55860477220267</ele>
				<time>2026-06-14T13:57:20Z</time>
			</trkpt>
			<trkpt lat="47.672282213700925" lon="20.720794547457757">
				<ele>91.57717216946185</ele>
				<time>2026-06-14T13:57:21Z</time>
			</trkpt>
			<trkpt lat="47.67230510815234" lon="20.720779427776872">
				<ele>91.66649430897087</ele>
				<time>2026-06-14T13:57:23Z</time>
			</trkpt>
			<trkpt lat="47.67232730204324" lon="20.720765666443206">
				<ele>91.65344542544335</ele>
				<time>2026-06-14T13:57:25Z</time>
			</trkpt>
			<trkpt lat="47.672348713004624" lon="20.720749490378367">
				<ele>92.29109601862729</ele>
				<time>2026-06-14T13:57:27Z</time>
			</trkpt>
			<trkpt lat="47.6723606585565" lon="20.72073761627329">
				<ele>92.3203002307564</ele>
				<time>2026-06-14T13:57:29Z</time>
			</trkpt>
			<trkpt lat="47.6723737863651" lon="20.72072556093484">
				<ele>92.19965038727969</ele>
				<time>2026-06-14T13:57:30Z</time>
			</trkpt>
			<trkpt lat="47.672396450623005" lon="20.720700316112953">
				<ele>92.24210153333843</ele>
				<time>2026-06-14T13:57:32Z</time>
			</trkpt>
			<trkpt lat="47.67241646350645" lon="20.720672285799157">
				<ele>92.89827492553741</ele>
				<time>2026-06-14T13:57:34Z</time>
			</trkpt>
			<trkpt lat="47.672442236479704" lon="20.72064648783407">
				<ele>92.2701997961849</ele>
				<time>2026-06-14T13:57:36Z</time>
			</trkpt>
			<trkpt lat="47.672478366592536" lon="20.720614616407815">
				<ele>92.70234893914312</ele>
				<time>2026-06-14T13:57:39Z</time>
			</trkpt>
			<trkpt lat="47.672503825860346" lon="20.720600827170067">
				<ele>92.49758410453796</ele>
				<time>2026-06-14T13:57:41Z</time>
			</trkpt>
			<trkpt lat="47.672517019132364" lon="20.7205913107132">
				<ele>91.91280550416559</ele>
				<time>2026-06-14T13:57:43Z</time>
			</trkpt>
			<trkpt lat="47.6725323122737" lon="20.720581248496472">
				<ele>91.20402469299734</ele>
				<time>2026-06-14T13:57:44Z</time>
			</trkpt>
			<trkpt lat="47.67256028381473" lon="20.720570992356887">
				<ele>90.48761176783592</ele>
				<time>2026-06-14T13:57:46Z</time>
			</trkpt>
			<trkpt lat="47.67259311455074" lon="20.72056371421636">
				<ele>90.00813811924309</ele>
				<time>2026-06-14T13:57:48Z</time>
			</trkpt>
			<trkpt lat="47.672621389236674" lon="20.720552341123543">
				<ele>91.10011576022953</ele>
				<time>2026-06-14T13:57:50Z</time>
			</trkpt>
			<trkpt lat="47.672643876752645" lon="20.720548373164576">
				<ele>90.92706721369177</ele>
				<time>2026-06-14T13:57:52Z</time>
			</trkpt>
			<trkpt lat="47.67265636383647" lon="20.720546746285837">
				<ele>91.0763105629012</ele>
				<time>2026-06-14T13:57:54Z</time>
			</trkpt>
			<trkpt lat="47.672675942509485" lon="20.72054238378734">
				<ele>91.12726479023695</ele>
				<time>2026-06-14T13:57:56Z</time>
			</trkpt>
			<trkpt lat="47.6726985474495" lon="20.72053898786637">
				<ele>92.22694555204362</ele>
				<time>2026-06-14T13:57:58Z</time>
			</trkpt>
			<trkpt lat="47.67271486687721" lon="20.720537423382087">
				<ele>91.48447737656534</ele>
				<time>2026-06-14T13:58:00Z</time>
			</trkpt>
			<trkpt lat="47.67273591797304" lon="20.720526622672104">
				<ele>91.59201043471694</ele>
				<time>2026-06-14T13:58:02Z</time>
			</trkpt>
			<trkpt lat="47.67275950175663" lon="20.72050304833344">
				<ele>93.04495349898934</ele>
				<time>2026-06-14T13:58:04Z</time>
			</trkpt>
			<trkpt lat="47.672787514827334" lon="20.720484747015114">
				<ele>92.66123389825225</ele>
				<time>2026-06-14T13:58:06Z</time>
			</trkpt>
			<trkpt lat="47.6728237354907" lon="20.720465108350584">
				<ele>94.09667269140482</ele>
				<time>2026-06-14T13:58:09Z</time>
			</trkpt>
			<trkpt lat="47.672844343300945" lon="20.720450078999136">
				<ele>94.06569775752723</ele>
				<time>2026-06-14T13:58:11Z</time>
			</trkpt>
			<trkpt lat="47.67286540145549" lon="20.72043312990428">
				<ele>94.7712264796719</ele>
				<time>2026-06-14T13:58:13Z</time>
			</trkpt>
			<trkpt lat="47.67288538634188" lon="20.72041503499365">
				<ele>94.64351528324187</ele>
				<time>2026-06-14T13:58:15Z</time>
			</trkpt>
			<trkpt lat="47.67290645570778" lon="20.72040132498592">
				<ele>95.11039012763649</ele>
				<time>2026-06-14T13:58:17Z</time>
			</trkpt>
			<trkpt lat="47.672925172784744" lon="20.720376350575904">
				<ele>93.98936956841499</ele>
				<time>2026-06-14T13:58:19Z</time>
			</trkpt>
			<trkpt lat="47.67294448174904" lon="20.720358027438976">
				<ele>94.06805271934718</ele>
				<time>2026-06-14T13:58:21Z</time>
			</trkpt>
			<trkpt lat="47.67297115670815" lon="20.72034242338358">
				<ele>92.8776779435575</ele>
				<time>2026-06-14T13:58:24Z</time>
			</trkpt>
			<trkpt lat="47.672999354061766" lon="20.720332875040615">
				<ele>92.65212410874665</ele>
				<time>2026-06-14T13:58:27Z</time>
			</trkpt>
			<trkpt lat="47.673022873722495" lon="20.72032909936911">
				<ele>92.73242385871708</ele>
				<time>2026-06-14T13:58:29Z</time>
			</trkpt>
			<trkpt lat="47.67304957885335" lon="20.72032105965778">
				<ele>94.2260140189901</ele>
				<time>2026-06-14T13:58:32Z</time>
			</trkpt>
			<trkpt lat="47.67305857215622" lon="20.720322360506376">
				<ele>94.55228948686272</ele>
				<time>2026-06-14T13:58:34Z</time>
			</trkpt>
			<trkpt lat="47.673082926555544" lon="20.720331620486498">
				<ele>94.34284213930368</ele>
				<time>2026-06-14T13:58:37Z</time>
			</trkpt>
			<trkpt lat="47.67310957661336" lon="20.720331215504768">
				<ele>95.21069074608386</ele>
				<time>2026-06-14T13:58:39Z</time>
			</trkpt>
			<trkpt lat="47.67313326513007" lon="20.72033045733623">
				<ele>95.19605901930481</ele>
				<time>2026-06-14T13:58:41Z</time>
			</trkpt>
			<trkpt lat="47.673148448743746" lon="20.720331027641546">
				<ele>94.81841733120382</ele>
				<time>2026-06-14T13:58:43Z</time>
			</trkpt>
			<trkpt lat="47.673165683711574" lon="20.72033372540004">
				<ele>94.89765487983823</ele>
				<time>2026-06-14T13:58:44Z</time>
			</trkpt>
			<trkpt lat="47.673191757859335" lon="20.720332847213392">
				<ele>95.313776393421</ele>
				<time>2026-06-14T13:58:46Z</time>
			</trkpt>
			<trkpt lat="47.67321953161782" lon="20.7203292255966">
				<ele>95.56856686528772</ele>
				<time>2026-06-14T13:58:48Z</time>
			</trkpt>
			<trkpt lat="47.673248116708784" lon="20.72032210759129">
				<ele>95.62413729354739</ele>
				<time>2026-06-14T13:58:50Z</time>
			</trkpt>
			<trkpt lat="47.67327644267489" lon="20.720311778189824">
				<ele>94.62408288381994</ele>
				<time>2026-06-14T13:58:52Z</time>
			</trkpt>
			<trkpt lat="47.67330254306035" lon="20.72030408562348">
				<ele>94.46395057346672</ele>
				<time>2026-06-14T13:58:54Z</time>
			</trkpt>
			<trkpt lat="47.67332888931307" lon="20.720296297542856">
				<ele>94.51241807825863</ele>
				<time>2026-06-14T13:58:56Z</time>
			</trkpt>
			<trkpt lat="47.67335387322228" lon="20.720288349903367">
				<ele>94.49861158709973</ele>
				<time>2026-06-14T13:58:58Z</time>
			</trkpt>
			<trkpt lat="47.673381359199645" lon="20.720275083891938">
				<ele>94.4301129700616</ele>
				<time>2026-06-14T13:59:00Z</time>
			</trkpt>
			<trkpt lat="47.673408021334524" lon="20.720254620503987">
				<ele>94.99327113851905</ele>
				<time>2026-06-14T13:59:02Z</time>
			</trkpt>
			<trkpt lat="47.67342360152025" lon="20.720248161977395">
				<ele>94.93792026024312</ele>
				<time>2026-06-14T13:59:03Z</time>
			</trkpt>
			<trkpt lat="47.67345345425913" lon="20.720234566335915">
				<ele>95.9207841027528</ele>
				<time>2026-06-14T13:59:05Z</time>
			</trkpt>
			<trkpt lat="47.67348079448432" lon="20.720209208592443">
				<ele>94.86973652150482</ele>
				<time>2026-06-14T13:59:07Z</time>
			</trkpt>
			<trkpt lat="47.67350821494095" lon="20.720182171156175">
				<ele>96.49859030172229</ele>
				<time>2026-06-14T13:59:09Z</time>
			</trkpt>
			<trkpt lat="47.67353269529302" lon="20.720164385347267">
				<ele>97.51668130699545</ele>
				<time>2026-06-14T13:59:11Z</time>
			</trkpt>
			<trkpt lat="47.673538587134956" lon="20.720145447349">
				<ele>96.50870442576706</ele>
				<time>2026-06-14T13:59:12Z</time>
			</trkpt>
			<trkpt lat="47.67356047601389" lon="20.72011873799162">
				<ele>97.35335352923721</ele>
				<time>2026-06-14T13:59:14Z</time>
			</trkpt>
			<trkpt lat="47.67357088749281" lon="20.720097095192905">
				<ele>97.28467295691371</ele>
				<time>2026-06-14T13:59:15Z</time>
			</trkpt>
			<trkpt lat="47.673587678530524" lon="20.72006379132666">
				<ele>96.46152867097408</ele>
				<time>2026-06-14T13:59:17Z</time>
			</trkpt>
			<trkpt lat="47.67360185930402" lon="20.720036542141393">
				<ele>96.31179530452937</ele>
				<time>2026-06-14T13:59:19Z</time>
			</trkpt>
			<trkpt lat="47.673616516578015" lon="20.72000622349022">
				<ele>96.36945265438408</ele>
				<time>2026-06-14T13:59:21Z</time>
			</trkpt>
			<trkpt lat="47.67363156033195" lon="20.719979412144372">
				<ele>96.58167593367398</ele>
				<time>2026-06-14T13:59:23Z</time>
			</trkpt>
			<trkpt lat="47.67364070495411" lon="20.71996215752793">
				<ele>95.78000443335623</ele>
				<time>2026-06-14T13:59:25Z</time>
			</trkpt>
			<trkpt lat="47.673653404806295" lon="20.71994653867187">
				<ele>95.56000022217631</ele>
				<time>2026-06-14T13:59:26Z</time>
			</trkpt>
			<trkpt lat="47.673678419583695" lon="20.719922842886294">
				<ele>95.64373661298305</ele>
				<time>2026-06-14T13:59:28Z</time>
			</trkpt>
			<trkpt lat="47.67370508940095" lon="20.719901799459006">
				<ele>95.59818784333766</ele>
				<time>2026-06-14T13:59:30Z</time>
			</trkpt>
			<trkpt lat="47.67372762734934" lon="20.719878520619787">
				<ele>94.94311490654945</ele>
				<time>2026-06-14T13:59:32Z</time>
			</trkpt>
			<trkpt lat="47.67375079808278" lon="20.719859234540824">
				<ele>94.84096315223724</ele>
				<time>2026-06-14T13:59:34Z</time>
			</trkpt>
			<trkpt lat="47.6737759681024" lon="20.71984490865092">
				<ele>95.05764170922339</ele>
				<time>2026-06-14T13:59:36Z</time>
			</trkpt>
			<trkpt lat="47.673801438642194" lon="20.719835580007867">
				<ele>95.25493769906461</ele>
				<time>2026-06-14T13:59:38Z</time>
			</trkpt>
			<trkpt lat="47.673825912811424" lon="20.719820377435756">
				<ele>95.36841130815446</ele>
				<time>2026-06-14T13:59:40Z</time>
			</trkpt>
			<trkpt lat="47.67384681038332" lon="20.71980482661914">
				<ele>94.96664906200022</ele>
				<time>2026-06-14T13:59:42Z</time>
			</trkpt>
			<trkpt lat="47.67386011636772" lon="20.719799531515125">
				<ele>94.8522962173447</ele>
				<time>2026-06-14T13:59:43Z</time>
			</trkpt>
			<trkpt lat="47.67388376841804" lon="20.719790116970977">
				<ele>94.78740689903498</ele>
				<time>2026-06-14T13:59:45Z</time>
			</trkpt>
			<trkpt lat="47.673895288105676" lon="20.719785711060307">
				<ele>94.2377152396366</ele>
				<time>2026-06-14T13:59:47Z</time>
			</trkpt>
			<trkpt lat="47.673912901092756" lon="20.71977454887151">
				<ele>94.29371187090874</ele>
				<time>2026-06-14T13:59:49Z</time>
			</trkpt>
			<trkpt lat="47.67393890349869" lon="20.719757972265963">
				<ele>94.42158842273057</ele>
				<time>2026-06-14T13:59:51Z</time>
			</trkpt>
			<trkpt lat="47.67396657177215" lon="20.719742553743366">
				<ele>94.16012726165354</ele>
				<time>2026-06-14T13:59:53Z</time>
			</trkpt>
			<trkpt lat="47.67399531466125" lon="20.71972630578309">
				<ele>94.23415063228458</ele>
				<time>2026-06-14T13:59:55Z</time>
			</trkpt>
			<trkpt lat="47.67402309623584" lon="20.71971360081302">
				<ele>94.01814601384103</ele>
				<time>2026-06-14T13:59:57Z</time>
			</trkpt>
			<trkpt lat="47.67405040281679" lon="20.7196986783629">
				<ele>93.827413209714</ele>
				<time>2026-06-14T13:59:59Z</time>
			</trkpt>
			<trkpt lat="47.67407592037722" lon="20.719684837936555">
				<ele>94.10575576033443</ele>
				<time>2026-06-14T14:00:01Z</time>
			</trkpt>
			<trkpt lat="47.67410248862551" lon="20.71966891172239">
				<ele>93.1255369624123</ele>
				<time>2026-06-14T14:00:03Z</time>
			</trkpt>
			<trkpt lat="47.67412889370703" lon="20.719653575582413">
				<ele>91.75297268200666</ele>
				<time>2026-06-14T14:00:05Z</time>
			</trkpt>
			<trkpt lat="47.67415398930291" lon="20.719640321390646">
				<ele>91.96095788199455</ele>
				<time>2026-06-14T14:00:07Z</time>
			</trkpt>
			<trkpt lat="47.67418140344909" lon="20.719622745495393">
				<ele>92.08973640203476</ele>
				<time>2026-06-14T14:00:09Z</time>
			</trkpt>
			<trkpt lat="47.67420811917821" lon="20.719601603360356">
				<ele>91.08687238115817</ele>
				<time>2026-06-14T14:00:11Z</time>
			</trkpt>
			<trkpt lat="47.67423346179098" lon="20.719581064476458">
				<ele>91.64690010529011</ele>
				<time>2026-06-14T14:00:13Z</time>
			</trkpt>
			<trkpt lat="47.67425820759932" lon="20.719562518153076">
				<ele>92.00608872342855</ele>
				<time>2026-06-14T14:00:15Z</time>
			</trkpt>
			<trkpt lat="47.674280556448146" lon="20.719545738221">
				<ele>91.66471193078905</ele>
				<time>2026-06-14T14:00:17Z</time>
			</trkpt>
			<trkpt lat="47.674292445931826" lon="20.719536744165953">
				<ele>92.01185820065439</ele>
				<time>2026-06-14T14:00:19Z</time>
			</trkpt>
			<trkpt lat="47.67430983881893" lon="20.71952605746403">
				<ele>91.46581260021776</ele>
				<time>2026-06-14T14:00:21Z</time>
			</trkpt>
			<trkpt lat="47.674325678226666" lon="20.719521931847666">
				<ele>91.46995173301548</ele>
				<time>2026-06-14T14:00:22Z</time>
			</trkpt>
			<trkpt lat="47.67435324692757" lon="20.71951408751851">
				<ele>91.31000134162605</ele>
				<time>2026-06-14T14:00:24Z</time>
			</trkpt>
			<trkpt lat="47.674381460842795" lon="20.719503570182557">
				<ele>92.53508834261447</ele>
				<time>2026-06-14T14:00:26Z</time>
			</trkpt>
			<trkpt lat="47.67440881026589" lon="20.719489720140217">
				<ele>91.58839340228587</ele>
				<time>2026-06-14T14:00:28Z</time>
			</trkpt>
			<trkpt lat="47.674432248258114" lon="20.719474964880003">
				<ele>91.85742806643248</ele>
				<time>2026-06-14T14:00:30Z</time>
			</trkpt>
			<trkpt lat="47.67445968797572" lon="20.719461261878173">
				<ele>91.90082579944283</ele>
				<time>2026-06-14T14:00:32Z</time>
			</trkpt>
			<trkpt lat="47.674484540903386" lon="20.719447188151193">
				<ele>91.50792723242193</ele>
				<time>2026-06-14T14:00:34Z</time>
			</trkpt>
			<trkpt lat="47.67450687848527" lon="20.719429619220374">
				<ele>91.76215152721852</ele>
				<time>2026-06-14T14:00:36Z</time>
			</trkpt>
			<trkpt lat="47.674528643331406" lon="20.71942113916782">
				<ele>91.15617455355823</ele>
				<time>2026-06-14T14:00:38Z</time>
			</trkpt>
			<trkpt lat="47.674551442395874" lon="20.71941138571898">
				<ele>91.50403713155538</ele>
				<time>2026-06-14T14:00:40Z</time>
			</trkpt>
			<trkpt lat="47.67457404686279" lon="20.719401305719778">
				<ele>91.46367771178484</ele>
				<time>2026-06-14T14:00:42Z</time>
			</trkpt>
			<trkpt lat="47.674594663839734" lon="20.719392990783344">
				<ele>91.27126887720078</ele>
				<time>2026-06-14T14:00:44Z</time>
			</trkpt>
			<trkpt lat="47.67461075274204" lon="20.71938553569844">
				<ele>90.02200678829104</ele>
				<time>2026-06-14T14:00:45Z</time>
			</trkpt>
			<trkpt lat="47.674636045567624" lon="20.719373716169418">
				<ele>90.01100662630051</ele>
				<time>2026-06-14T14:00:47Z</time>
			</trkpt>
			<trkpt lat="47.67465842864508" lon="20.719360107063785">
				<ele>91.56880394276232</ele>
				<time>2026-06-14T14:00:49Z</time>
			</trkpt>
			<trkpt lat="47.67469423248201" lon="20.71934502595673">
				<ele>91.62759655155241</ele>
				<time>2026-06-14T14:00:52Z</time>
			</trkpt>
			<trkpt lat="47.674729816898434" lon="20.719340623979413">
				<ele>91.80874248966575</ele>
				<time>2026-06-14T14:00:55Z</time>
			</trkpt>
			<trkpt lat="47.67475418025558" lon="20.71934225889443">
				<ele>91.51893350668252</ele>
				<time>2026-06-14T14:00:57Z</time>
			</trkpt>
			<trkpt lat="47.67477647560775" lon="20.719346505200633">
				<ele>90.96666577737778</ele>
				<time>2026-06-14T14:00:59Z</time>
			</trkpt>
			<trkpt lat="47.674799566580226" lon="20.71934466015853">
				<ele>90.57418428361416</ele>
				<time>2026-06-14T14:01:01Z</time>
			</trkpt>
			<trkpt lat="47.674822550989504" lon="20.719338238865557">
				<ele>90.98750782571733</ele>
				<time>2026-06-14T14:01:03Z</time>
			</trkpt>
			<trkpt lat="47.67484837645945" lon="20.719334107378412">
				<ele>90.87494232412428</ele>
				<time>2026-06-14T14:01:05Z</time>
			</trkpt>
			<trkpt lat="47.674871856017766" lon="20.719329490487326">
				<ele>90.8090214850381</ele>
				<time>2026-06-14T14:01:07Z</time>
			</trkpt>
			<trkpt lat="47.674894447433005" lon="20.719328652275237">
				<ele>91.35573575738817</ele>
				<time>2026-06-14T14:01:09Z</time>
			</trkpt>
			<trkpt lat="47.67491553702967" lon="20.719327571175054">
				<ele>91.75211001932621</ele>
				<time>2026-06-14T14:01:11Z</time>
			</trkpt>
			<trkpt lat="47.67493046403927" lon="20.71932714884717">
				<ele>91.5926671018824</ele>
				<time>2026-06-14T14:01:13Z</time>
			</trkpt>
			<trkpt lat="47.67494668669497" lon="20.719328667248714">
				<ele>91.75086259376258</ele>
				<time>2026-06-14T14:01:15Z</time>
			</trkpt>
			<trkpt lat="47.67496407562855" lon="20.719328748346776">
				<ele>91.35492337681353</ele>
				<time>2026-06-14T14:01:17Z</time>
			</trkpt>
			<trkpt lat="47.67498613472949" lon="20.719327898849578">
				<ele>91.22844816744328</ele>
				<time>2026-06-14T14:01:20Z</time>
			</trkpt>
			<trkpt lat="47.67500760621104" lon="20.719330763762137">
				<ele>90.73454610165209</ele>
				<time>2026-06-14T14:01:23Z</time>
			</trkpt>
			<trkpt lat="47.67503050185616" lon="20.71932634163648">
				<ele>91.90828416775912</ele>
				<time>2026-06-14T14:01:26Z</time>
			</trkpt>
			<trkpt lat="47.675055345549524" lon="20.719315735741635">
				<ele>92.17336654569954</ele>
				<time>2026-06-14T14:01:30Z</time>
			</trkpt>
			<trkpt lat="47.67507390486332" lon="20.719310918747468">
				<ele>92.49855748843402</ele>
				<time>2026-06-14T14:01:33Z</time>
			</trkpt>
			<trkpt lat="47.6750928112137" lon="20.71930798966695">
				<ele>92.27962450589985</ele>
				<time>2026-06-14T14:01:36Z</time>
			</trkpt>
			<trkpt lat="47.67511478584592" lon="20.719307456818854">
				<ele>91.93687597848475</ele>
				<time>2026-06-14T14:01:39Z</time>
			</trkpt>
			<trkpt lat="47.675138329439456" lon="20.719308338658983">
				<ele>91.65727083943784</ele>
				<time>2026-06-14T14:01:42Z</time>
			</trkpt>
			<trkpt lat="47.675159532340054" lon="20.719308673612378">
				<ele>91.53577288705856</ele>
				<time>2026-06-14T14:01:45Z</time>
			</trkpt>
			<trkpt lat="47.675176145514286" lon="20.719311621941614">
				<ele>90.51966712251306</ele>
				<time>2026-06-14T14:01:47Z</time>
			</trkpt>
			<trkpt lat="47.675195321688776" lon="20.719314633385515">
				<ele>90.52098220866174</ele>
				<time>2026-06-14T14:01:50Z</time>
			</trkpt>
			<trkpt lat="47.6752143053701" lon="20.71931484203064">
				<ele>90.84412633813918</ele>
				<time>2026-06-14T14:01:52Z</time>
			</trkpt>
			<trkpt lat="47.67523538304774" lon="20.719316001710723">
				<ele>91.44489502813667</ele>
				<time>2026-06-14T14:01:54Z</time>
			</trkpt>
			<trkpt lat="47.67526020199182" lon="20.719317680640707">
				<ele>91.57049791049212</ele>
				<time>2026-06-14T14:01:57Z</time>
			</trkpt>
			<trkpt lat="47.67528310786798" lon="20.71932067035598">
				<ele>91.46765389572829</ele>
				<time>2026-06-14T14:02:00Z</time>
			</trkpt>
			<trkpt lat="47.67530417859361" lon="20.71932541581513">
				<ele>91.6357753239572</ele>
				<time>2026-06-14T14:02:03Z</time>
			</trkpt>
			<trkpt lat="47.67532059593337" lon="20.71933623880949">
				<ele>91.0234490595758</ele>
				<time>2026-06-14T14:02:06Z</time>
			</trkpt>
			<trkpt lat="47.675333380165206" lon="20.719347803321696">
				<ele>90.97960888873786</ele>
				<time>2026-06-14T14:02:08Z</time>
			</trkpt>
			<trkpt lat="47.675351119189315" lon="20.719369168725933">
				<ele>90.68847988080233</ele>
				<time>2026-06-14T14:02:12Z</time>
			</trkpt>
			<trkpt lat="47.67536768669329" lon="20.719393946989868">
				<ele>90.54654665570706</ele>
				<time>2026-06-14T14:02:15Z</time>
			</trkpt>
			<trkpt lat="47.67538316403588" lon="20.719417922668356">
				<ele>90.42006994597614</ele>
				<time>2026-06-14T14:02:18Z</time>
			</trkpt>
			<trkpt lat="47.675397111496665" lon="20.719440703416513">
				<ele>90.24426497984678</ele>
				<time>2026-06-14T14:02:21Z</time>
			</trkpt>
			<trkpt lat="47.675412386693715" lon="20.719466796666737">
				<ele>90.56445597484708</ele>
				<time>2026-06-14T14:02:24Z</time>
			</trkpt>
			<trkpt lat="47.67542454877877" lon="20.71948777339142">
				<ele>90.97197814937681</ele>
				<time>2026-06-14T14:02:26Z</time>
			</trkpt>
			<trkpt lat="47.67543952854194" lon="20.719522988055125">
				<ele>91.01249281689525</ele>
				<time>2026-06-14T14:02:28Z</time>
			</trkpt>
			<trkpt lat="47.675454851204044" lon="20.719563378307264">
				<ele>91.18036979530007</ele>
				<time>2026-06-14T14:02:30Z</time>
			</trkpt>
			<trkpt lat="47.675464714656414" lon="20.719588168024515">
				<ele>91.22757675405592</ele>
				<time>2026-06-14T14:02:32Z</time>
			</trkpt>
			<trkpt lat="47.67547359870668" lon="20.719625144822984">
				<ele>92.15731519833207</ele>
				<time>2026-06-14T14:02:34Z</time>
			</trkpt>
			<trkpt lat="47.675486296281235" lon="20.719664792977472">
				<ele>91.86572642158717</ele>
				<time>2026-06-14T14:02:37Z</time>
			</trkpt>
			<trkpt lat="47.67549938264513" lon="20.719696542907556">
				<ele>92.26632997393608</ele>
				<time>2026-06-14T14:02:39Z</time>
			</trkpt>
			<trkpt lat="47.675509090790676" lon="20.71971860681683">
				<ele>92.20674707181752</ele>
				<time>2026-06-14T14:02:41Z</time>
			</trkpt>
			<trkpt lat="47.67551625913998" lon="20.719735318602694">
				<ele>91.85170430969447</ele>
				<time>2026-06-14T14:02:43Z</time>
			</trkpt>
			<trkpt lat="47.67552363555409" lon="20.719752118952037">
				<ele>91.6535744825378</ele>
				<time>2026-06-14T14:02:45Z</time>
			</trkpt>
			<trkpt lat="47.675530786936406" lon="20.719770230037327">
				<ele>91.3836663858965</ele>
				<time>2026-06-14T14:02:47Z</time>
			</trkpt>
			<trkpt lat="47.67553803212068" lon="20.719788979592533">
				<ele>91.1951482174918</ele>
				<time>2026-06-14T14:02:49Z</time>
			</trkpt>
			<trkpt lat="47.67554859057225" lon="20.719816450616467">
				<ele>91.72997423354536</ele>
				<time>2026-06-14T14:02:52Z</time>
			</trkpt>
			<trkpt lat="47.67556262068517" lon="20.71985293751459">
				<ele>91.71096536144614</ele>
				<time>2026-06-14T14:02:55Z</time>
			</trkpt>
			<trkpt lat="47.6755756089979" lon="20.719898702807715">
				<ele>91.63324836269021</ele>
				<time>2026-06-14T14:02:57Z</time>
			</trkpt>
			<trkpt lat="47.675585409356664" lon="20.719932014392246">
				<ele>91.98316205944866</ele>
				<time>2026-06-14T14:02:59Z</time>
			</trkpt>
			<trkpt lat="47.6755926947173" lon="20.719957026592482">
				<ele>91.50944520160556</ele>
				<time>2026-06-14T14:03:01Z</time>
			</trkpt>
			<trkpt lat="47.67560185190431" lon="20.719995504766104">
				<ele>91.39203444961458</ele>
				<time>2026-06-14T14:03:03Z</time>
			</trkpt>
			<trkpt lat="47.67561209902672" lon="20.72003883956065">
				<ele>91.27073703892529</ele>
				<time>2026-06-14T14:03:05Z</time>
			</trkpt>
			<trkpt lat="47.67561983407095" lon="20.720079652638137">
				<ele>91.2418794259429</ele>
				<time>2026-06-14T14:03:07Z</time>
			</trkpt>
			<trkpt lat="47.675629844760046" lon="20.720134907217048">
				<ele>89.99667228665203</ele>
				<time>2026-06-14T14:03:10Z</time>
			</trkpt>
			<trkpt lat="47.67564047795774" lon="20.720166944374572">
				<ele>90.77547754254192</ele>
				<time>2026-06-14T14:03:12Z</time>
			</trkpt>
			<trkpt lat="47.675653989976" lon="20.720194186047937">
				<ele>91.17060372047126</ele>
				<time>2026-06-14T14:03:14Z</time>
			</trkpt>
			<trkpt lat="47.67566844696118" lon="20.72021907396031">
				<ele>91.33293504454195</ele>
				<time>2026-06-14T14:03:16Z</time>
			</trkpt>
			<trkpt lat="47.67568555516942" lon="20.720239677086216">
				<ele>93.09777288325131</ele>
				<time>2026-06-14T14:03:18Z</time>
			</trkpt>
			<trkpt lat="47.675697926888304" lon="20.720250400936493">
				<ele>92.61183365341276</ele>
				<time>2026-06-14T14:03:20Z</time>
			</trkpt>
			<trkpt lat="47.6757132130694" lon="20.720264428479624">
				<ele>93.13763073459268</ele>
				<time>2026-06-14T14:03:22Z</time>
			</trkpt>
			<trkpt lat="47.67573556451152" lon="20.720286872222566">
				<ele>92.70586818363518</ele>
				<time>2026-06-14T14:03:24Z</time>
			</trkpt>
			<trkpt lat="47.67576139293228" lon="20.72031669686827">
				<ele>93.13452058658004</ele>
				<time>2026-06-14T14:03:26Z</time>
			</trkpt>
			<trkpt lat="47.675787900375674" lon="20.72035750165747">
				<ele>93.23744984250516</ele>
				<time>2026-06-14T14:03:29Z</time>
			</trkpt>
			<trkpt lat="47.67580180684021" lon="20.72038313155993">
				<ele>93.11316646635532</ele>
				<time>2026-06-14T14:03:31Z</time>
			</trkpt>
			<trkpt lat="47.6758145433709" lon="20.720409332488114">
				<ele>93.02214604988694</ele>
				<time>2026-06-14T14:03:33Z</time>
			</trkpt>
			<trkpt lat="47.675826307508025" lon="20.720444081837442">
				<ele>91.63901054300368</ele>
				<time>2026-06-14T14:03:35Z</time>
			</trkpt>
			<trkpt lat="47.675839476893394" lon="20.720474377083555">
				<ele>91.56822561472654</ele>
				<time>2026-06-14T14:03:37Z</time>
			</trkpt>
			<trkpt lat="47.67585560647335" lon="20.72050065177907">
				<ele>91.36606902815402</ele>
				<time>2026-06-14T14:03:39Z</time>
			</trkpt>
			<trkpt lat="47.67587284031207" lon="20.72052508985322">
				<ele>91.68223083484918</ele>
				<time>2026-06-14T14:03:41Z</time>
			</trkpt>
			<trkpt lat="47.67588978410693" lon="20.72055263470004">
				<ele>91.34123081620783</ele>
				<time>2026-06-14T14:03:43Z</time>
			</trkpt>
			<trkpt lat="47.675907517556055" lon="20.72057939338432">
				<ele>91.27129021473229</ele>
				<time>2026-06-14T14:03:45Z</time>
			</trkpt>
			<trkpt lat="47.675922324554975" lon="20.72060270752776">
				<ele>90.93942524679005</ele>
				<time>2026-06-14T14:03:48Z</time>
			</trkpt>
			<trkpt lat="47.67593482714526" lon="20.720624834616494">
				<ele>90.95570585504174</ele>
				<time>2026-06-14T14:03:50Z</time>
			</trkpt>
			<trkpt lat="47.675948679017495" lon="20.720655727588642">
				<ele>90.38972717523575</ele>
				<time>2026-06-14T14:03:52Z</time>
			</trkpt>
			<trkpt lat="47.675962860884376" lon="20.72068475550495">
				<ele>90.5071166548878</ele>
				<time>2026-06-14T14:03:54Z</time>
			</trkpt>
			<trkpt lat="47.67598003713998" lon="20.720710234989106">
				<ele>90.37583260890096</ele>
				<time>2026-06-14T14:03:56Z</time>
			</trkpt>
			<trkpt lat="47.67599704402912" lon="20.720737029708474">
				<ele>89.28834441211075</ele>
				<time>2026-06-14T14:03:58Z</time>
			</trkpt>
			<trkpt lat="47.67601330642294" lon="20.720768544928323">
				<ele>89.21575217321515</ele>
				<time>2026-06-14T14:04:00Z</time>
			</trkpt>
			<trkpt lat="47.676031162794686" lon="20.720798516074677">
				<ele>88.85053166653961</ele>
				<time>2026-06-14T14:04:02Z</time>
			</trkpt>
			<trkpt lat="47.67605260290671" lon="20.720825031330584">
				<ele>89.76022803131491</ele>
				<time>2026-06-14T14:04:04Z</time>
			</trkpt>
			<trkpt lat="47.67606634620972" lon="20.720840310742922">
				<ele>90.43492180854082</ele>
				<time>2026-06-14T14:04:05Z</time>
			</trkpt>
			<trkpt lat="47.67609115028055" lon="20.720871430007918">
				<ele>90.31967871077359</ele>
				<time>2026-06-14T14:04:07Z</time>
			</trkpt>
			<trkpt lat="47.676115636859265" lon="20.720901010469397">
				<ele>90.51312359329313</ele>
				<time>2026-06-14T14:04:09Z</time>
			</trkpt>
			<trkpt lat="47.67613811221812" lon="20.72092755346737">
				<ele>89.46142350323498</ele>
				<time>2026-06-14T14:04:11Z</time>
			</trkpt>
			<trkpt lat="47.67614960001334" lon="20.720944698949914">
				<ele>89.23413184657693</ele>
				<time>2026-06-14T14:04:12Z</time>
			</trkpt>
			<trkpt lat="47.67616988526469" lon="20.72098142999218">
				<ele>90.02062148973346</ele>
				<time>2026-06-14T14:04:14Z</time>
			</trkpt>
			<trkpt lat="47.67618989103628" lon="20.72101553052847">
				<ele>90.6518513597548</ele>
				<time>2026-06-14T14:04:16Z</time>
			</trkpt>
			<trkpt lat="47.67620648604802" lon="20.721048735602754">
				<ele>90.36955092847347</ele>
				<time>2026-06-14T14:04:18Z</time>
			</trkpt>
			<trkpt lat="47.67622154800079" lon="20.721081950696288">
				<ele>90.42301408946514</ele>
				<time>2026-06-14T14:04:20Z</time>
			</trkpt>
			<trkpt lat="47.67623039403753" lon="20.721103759328233">
				<ele>90.27808777801692</ele>
				<time>2026-06-14T14:04:21Z</time>
			</trkpt>
			<trkpt lat="47.676245750068055" lon="20.721144062929">
				<ele>91.08710054215044</ele>
				<time>2026-06-14T14:04:23Z</time>
			</trkpt>
			<trkpt lat="47.67626404772773" lon="20.721188453669765">
				<ele>91.72348113264889</ele>
				<time>2026-06-14T14:04:25Z</time>
			</trkpt>
			<trkpt lat="47.67628082461447" lon="20.721226898104508">
				<ele>91.8328174110502</ele>
				<time>2026-06-14T14:04:27Z</time>
			</trkpt>
			<trkpt lat="47.676292355234324" lon="20.721260935634565">
				<ele>91.31454571150243</ele>
				<time>2026-06-14T14:04:29Z</time>
			</trkpt>
			<trkpt lat="47.676303537069195" lon="20.721291052372298">
				<ele>91.4610414551571</ele>
				<time>2026-06-14T14:04:31Z</time>
			</trkpt>
			<trkpt lat="47.67631118058111" lon="20.72131052830822">
				<ele>91.61553338635713</ele>
				<time>2026-06-14T14:04:33Z</time>
			</trkpt>
			<trkpt lat="47.67631838786639" lon="20.72132802745223">
				<ele>91.55761499144137</ele>
				<time>2026-06-14T14:04:35Z</time>
			</trkpt>
			<trkpt lat="47.676325977078726" lon="20.721349879626025">
				<ele>91.81518855597824</ele>
				<time>2026-06-14T14:04:37Z</time>
			</trkpt>
			<trkpt lat="47.67633119079257" lon="20.721385936232753">
				<ele>91.71813119389117</ele>
				<time>2026-06-14T14:04:39Z</time>
			</trkpt>
			<trkpt lat="47.67633540437367" lon="20.721414463052795">
				<ele>91.77548914216459</ele>
				<time>2026-06-14T14:04:41Z</time>
			</trkpt>
			<trkpt lat="47.67634323136495" lon="20.721461903641895">
				<ele>92.1290570795536</ele>
				<time>2026-06-14T14:04:44Z</time>
			</trkpt>
			<trkpt lat="47.67634808395111" lon="20.721488650188533">
				<ele>92.0444937767461</ele>
				<time>2026-06-14T14:04:46Z</time>
			</trkpt>
			<trkpt lat="47.676352603880744" lon="20.721522913910082">
				<ele>91.8199184210971</ele>
				<time>2026-06-14T14:04:48Z</time>
			</trkpt>
			<trkpt lat="47.6763559205843" lon="20.721565352687993">
				<ele>91.95267886482179</ele>
				<time>2026-06-14T14:04:50Z</time>
			</trkpt>
			<trkpt lat="47.67635971817919" lon="20.721621332854422">
				<ele>91.94101780746132</ele>
				<time>2026-06-14T14:04:53Z</time>
			</trkpt>
			<trkpt lat="47.67636201796124" lon="20.721656291208113">
				<ele>92.22925004269928</ele>
				<time>2026-06-14T14:04:55Z</time>
			</trkpt>
			<trkpt lat="47.67636423924371" lon="20.7216763774092">
				<ele>91.99865556694567</ele>
				<time>2026-06-14T14:04:57Z</time>
			</trkpt>
			<trkpt lat="47.67636762220638" lon="20.72169326873372">
				<ele>91.9003109978512</ele>
				<time>2026-06-14T14:04:59Z</time>
			</trkpt>
			<trkpt lat="47.676363446977625" lon="20.72172309801238">
				<ele>92.24456386268139</ele>
				<time>2026-06-14T14:05:01Z</time>
			</trkpt>
			<trkpt lat="47.67635959914609" lon="20.7217679397274">
				<ele>92.43176776356995</ele>
				<time>2026-06-14T14:05:03Z</time>
			</trkpt>
			<trkpt lat="47.676362624849105" lon="20.721809756573858">
				<ele>92.10961115267128</ele>
				<time>2026-06-14T14:05:05Z</time>
			</trkpt>
			<trkpt lat="47.676368436173696" lon="20.721848205727305">
				<ele>92.26330080255866</ele>
				<time>2026-06-14T14:05:07Z</time>
			</trkpt>
			<trkpt lat="47.6763720361819" lon="20.721869805297338">
				<ele>91.93622802384198</ele>
				<time>2026-06-14T14:05:09Z</time>
			</trkpt>
			<trkpt lat="47.67637329318101" lon="20.721892951388885">
				<ele>92.33896587882191</ele>
				<time>2026-06-14T14:05:10Z</time>
			</trkpt>
			<trkpt lat="47.676375722980524" lon="20.721945767811977">
				<ele>92.79311882238835</ele>
				<time>2026-06-14T14:05:13Z</time>
			</trkpt>
			<trkpt lat="47.67637803756717" lon="20.72196815034482">
				<ele>92.83686161506921</ele>
				<time>2026-06-14T14:05:15Z</time>
			</trkpt>
			<trkpt lat="47.676379611827166" lon="20.721985209746197">
				<ele>92.87042445782572</ele>
				<time>2026-06-14T14:05:17Z</time>
			</trkpt>
			<trkpt lat="47.67637947462077" lon="20.7220183200507">
				<ele>93.0620086165145</ele>
				<time>2026-06-14T14:05:19Z</time>
			</trkpt>
			<trkpt lat="47.676377323119" lon="20.72205961729239">
				<ele>92.78304995689541</ele>
				<time>2026-06-14T14:05:21Z</time>
			</trkpt>
			<trkpt lat="47.67637703287308" lon="20.722097451476788">
				<ele>92.36619046144187</ele>
				<time>2026-06-14T14:05:23Z</time>
			</trkpt>
			<trkpt lat="47.676376202388575" lon="20.72213499461962">
				<ele>92.83431759197265</ele>
				<time>2026-06-14T14:05:25Z</time>
			</trkpt>
			<trkpt lat="47.676377098013226" lon="20.722157018979352">
				<ele>92.93267875537276</ele>
				<time>2026-06-14T14:05:27Z</time>
			</trkpt>
			<trkpt lat="47.67637966794511" lon="20.72217325129045">
				<ele>93.30101221613586</ele>
				<time>2026-06-14T14:05:29Z</time>
			</trkpt>
			<trkpt lat="47.67638235662677" lon="20.722200924304907">
				<ele>93.68761830963194</ele>
				<time>2026-06-14T14:05:30Z</time>
			</trkpt>
			<trkpt lat="47.67638406119259" lon="20.72224242133754">
				<ele>94.17136754281819</ele>
				<time>2026-06-14T14:05:32Z</time>
			</trkpt>
			<trkpt lat="47.67638464892003" lon="20.722286458324316">
				<ele>94.1452665925026</ele>
				<time>2026-06-14T14:05:34Z</time>
			</trkpt>
			<trkpt lat="47.67638344667252" lon="20.722329281530808">
				<ele>93.87759268190712</ele>
				<time>2026-06-14T14:05:36Z</time>
			</trkpt>
			<trkpt lat="47.67638296957025" lon="20.72237001819127">
				<ele>93.17266424652189</ele>
				<time>2026-06-14T14:05:38Z</time>
			</trkpt>
			<trkpt lat="47.676380970816574" lon="20.72241084802591">
				<ele>92.81056367885321</ele>
				<time>2026-06-14T14:05:40Z</time>
			</trkpt>
			<trkpt lat="47.67637798596499" lon="20.722448453211992">
				<ele>92.89383384119719</ele>
				<time>2026-06-14T14:05:42Z</time>
			</trkpt>
			<trkpt lat="47.67637726099042" lon="20.722468563559787">
				<ele>91.6464527361095</ele>
				<time>2026-06-14T14:05:44Z</time>
			</trkpt>
			<trkpt lat="47.67638041902631" lon="20.722497138045604">
				<ele>91.66330141201615</ele>
				<time>2026-06-14T14:05:46Z</time>
			</trkpt>
			<trkpt lat="47.67638742454603" lon="20.722536274531148">
				<ele>92.19548176135868</ele>
				<time>2026-06-14T14:05:48Z</time>
			</trkpt>
			<trkpt lat="47.67639671644211" lon="20.722573872476865">
				<ele>92.54145061410964</ele>
				<time>2026-06-14T14:05:50Z</time>
			</trkpt>
			<trkpt lat="47.67641060630572" lon="20.72261040644307">
				<ele>93.11250134557486</ele>
				<time>2026-06-14T14:05:52Z</time>
			</trkpt>
			<trkpt lat="47.676425453396796" lon="20.72264054479835">
				<ele>93.45496592018753</ele>
				<time>2026-06-14T14:05:54Z</time>
			</trkpt>
			<trkpt lat="47.676441543810654" lon="20.7226673173019">
				<ele>92.69716624263674</ele>
				<time>2026-06-14T14:05:56Z</time>
			</trkpt>
			<trkpt lat="47.676457171689165" lon="20.722698667497163">
				<ele>92.64992046169937</ele>
				<time>2026-06-14T14:05:58Z</time>
			</trkpt>
			<trkpt lat="47.676479534765754" lon="20.72274653224828">
				<ele>92.2608929509297</ele>
				<time>2026-06-14T14:06:01Z</time>
			</trkpt>
			<trkpt lat="47.676487314908655" lon="20.722777592190518">
				<ele>91.5736437337473</ele>
				<time>2026-06-14T14:06:03Z</time>
			</trkpt>
			<trkpt lat="47.67649404994295" lon="20.72281182557065">
				<ele>90.5928171845153</ele>
				<time>2026-06-14T14:06:05Z</time>
			</trkpt>
			<trkpt lat="47.676503162072464" lon="20.72285091247103">
				<ele>90.81907427217811</ele>
				<time>2026-06-14T14:06:07Z</time>
			</trkpt>
			<trkpt lat="47.67651585965088" lon="20.72288983130084">
				<ele>91.1552289314568</ele>
				<time>2026-06-14T14:06:09Z</time>
			</trkpt>
			<trkpt lat="47.676527812655486" lon="20.722927689479427">
				<ele>90.82880532927811</ele>
				<time>2026-06-14T14:06:11Z</time>
			</trkpt>
			<trkpt lat="47.67653961143067" lon="20.72295985097856">
				<ele>90.53165383730084</ele>
				<time>2026-06-14T14:06:13Z</time>
			</trkpt>
			<trkpt lat="47.67655277515118" lon="20.722995440075792">
				<ele>90.81575395353138</ele>
				<time>2026-06-14T14:06:15Z</time>
			</trkpt>
			<trkpt lat="47.67656790623416" lon="20.723027563002137">
				<ele>90.84643207956105</ele>
				<time>2026-06-14T14:06:17Z</time>
			</trkpt>
			<trkpt lat="47.67658410104635" lon="20.723050771236647">
				<ele>91.03616708051413</ele>
				<time>2026-06-14T14:06:19Z</time>
			</trkpt>
			<trkpt lat="47.676599781425416" lon="20.7230755798558">
				<ele>92.64032223261893</ele>
				<time>2026-06-14T14:06:21Z</time>
			</trkpt>
			<trkpt lat="47.676622288994345" lon="20.723109745731385">
				<ele>91.79567390866578</ele>
				<time>2026-06-14T14:06:24Z</time>
			</trkpt>
			<trkpt lat="47.67664161779877" lon="20.72312422136632">
				<ele>92.03222660720348</ele>
				<time>2026-06-14T14:06:26Z</time>
			</trkpt>
			<trkpt lat="47.67666356075342" lon="20.723135714655772">
				<ele>92.67589684668928</ele>
				<time>2026-06-14T14:06:28Z</time>
			</trkpt>
			<trkpt lat="47.67668600314157" lon="20.72314989459521">
				<ele>92.27059014048427</ele>
				<time>2026-06-14T14:06:30Z</time>
			</trkpt>
			<trkpt lat="47.67670829328238" lon="20.72316932322624">
				<ele>91.27174831740558</ele>
				<time>2026-06-14T14:06:32Z</time>
			</trkpt>
			<trkpt lat="47.67673128906333" lon="20.72318797022662">
				<ele>91.49090901575983</ele>
				<time>2026-06-14T14:06:34Z</time>
			</trkpt>
			<trkpt lat="47.676744352925496" lon="20.723198956837052">
				<ele>92.47049560770392</ele>
				<time>2026-06-14T14:06:36Z</time>
			</trkpt>
			<trkpt lat="47.67676580783112" lon="20.723213720801947">
				<ele>92.77558710426092</ele>
				<time>2026-06-14T14:06:38Z</time>
			</trkpt>
			<trkpt lat="47.67678262549724" lon="20.723228894645814">
				<ele>93.60125219728798</ele>
				<time>2026-06-14T14:06:39Z</time>
			</trkpt>
			<trkpt lat="47.67681388975492" lon="20.723244071536545">
				<ele>93.10330508928746</ele>
				<time>2026-06-14T14:06:41Z</time>
			</trkpt>
			<trkpt lat="47.67683971477709" lon="20.723256402232895">
				<ele>92.93477613665164</ele>
				<time>2026-06-14T14:06:43Z</time>
			</trkpt>
			<trkpt lat="47.67686981817281" lon="20.72326800351841">
				<ele>92.65010586939752</ele>
				<time>2026-06-14T14:06:45Z</time>
			</trkpt>
			<trkpt lat="47.67689439947612" lon="20.723289046235017">
				<ele>92.4288574559614</ele>
				<time>2026-06-14T14:06:47Z</time>
			</trkpt>
			<trkpt lat="47.67692029545141" lon="20.723311061674114">
				<ele>92.02627456653863</ele>
				<time>2026-06-14T14:06:49Z</time>
			</trkpt>
			<trkpt lat="47.67694589272906" lon="20.723331035637013">
				<ele>92.21834228839725</ele>
				<time>2026-06-14T14:06:51Z</time>
			</trkpt>
			<trkpt lat="47.67697023817142" lon="20.723347881736824">
				<ele>91.66616014111787</ele>
				<time>2026-06-14T14:06:53Z</time>
			</trkpt>
			<trkpt lat="47.67699257784979" lon="20.723362393224274">
				<ele>91.46059672627598</ele>
				<time>2026-06-14T14:06:55Z</time>
			</trkpt>
			<trkpt lat="47.67700753765332" lon="20.723367496747304">
				<ele>92.32667118031532</ele>
				<time>2026-06-14T14:06:56Z</time>
			</trkpt>
			<trkpt lat="47.67703449185603" lon="20.723382691313553">
				<ele>92.90970053430647</ele>
				<time>2026-06-14T14:06:58Z</time>
			</trkpt>
			<trkpt lat="47.67706134766879" lon="20.72339706812777">
				<ele>92.5463039893657</ele>
				<time>2026-06-14T14:07:00Z</time>
			</trkpt>
			<trkpt lat="47.677085140906044" lon="20.723409510508436">
				<ele>93.15186457149684</ele>
				<time>2026-06-14T14:07:02Z</time>
			</trkpt>
			<trkpt lat="47.67711042173597" lon="20.72342586935795">
				<ele>93.14586922433227</ele>
				<time>2026-06-14T14:07:04Z</time>
			</trkpt>
			<trkpt lat="47.677133200041595" lon="20.723434904278967">
				<ele>93.2315910924226</ele>
				<time>2026-06-14T14:07:06Z</time>
			</trkpt>
			<trkpt lat="47.67715851974501" lon="20.723439988057297">
				<ele>93.17720469925553</ele>
				<time>2026-06-14T14:07:08Z</time>
			</trkpt>
			<trkpt lat="47.67718359486916" lon="20.72343971680489">
				<ele>93.87439988180995</ele>
				<time>2026-06-14T14:07:10Z</time>
			</trkpt>
			<trkpt lat="47.67720742528141" lon="20.723438470006574">
				<ele>93.95241816248745</ele>
				<time>2026-06-14T14:07:12Z</time>
			</trkpt>
			<trkpt lat="47.67723479222581" lon="20.72344102090343">
				<ele>94.12535895127803</ele>
				<time>2026-06-14T14:07:14Z</time>
			</trkpt>
			<trkpt lat="47.67726432815927" lon="20.72344327215272">
				<ele>94.47028091084212</ele>
				<time>2026-06-14T14:07:16Z</time>
			</trkpt>
			<trkpt lat="47.677283564921304" lon="20.723441794711874">
				<ele>93.99960726033896</ele>
				<time>2026-06-14T14:07:17Z</time>
			</trkpt>
			<trkpt lat="47.677312745653154" lon="20.723444064718187">
				<ele>94.11415392626077</ele>
				<time>2026-06-14T14:07:19Z</time>
			</trkpt>
			<trkpt lat="47.67733856235359" lon="20.7234528036022">
				<ele>93.33647972997278</ele>
				<time>2026-06-14T14:07:21Z</time>
			</trkpt>
			<trkpt lat="47.677363938489876" lon="20.723464766000664">
				<ele>92.9441668856889</ele>
				<time>2026-06-14T14:07:23Z</time>
			</trkpt>
			<trkpt lat="47.67738682198569" lon="20.723478280267635">
				<ele>91.8117005713284</ele>
				<time>2026-06-14T14:07:25Z</time>
			</trkpt>
			<trkpt lat="47.677409501286526" lon="20.723486674916312">
				<ele>92.07190374936908</ele>
				<time>2026-06-14T14:07:27Z</time>
			</trkpt>
			<trkpt lat="47.67743522561451" lon="20.723491986776505">
				<ele>92.18430573586375</ele>
				<time>2026-06-14T14:07:29Z</time>
			</trkpt>
			<trkpt lat="47.67746095887515" lon="20.723496902138095">
				<ele>91.99994441494346</ele>
				<time>2026-06-14T14:07:31Z</time>
			</trkpt>
			<trkpt lat="47.67748983801824" lon="20.723501509608383">
				<ele>91.88188574742526</ele>
				<time>2026-06-14T14:07:33Z</time>
			</trkpt>
			<trkpt lat="47.67751694379422" lon="20.723503292130676">
				<ele>92.22957192827016</ele>
				<time>2026-06-14T14:07:35Z</time>
			</trkpt>
			<trkpt lat="47.677545624032945" lon="20.72350456161893">
				<ele>91.87233332917094</ele>
				<time>2026-06-14T14:07:37Z</time>
			</trkpt>
			<trkpt lat="47.67757348983665" lon="20.72351125623909">
				<ele>91.37031012400985</ele>
				<time>2026-06-14T14:07:39Z</time>
			</trkpt>
			<trkpt lat="47.67759912150112" lon="20.723515685677548">
				<ele>90.86607982870191</ele>
				<time>2026-06-14T14:07:41Z</time>
			</trkpt>
			<trkpt lat="47.67762542994884" lon="20.72351657774676">
				<ele>90.24257644824684</ele>
				<time>2026-06-14T14:07:43Z</time>
			</trkpt>
			<trkpt lat="47.677651729367334" lon="20.723516688619057">
				<ele>90.25392034556717</ele>
				<time>2026-06-14T14:07:45Z</time>
			</trkpt>
			<trkpt lat="47.67767630270314" lon="20.72351299760461">
				<ele>90.08010966237634</ele>
				<time>2026-06-14T14:07:47Z</time>
			</trkpt>
			<trkpt lat="47.677692563956924" lon="20.72350891581837">
				<ele>90.11066757701337</ele>
				<time>2026-06-14T14:07:48Z</time>
			</trkpt>
			<trkpt lat="47.677710670800785" lon="20.723510877309284">
				<ele>90.09805541113019</ele>
				<time>2026-06-14T14:07:49Z</time>
			</trkpt>
			<trkpt lat="47.67773773958037" lon="20.723519198051267">
				<ele>90.46141134109348</ele>
				<time>2026-06-14T14:07:51Z</time>
			</trkpt>
			<trkpt lat="47.677751914637305" lon="20.723519489875684">
				<ele>90.53511501569301</ele>
				<time>2026-06-14T14:07:52Z</time>
			</trkpt>
			<trkpt lat="47.67778048010302" lon="20.72352246533658">
				<ele>90.14867655746639</ele>
				<time>2026-06-14T14:07:54Z</time>
			</trkpt>
			<trkpt lat="47.67781031752407" lon="20.723528033952306">
				<ele>90.03671197779477</ele>
				<time>2026-06-14T14:07:56Z</time>
			</trkpt>
			<trkpt lat="47.677837364816035" lon="20.723533041331248">
				<ele>90.37880416214466</ele>
				<time>2026-06-14T14:07:58Z</time>
			</trkpt>
			<trkpt lat="47.6778672437567" lon="20.723531876539926">
				<ele>90.48681744839996</ele>
				<time>2026-06-14T14:08:00Z</time>
			</trkpt>
			<trkpt lat="47.67789546653603" lon="20.7235321264938">
				<ele>89.89030425902456</ele>
				<time>2026-06-14T14:08:02Z</time>
			</trkpt>
			<trkpt lat="47.67792424957902" lon="20.723530150653193">
				<ele>89.98358625452965</ele>
				<time>2026-06-14T14:08:04Z</time>
			</trkpt>
			<trkpt lat="47.677955541090576" lon="20.723534566114278">
				<ele>90.58775119949132</ele>
				<time>2026-06-14T14:08:06Z</time>
			</trkpt>
			<trkpt lat="47.677987417191126" lon="20.723537760463604">
				<ele>91.03348159044981</ele>
				<time>2026-06-14T14:08:08Z</time>
			</trkpt>
			<trkpt lat="47.678013789669315" lon="20.7235396751341">
				<ele>91.34872492495924</ele>
				<time>2026-06-14T14:08:10Z</time>
			</trkpt>
			<trkpt lat="47.6780439900542" lon="20.723547137561216">
				<ele>90.85581986699253</ele>
				<time>2026-06-14T14:08:12Z</time>
			</trkpt>
			<trkpt lat="47.67806991558896" lon="20.723547250456374">
				<ele>90.22246106620878</ele>
				<time>2026-06-14T14:08:14Z</time>
			</trkpt>
			<trkpt lat="47.67809517572636" lon="20.72355126351619">
				<ele>89.3035326236859</ele>
				<time>2026-06-14T14:08:16Z</time>
			</trkpt>
			<trkpt lat="47.67812246752344" lon="20.723555942986334">
				<ele>89.3003151351586</ele>
				<time>2026-06-14T14:08:18Z</time>
			</trkpt>
			<trkpt lat="47.67815199905602" lon="20.723564237899684">
				<ele>89.4320835666731</ele>
				<time>2026-06-14T14:08:20Z</time>
			</trkpt>
			<trkpt lat="47.67818022310559" lon="20.723567130116006">
				<ele>89.66069675888866</ele>
				<time>2026-06-14T14:08:22Z</time>
			</trkpt>
			<trkpt lat="47.678208748905384" lon="20.723569990565757">
				<ele>90.21009552665055</ele>
				<time>2026-06-14T14:08:24Z</time>
			</trkpt>
			<trkpt lat="47.67823950877065" lon="20.723572952631393">
				<ele>90.87004193104804</ele>
				<time>2026-06-14T14:08:26Z</time>
			</trkpt>
			<trkpt lat="47.67827036893728" lon="20.723576470702653">
				<ele>92.50638695340604</ele>
				<time>2026-06-14T14:08:28Z</time>
			</trkpt>
			<trkpt lat="47.67829808849946" lon="20.723594347193604">
				<ele>91.18522515427321</ele>
				<time>2026-06-14T14:08:30Z</time>
			</trkpt>
			<trkpt lat="47.67832767073964" lon="20.723619573566182">
				<ele>91.45510596130043</ele>
				<time>2026-06-14T14:08:32Z</time>
			</trkpt>
			<trkpt lat="47.67835277467722" lon="20.723643472543138">
				<ele>90.4913081638515</ele>
				<time>2026-06-14T14:08:34Z</time>
			</trkpt>
			<trkpt lat="47.678380629805304" lon="20.723667928563685">
				<ele>90.08382946904749</ele>
				<time>2026-06-14T14:08:36Z</time>
			</trkpt>
			<trkpt lat="47.67839921445829" lon="20.723684318915655">
				<ele>89.41766798682511</ele>
				<time>2026-06-14T14:08:37Z</time>
			</trkpt>
			<trkpt lat="47.67843057189847" lon="20.723706826369835">
				<ele>89.80451692733914</ele>
				<time>2026-06-14T14:08:39Z</time>
			</trkpt>
			<trkpt lat="47.67845585445065" lon="20.723725534124902">
				<ele>89.56608355231583</ele>
				<time>2026-06-14T14:08:41Z</time>
			</trkpt>
			<trkpt lat="47.678479289285725" lon="20.723746668757762">
				<ele>89.67981136031449</ele>
				<time>2026-06-14T14:08:43Z</time>
			</trkpt>
			<trkpt lat="47.6784999837048" lon="20.723769817095306">
				<ele>90.27652108389884</ele>
				<time>2026-06-14T14:08:45Z</time>
			</trkpt>
			<trkpt lat="47.67852094154534" lon="20.723791795389335">
				<ele>90.3610575478524</ele>
				<time>2026-06-14T14:08:47Z</time>
			</trkpt>
			<trkpt lat="47.67853437843772" lon="20.723803747820423">
				<ele>90.5016219606623</ele>
				<time>2026-06-14T14:08:49Z</time>
			</trkpt>
			<trkpt lat="47.67854609914354" lon="20.723816359745104">
				<ele>90.41117021162063</ele>
				<time>2026-06-14T14:08:50Z</time>
			</trkpt>
			<trkpt lat="47.67856637530311" lon="20.723840274146255">
				<ele>90.29602549038827</ele>
				<time>2026-06-14T14:08:52Z</time>
			</trkpt>
			<trkpt lat="47.67858532547778" lon="20.723862957366524">
				<ele>90.37361544929445</ele>
				<time>2026-06-14T14:08:54Z</time>
			</trkpt>
			<trkpt lat="47.678603398576556" lon="20.723889181161237">
				<ele>90.60603131726384</ele>
				<time>2026-06-14T14:08:56Z</time>
			</trkpt>
			<trkpt lat="47.67862050439308" lon="20.723918306590438">
				<ele>90.84365409519523</ele>
				<time>2026-06-14T14:08:58Z</time>
			</trkpt>
			<trkpt lat="47.67863803656186" lon="20.723948485595493">
				<ele>90.45404157973826</ele>
				<time>2026-06-14T14:09:00Z</time>
			</trkpt>
			<trkpt lat="47.67865620898173" lon="20.72398101151548">
				<ele>89.5622083498165</ele>
				<time>2026-06-14T14:09:02Z</time>
			</trkpt>
			<trkpt lat="47.67867372832682" lon="20.724005800107733">
				<ele>89.87589421775192</ele>
				<time>2026-06-14T14:09:04Z</time>
			</trkpt>
			<trkpt lat="47.67869023508531" lon="20.724036206108515">
				<ele>89.69621386844665</ele>
				<time>2026-06-14T14:09:06Z</time>
			</trkpt>
			<trkpt lat="47.678709354201374" lon="20.724062522959297">
				<ele>89.737623562105</ele>
				<time>2026-06-14T14:09:08Z</time>
			</trkpt>
			<trkpt lat="47.67872702716646" lon="20.724094426043717">
				<ele>89.80357365868986</ele>
				<time>2026-06-14T14:09:10Z</time>
			</trkpt>
			<trkpt lat="47.67874381148189" lon="20.724123447921187">
				<ele>89.62724357284606</ele>
				<time>2026-06-14T14:09:12Z</time>
			</trkpt>
			<trkpt lat="47.678761902983496" lon="20.72415807883477">
				<ele>89.05619150586426</ele>
				<time>2026-06-14T14:09:14Z</time>
			</trkpt>
			<trkpt lat="47.67877746630499" lon="20.72418890052525">
				<ele>89.0403724014759</ele>
				<time>2026-06-14T14:09:16Z</time>
			</trkpt>
			<trkpt lat="47.6787951710506" lon="20.724222118882874">
				<ele>88.82471995893866</ele>
				<time>2026-06-14T14:09:18Z</time>
			</trkpt>
			<trkpt lat="47.678809314222256" lon="20.724256010796644">
				<ele>88.66504068486392</ele>
				<time>2026-06-14T14:09:20Z</time>
			</trkpt>
			<trkpt lat="47.67882478480629" lon="20.724288539910244">
				<ele>89.66922102961689</ele>
				<time>2026-06-14T14:09:22Z</time>
			</trkpt>
			<trkpt lat="47.67884444836654" lon="20.72431677002576">
				<ele>89.68449879810214</ele>
				<time>2026-06-14T14:09:24Z</time>
			</trkpt>
			<trkpt lat="47.678855126831166" lon="20.724334063257988">
				<ele>89.34638570714742</ele>
				<time>2026-06-14T14:09:25Z</time>
			</trkpt>
			<trkpt lat="47.67887255032414" lon="20.72436839280944">
				<ele>88.5511874081567</ele>
				<time>2026-06-14T14:09:27Z</time>
			</trkpt>
			<trkpt lat="47.67888947229505" lon="20.724401363854923">
				<ele>90.02265486121178</ele>
				<time>2026-06-14T14:09:29Z</time>
			</trkpt>
			<trkpt lat="47.678907240314956" lon="20.724426015508822">
				<ele>89.26145194936544</ele>
				<time>2026-06-14T14:09:31Z</time>
			</trkpt>
			<trkpt lat="47.67892764420532" lon="20.724448807292223">
				<ele>89.92358365096152</ele>
				<time>2026-06-14T14:09:33Z</time>
			</trkpt>
			<trkpt lat="47.678944609629845" lon="20.72447094597534">
				<ele>91.64360701944679</ele>
				<time>2026-06-14T14:09:35Z</time>
			</trkpt>
			<trkpt lat="47.67896128169789" lon="20.724499576004007">
				<ele>90.77020756527781</ele>
				<time>2026-06-14T14:09:37Z</time>
			</trkpt>
			<trkpt lat="47.678991297789445" lon="20.724542513036905">
				<ele>91.1874625403434</ele>
				<time>2026-06-14T14:09:41Z</time>
			</trkpt>
			<trkpt lat="47.67901062815053" lon="20.724555806940266">
				<ele>90.9079025760293</ele>
				<time>2026-06-14T14:09:43Z</time>
			</trkpt>
			<trkpt lat="47.67902638366263" lon="20.724576726987863">
				<ele>91.53251128550619</ele>
				<time>2026-06-14T14:09:45Z</time>
			</trkpt>
			<trkpt lat="47.679041859263236" lon="20.724603318582076">
				<ele>91.8962977733463</ele>
				<time>2026-06-14T14:09:47Z</time>
			</trkpt>
			<trkpt lat="47.6790594035129" lon="20.724632181849923">
				<ele>91.52285882737488</ele>
				<time>2026-06-14T14:09:49Z</time>
			</trkpt>
			<trkpt lat="47.67907905065951" lon="20.72465842348763">
				<ele>91.56383550725877</ele>
				<time>2026-06-14T14:09:51Z</time>
			</trkpt>
			<trkpt lat="47.67909001398966" lon="20.724676481818385">
				<ele>91.4843237111345</ele>
				<time>2026-06-14T14:09:52Z</time>
			</trkpt>
			<trkpt lat="47.679112831695385" lon="20.724699722012645">
				<ele>92.07149512972683</ele>
				<time>2026-06-14T14:09:54Z</time>
			</trkpt>
			<trkpt lat="47.679140256828646" lon="20.72472155298719">
				<ele>91.88263245858252</ele>
				<time>2026-06-14T14:09:56Z</time>
			</trkpt>
			<trkpt lat="47.67916341840177" lon="20.72473707516691">
				<ele>91.93469412252307</ele>
				<time>2026-06-14T14:09:58Z</time>
			</trkpt>
			<trkpt lat="47.679186074683926" lon="20.724753504473124">
				<ele>92.5287464754656</ele>
				<time>2026-06-14T14:10:00Z</time>
			</trkpt>
			<trkpt lat="47.67920363380915" lon="20.724771140541495">
				<ele>92.00902425218374</ele>
				<time>2026-06-14T14:10:03Z</time>
			</trkpt>
			<trkpt lat="47.67921147877656" lon="20.724779918176502">
				<ele>92.18859350960702</ele>
				<time>2026-06-14T14:10:05Z</time>
			</trkpt>
			<trkpt lat="47.67922207514753" lon="20.724793655884945">
				<ele>91.91561540495604</ele>
				<time>2026-06-14T14:10:07Z</time>
			</trkpt>
			<trkpt lat="47.67923503921183" lon="20.72480789289827">
				<ele>91.87279709707946</ele>
				<time>2026-06-14T14:10:09Z</time>
			</trkpt>
			<trkpt lat="47.679256315847" lon="20.724831685839522">
				<ele>91.99707703106105</ele>
				<time>2026-06-14T14:10:11Z</time>
			</trkpt>
			<trkpt lat="47.679281327297595" lon="20.724865165562427">
				<ele>91.25391021929681</ele>
				<time>2026-06-14T14:10:13Z</time>
			</trkpt>
			<trkpt lat="47.67930590686591" lon="20.724893172781808">
				<ele>91.07081313058734</ele>
				<time>2026-06-14T14:10:15Z</time>
			</trkpt>
			<trkpt lat="47.679329963990206" lon="20.724919135530428">
				<ele>91.41998453252017</ele>
				<time>2026-06-14T14:10:17Z</time>
			</trkpt>
			<trkpt lat="47.67935188315785" lon="20.724942671929373">
				<ele>90.98746497090906</ele>
				<time>2026-06-14T14:10:19Z</time>
			</trkpt>
			<trkpt lat="47.67937241903446" lon="20.72496029010304">
				<ele>90.6867120238021</ele>
				<time>2026-06-14T14:10:21Z</time>
			</trkpt>
			<trkpt lat="47.67939394326845" lon="20.72497889051729">
				<ele>91.00358483940363</ele>
				<time>2026-06-14T14:10:23Z</time>
			</trkpt>
			<trkpt lat="47.679415428724894" lon="20.724999050402435">
				<ele>90.43857097346336</ele>
				<time>2026-06-14T14:10:25Z</time>
			</trkpt>
			<trkpt lat="47.67943830316239" lon="20.725019433015277">
				<ele>90.61928686872125</ele>
				<time>2026-06-14T14:10:27Z</time>
			</trkpt>
			<trkpt lat="47.67946198575784" lon="20.72503916082996">
				<ele>90.41736879106611</ele>
				<time>2026-06-14T14:10:29Z</time>
			</trkpt>
			<trkpt lat="47.679485897535855" lon="20.725058241923822">
				<ele>90.30305187683553</ele>
				<time>2026-06-14T14:10:31Z</time>
			</trkpt>
			<trkpt lat="47.6795105004697" lon="20.72507795140297">
				<ele>89.98388524632901</ele>
				<time>2026-06-14T14:10:33Z</time>
			</trkpt>
			<trkpt lat="47.67953196764479" lon="20.725092903633026">
				<ele>89.53131677489728</ele>
				<time>2026-06-14T14:10:35Z</time>
			</trkpt>
			<trkpt lat="47.679554139427" lon="20.725107895527753">
				<ele>89.5226898258552</ele>
				<time>2026-06-14T14:10:37Z</time>
			</trkpt>
			<trkpt lat="47.679576990638175" lon="20.725121758804327">
				<ele>89.86672764178365</ele>
				<time>2026-06-14T14:10:39Z</time>
			</trkpt>
			<trkpt lat="47.679607500362025" lon="20.725139559909838">
				<ele>90.15009955037385</ele>
				<time>2026-06-14T14:10:42Z</time>
			</trkpt>
			<trkpt lat="47.67962730121814" lon="20.72515042807891">
				<ele>90.6890659565106</ele>
				<time>2026-06-14T14:10:44Z</time>
			</trkpt>
			<trkpt lat="47.679638921029316" lon="20.725157120469305">
				<ele>90.48929931223392</ele>
				<time>2026-06-14T14:10:46Z</time>
			</trkpt>
			<trkpt lat="47.679649182767974" lon="20.72516142935258">
				<ele>91.02127759717405</ele>
				<time>2026-06-14T14:10:48Z</time>
			</trkpt>
			<trkpt lat="47.679666255653096" lon="20.725172207947107">
				<ele>91.05546800047159</ele>
				<time>2026-06-14T14:10:51Z</time>
			</trkpt>
			<trkpt lat="47.67968196775906" lon="20.72518249959488">
				<ele>91.1839561406523</ele>
				<time>2026-06-14T14:10:53Z</time>
			</trkpt>
			<trkpt lat="47.67970176059602" lon="20.725194961090338">
				<ele>91.20449223835021</ele>
				<time>2026-06-14T14:10:56Z</time>
			</trkpt>
			<trkpt lat="47.67972447250352" lon="20.725205462299737">
				<ele>90.59964566491544</ele>
				<time>2026-06-14T14:11:00Z</time>
			</trkpt>
			<trkpt lat="47.67974549969109" lon="20.72521246759844">
				<ele>90.54369263537228</ele>
				<time>2026-06-14T14:11:03Z</time>
			</trkpt>
			<trkpt lat="47.6797696829495" lon="20.72521914596377">
				<ele>91.13800794258714</ele>
				<time>2026-06-14T14:11:07Z</time>
			</trkpt>
			<trkpt lat="47.679795403980016" lon="20.725225602617932">
				<ele>91.00697799958289</ele>
				<time>2026-06-14T14:11:12Z</time>
			</trkpt>
			<trkpt lat="47.67981670334281" lon="20.725230033874766">
				<ele>91.22794794570655</ele>
				<time>2026-06-14T14:11:16Z</time>
			</trkpt>
			<trkpt lat="47.679839564741215" lon="20.725231080832472">
				<ele>91.35588235128671</ele>
				<time>2026-06-14T14:11:21Z</time>
			</trkpt>
			<trkpt lat="47.67986786334907" lon="20.725227344768157">
				<ele>91.58201557025313</ele>
				<time>2026-06-14T14:11:27Z</time>
			</trkpt>
			<trkpt lat="47.679889163224686" lon="20.725224053854912">
				<ele>91.29827762581408</ele>
				<time>2026-06-14T14:11:32Z</time>
			</trkpt>
			<trkpt lat="47.67991001940992" lon="20.725220919227503">
				<ele>91.6058101374656</ele>
				<time>2026-06-14T14:11:38Z</time>
			</trkpt>
			<trkpt lat="47.6799296620983" lon="20.725218781313067">
				<ele>91.91450619138777</ele>
				<time>2026-06-14T14:11:43Z</time>
			</trkpt>
			<trkpt lat="47.679957713268884" lon="20.725210535368976">
				<ele>90.66414262726903</ele>
				<time>2026-06-14T14:11:53Z</time>
			</trkpt>
			<trkpt lat="47.679955724837875" lon="20.725229086666022">
				<ele>90.7097710762173</ele>
				<time>2026-06-14T14:12:26Z</time>
			</trkpt>
			<trkpt lat="47.679943663972026" lon="20.725217433327995">
				<ele>90.51027164049447</ele>
				<time>2026-06-14T14:12:36Z</time>
			</trkpt>
			<trkpt lat="47.67996307073842" lon="20.72521741263168">
				<ele>91.00765085685998</ele>
				<time>2026-06-14T14:13:03Z</time>
			</trkpt>
			<trkpt lat="47.67997596843571" lon="20.725236364491387">
				<ele>90.80414183624089</ele>
				<time>2026-06-14T14:13:18Z</time>
			</trkpt>
			<trkpt lat="47.67997001932365" lon="20.725218257489196">
				<ele>90.11012168228626</ele>
				<time>2026-06-14T14:13:53Z</time>
			</trkpt>
			<trkpt lat="47.679983302333554" lon="20.72521105800052">
				<ele>90.61043791100383</ele>
				<time>2026-06-14T14:14:09Z</time>
			</trkpt>
			<trkpt lat="47.679971166474346" lon="20.725231407131464">
				<ele>92.18776693288237</ele>
				<time>2026-06-14T14:14:22Z</time>
			</trkpt>
			<trkpt lat="47.679958970567576" lon="20.725230202800397">
				<ele>92.36447933875024</ele>
				<time>2026-06-14T14:14:24Z</time>
			</trkpt>
			<trkpt lat="47.67994170381446" lon="20.725208295887303">
				<ele>91.03250119555742</ele>
				<time>2026-06-14T14:14:26Z</time>
			</trkpt>
			<trkpt lat="47.67993233233163" lon="20.725198507920876">
				<ele>91.04910577926785</ele>
				<time>2026-06-14T14:14:30Z</time>
			</trkpt>
			<trkpt lat="47.67994287571663" lon="20.72520788801844">
				<ele>91.84890684206039</ele>
				<time>2026-06-14T14:14:32Z</time>
			</trkpt>
			<trkpt lat="47.6799564790103" lon="20.725215218925847">
				<ele>91.46381137520075</ele>
				<time>2026-06-14T14:14:34Z</time>
			</trkpt>
			<trkpt lat="47.679969353557716" lon="20.72521319053655">
				<ele>90.85117754992098</ele>
				<time>2026-06-14T14:14:37Z</time>
			</trkpt>
			<trkpt lat="47.67997991304607" lon="20.725201910623706">
				<ele>91.49826867133379</ele>
				<time>2026-06-14T14:14:39Z</time>
			</trkpt>
			<trkpt lat="47.679990217714696" lon="20.7251810105245">
				<ele>91.67232560552657</ele>
				<time>2026-06-14T14:14:42Z</time>
			</trkpt>
			<trkpt lat="47.679998580839126" lon="20.725157473685098">
				<ele>91.98649599961936</ele>
				<time>2026-06-14T14:14:44Z</time>
			</trkpt>
			<trkpt lat="47.68000867315518" lon="20.725126335590062">
				<ele>91.67743119038641</ele>
				<time>2026-06-14T14:14:47Z</time>
			</trkpt>
			<trkpt lat="47.68002209028867" lon="20.725086932702013">
				<ele>91.28956873342395</ele>
				<time>2026-06-14T14:14:51Z</time>
			</trkpt>
			<trkpt lat="47.68002893659404" lon="20.72505852584021">
				<ele>91.2825598763302</ele>
				<time>2026-06-14T14:14:53Z</time>
			</trkpt>
			<trkpt lat="47.680035495245896" lon="20.725026864154522">
				<ele>90.80514885298908</ele>
				<time>2026-06-14T14:14:56Z</time>
			</trkpt>
			<trkpt lat="47.68005001119666" lon="20.724996995721582">
				<ele>90.86470344476402</ele>
				<time>2026-06-14T14:14:59Z</time>
			</trkpt>
			<trkpt lat="47.680067837839886" lon="20.724986902177864">
				<ele>90.53836580645293</ele>
				<time>2026-06-14T14:15:02Z</time>
			</trkpt>
			<trkpt lat="47.68008695569006" lon="20.724966734734025">
				<ele>90.04085288289934</ele>
				<time>2026-06-14T14:15:06Z</time>
			</trkpt>
			<trkpt lat="47.6801009190598" lon="20.724950459424203">
				<ele>90.19026063941419</ele>
				<time>2026-06-14T14:15:09Z</time>
			</trkpt>
			<trkpt lat="47.68012111748939" lon="20.724952654050735">
				<ele>91.04827553220093</ele>
				<time>2026-06-14T14:15:16Z</time>
			</trkpt>
			<trkpt lat="47.68014012276777" lon="20.72495872867211">
				<ele>91.8388799848035</ele>
				<time>2026-06-14T14:15:23Z</time>
			</trkpt>
			<trkpt lat="47.68015538030627" lon="20.724975644896833">
				<ele>92.12227709498256</ele>
				<time>2026-06-14T14:15:32Z</time>
			</trkpt>
			<trkpt lat="47.68014514509927" lon="20.724998126706456">
				<ele>91.9594489345327</ele>
				<time>2026-06-14T14:15:43Z</time>
			</trkpt>
			<trkpt lat="47.6801266604547" lon="20.72499828797598">
				<ele>91.71516825817525</ele>
				<time>2026-06-14T14:15:53Z</time>
			</trkpt>
			<trkpt lat="47.680111331332306" lon="20.724992056440577">
				<ele>91.6969803320244</ele>
				<time>2026-06-14T14:15:57Z</time>
			</trkpt>
			<trkpt lat="47.680090534406155" lon="20.72497915757173">
				<ele>92.49938497040421</ele>
				<time>2026-06-14T14:16:03Z</time>
			</trkpt>
			<trkpt lat="47.680072069953674" lon="20.724964978744435">
				<ele>92.12411627545953</ele>
				<time>2026-06-14T14:16:08Z</time>
			</trkpt>
			<trkpt lat="47.680054024043415" lon="20.72494543542839">
				<ele>91.34652328770608</ele>
				<time>2026-06-14T14:16:13Z</time>
			</trkpt>
			<trkpt lat="47.68006373961598" lon="20.724926214306898">
				<ele>94.07383345253766</ele>
				<time>2026-06-14T14:16:16Z</time>
			</trkpt>
			<trkpt lat="47.6800854774971" lon="20.724930092385453">
				<ele>95.90206701681018</ele>
				<time>2026-06-14T14:16:21Z</time>
			</trkpt>
			<trkpt lat="47.68008230641139" lon="20.72494301919031">
				<ele>94.08747929893434</ele>
				<time>2026-06-14T14:16:24Z</time>
			</trkpt>
			<trkpt lat="47.68006240520872" lon="20.724942724851054">
				<ele>94.44972240366042</ele>
				<time>2026-06-14T14:16:27Z</time>
			</trkpt>
			<trkpt lat="47.68003856432426" lon="20.724943196573342">
				<ele>95.44507736247033</ele>
				<time>2026-06-14T14:16:32Z</time>
			</trkpt>
			<trkpt lat="47.680018941986845" lon="20.724947255170957">
				<ele>96.27091478090733</ele>
				<time>2026-06-14T14:16:42Z</time>
			</trkpt>
			<trkpt lat="47.680027046793334" lon="20.724947970066708">
				<ele>96.36745101865381</ele>
				<time>2026-06-14T14:16:46Z</time>
			</trkpt>
			<trkpt lat="47.68004239695802" lon="20.72494771013089">
				<ele>96.01215512305498</ele>
				<time>2026-06-14T14:16:49Z</time>
			</trkpt>
			<trkpt lat="47.680064558577065" lon="20.724956565860445">
				<ele>96.10970021784306</ele>
				<time>2026-06-14T14:16:56Z</time>
			</trkpt>
			<trkpt lat="47.68006665562043" lon="20.724968854507292">
				<ele>96.12672823574394</ele>
				<time>2026-06-14T14:17:00Z</time>
			</trkpt>
			<trkpt lat="47.680060892373625" lon="20.724974565102325">
				<ele>95.00136374123394</ele>
				<time>2026-06-14T14:17:02Z</time>
			</trkpt>
			<trkpt lat="47.680062565325166" lon="20.72498711383997">
				<ele>95.11970538645983</ele>
				<time>2026-06-14T14:18:09Z</time>
			</trkpt>
			<trkpt lat="47.68006292181999" lon="20.724996435929622">
				<ele>96.15807603206486</ele>
				<time>2026-06-14T14:18:17Z</time>
			</trkpt>
			<trkpt lat="47.68004735426854" lon="20.725021587619285">
				<ele>98.30320074874908</ele>
				<time>2026-06-14T14:21:19Z</time>
			</trkpt>
			<trkpt lat="47.680051792831364" lon="20.725057328593508">
				<ele>96.8532361401549</ele>
				<time>2026-06-14T14:23:14Z</time>
			</trkpt>
			<trkpt lat="47.68005173578626" lon="20.72505691703651">
				<ele>96.77308903724557</ele>
				<time>2026-06-14T14:23:15Z</time>
			</trkpt>
			<trkpt lat="47.680051537881624" lon="20.7250568871601">
				<ele>96.79050919412302</ele>
				<time>2026-06-14T14:23:16Z</time>
			</trkpt>
			<trkpt lat="47.68003666948949" lon="20.72499955346741">
				<ele>96.91918398626149</ele>
				<time>2026-06-14T14:26:46Z</time>
			</trkpt>
			<trkpt lat="47.68003791071632" lon="20.724991419518663">
				<ele>97.47019405383617</ele>
				<time>2026-06-14T14:27:02Z</time>
			</trkpt>
			<trkpt lat="47.68004857423887" lon="20.724990921492378">
				<ele>95.59360024612397</ele>
				<time>2026-06-14T14:27:09Z</time>
			</trkpt>
			<trkpt lat="47.680054818453826" lon="20.724976483554112">
				<ele>90.75979954563081</ele>
				<time>2026-06-14T14:27:33Z</time>
			</trkpt>
			<trkpt lat="47.68005313128113" lon="20.724958297767515">
				<ele>95.5267199408263</ele>
				<time>2026-06-14T14:27:38Z</time>
			</trkpt>
			<trkpt lat="47.680045175617444" lon="20.724961354011853">
				<ele>93.46374962292612</ele>
				<time>2026-06-14T14:27:44Z</time>
			</trkpt>
			<trkpt lat="47.68004377959126" lon="20.724976641435195">
				<ele>93.67934395745397</ele>
				<time>2026-06-14T14:27:48Z</time>
			</trkpt>
			<trkpt lat="47.68004945863076" lon="20.724977643479168">
				<ele>91.41980386991054</ele>
				<time>2026-06-14T14:27:50Z</time>
			</trkpt>
			<trkpt lat="47.6800463493708" lon="20.72497747524705">
				<ele>91.34395651239902</ele>
				<time>2026-06-14T14:27:55Z</time>
			</trkpt>
			<trkpt lat="47.68005238478317" lon="20.724972539201598">
				<ele>90.81329255737364</ele>
				<time>2026-06-14T14:28:01Z</time>
			</trkpt>
			<trkpt lat="47.68006701223882" lon="20.724970912627292">
				<ele>90.88528409600258</ele>
				<time>2026-06-14T14:28:08Z</time>
			</trkpt>
			<trkpt lat="47.680060716280074" lon="20.724984326191155">
				<ele>93.38112675771117</ele>
				<time>2026-06-14T14:28:15Z</time>
			</trkpt>
			<trkpt lat="47.6800463137865" lon="20.72499903507859">
				<ele>92.29213929083198</ele>
				<time>2026-06-14T14:28:22Z</time>
			</trkpt>
			<trkpt lat="47.68004225955193" lon="20.72502056058158">
				<ele>92.6288400478661</ele>
				<time>2026-06-14T14:28:26Z</time>
			</trkpt>
			<trkpt lat="47.680041004818186" lon="20.725043647887095">
				<ele>92.26593267731369</ele>
				<time>2026-06-14T14:28:29Z</time>
			</trkpt>
			<trkpt lat="47.68003040988917" lon="20.72509899521729">
				<ele>91.91276943404227</ele>
				<time>2026-06-14T14:28:36Z</time>
			</trkpt>
			<trkpt lat="47.68002192427095" lon="20.725124777433912">
				<ele>91.76990035641938</ele>
				<time>2026-06-14T14:28:38Z</time>
			</trkpt>
			<trkpt lat="47.68001215682705" lon="20.72515403392705">
				<ele>92.32851602882147</ele>
				<time>2026-06-14T14:28:41Z</time>
			</trkpt>
			<trkpt lat="47.68000524336" lon="20.72518561479409">
				<ele>92.41833419166505</ele>
				<time>2026-06-14T14:28:44Z</time>
			</trkpt>
			<trkpt lat="47.67998113021968" lon="20.725219817947178">
				<ele>91.28029588144273</ele>
				<time>2026-06-14T14:29:19Z</time>
			</trkpt>
			<trkpt lat="47.679965894045736" lon="20.72522003902553">
				<ele>90.82825202401727</ele>
				<time>2026-06-14T14:29:22Z</time>
			</trkpt>
			<trkpt lat="47.67995472554209" lon="20.725247950176772">
				<ele>90.0237212702632</ele>
				<time>2026-06-14T14:30:47Z</time>
			</trkpt>
			<trkpt lat="47.67995420072796" lon="20.725229483100286">
				<ele>91.12301155366004</ele>
				<time>2026-06-14T14:30:58Z</time>
			</trkpt>
			<trkpt lat="47.679951204947464" lon="20.725231063057045">
				<ele>87.04569943059133</ele>
				<time>2026-06-14T14:31:00Z</time>
			</trkpt>
			<trkpt lat="47.67995550708862" lon="20.725225308410167">
				<ele>92.62225532531738</ele>
				<time>2026-06-14T14:31:04Z</time>
			</trkpt>
			<trkpt lat="47.67995202298274" lon="20.72519553692906">
				<ele>91.3644625833258</ele>
				<time>2026-06-14T14:31:29Z</time>
			</trkpt>
			<trkpt lat="47.67993077348968" lon="20.725206155290586">
				<ele>91.87728181295097</ele>
				<time>2026-06-14T14:32:16Z</time>
			</trkpt>
			<trkpt lat="47.67991997044297" lon="20.725210931025813">
				<ele>89.85513606388122</ele>
				<time>2026-06-14T14:32:22Z</time>
			</trkpt>
			<trkpt lat="47.67991230297161" lon="20.725234727166722">
				<ele>92.03815186116844</ele>
				<time>2026-06-14T14:32:32Z</time>
			</trkpt>
			<trkpt lat="47.67991485598628" lon="20.725256731861485">
				<ele>91.93274102453142</ele>
				<time>2026-06-14T14:32:41Z</time>
			</trkpt>
			<trkpt lat="47.679925137156076" lon="20.725271429778864">
				<ele>91.73831996601075</ele>
				<time>2026-06-14T14:32:46Z</time>
			</trkpt>
			<trkpt lat="47.679939870400105" lon="20.725287792185984">
				<ele>91.84402678627521</ele>
				<time>2026-06-14T14:32:51Z</time>
			</trkpt>
			<trkpt lat="47.67995662704171" lon="20.725304561732997">
				<ele>90.76900691911578</ele>
				<time>2026-06-14T14:32:58Z</time>
			</trkpt>
			<trkpt lat="47.67997306942188" lon="20.72532237891777">
				<ele>91.2894804449752</ele>
				<time>2026-06-14T14:33:05Z</time>
			</trkpt>
			<trkpt lat="47.679991478491104" lon="20.725336892614536">
				<ele>91.47626194451004</ele>
				<time>2026-06-14T14:33:13Z</time>
			</trkpt>
			<trkpt lat="47.68000576862044" lon="20.725350206361522">
				<ele>90.69795023091137</ele>
				<time>2026-06-14T14:33:18Z</time>
			</trkpt>
			<trkpt lat="47.68002082239337" lon="20.72535751600073">
				<ele>92.15177482087165</ele>
				<time>2026-06-14T14:33:22Z</time>
			</trkpt>
			<trkpt lat="47.68001920334157" lon="20.72536502120815">
				<ele>91.4784433124587</ele>
				<time>2026-06-14T14:33:23Z</time>
			</trkpt>
			<trkpt lat="47.68002884714176" lon="20.725368280204037">
				<ele>91.57427398022264</ele>
				<time>2026-06-14T14:33:27Z</time>
			</trkpt>
			<trkpt lat="47.68004866008043" lon="20.72537321256221">
				<ele>90.37555464077741</ele>
				<time>2026-06-14T14:33:31Z</time>
			</trkpt>
			<trkpt lat="47.680066094142575" lon="20.725372561606815">
				<ele>90.1938385758549</ele>
				<time>2026-06-14T14:33:35Z</time>
			</trkpt>
			<trkpt lat="47.68008558366624" lon="20.7253634555159">
				<ele>90.79692131932825</ele>
				<time>2026-06-14T14:33:40Z</time>
			</trkpt>
			<trkpt lat="47.680104619925466" lon="20.72535227844636">
				<ele>90.90993448719382</ele>
				<time>2026-06-14T14:33:45Z</time>
			</trkpt>
			<trkpt lat="47.68012114908327" lon="20.72534928627301">
				<ele>90.39635472465307</ele>
				<time>2026-06-14T14:33:48Z</time>
			</trkpt>
			<trkpt lat="47.680143266235184" lon="20.725335308521732">
				<ele>91.9061463298276</ele>
				<time>2026-06-14T14:33:56Z</time>
			</trkpt>
			<trkpt lat="47.6801625809371" lon="20.725335487786495">
				<ele>92.4470703881234</ele>
				<time>2026-06-14T14:34:02Z</time>
			</trkpt>
			<trkpt lat="47.680180912115915" lon="20.725339324753445">
				<ele>92.04909973870963</ele>
				<time>2026-06-14T14:34:07Z</time>
			</trkpt>
			<trkpt lat="47.68019736610184" lon="20.725345770507026">
				<ele>91.98125601373613</ele>
				<time>2026-06-14T14:34:11Z</time>
			</trkpt>
			<trkpt lat="47.68021589362966" lon="20.725353396145895">
				<ele>91.96313931792974</ele>
				<time>2026-06-14T14:34:15Z</time>
			</trkpt>
			<trkpt lat="47.680236800823565" lon="20.72536079399516">
				<ele>91.84402516297996</ele>
				<time>2026-06-14T14:34:19Z</time>
			</trkpt>
			<trkpt lat="47.680253807329066" lon="20.725367124106484">
				<ele>92.25560261309147</ele>
				<time>2026-06-14T14:34:22Z</time>
			</trkpt>
			<trkpt lat="47.68027326909342" lon="20.725378149992252">
				<ele>92.42750147171319</ele>
				<time>2026-06-14T14:34:26Z</time>
			</trkpt>
			<trkpt lat="47.68029372743673" lon="20.725393777765316">
				<ele>91.84707168024033</ele>
				<time>2026-06-14T14:34:31Z</time>
			</trkpt>
			<trkpt lat="47.680316132955916" lon="20.725409319540674">
				<ele>91.84402662608773</ele>
				<time>2026-06-14T14:34:37Z</time>
			</trkpt>
			<trkpt lat="47.68033674464351" lon="20.725422085065958">
				<ele>91.92639862932265</ele>
				<time>2026-06-14T14:34:43Z</time>
			</trkpt>
			<trkpt lat="47.68035299892249" lon="20.725427731956028">
				<ele>91.91460207570344</ele>
				<time>2026-06-14T14:34:48Z</time>
			</trkpt>
			<trkpt lat="47.68037331991293" lon="20.72543247601466">
				<ele>92.04880971927196</ele>
				<time>2026-06-14T14:34:54Z</time>
			</trkpt>
			<trkpt lat="47.68039330123318" lon="20.725442129128197">
				<ele>91.9209027690813</ele>
				<time>2026-06-14T14:35:00Z</time>
			</trkpt>
			<trkpt lat="47.68040262703773" lon="20.72545847676203">
				<ele>92.06559698283672</ele>
				<time>2026-06-14T14:35:03Z</time>
			</trkpt>
			<trkpt lat="47.68041770049904" lon="20.72547072168789">
				<ele>91.67129961680621</ele>
				<time>2026-06-14T14:35:08Z</time>
			</trkpt>
			<trkpt lat="47.680433603834" lon="20.725481495546326">
				<ele>91.63767015468329</ele>
				<time>2026-06-14T14:35:12Z</time>
			</trkpt>
			<trkpt lat="47.68044955283982" lon="20.725490998151553">
				<ele>91.53507982939482</ele>
				<time>2026-06-14T14:35:16Z</time>
			</trkpt>
			<trkpt lat="47.68046707672857" lon="20.725493368735734">
				<ele>90.90221581794322</ele>
				<time>2026-06-14T14:35:20Z</time>
			</trkpt>
			<trkpt lat="47.68048634436827" lon="20.725499103490982">
				<ele>91.66223945934325</ele>
				<time>2026-06-14T14:35:24Z</time>
			</trkpt>
			<trkpt lat="47.68050585860697" lon="20.725506803237828">
				<ele>91.25418222229928</ele>
				<time>2026-06-14T14:35:27Z</time>
			</trkpt>
			<trkpt lat="47.68052163020569" lon="20.72551493422421">
				<ele>90.8995956312865</ele>
				<time>2026-06-14T14:35:29Z</time>
			</trkpt>
			<trkpt lat="47.680542156153436" lon="20.725525392394736">
				<ele>90.70576195605099</ele>
				<time>2026-06-14T14:35:32Z</time>
			</trkpt>
			<trkpt lat="47.68055981761902" lon="20.7255354620363">
				<ele>90.25604517105967</ele>
				<time>2026-06-14T14:35:34Z</time>
			</trkpt>
			<trkpt lat="47.680584295282166" lon="20.725545851797158">
				<ele>90.30376292485744</ele>
				<time>2026-06-14T14:35:37Z</time>
			</trkpt>
			<trkpt lat="47.680614044668076" lon="20.725557657613976">
				<ele>90.29007347207516</ele>
				<time>2026-06-14T14:35:39Z</time>
			</trkpt>
			<trkpt lat="47.680653414807296" lon="20.725573075895117">
				<ele>89.73412775155157</ele>
				<time>2026-06-14T14:35:42Z</time>
			</trkpt>
			<trkpt lat="47.68068051730904" lon="20.725582684337592">
				<ele>90.02230586949736</ele>
				<time>2026-06-14T14:35:44Z</time>
			</trkpt>
			<trkpt lat="47.68070606432778" lon="20.725591610170547">
				<ele>89.9717555353418</ele>
				<time>2026-06-14T14:35:46Z</time>
			</trkpt>
			<trkpt lat="47.680730572285235" lon="20.72560468393023">
				<ele>90.040079950355</ele>
				<time>2026-06-14T14:35:48Z</time>
			</trkpt>
			<trkpt lat="47.68075513563213" lon="20.725616684713863">
				<ele>90.33035178482533</ele>
				<time>2026-06-14T14:35:50Z</time>
			</trkpt>
			<trkpt lat="47.68077927070935" lon="20.725623889080687">
				<ele>89.76566082797945</ele>
				<time>2026-06-14T14:35:52Z</time>
			</trkpt>
			<trkpt lat="47.68080428404161" lon="20.725633886734528">
				<ele>89.79718607105315</ele>
				<time>2026-06-14T14:35:54Z</time>
			</trkpt>
			<trkpt lat="47.680827804393935" lon="20.725643430554577">
				<ele>89.58949991315603</ele>
				<time>2026-06-14T14:35:56Z</time>
			</trkpt>
			<trkpt lat="47.68084968535413" lon="20.725649145974323">
				<ele>90.00888061057776</ele>
				<time>2026-06-14T14:35:58Z</time>
			</trkpt>
			<trkpt lat="47.680871761771954" lon="20.725657580680732">
				<ele>89.8290824489668</ele>
				<time>2026-06-14T14:36:00Z</time>
			</trkpt>
			<trkpt lat="47.68089493752668" lon="20.725667382982504">
				<ele>89.54166248254478</ele>
				<time>2026-06-14T14:36:02Z</time>
			</trkpt>
			<trkpt lat="47.6809196132879" lon="20.72567344682118">
				<ele>89.41665247641504</ele>
				<time>2026-06-14T14:36:04Z</time>
			</trkpt>
			<trkpt lat="47.680946851533456" lon="20.72568038880768">
				<ele>90.01878131460398</ele>
				<time>2026-06-14T14:36:06Z</time>
			</trkpt>
			<trkpt lat="47.680976445090366" lon="20.725690887317448">
				<ele>89.81258782558143</ele>
				<time>2026-06-14T14:36:08Z</time>
			</trkpt>
			<trkpt lat="47.681004859470676" lon="20.725703377922724">
				<ele>89.97266440652311</ele>
				<time>2026-06-14T14:36:10Z</time>
			</trkpt>
			<trkpt lat="47.68103164502525" lon="20.725715771556427">
				<ele>90.03015447035432</ele>
				<time>2026-06-14T14:36:12Z</time>
			</trkpt>
			<trkpt lat="47.68105778751146" lon="20.725724109845117">
				<ele>89.39777444396168</ele>
				<time>2026-06-14T14:36:14Z</time>
			</trkpt>
			<trkpt lat="47.681083774871176" lon="20.725736674256332">
				<ele>89.27876008953899</ele>
				<time>2026-06-14T14:36:16Z</time>
			</trkpt>
			<trkpt lat="47.68109840422157" lon="20.725738672967374">
				<ele>89.71585453581065</ele>
				<time>2026-06-14T14:36:18Z</time>
			</trkpt>
			<trkpt lat="47.68111418924297" lon="20.72573904585974">
				<ele>89.90442104451358</ele>
				<time>2026-06-14T14:36:19Z</time>
			</trkpt>
			<trkpt lat="47.68113963136855" lon="20.72574050201578">
				<ele>90.0929298484698</ele>
				<time>2026-06-14T14:36:21Z</time>
			</trkpt>
			<trkpt lat="47.68116553886923" lon="20.725743773642208">
				<ele>90.07160562463105</ele>
				<time>2026-06-14T14:36:23Z</time>
			</trkpt>
			<trkpt lat="47.68119567067892" lon="20.72574320756996">
				<ele>90.8310758555308</ele>
				<time>2026-06-14T14:36:25Z</time>
			</trkpt>
			<trkpt lat="47.68121226779668" lon="20.725741656397407">
				<ele>90.51594550348818</ele>
				<time>2026-06-14T14:36:27Z</time>
			</trkpt>
			<trkpt lat="47.681234718330735" lon="20.725735902093284">
				<ele>91.06503317411989</ele>
				<time>2026-06-14T14:36:29Z</time>
			</trkpt>
			<trkpt lat="47.68126184062671" lon="20.72573119217244">
				<ele>92.1305059408769</ele>
				<time>2026-06-14T14:36:31Z</time>
			</trkpt>
			<trkpt lat="47.68128877958695" lon="20.72573036425969">
				<ele>92.25183326564729</ele>
				<time>2026-06-14T14:36:33Z</time>
			</trkpt>
			<trkpt lat="47.681316562703955" lon="20.72572485451598">
				<ele>91.52143433690071</ele>
				<time>2026-06-14T14:36:35Z</time>
			</trkpt>
			<trkpt lat="47.68135474767345" lon="20.725720183057728">
				<ele>91.05373061075807</ele>
				<time>2026-06-14T14:36:38Z</time>
			</trkpt>
			<trkpt lat="47.68137907727382" lon="20.72571897276581">
				<ele>90.94505311362445</ele>
				<time>2026-06-14T14:36:40Z</time>
			</trkpt>
			<trkpt lat="47.681400472404746" lon="20.72571761922235">
				<ele>90.22979308199137</ele>
				<time>2026-06-14T14:36:42Z</time>
			</trkpt>
			<trkpt lat="47.68141242921874" lon="20.72571796835213">
				<ele>90.00357139110565</ele>
				<time>2026-06-14T14:36:44Z</time>
			</trkpt>
			<trkpt lat="47.68143283648197" lon="20.72571864679925">
				<ele>90.39505896810442</ele>
				<time>2026-06-14T14:36:46Z</time>
			</trkpt>
			<trkpt lat="47.68145992538314" lon="20.725719158412055">
				<ele>90.53775323368609</ele>
				<time>2026-06-14T14:36:48Z</time>
			</trkpt>
			<trkpt lat="47.68149815161949" lon="20.725722029726136">
				<ele>90.86260682530701</ele>
				<time>2026-06-14T14:36:51Z</time>
			</trkpt>
			<trkpt lat="47.68153517747782" lon="20.725721164386346">
				<ele>90.66148537676781</ele>
				<time>2026-06-14T14:36:54Z</time>
			</trkpt>
			<trkpt lat="47.68155779339119" lon="20.72572246357865">
				<ele>90.63089717179537</ele>
				<time>2026-06-14T14:36:56Z</time>
			</trkpt>
			<trkpt lat="47.68159023932287" lon="20.72572187946202">
				<ele>90.28429277334362</ele>
				<time>2026-06-14T14:36:59Z</time>
			</trkpt>
			<trkpt lat="47.681612458275936" lon="20.725719778171705">
				<ele>90.40317445807159</ele>
				<time>2026-06-14T14:37:01Z</time>
			</trkpt>
			<trkpt lat="47.681635530072604" lon="20.725716646925054">
				<ele>90.14087472483516</ele>
				<time>2026-06-14T14:37:03Z</time>
			</trkpt>
			<trkpt lat="47.68165694259508" lon="20.725715587342233">
				<ele>89.78590416628867</ele>
				<time>2026-06-14T14:37:05Z</time>
			</trkpt>
			<trkpt lat="47.68166881827398" lon="20.72571411063554">
				<ele>89.87396534625441</ele>
				<time>2026-06-14T14:37:07Z</time>
			</trkpt>
			<trkpt lat="47.68168322877355" lon="20.725713562076916">
				<ele>89.9587911516428</ele>
				<time>2026-06-14T14:37:08Z</time>
			</trkpt>
			<trkpt lat="47.681708489602784" lon="20.72571410154887">
				<ele>89.73376618605107</ele>
				<time>2026-06-14T14:37:10Z</time>
			</trkpt>
			<trkpt lat="47.68173565683933" lon="20.72571924081038">
				<ele>89.5836324673146</ele>
				<time>2026-06-14T14:37:12Z</time>
			</trkpt>
			<trkpt lat="47.681761977878914" lon="20.72572200935857">
				<ele>89.31676586717367</ele>
				<time>2026-06-14T14:37:14Z</time>
			</trkpt>
			<trkpt lat="47.6817786710257" lon="20.72572190676345">
				<ele>90.2523317458108</ele>
				<time>2026-06-14T14:37:15Z</time>
			</trkpt>
			<trkpt lat="47.68180808372003" lon="20.72572512351885">
				<ele>89.75969702843577</ele>
				<time>2026-06-14T14:37:17Z</time>
			</trkpt>
			<trkpt lat="47.681837390573634" lon="20.725732585228535">
				<ele>89.21562168747187</ele>
				<time>2026-06-14T14:37:19Z</time>
			</trkpt>
			<trkpt lat="47.68186328608494" lon="20.72573451244794">
				<ele>89.4345270851627</ele>
				<time>2026-06-14T14:37:21Z</time>
			</trkpt>
			<trkpt lat="47.68187746573927" lon="20.725734615555854">
				<ele>89.52318561635911</ele>
				<time>2026-06-14T14:37:23Z</time>
			</trkpt>
			<trkpt lat="47.68189321138388" lon="20.725737785239094">
				<ele>90.34851799532771</ele>
				<time>2026-06-14T14:37:24Z</time>
			</trkpt>
			<trkpt lat="47.6819201870646" lon="20.725747581538666">
				<ele>89.99413703102618</ele>
				<time>2026-06-14T14:37:26Z</time>
			</trkpt>
			<trkpt lat="47.68194684011008" lon="20.725753427460514">
				<ele>90.40760759916157</ele>
				<time>2026-06-14T14:37:28Z</time>
			</trkpt>
			<trkpt lat="47.68196378867169" lon="20.72575667731007">
				<ele>91.07802316173911</ele>
				<time>2026-06-14T14:37:29Z</time>
			</trkpt>
			<trkpt lat="47.68199236765057" lon="20.725769165477544">
				<ele>90.75881654489785</ele>
				<time>2026-06-14T14:37:31Z</time>
			</trkpt>
			<trkpt lat="47.6820176111105" lon="20.72578199783029">
				<ele>90.49891109857708</ele>
				<time>2026-06-14T14:37:33Z</time>
			</trkpt>
			<trkpt lat="47.682033330561545" lon="20.72579071853797">
				<ele>91.1406948491931</ele>
				<time>2026-06-14T14:37:34Z</time>
			</trkpt>
			<trkpt lat="47.68206066624727" lon="20.725810256960454">
				<ele>90.45918639283627</ele>
				<time>2026-06-14T14:37:35Z</time>
			</trkpt>
			<trkpt lat="47.68207542251992" lon="20.725820275152703">
				<ele>89.86926770862192</ele>
				<time>2026-06-14T14:37:37Z</time>
			</trkpt>
			<trkpt lat="47.68209593782552" lon="20.725834108559944">
				<ele>90.21367256529629</ele>
				<time>2026-06-14T14:37:39Z</time>
			</trkpt>
			<trkpt lat="47.68211988454526" lon="20.72585192750361">
				<ele>90.27590374741703</ele>
				<time>2026-06-14T14:37:41Z</time>
			</trkpt>
			<trkpt lat="47.68214552366194" lon="20.72587524941556">
				<ele>90.79654426593333</ele>
				<time>2026-06-14T14:37:43Z</time>
			</trkpt>
			<trkpt lat="47.682167810573205" lon="20.72590111168367">
				<ele>90.90604755003005</ele>
				<time>2026-06-14T14:37:45Z</time>
			</trkpt>
			<trkpt lat="47.68218488773633" lon="20.725932747260646">
				<ele>90.87115246709436</ele>
				<time>2026-06-14T14:37:48Z</time>
			</trkpt>
			<trkpt lat="47.68220132220726" lon="20.725962388819557">
				<ele>90.29134691599756</ele>
				<time>2026-06-14T14:37:50Z</time>
			</trkpt>
			<trkpt lat="47.682220137283196" lon="20.725991514651337">
				<ele>90.27970451582223</ele>
				<time>2026-06-14T14:37:52Z</time>
			</trkpt>
			<trkpt lat="47.6822383416737" lon="20.72601567070165">
				<ele>90.46012222580612</ele>
				<time>2026-06-14T14:37:54Z</time>
			</trkpt>
			<trkpt lat="47.68225984620418" lon="20.72604265014314">
				<ele>90.79081706795841</ele>
				<time>2026-06-14T14:37:56Z</time>
			</trkpt>
			<trkpt lat="47.682280849213555" lon="20.726077683283318">
				<ele>91.11161539983004</ele>
				<time>2026-06-14T14:37:58Z</time>
			</trkpt>
			<trkpt lat="47.68230070789969" lon="20.726106456790408">
				<ele>90.75115296337754</ele>
				<time>2026-06-14T14:38:00Z</time>
			</trkpt>
			<trkpt lat="47.68231737889438" lon="20.726133211635442">
				<ele>90.53224940411747</ele>
				<time>2026-06-14T14:38:02Z</time>
			</trkpt>
			<trkpt lat="47.682333907395495" lon="20.726159309471093">
				<ele>90.84665552806109</ele>
				<time>2026-06-14T14:38:04Z</time>
			</trkpt>
			<trkpt lat="47.6823478694863" lon="20.72619216059454">
				<ele>91.22629572171718</ele>
				<time>2026-06-14T14:38:06Z</time>
			</trkpt>
			<trkpt lat="47.682362668418605" lon="20.726222142186252">
				<ele>91.24282566457987</ele>
				<time>2026-06-14T14:38:08Z</time>
			</trkpt>
			<trkpt lat="47.682371221171294" lon="20.726237756230468">
				<ele>91.11666274257004</ele>
				<time>2026-06-14T14:38:10Z</time>
			</trkpt>
			<trkpt lat="47.68238280309627" lon="20.72626574564331">
				<ele>91.33336938545108</ele>
				<time>2026-06-14T14:38:12Z</time>
			</trkpt>
			<trkpt lat="47.68239743231729" lon="20.72630652105926">
				<ele>91.28606692701578</ele>
				<time>2026-06-14T14:38:14Z</time>
			</trkpt>
			<trkpt lat="47.682408334993596" lon="20.726349092163655">
				<ele>91.09386412333697</ele>
				<time>2026-06-14T14:38:16Z</time>
			</trkpt>
			<trkpt lat="47.68241613365687" lon="20.726393971895273">
				<ele>90.38270958606154</ele>
				<time>2026-06-14T14:38:18Z</time>
			</trkpt>
			<trkpt lat="47.68242670493634" lon="20.72643719018577">
				<ele>90.55671761650592</ele>
				<time>2026-06-14T14:38:20Z</time>
			</trkpt>
			<trkpt lat="47.68243116372295" lon="20.72646074286642">
				<ele>90.23093314282596</ele>
				<time>2026-06-14T14:38:21Z</time>
			</trkpt>
			<trkpt lat="47.68244006300098" lon="20.726506711064815">
				<ele>90.50854160822928</ele>
				<time>2026-06-14T14:38:23Z</time>
			</trkpt>
			<trkpt lat="47.682449456296034" lon="20.72655107719061">
				<ele>91.25187311787158</ele>
				<time>2026-06-14T14:38:25Z</time>
			</trkpt>
			<trkpt lat="47.68245670463379" lon="20.726593171072885">
				<ele>91.62566059175879</ele>
				<time>2026-06-14T14:38:27Z</time>
			</trkpt>
			<trkpt lat="47.682460756106586" lon="20.726628965406725">
				<ele>91.10863881465048</ele>
				<time>2026-06-14T14:38:29Z</time>
			</trkpt>
			<trkpt lat="47.68246495832148" lon="20.72666414165828">
				<ele>91.12054151855409</ele>
				<time>2026-06-14T14:38:31Z</time>
			</trkpt>
			<trkpt lat="47.682468144527896" lon="20.726685394866713">
				<ele>91.38688704557717</ele>
				<time>2026-06-14T14:38:33Z</time>
			</trkpt>
			<trkpt lat="47.68247015416349" lon="20.726700625701916">
				<ele>91.75008851941675</ele>
				<time>2026-06-14T14:38:35Z</time>
			</trkpt>
			<trkpt lat="47.68247157002836" lon="20.726719490532464">
				<ele>91.41416711360216</ele>
				<time>2026-06-14T14:38:37Z</time>
			</trkpt>
			<trkpt lat="47.68247352112386" lon="20.72674293408509">
				<ele>91.53846705053002</ele>
				<time>2026-06-14T14:38:39Z</time>
			</trkpt>
			<trkpt lat="47.682477577633676" lon="20.726774257390943">
				<ele>91.70264860801399</ele>
				<time>2026-06-14T14:38:42Z</time>
			</trkpt>
			<trkpt lat="47.682482143585396" lon="20.72681503279622">
				<ele>91.01687793247402</ele>
				<time>2026-06-14T14:38:44Z</time>
			</trkpt>
			<trkpt lat="47.682491547164446" lon="20.726865499383965">
				<ele>91.96253739576787</ele>
				<time>2026-06-14T14:38:46Z</time>
			</trkpt>
			<trkpt lat="47.68250145053586" lon="20.726929299578604">
				<ele>92.03075365535915</ele>
				<time>2026-06-14T14:38:49Z</time>
			</trkpt>
			<trkpt lat="47.68250824478238" lon="20.726970293237734">
				<ele>92.3481614664197</ele>
				<time>2026-06-14T14:38:51Z</time>
			</trkpt>
			<trkpt lat="47.68251804454941" lon="20.72703096840717">
				<ele>92.23546282015741</ele>
				<time>2026-06-14T14:38:54Z</time>
			</trkpt>
			<trkpt lat="47.68252477122217" lon="20.727070737862952">
				<ele>91.57821195945144</ele>
				<time>2026-06-14T14:38:56Z</time>
			</trkpt>
			<trkpt lat="47.682535395932575" lon="20.72712096482074">
				<ele>91.56650638766587</ele>
				<time>2026-06-14T14:38:59Z</time>
			</trkpt>
			<trkpt lat="47.68254146333802" lon="20.727151142190078">
				<ele>91.44555720314384</ele>
				<time>2026-06-14T14:39:01Z</time>
			</trkpt>
			<trkpt lat="47.68254494326549" lon="20.727165825183224">
				<ele>90.84179517067969</ele>
				<time>2026-06-14T14:39:03Z</time>
			</trkpt>
			<trkpt lat="47.68254835979094" lon="20.727185449620492">
				<ele>91.36643145326525</ele>
				<time>2026-06-14T14:39:04Z</time>
			</trkpt>
			<trkpt lat="47.68255401751896" lon="20.727219528645776">
				<ele>91.26768205594271</ele>
				<time>2026-06-14T14:39:06Z</time>
			</trkpt>
			<trkpt lat="47.68255712825697" lon="20.727238940241644">
				<ele>90.73063049465418</ele>
				<time>2026-06-14T14:39:08Z</time>
			</trkpt>
			<trkpt lat="47.68255876300013" lon="20.727253150485964">
				<ele>90.92221319675446</ele>
				<time>2026-06-14T14:39:10Z</time>
			</trkpt>
			<trkpt lat="47.68256201692296" lon="20.72728459993794">
				<ele>90.95080833602697</ele>
				<time>2026-06-14T14:39:12Z</time>
			</trkpt>
			<trkpt lat="47.6825658405175" lon="20.727308208382723">
				<ele>91.03383093513548</ele>
				<time>2026-06-14T14:39:14Z</time>
			</trkpt>
			<trkpt lat="47.682569002838115" lon="20.72732641137342">
				<ele>91.08456422202289</ele>
				<time>2026-06-14T14:39:16Z</time>
			</trkpt>
			<trkpt lat="47.6825745869721" lon="20.727362539239557">
				<ele>91.66424082405865</ele>
				<time>2026-06-14T14:39:18Z</time>
			</trkpt>
			<trkpt lat="47.682582329245854" lon="20.727403259624648">
				<ele>91.24174373783171</ele>
				<time>2026-06-14T14:39:20Z</time>
			</trkpt>
			<trkpt lat="47.682594195266105" lon="20.72746504624302">
				<ele>91.16014188807458</ele>
				<time>2026-06-14T14:39:23Z</time>
			</trkpt>
			<trkpt lat="47.68260109501136" lon="20.727504933673444">
				<ele>90.99486212432384</ele>
				<time>2026-06-14T14:39:25Z</time>
			</trkpt>
			<trkpt lat="47.68261139065566" lon="20.727561485092654">
				<ele>90.8931127814576</ele>
				<time>2026-06-14T14:39:28Z</time>
			</trkpt>
			<trkpt lat="47.68261775577219" lon="20.727598538674084">
				<ele>90.81967607419938</ele>
				<time>2026-06-14T14:39:30Z</time>
			</trkpt>
			<trkpt lat="47.68262084861064" lon="20.727637796718074">
				<ele>90.41049911361188</ele>
				<time>2026-06-14T14:39:32Z</time>
			</trkpt>
			<trkpt lat="47.68262486276983" lon="20.727672604099133">
				<ele>90.323776406236</ele>
				<time>2026-06-14T14:39:34Z</time>
			</trkpt>
			<trkpt lat="47.68262605868877" lon="20.72770610091469">
				<ele>90.1859066830948</ele>
				<time>2026-06-14T14:39:36Z</time>
			</trkpt>
			<trkpt lat="47.682622712027275" lon="20.727742430757424">
				<ele>89.91429691761732</ele>
				<time>2026-06-14T14:39:38Z</time>
			</trkpt>
			<trkpt lat="47.68262041200944" lon="20.727779420995116">
				<ele>89.83395947981626</ele>
				<time>2026-06-14T14:39:40Z</time>
			</trkpt>
			<trkpt lat="47.682619665570165" lon="20.727816694537726">
				<ele>89.4597003031522</ele>
				<time>2026-06-14T14:39:42Z</time>
			</trkpt>
			<trkpt lat="47.682618662405275" lon="20.72785908050794">
				<ele>90.37858736980706</ele>
				<time>2026-06-14T14:39:44Z</time>
			</trkpt>
			<trkpt lat="47.6826187997303" lon="20.72790252150307">
				<ele>90.03110384568572</ele>
				<time>2026-06-14T14:39:46Z</time>
			</trkpt>
			<trkpt lat="47.68263210244079" lon="20.72793708340074">
				<ele>91.76008731406182</ele>
				<time>2026-06-14T14:39:48Z</time>
			</trkpt>
			<trkpt lat="47.68265084796353" lon="20.727963698494005">
				<ele>91.6212625047192</ele>
				<time>2026-06-14T14:39:50Z</time>
			</trkpt>
			<trkpt lat="47.682663364050505" lon="20.727997246818294">
				<ele>91.48207905516028</ele>
				<time>2026-06-14T14:39:52Z</time>
			</trkpt>
			<trkpt lat="47.68267219786139" lon="20.728036411049686">
				<ele>91.80749481543899</ele>
				<time>2026-06-14T14:39:54Z</time>
			</trkpt>
			<trkpt lat="47.68268054824849" lon="20.72807724729127">
				<ele>91.6091529969126</ele>
				<time>2026-06-14T14:39:56Z</time>
			</trkpt>
			<trkpt lat="47.68269384052528" lon="20.728111880888296">
				<ele>91.2920168209821</ele>
				<time>2026-06-14T14:39:58Z</time>
			</trkpt>
			<trkpt lat="47.68270342881236" lon="20.728150484377167">
				<ele>90.90452618245035</ele>
				<time>2026-06-14T14:40:00Z</time>
			</trkpt>
			<trkpt lat="47.682707368021056" lon="20.728176793411848">
				<ele>90.9312260337174</ele>
				<time>2026-06-14T14:40:01Z</time>
			</trkpt>
			<trkpt lat="47.68271450150106" lon="20.728220831399362">
				<ele>90.52385828178376</ele>
				<time>2026-06-14T14:40:03Z</time>
			</trkpt>
			<trkpt lat="47.68272060757811" lon="20.72826482441586">
				<ele>90.50923185795546</ele>
				<time>2026-06-14T14:40:05Z</time>
			</trkpt>
			<trkpt lat="47.68272402224766" lon="20.72830860402376">
				<ele>90.13719381019473</ele>
				<time>2026-06-14T14:40:07Z</time>
			</trkpt>
			<trkpt lat="47.68273157401189" lon="20.728333862863888">
				<ele>91.25966944918036</ele>
				<time>2026-06-14T14:40:08Z</time>
			</trkpt>
			<trkpt lat="47.68273810892636" lon="20.728374829615657">
				<ele>90.07757487334311</ele>
				<time>2026-06-14T14:40:10Z</time>
			</trkpt>
			<trkpt lat="47.68274363328403" lon="20.728411986300646">
				<ele>90.1678675217554</ele>
				<time>2026-06-14T14:40:12Z</time>
			</trkpt>
			<trkpt lat="47.68274725213945" lon="20.728435359952556">
				<ele>89.855594384484</ele>
				<time>2026-06-14T14:40:13Z</time>
			</trkpt>
			<trkpt lat="47.682754860035644" lon="20.728473333771554">
				<ele>90.03384576831013</ele>
				<time>2026-06-14T14:40:15Z</time>
			</trkpt>
			<trkpt lat="47.682759467778794" lon="20.728494328707733">
				<ele>89.90836205892265</ele>
				<time>2026-06-14T14:40:16Z</time>
			</trkpt>
			<trkpt lat="47.68276852861951" lon="20.728535946042854">
				<ele>90.37339778337628</ele>
				<time>2026-06-14T14:40:18Z</time>
			</trkpt>
			<trkpt lat="47.6827755496845" lon="20.72858169720297">
				<ele>90.12748785875738</ele>
				<time>2026-06-14T14:40:20Z</time>
			</trkpt>
			<trkpt lat="47.68277988321227" lon="20.728626954985042">
				<ele>90.04436300043017</ele>
				<time>2026-06-14T14:40:22Z</time>
			</trkpt>
			<trkpt lat="47.682783138263765" lon="20.728669965037216">
				<ele>90.09083331283182</ele>
				<time>2026-06-14T14:40:24Z</time>
			</trkpt>
			<trkpt lat="47.68278700001526" lon="20.72871110190948">
				<ele>90.28857625368983</ele>
				<time>2026-06-14T14:40:26Z</time>
			</trkpt>
			<trkpt lat="47.6827903346971" lon="20.72874891375889">
				<ele>89.97638493403792</ele>
				<time>2026-06-14T14:40:28Z</time>
			</trkpt>
			<trkpt lat="47.68279213295293" lon="20.728773761798482">
				<ele>90.5091004082933</ele>
				<time>2026-06-14T14:40:29Z</time>
			</trkpt>
			<trkpt lat="47.682793933129226" lon="20.728815487499617">
				<ele>89.74030540045351</ele>
				<time>2026-06-14T14:40:31Z</time>
			</trkpt>
			<trkpt lat="47.68279663454339" lon="20.728854066056606">
				<ele>90.02447952702641</ele>
				<time>2026-06-14T14:40:33Z</time>
			</trkpt>
			<trkpt lat="47.68279831244419" lon="20.72887654307283">
				<ele>89.61956536397338</ele>
				<time>2026-06-14T14:40:35Z</time>
			</trkpt>
			<trkpt lat="47.68279991218859" lon="20.728899041947464">
				<ele>90.16119978111237</ele>
				<time>2026-06-14T14:40:36Z</time>
			</trkpt>
			<trkpt lat="47.68280098700948" lon="20.728942257032262">
				<ele>89.82278431300074</ele>
				<time>2026-06-14T14:40:38Z</time>
			</trkpt>
			<trkpt lat="47.682802066317144" lon="20.72898081911845">
				<ele>89.3717784602195</ele>
				<time>2026-06-14T14:40:40Z</time>
			</trkpt>
			<trkpt lat="47.68280604177838" lon="20.72901743591979">
				<ele>89.88290922529995</ele>
				<time>2026-06-14T14:40:42Z</time>
			</trkpt>
			<trkpt lat="47.68281023797412" lon="20.729037797092623">
				<ele>89.94587204512209</ele>
				<time>2026-06-14T14:40:44Z</time>
			</trkpt>
			<trkpt lat="47.68281358239937" lon="20.729053150622143">
				<ele>89.76827642600983</ele>
				<time>2026-06-14T14:40:46Z</time>
			</trkpt>
			<trkpt lat="47.682815737845615" lon="20.729089432149326">
				<ele>90.20290630031377</ele>
				<time>2026-06-14T14:40:48Z</time>
			</trkpt>
			<trkpt lat="47.682818771306394" lon="20.729139147216465">
				<ele>91.06619893852621</ele>
				<time>2026-06-14T14:40:50Z</time>
			</trkpt>
			<trkpt lat="47.68281869796545" lon="20.729187083866556">
				<ele>91.13188655488193</ele>
				<time>2026-06-14T14:40:52Z</time>
			</trkpt>
			<trkpt lat="47.682817189279014" lon="20.729226801455905">
				<ele>90.63062707707286</ele>
				<time>2026-06-14T14:40:54Z</time>
			</trkpt>
			<trkpt lat="47.68281417297904" lon="20.729263988500374">
				<ele>90.23672104906291</ele>
				<time>2026-06-14T14:40:56Z</time>
			</trkpt>
			<trkpt lat="47.68281457621378" lon="20.729299581033">
				<ele>90.69614136219025</ele>
				<time>2026-06-14T14:40:58Z</time>
			</trkpt>
			<trkpt lat="47.6828158881306" lon="20.72933923635464">
				<ele>90.76537960674614</ele>
				<time>2026-06-14T14:41:00Z</time>
			</trkpt>
			<trkpt lat="47.682813023562325" lon="20.72938265055126">
				<ele>90.8092013001442</ele>
				<time>2026-06-14T14:41:02Z</time>
			</trkpt>
			<trkpt lat="47.68281205762164" lon="20.72940752203145">
				<ele>90.3664514189586</ele>
				<time>2026-06-14T14:41:04Z</time>
			</trkpt>
			<trkpt lat="47.68281032620451" lon="20.729439553085218">
				<ele>90.12813636939973</ele>
				<time>2026-06-14T14:41:06Z</time>
			</trkpt>
			<trkpt lat="47.68280855561788" lon="20.729462960399115">
				<ele>90.00609806645662</ele>
				<time>2026-06-14T14:41:08Z</time>
			</trkpt>
			<trkpt lat="47.68280770878278" lon="20.729479807439017">
				<ele>90.17318228725344</ele>
				<time>2026-06-14T14:41:10Z</time>
			</trkpt>
			<trkpt lat="47.68280522653341" lon="20.72949895149272">
				<ele>90.83465212956071</ele>
				<time>2026-06-14T14:41:12Z</time>
			</trkpt>
			<trkpt lat="47.68280187520777" lon="20.729537349154953">
				<ele>90.41202610265464</ele>
				<time>2026-06-14T14:41:14Z</time>
			</trkpt>
			<trkpt lat="47.682796363775054" lon="20.72958057705902">
				<ele>89.13672833703458</ele>
				<time>2026-06-14T14:41:16Z</time>
			</trkpt>
			<trkpt lat="47.6827905088959" lon="20.729624903847533">
				<ele>89.5996801527217</ele>
				<time>2026-06-14T14:41:18Z</time>
			</trkpt>
			<trkpt lat="47.682786694693284" lon="20.72965189556163">
				<ele>89.36759905982763</ele>
				<time>2026-06-14T14:41:20Z</time>
			</trkpt>
			<trkpt lat="47.68278258509389" lon="20.729692649678984">
				<ele>89.8314856076613</ele>
				<time>2026-06-14T14:41:22Z</time>
			</trkpt>
			<trkpt lat="47.682780224508505" lon="20.729721129896127">
				<ele>89.55413166154176</ele>
				<time>2026-06-14T14:41:24Z</time>
			</trkpt>
			<trkpt lat="47.6827793392761" lon="20.72974141935858">
				<ele>89.58242367580533</ele>
				<time>2026-06-14T14:41:26Z</time>
			</trkpt>
			<trkpt lat="47.682776031796905" lon="20.729778342095084">
				<ele>89.7454892070964</ele>
				<time>2026-06-14T14:41:28Z</time>
			</trkpt>
			<trkpt lat="47.68277126128407" lon="20.72982389001019">
				<ele>90.25659164320678</ele>
				<time>2026-06-14T14:41:30Z</time>
			</trkpt>
			<trkpt lat="47.68276641069265" lon="20.729865847499457">
				<ele>90.25295694731176</ele>
				<time>2026-06-14T14:41:32Z</time>
			</trkpt>
			<trkpt lat="47.68276370101929" lon="20.72988961502725">
				<ele>89.97218720521778</ele>
				<time>2026-06-14T14:41:34Z</time>
			</trkpt>
			<trkpt lat="47.68275876433517" lon="20.729920311816514">
				<ele>89.97153834532946</ele>
				<time>2026-06-14T14:41:36Z</time>
			</trkpt>
			<trkpt lat="47.682753471857644" lon="20.72995743761328">
				<ele>90.40656026732177</ele>
				<time>2026-06-14T14:41:38Z</time>
			</trkpt>
			<trkpt lat="47.68275042791022" lon="20.729981314379874">
				<ele>90.5468439059332</ele>
				<time>2026-06-14T14:41:40Z</time>
			</trkpt>
			<trkpt lat="47.68274567571769" lon="20.730013513897124">
				<ele>90.80575266573578</ele>
				<time>2026-06-14T14:41:42Z</time>
			</trkpt>
			<trkpt lat="47.682737515796354" lon="20.730067953162063">
				<ele>90.96612119860947</ele>
				<time>2026-06-14T14:41:45Z</time>
			</trkpt>
			<trkpt lat="47.682733136623064" lon="20.730102654537678">
				<ele>92.05637654475868</ele>
				<time>2026-06-14T14:41:47Z</time>
			</trkpt>
			<trkpt lat="47.682727219442924" lon="20.73013925061789">
				<ele>91.36630473844707</ele>
				<time>2026-06-14T14:41:49Z</time>
			</trkpt>
			<trkpt lat="47.68272442061915" lon="20.730178009256313">
				<ele>91.8579694153741</ele>
				<time>2026-06-14T14:41:51Z</time>
			</trkpt>
			<trkpt lat="47.68272298638384" lon="20.730211328364632">
				<ele>91.34613082371652</ele>
				<time>2026-06-14T14:41:54Z</time>
			</trkpt>
			<trkpt lat="47.682725442569925" lon="20.73024403224053">
				<ele>91.6911099338904</ele>
				<time>2026-06-14T14:41:56Z</time>
			</trkpt>
			<trkpt lat="47.68272666476432" lon="20.730280551414022">
				<ele>90.90853786002845</ele>
				<time>2026-06-14T14:41:58Z</time>
			</trkpt>
			<trkpt lat="47.682728001156725" lon="20.730315836126554">
				<ele>92.05125962849706</ele>
				<time>2026-06-14T14:42:00Z</time>
			</trkpt>
			<trkpt lat="47.68273086327504" lon="20.73034737793404">
				<ele>92.15257847309113</ele>
				<time>2026-06-14T14:42:02Z</time>
			</trkpt>
			<trkpt lat="47.68273350122617" lon="20.730365081980835">
				<ele>91.99381175171584</ele>
				<time>2026-06-14T14:42:04Z</time>
			</trkpt>
			<trkpt lat="47.68273617820307" lon="20.73039669020922">
				<ele>92.1681897919625</ele>
				<time>2026-06-14T14:42:06Z</time>
			</trkpt>
			<trkpt lat="47.682739832399896" lon="20.730420218796816">
				<ele>92.4792884932831</ele>
				<time>2026-06-14T14:42:08Z</time>
			</trkpt>
			<trkpt lat="47.6827435856404" lon="20.730437512254557">
				<ele>92.83743955940008</ele>
				<time>2026-06-14T14:42:10Z</time>
			</trkpt>
			<trkpt lat="47.68274883839435" lon="20.73047638000454">
				<ele>93.33344705589116</ele>
				<time>2026-06-14T14:42:12Z</time>
			</trkpt>
			<trkpt lat="47.682755767271196" lon="20.73051869946174">
				<ele>92.7895216057077</ele>
				<time>2026-06-14T14:42:14Z</time>
			</trkpt>
			<trkpt lat="47.68276394246777" lon="20.730560774885415">
				<ele>92.51892732735723</ele>
				<time>2026-06-14T14:42:16Z</time>
			</trkpt>
			<trkpt lat="47.682769840132956" lon="20.730606303597355">
				<ele>92.87088860291988</ele>
				<time>2026-06-14T14:42:18Z</time>
			</trkpt>
			<trkpt lat="47.68277364163785" lon="20.730647022545266">
				<ele>92.83959279954433</ele>
				<time>2026-06-14T14:42:20Z</time>
			</trkpt>
			<trkpt lat="47.68277781464368" lon="20.73068408085225">
				<ele>92.79213756136596</ele>
				<time>2026-06-14T14:42:22Z</time>
			</trkpt>
			<trkpt lat="47.68278275865962" lon="20.730718621650322">
				<ele>92.63429367914796</ele>
				<time>2026-06-14T14:42:24Z</time>
			</trkpt>
			<trkpt lat="47.68278526454125" lon="20.73073850069284">
				<ele>92.56570578366518</ele>
				<time>2026-06-14T14:42:26Z</time>
			</trkpt>
			<trkpt lat="47.68278661851567" lon="20.730753550477488">
				<ele>92.3435680968687</ele>
				<time>2026-06-14T14:42:28Z</time>
			</trkpt>
			<trkpt lat="47.68279017014232" lon="20.73077596515344">
				<ele>92.06184671912342</ele>
				<time>2026-06-14T14:42:31Z</time>
			</trkpt>
			<trkpt lat="47.68279736437033" lon="20.730806293014833">
				<ele>91.80291839782149</ele>
				<time>2026-06-14T14:42:34Z</time>
			</trkpt>
			<trkpt lat="47.68280396185691" lon="20.73083221160066">
				<ele>91.33893590420485</ele>
				<time>2026-06-14T14:42:36Z</time>
			</trkpt>
			<trkpt lat="47.682812474929506" lon="20.730852989808092">
				<ele>92.54726530332118</ele>
				<time>2026-06-14T14:42:38Z</time>
			</trkpt>
			<trkpt lat="47.68282647214073" lon="20.730886448992692">
				<ele>92.45332182198763</ele>
				<time>2026-06-14T14:42:40Z</time>
			</trkpt>
			<trkpt lat="47.68284252389071" lon="20.730927043306718">
				<ele>92.62782406434417</ele>
				<time>2026-06-14T14:42:42Z</time>
			</trkpt>
			<trkpt lat="47.68285284165046" lon="20.73095189058328">
				<ele>92.26461478881538</ele>
				<time>2026-06-14T14:42:44Z</time>
			</trkpt>
			<trkpt lat="47.68286267349142" lon="20.730985979676483">
				<ele>91.8855495704338</ele>
				<time>2026-06-14T14:42:46Z</time>
			</trkpt>
			<trkpt lat="47.682870104954915" lon="20.731025954741856">
				<ele>91.75357728544623</ele>
				<time>2026-06-14T14:42:48Z</time>
			</trkpt>
			<trkpt lat="47.68287710652971" lon="20.73106920684141">
				<ele>91.93371831253171</ele>
				<time>2026-06-14T14:42:50Z</time>
			</trkpt>
			<trkpt lat="47.6828846125228" lon="20.73110959248186">
				<ele>91.48749905638397</ele>
				<time>2026-06-14T14:42:52Z</time>
			</trkpt>
			<trkpt lat="47.68288852387153" lon="20.731148730619907">
				<ele>90.7604999570176</ele>
				<time>2026-06-14T14:42:54Z</time>
			</trkpt>
			<trkpt lat="47.682891037042545" lon="20.73118517296393">
				<ele>90.69694123417139</ele>
				<time>2026-06-14T14:42:56Z</time>
			</trkpt>
			<trkpt lat="47.68289519284393" lon="20.73122840234135">
				<ele>91.33259121701121</ele>
				<time>2026-06-14T14:42:58Z</time>
			</trkpt>
			<trkpt lat="47.68290280988948" lon="20.731289097546288">
				<ele>92.01924150716513</ele>
				<time>2026-06-14T14:43:01Z</time>
			</trkpt>
			<trkpt lat="47.682907632583564" lon="20.73132348758675">
				<ele>91.58946187794209</ele>
				<time>2026-06-14T14:43:03Z</time>
			</trkpt>
			<trkpt lat="47.68290992828918" lon="20.731354735754284">
				<ele>91.73539430461824</ele>
				<time>2026-06-14T14:43:05Z</time>
			</trkpt>
			<trkpt lat="47.682917330510605" lon="20.7313787906865">
				<ele>92.6784334545955</ele>
				<time>2026-06-14T14:43:07Z</time>
			</trkpt>
			<trkpt lat="47.6829271334166" lon="20.731404107203957">
				<ele>93.21306411735713</ele>
				<time>2026-06-14T14:43:09Z</time>
			</trkpt>
			<trkpt lat="47.682937274631676" lon="20.731428612095378">
				<ele>93.32495635841042</ele>
				<time>2026-06-14T14:43:11Z</time>
			</trkpt>
			<trkpt lat="47.682947414634086" lon="20.731455634981597">
				<ele>92.18448140937835</ele>
				<time>2026-06-14T14:43:13Z</time>
			</trkpt>
			<trkpt lat="47.68295612635153" lon="20.731487272768796">
				<ele>92.25362355448306</ele>
				<time>2026-06-14T14:43:15Z</time>
			</trkpt>
			<trkpt lat="47.68296163026651" lon="20.731505232433832">
				<ele>92.01627827901393</ele>
				<time>2026-06-14T14:43:17Z</time>
			</trkpt>
			<trkpt lat="47.68297215625316" lon="20.731529583829523">
				<ele>92.48884819727391</ele>
				<time>2026-06-14T14:43:19Z</time>
			</trkpt>
			<trkpt lat="47.68299605680269" lon="20.73157894663364">
				<ele>93.09935047104955</ele>
				<time>2026-06-14T14:43:22Z</time>
			</trkpt>
			<trkpt lat="47.683006339892074" lon="20.731612797247813">
				<ele>92.69308502692729</ele>
				<time>2026-06-14T14:43:24Z</time>
			</trkpt>
			<trkpt lat="47.68301635448904" lon="20.731643614007147">
				<ele>92.76992716360837</ele>
				<time>2026-06-14T14:43:26Z</time>
			</trkpt>
			<trkpt lat="47.68302573021035" lon="20.731674475835746">
				<ele>92.47369579505175</ele>
				<time>2026-06-14T14:43:28Z</time>
			</trkpt>
			<trkpt lat="47.683033827103685" lon="20.731706046556624">
				<ele>92.21803165413439</ele>
				<time>2026-06-14T14:43:30Z</time>
			</trkpt>
			<trkpt lat="47.68304322389522" lon="20.73174019036967">
				<ele>92.64847234170884</ele>
				<time>2026-06-14T14:43:32Z</time>
			</trkpt>
			<trkpt lat="47.6830525710851" lon="20.731772032686088">
				<ele>93.2412497298792</ele>
				<time>2026-06-14T14:43:34Z</time>
			</trkpt>
			<trkpt lat="47.683059529193905" lon="20.731807532014482">
				<ele>92.52335157245398</ele>
				<time>2026-06-14T14:43:36Z</time>
			</trkpt>
			<trkpt lat="47.68307466818292" lon="20.731843053096753">
				<ele>93.12720251642168</ele>
				<time>2026-06-14T14:43:39Z</time>
			</trkpt>
			<trkpt lat="47.6830824563817" lon="20.731854920126015">
				<ele>92.55962056759745</ele>
				<time>2026-06-14T14:43:41Z</time>
			</trkpt>
			<trkpt lat="47.68309400023269" lon="20.731876025306036">
				<ele>93.16756748314947</ele>
				<time>2026-06-14T14:43:43Z</time>
			</trkpt>
			<trkpt lat="47.683112012575464" lon="20.731898507267303">
				<ele>93.28993456065655</ele>
				<time>2026-06-14T14:43:45Z</time>
			</trkpt>
			<trkpt lat="47.683122569562876" lon="20.73191264817388">
				<ele>93.13354033231735</ele>
				<time>2026-06-14T14:43:47Z</time>
			</trkpt>
			<trkpt lat="47.68313040902087" lon="20.731924774764316">
				<ele>93.69931823015213</ele>
				<time>2026-06-14T14:43:49Z</time>
			</trkpt>
			<trkpt lat="47.68314644729027" lon="20.731949629442784">
				<ele>93.13536090124398</ele>
				<time>2026-06-14T14:43:51Z</time>
			</trkpt>
			<trkpt lat="47.68316439008815" lon="20.731977660016014">
				<ele>93.55027441307902</ele>
				<time>2026-06-14T14:43:53Z</time>
			</trkpt>
			<trkpt lat="47.68318146886371" lon="20.732004333565193">
				<ele>92.76952510513365</ele>
				<time>2026-06-14T14:43:55Z</time>
			</trkpt>
			<trkpt lat="47.68320001133964" lon="20.732029363921335">
				<ele>93.78458498697728</ele>
				<time>2026-06-14T14:43:57Z</time>
			</trkpt>
			<trkpt lat="47.68321651640623" lon="20.73205445917225">
				<ele>93.53535588365048</ele>
				<time>2026-06-14T14:44:00Z</time>
			</trkpt>
			<trkpt lat="47.68323208477708" lon="20.732074161249702">
				<ele>93.9996110163629</ele>
				<time>2026-06-14T14:44:02Z</time>
			</trkpt>
			<trkpt lat="47.68325227415853" lon="20.732093730170174">
				<ele>94.47200716100633</ele>
				<time>2026-06-14T14:44:04Z</time>
			</trkpt>
			<trkpt lat="47.683264944330716" lon="20.732106621175895">
				<ele>93.56191713828593</ele>
				<time>2026-06-14T14:44:06Z</time>
			</trkpt>
			<trkpt lat="47.68328187972239" lon="20.73212720498016">
				<ele>93.86606093216687</ele>
				<time>2026-06-14T14:44:08Z</time>
			</trkpt>
			<trkpt lat="47.68330313390921" lon="20.73214890189715">
				<ele>94.83369821310043</ele>
				<time>2026-06-14T14:44:10Z</time>
			</trkpt>
			<trkpt lat="47.68332500732276" lon="20.732170628863418">
				<ele>94.89150186441839</ele>
				<time>2026-06-14T14:44:12Z</time>
			</trkpt>
			<trkpt lat="47.68334608921589" lon="20.732190766191227">
				<ele>94.503448786214</ele>
				<time>2026-06-14T14:44:14Z</time>
			</trkpt>
			<trkpt lat="47.6833673035005" lon="20.732209367158607">
				<ele>94.06449592858553</ele>
				<time>2026-06-14T14:44:16Z</time>
			</trkpt>
			<trkpt lat="47.68338723569622" lon="20.732231788352852">
				<ele>93.63899493776262</ele>
				<time>2026-06-14T14:44:18Z</time>
			</trkpt>
			<trkpt lat="47.6834061887194" lon="20.73225252828873">
				<ele>93.55347290076315</ele>
				<time>2026-06-14T14:44:20Z</time>
			</trkpt>
			<trkpt lat="47.68342580547589" lon="20.732267996675603">
				<ele>93.3328774785623</ele>
				<time>2026-06-14T14:44:22Z</time>
			</trkpt>
			<trkpt lat="47.68344664600002" lon="20.73228337525371">
				<ele>93.20664452482015</ele>
				<time>2026-06-14T14:44:24Z</time>
			</trkpt>
			<trkpt lat="47.68346968790427" lon="20.732301996061473">
				<ele>93.68688234314322</ele>
				<time>2026-06-14T14:44:26Z</time>
			</trkpt>
			<trkpt lat="47.68349108008262" lon="20.73232071087624">
				<ele>93.17209097463638</ele>
				<time>2026-06-14T14:44:28Z</time>
			</trkpt>
			<trkpt lat="47.68350388921475" lon="20.732329056753997">
				<ele>93.37113460339606</ele>
				<time>2026-06-14T14:44:30Z</time>
			</trkpt>
			<trkpt lat="47.68352139727564" lon="20.732354059102427">
				<ele>92.97356039751321</ele>
				<time>2026-06-14T14:44:32Z</time>
			</trkpt>
			<trkpt lat="47.683534167219676" lon="20.732369719376372">
				<ele>93.80952446628362</ele>
				<time>2026-06-14T14:44:34Z</time>
			</trkpt>
			<trkpt lat="47.68355503312121" lon="20.73238651991356">
				<ele>93.58353429753333</ele>
				<time>2026-06-14T14:44:36Z</time>
			</trkpt>
			<trkpt lat="47.68358104080324" lon="20.732401211818825">
				<ele>93.14535511564463</ele>
				<time>2026-06-14T14:44:38Z</time>
			</trkpt>
			<trkpt lat="47.68360675841559" lon="20.732416179514903">
				<ele>92.73833191487938</ele>
				<time>2026-06-14T14:44:40Z</time>
			</trkpt>
			<trkpt lat="47.683631002222064" lon="20.73243147920805">
				<ele>92.35811897739768</ele>
				<time>2026-06-14T14:44:42Z</time>
			</trkpt>
			<trkpt lat="47.68365186135464" lon="20.7324573773156">
				<ele>92.20673719700426</ele>
				<time>2026-06-14T14:44:44Z</time>
			</trkpt>
			<trkpt lat="47.68367345196515" lon="20.732483000874254">
				<ele>91.99692667741328</ele>
				<time>2026-06-14T14:44:46Z</time>
			</trkpt>
			<trkpt lat="47.68369602909358" lon="20.732507473707596">
				<ele>91.42885282915086</ele>
				<time>2026-06-14T14:44:48Z</time>
			</trkpt>
			<trkpt lat="47.68371846750324" lon="20.73253180502869">
				<ele>90.89265981409699</ele>
				<time>2026-06-14T14:44:50Z</time>
			</trkpt>
			<trkpt lat="47.68374056054283" lon="20.732553953622734">
				<ele>90.2588969077915</ele>
				<time>2026-06-14T14:44:52Z</time>
			</trkpt>
			<trkpt lat="47.68376171352003" lon="20.732572024672407">
				<ele>90.83410054631531</ele>
				<time>2026-06-14T14:44:54Z</time>
			</trkpt>
			<trkpt lat="47.683781492317266" lon="20.732587464945787">
				<ele>91.0927011128515</ele>
				<time>2026-06-14T14:44:56Z</time>
			</trkpt>
			<trkpt lat="47.68380524319603" lon="20.732605781390713">
				<ele>91.85984701197594</ele>
				<time>2026-06-14T14:44:58Z</time>
			</trkpt>
			<trkpt lat="47.68382907047605" lon="20.732623542936935">
				<ele>91.82868431229144</ele>
				<time>2026-06-14T14:45:00Z</time>
			</trkpt>
			<trkpt lat="47.68385118088451" lon="20.73263442106961">
				<ele>92.13173470366746</ele>
				<time>2026-06-14T14:45:02Z</time>
			</trkpt>
			<trkpt lat="47.683864692380816" lon="20.732637165755392">
				<ele>92.28078730870038</ele>
				<time>2026-06-14T14:45:04Z</time>
			</trkpt>
			<trkpt lat="47.683876352219336" lon="20.732635843811657">
				<ele>92.55242715030909</ele>
				<time>2026-06-14T14:45:06Z</time>
			</trkpt>
			<trkpt lat="47.683901193529344" lon="20.732645721079184">
				<ele>92.20724533684552</ele>
				<time>2026-06-14T14:45:08Z</time>
			</trkpt>
			<trkpt lat="47.68393399710221" lon="20.732660718412454">
				<ele>92.70777777954936</ele>
				<time>2026-06-14T14:45:10Z</time>
			</trkpt>
			<trkpt lat="47.68396296176149" lon="20.73267928129131">
				<ele>92.80002671480179</ele>
				<time>2026-06-14T14:45:12Z</time>
			</trkpt>
			<trkpt lat="47.68398734107068" lon="20.73269994152102">
				<ele>92.36628258042037</ele>
				<time>2026-06-14T14:45:14Z</time>
			</trkpt>
			<trkpt lat="47.684001840824834" lon="20.732708347155956">
				<ele>92.61867631506175</ele>
				<time>2026-06-14T14:45:15Z</time>
			</trkpt>
			<trkpt lat="47.68402796210746" lon="20.732725321391925">
				<ele>92.5537268165499</ele>
				<time>2026-06-14T14:45:17Z</time>
			</trkpt>
			<trkpt lat="47.684051327390776" lon="20.73273630734136">
				<ele>92.883773249574</ele>
				<time>2026-06-14T14:45:19Z</time>
			</trkpt>
			<trkpt lat="47.684074587313226" lon="20.732749476925726">
				<ele>93.19039651472121</ele>
				<time>2026-06-14T14:45:21Z</time>
			</trkpt>
			<trkpt lat="47.68409567984943" lon="20.732761501450337">
				<ele>93.626206564717</ele>
				<time>2026-06-14T14:45:23Z</time>
			</trkpt>
			<trkpt lat="47.684107714087034" lon="20.732769940871986">
				<ele>92.9240111913532</ele>
				<time>2026-06-14T14:45:25Z</time>
			</trkpt>
			<trkpt lat="47.684127750593426" lon="20.732780279306215">
				<ele>92.8038529055193</ele>
				<time>2026-06-14T14:45:27Z</time>
			</trkpt>
			<trkpt lat="47.684151621168105" lon="20.732791502768155">
				<ele>93.58476115111262</ele>
				<time>2026-06-14T14:45:29Z</time>
			</trkpt>
			<trkpt lat="47.68417882281671" lon="20.732798717035838">
				<ele>93.65197382960469</ele>
				<time>2026-06-14T14:45:31Z</time>
			</trkpt>
			<trkpt lat="47.68420540237415" lon="20.732804072696556">
				<ele>93.20014494936913</ele>
				<time>2026-06-14T14:45:33Z</time>
			</trkpt>
			<trkpt lat="47.68423290987356" lon="20.732808069662525">
				<ele>92.72784752584994</ele>
				<time>2026-06-14T14:45:35Z</time>
			</trkpt>
			<trkpt lat="47.684258200901674" lon="20.73281375718962">
				<ele>91.79382155649364</ele>
				<time>2026-06-14T14:45:37Z</time>
			</trkpt>
			<trkpt lat="47.68428522386215" lon="20.732821632943235">
				<ele>91.56399881653488</ele>
				<time>2026-06-14T14:45:39Z</time>
			</trkpt>
			<trkpt lat="47.68431109777475" lon="20.732823330078354">
				<ele>91.43843306880444</ele>
				<time>2026-06-14T14:45:41Z</time>
			</trkpt>
			<trkpt lat="47.68433699917179" lon="20.73282526217126">
				<ele>91.76643941923976</ele>
				<time>2026-06-14T14:45:43Z</time>
			</trkpt>
			<trkpt lat="47.68436000724083" lon="20.732826130713033">
				<ele>91.39140931237489</ele>
				<time>2026-06-14T14:45:45Z</time>
			</trkpt>
			<trkpt lat="47.68438598714078" lon="20.732825418117763">
				<ele>91.32861195132136</ele>
				<time>2026-06-14T14:45:47Z</time>
			</trkpt>
			<trkpt lat="47.684413487506994" lon="20.732827263925337">
				<ele>91.32701208349317</ele>
				<time>2026-06-14T14:45:49Z</time>
			</trkpt>
			<trkpt lat="47.6844389401774" lon="20.7328288006515">
				<ele>91.70601677987725</ele>
				<time>2026-06-14T14:45:51Z</time>
			</trkpt>
			<trkpt lat="47.684464389310946" lon="20.73283693832072">
				<ele>91.79668993782252</ele>
				<time>2026-06-14T14:45:53Z</time>
			</trkpt>
			<trkpt lat="47.68448983919691" lon="20.732847264711722">
				<ele>91.77480966039002</ele>
				<time>2026-06-14T14:45:55Z</time>
			</trkpt>
			<trkpt lat="47.68451288093964" lon="20.73285986140457">
				<ele>91.06157009676099</ele>
				<time>2026-06-14T14:45:57Z</time>
			</trkpt>
			<trkpt lat="47.68453905118987" lon="20.73287231616662">
				<ele>91.55922404676676</ele>
				<time>2026-06-14T14:45:59Z</time>
			</trkpt>
			<trkpt lat="47.684564235457685" lon="20.732882487164616">
				<ele>91.26417490560561</ele>
				<time>2026-06-14T14:46:01Z</time>
			</trkpt>
			<trkpt lat="47.68458823825343" lon="20.732888615981054">
				<ele>91.52973431441933</ele>
				<time>2026-06-14T14:46:03Z</time>
			</trkpt>
			<trkpt lat="47.68461702172724" lon="20.732895683856356">
				<ele>92.39893153030425</ele>
				<time>2026-06-14T14:46:05Z</time>
			</trkpt>
			<trkpt lat="47.68464196704454" lon="20.732897787495748">
				<ele>91.84196995198727</ele>
				<time>2026-06-14T14:46:07Z</time>
			</trkpt>
			<trkpt lat="47.68466728493218" lon="20.732900122172666">
				<ele>91.85836224071681</ele>
				<time>2026-06-14T14:46:09Z</time>
			</trkpt>
			<trkpt lat="47.68469431252656" lon="20.73290157286383">
				<ele>92.25876849330962</ele>
				<time>2026-06-14T14:46:11Z</time>
			</trkpt>
			<trkpt lat="47.68472625767481" lon="20.73290345578247">
				<ele>92.19498777296394</ele>
				<time>2026-06-14T14:46:13Z</time>
			</trkpt>
			<trkpt lat="47.68474476612215" lon="20.73290563721734">
				<ele>92.28922489006072</ele>
				<time>2026-06-14T14:46:14Z</time>
			</trkpt>
			<trkpt lat="47.684782786466826" lon="20.73290321236806">
				<ele>91.38666444737464</ele>
				<time>2026-06-14T14:46:17Z</time>
			</trkpt>
			<trkpt lat="47.68480750084403" lon="20.732901067737416">
				<ele>91.95816482789814</ele>
				<time>2026-06-14T14:46:19Z</time>
			</trkpt>
			<trkpt lat="47.68483433840519" lon="20.732899096780518">
				<ele>92.68419409636408</ele>
				<time>2026-06-14T14:46:21Z</time>
			</trkpt>
			<trkpt lat="47.68485841024842" lon="20.732900277451435">
				<ele>92.39759996533394</ele>
				<time>2026-06-14T14:46:23Z</time>
			</trkpt>
			<trkpt lat="47.68488108210567" lon="20.732903796313355">
				<ele>91.904929516837</ele>
				<time>2026-06-14T14:46:25Z</time>
			</trkpt>
			<trkpt lat="47.68490221258795" lon="20.732913378835914">
				<ele>91.28667076583952</ele>
				<time>2026-06-14T14:46:27Z</time>
			</trkpt>
			<trkpt lat="47.68491317856431" lon="20.732927361027922">
				<ele>91.01514729205519</ele>
				<time>2026-06-14T14:46:29Z</time>
			</trkpt>
			<trkpt lat="47.68492175006801" lon="20.732943282672522">
				<ele>90.93841818906367</ele>
				<time>2026-06-14T14:46:32Z</time>
			</trkpt>
			<trkpt lat="47.684932411633135" lon="20.7329666996405">
				<ele>91.76523583754897</ele>
				<time>2026-06-14T14:46:33Z</time>
			</trkpt>
			<trkpt lat="47.68494565677336" lon="20.733005897669226">
				<ele>91.8423331854865</ele>
				<time>2026-06-14T14:46:35Z</time>
			</trkpt>
			<trkpt lat="47.68495496631525" lon="20.733048067837828">
				<ele>91.60072397440672</ele>
				<time>2026-06-14T14:46:37Z</time>
			</trkpt>
			<trkpt lat="47.68496081105518" lon="20.733091388686454">
				<ele>91.65885309688747</ele>
				<time>2026-06-14T14:46:39Z</time>
			</trkpt>
			<trkpt lat="47.684961934445965" lon="20.733117987210562">
				<ele>91.09466997720301</ele>
				<time>2026-06-14T14:46:41Z</time>
			</trkpt>
			<trkpt lat="47.68495921815063" lon="20.733143476386783">
				<ele>91.3717731833458</ele>
				<time>2026-06-14T14:46:42Z</time>
			</trkpt>
			<trkpt lat="47.68494824304625" lon="20.733199254324845">
				<ele>91.48667919728905</ele>
				<time>2026-06-14T14:46:45Z</time>
			</trkpt>
			<trkpt lat="47.68492505731683" lon="20.73325016967905">
				<ele>90.90503579750657</ele>
				<time>2026-06-14T14:46:48Z</time>
			</trkpt>
			<trkpt lat="47.68490644314077" lon="20.73327433786218">
				<ele>90.80454186256975</ele>
				<time>2026-06-14T14:46:50Z</time>
			</trkpt>
			<trkpt lat="47.684893546770155" lon="20.733285501757113">
				<ele>90.21707010176033</ele>
				<time>2026-06-14T14:46:52Z</time>
			</trkpt>
			<trkpt lat="47.68487760805961" lon="20.733296167309057">
				<ele>90.61924727912992</ele>
				<time>2026-06-14T14:46:53Z</time>
			</trkpt>
			<trkpt lat="47.684852296043985" lon="20.73331082986107">
				<ele>90.04497838765383</ele>
				<time>2026-06-14T14:46:55Z</time>
			</trkpt>
			<trkpt lat="47.68482612820983" lon="20.73332712660803">
				<ele>90.45849164482206</ele>
				<time>2026-06-14T14:46:57Z</time>
			</trkpt>
			<trkpt lat="47.684802001285476" lon="20.7333395843019">
				<ele>90.06520994845778</ele>
				<time>2026-06-14T14:46:59Z</time>
			</trkpt>
			<trkpt lat="47.68477519145774" lon="20.73335528975009">
				<ele>90.52599013596773</ele>
				<time>2026-06-14T14:47:01Z</time>
			</trkpt>
			<trkpt lat="47.68475277161215" lon="20.733369563056794">
				<ele>91.97447339538485</ele>
				<time>2026-06-14T14:47:03Z</time>
			</trkpt>
			<trkpt lat="47.68472967635531" lon="20.73338697542434">
				<ele>91.54699347913265</ele>
				<time>2026-06-14T14:47:05Z</time>
			</trkpt>
			<trkpt lat="47.684710701317414" lon="20.733410212494736">
				<ele>91.49315816257149</ele>
				<time>2026-06-14T14:47:07Z</time>
			</trkpt>
			<trkpt lat="47.68469159879247" lon="20.733435741342603">
				<ele>91.11925187986344</ele>
				<time>2026-06-14T14:47:09Z</time>
			</trkpt>
			<trkpt lat="47.68467600357273" lon="20.733465423967417">
				<ele>91.3103416338563</ele>
				<time>2026-06-14T14:47:11Z</time>
			</trkpt>
			<trkpt lat="47.68466548493278" lon="20.733497122123513">
				<ele>90.9574613487348</ele>
				<time>2026-06-14T14:47:13Z</time>
			</trkpt>
			<trkpt lat="47.68465497500482" lon="20.733527818507746">
				<ele>90.38417681120336</ele>
				<time>2026-06-14T14:47:15Z</time>
			</trkpt>
			<trkpt lat="47.68464646075058" lon="20.733560786843718">
				<ele>90.97599925287068</ele>
				<time>2026-06-14T14:47:17Z</time>
			</trkpt>
			<trkpt lat="47.684638864024855" lon="20.73359326420055">
				<ele>90.91953896358609</ele>
				<time>2026-06-14T14:47:19Z</time>
			</trkpt>
			<trkpt lat="47.68463577840084" lon="20.733611610840395">
				<ele>91.00861637853086</ele>
				<time>2026-06-14T14:47:21Z</time>
			</trkpt>
			<trkpt lat="47.68463417044516" lon="20.733624329307613">
				<ele>91.05384977348149</ele>
				<time>2026-06-14T14:47:23Z</time>
			</trkpt>
			<trkpt lat="47.68463123410923" lon="20.73364073078976">
				<ele>91.19112638104707</ele>
				<time>2026-06-14T14:47:26Z</time>
			</trkpt>
			<trkpt lat="47.68462686832016" lon="20.733659839872796">
				<ele>90.99317791499197</ele>
				<time>2026-06-14T14:47:29Z</time>
			</trkpt>
			<trkpt lat="47.68461341977103" lon="20.733678605033422">
				<ele>90.3958702981472</ele>
				<time>2026-06-14T14:47:34Z</time>
			</trkpt>
			<trkpt lat="47.68459711552176" lon="20.73367725973039">
				<ele>90.42790027242154</ele>
				<time>2026-06-14T14:47:40Z</time>
			</trkpt>
			<trkpt lat="47.68459346161829" lon="20.73366504320227">
				<ele>90.76541409827769</ele>
				<time>2026-06-14T14:47:42Z</time>
			</trkpt>
			<trkpt lat="47.68459843708113" lon="20.73364425312082">
				<ele>90.81172694079578</ele>
				<time>2026-06-14T14:47:43Z</time>
			</trkpt>
			<trkpt lat="47.68461142777222" lon="20.733610905326078">
				<ele>89.99374890699983</ele>
				<time>2026-06-14T14:47:45Z</time>
			</trkpt>
			<trkpt lat="47.68462803589474" lon="20.733574751974285">
				<ele>89.99379009474069</ele>
				<time>2026-06-14T14:47:47Z</time>
			</trkpt>
			<trkpt lat="47.684646405858544" lon="20.73353514619588">
				<ele>89.86784846056253</ele>
				<time>2026-06-14T14:47:49Z</time>
			</trkpt>
			<trkpt lat="47.68467073407424" lon="20.733500100219118">
				<ele>90.07299534231424</ele>
				<time>2026-06-14T14:47:51Z</time>
			</trkpt>
			<trkpt lat="47.684697857033804" lon="20.73346673474007">
				<ele>89.61260224785656</ele>
				<time>2026-06-14T14:47:53Z</time>
			</trkpt>
			<trkpt lat="47.684717766579695" lon="20.73344223522211">
				<ele>89.25290496367961</ele>
				<time>2026-06-14T14:47:55Z</time>
			</trkpt>
			<trkpt lat="47.68474112068792" lon="20.73341412442918">
				<ele>90.39886005502194</ele>
				<time>2026-06-14T14:47:57Z</time>
			</trkpt>
			<trkpt lat="47.68476452476996" lon="20.733384042845604">
				<ele>90.31256336346269</ele>
				<time>2026-06-14T14:47:59Z</time>
			</trkpt>
			<trkpt lat="47.6847871836871" lon="20.733361213143375">
				<ele>89.7777078859508</ele>
				<time>2026-06-14T14:48:01Z</time>
			</trkpt>
			<trkpt lat="47.68481369928503" lon="20.733335994852055">
				<ele>89.80371946189553</ele>
				<time>2026-06-14T14:48:03Z</time>
			</trkpt>
			<trkpt lat="47.684840328742716" lon="20.733313387047534">
				<ele>89.96450007054955</ele>
				<time>2026-06-14T14:48:05Z</time>
			</trkpt>
			<trkpt lat="47.68486304400537" lon="20.733287657722173">
				<ele>89.99907878786325</ele>
				<time>2026-06-14T14:48:07Z</time>
			</trkpt>
			<trkpt lat="47.68488328959455" lon="20.733260337954565">
				<ele>89.71412195917219</ele>
				<time>2026-06-14T14:48:09Z</time>
			</trkpt>
			<trkpt lat="47.68490931463716" lon="20.73323367536871">
				<ele>89.6977050434798</ele>
				<time>2026-06-14T14:48:11Z</time>
			</trkpt>
			<trkpt lat="47.68492959559153" lon="20.733201069666993">
				<ele>91.54483590554446</ele>
				<time>2026-06-14T14:48:13Z</time>
			</trkpt>
			<trkpt lat="47.68494600954164" lon="20.73316715042301">
				<ele>92.23265283368528</ele>
				<time>2026-06-14T14:48:15Z</time>
			</trkpt>
			<trkpt lat="47.6849588965448" lon="20.73312955905859">
				<ele>91.58403916936368</ele>
				<time>2026-06-14T14:48:17Z</time>
			</trkpt>
			<trkpt lat="47.684973725470975" lon="20.733092931094053">
				<ele>91.48862566240132</ele>
				<time>2026-06-14T14:48:19Z</time>
			</trkpt>
			<trkpt lat="47.6849886680275" lon="20.73305901191555">
				<ele>92.28895772714168</ele>
				<time>2026-06-14T14:48:21Z</time>
			</trkpt>
			<trkpt lat="47.68499200713638" lon="20.73302584531713">
				<ele>92.01133424788713</ele>
				<time>2026-06-14T14:48:23Z</time>
			</trkpt>
			<trkpt lat="47.68500401552996" lon="20.73299426438085">
				<ele>92.43277656659484</ele>
				<time>2026-06-14T14:48:25Z</time>
			</trkpt>
			<trkpt lat="47.68501699179162" lon="20.73297485843341">
				<ele>91.70961473789066</ele>
				<time>2026-06-14T14:48:28Z</time>
			</trkpt>
			<trkpt lat="47.6850306490987" lon="20.73296754383039">
				<ele>91.52156209014356</ele>
				<time>2026-06-14T14:48:29Z</time>
			</trkpt>
			<trkpt lat="47.685053383592845" lon="20.7329516867781">
				<ele>90.94742604345083</ele>
				<time>2026-06-14T14:48:31Z</time>
			</trkpt>
			<trkpt lat="47.685082976713105" lon="20.73293919550223">
				<ele>91.22746893856674</ele>
				<time>2026-06-14T14:48:33Z</time>
			</trkpt>
			<trkpt lat="47.68511066459651" lon="20.73292530101034">
				<ele>91.45271272119135</ele>
				<time>2026-06-14T14:48:35Z</time>
			</trkpt>
			<trkpt lat="47.68513695173215" lon="20.732911076526438">
				<ele>92.57704111374915</ele>
				<time>2026-06-14T14:48:37Z</time>
			</trkpt>
			<trkpt lat="47.685169165751766" lon="20.732895013427587">
				<ele>91.99797802604735</ele>
				<time>2026-06-14T14:48:39Z</time>
			</trkpt>
			<trkpt lat="47.68519791204263" lon="20.732882345882707">
				<ele>92.27504416182637</ele>
				<time>2026-06-14T14:48:41Z</time>
			</trkpt>
			<trkpt lat="47.68522128351232" lon="20.732875715709426">
				<ele>91.61619815696031</ele>
				<time>2026-06-14T14:48:43Z</time>
			</trkpt>
			<trkpt lat="47.68523413970771" lon="20.73287046402051">
				<ele>91.60191713180393</ele>
				<time>2026-06-14T14:48:44Z</time>
			</trkpt>
			<trkpt lat="47.68525946692427" lon="20.73286188279637">
				<ele>91.0998001024127</ele>
				<time>2026-06-14T14:48:46Z</time>
			</trkpt>
			<trkpt lat="47.68528418399799" lon="20.73285239194461">
				<ele>90.61156362760812</ele>
				<time>2026-06-14T14:48:48Z</time>
			</trkpt>
			<trkpt lat="47.685309360029265" lon="20.732841813724445">
				<ele>91.49837485793978</ele>
				<time>2026-06-14T14:48:50Z</time>
			</trkpt>
			<trkpt lat="47.68533298805918" lon="20.732830509551547">
				<ele>91.57689053285867</ele>
				<time>2026-06-14T14:48:52Z</time>
			</trkpt>
			<trkpt lat="47.68534869855116" lon="20.732825521138693">
				<ele>91.60165363922715</ele>
				<time>2026-06-14T14:48:53Z</time>
			</trkpt>
			<trkpt lat="47.685373473509394" lon="20.73281485325202">
				<ele>91.25516769569367</ele>
				<time>2026-06-14T14:48:55Z</time>
			</trkpt>
			<trkpt lat="47.68540301938761" lon="20.73280615444504">
				<ele>91.11734064482152</ele>
				<time>2026-06-14T14:48:57Z</time>
			</trkpt>
			<trkpt lat="47.68543328796417" lon="20.73279560485253">
				<ele>91.1003594910726</ele>
				<time>2026-06-14T14:48:59Z</time>
			</trkpt>
			<trkpt lat="47.68545991016221" lon="20.732782616920293">
				<ele>91.06061537470669</ele>
				<time>2026-06-14T14:49:01Z</time>
			</trkpt>
			<trkpt lat="47.68548763708074" lon="20.732770354740733">
				<ele>90.77911723405123</ele>
				<time>2026-06-14T14:49:03Z</time>
			</trkpt>
			<trkpt lat="47.68551640815475" lon="20.732768693774517">
				<ele>90.29115592874587</ele>
				<time>2026-06-14T14:49:05Z</time>
			</trkpt>
			<trkpt lat="47.68553888796393" lon="20.73276021697205">
				<ele>90.68352925311774</ele>
				<time>2026-06-14T14:49:07Z</time>
			</trkpt>
			<trkpt lat="47.685554743280306" lon="20.73274492319435">
				<ele>90.88833256438375</ele>
				<time>2026-06-14T14:49:09Z</time>
			</trkpt>
			<trkpt lat="47.68557349942038" lon="20.732733391610605">
				<ele>90.87702049780637</ele>
				<time>2026-06-14T14:49:11Z</time>
			</trkpt>
			<trkpt lat="47.685596766453976" lon="20.7327286415238">
				<ele>90.89899941254407</ele>
				<time>2026-06-14T14:49:13Z</time>
			</trkpt>
			<trkpt lat="47.68562031623099" lon="20.732725264830062">
				<ele>91.5792525941506</ele>
				<time>2026-06-14T14:49:15Z</time>
			</trkpt>
			<trkpt lat="47.68565494064766" lon="20.73272509685614">
				<ele>91.56229477841407</ele>
				<time>2026-06-14T14:49:18Z</time>
			</trkpt>
			<trkpt lat="47.685667861140544" lon="20.732724139587">
				<ele>91.32767214160413</ele>
				<time>2026-06-14T14:49:20Z</time>
			</trkpt>
			<trkpt lat="47.6856915535518" lon="20.732734725641958">
				<ele>91.53648434579372</ele>
				<time>2026-06-14T14:49:22Z</time>
			</trkpt>
			<trkpt lat="47.68570859095342" lon="20.732742935635446">
				<ele>90.89744854345918</ele>
				<time>2026-06-14T14:49:24Z</time>
			</trkpt>
			<trkpt lat="47.685720505436315" lon="20.732750335195835">
				<ele>90.68950730841607</ele>
				<time>2026-06-14T14:49:26Z</time>
			</trkpt>
			<trkpt lat="47.68573855246722" lon="20.732759944427634">
				<ele>90.7734726909548</ele>
				<time>2026-06-14T14:49:27Z</time>
			</trkpt>
			<trkpt lat="47.685764283896425" lon="20.732772801003456">
				<ele>90.95217033755034</ele>
				<time>2026-06-14T14:49:29Z</time>
			</trkpt>
			<trkpt lat="47.68579435765073" lon="20.732789198561605">
				<ele>91.26604946795851</ele>
				<time>2026-06-14T14:49:31Z</time>
			</trkpt>
			<trkpt lat="47.68582067050978" lon="20.73280581858674">
				<ele>91.12837654910982</ele>
				<time>2026-06-14T14:49:33Z</time>
			</trkpt>
			<trkpt lat="47.68584427715014" lon="20.732824075530488">
				<ele>91.03390492498875</ele>
				<time>2026-06-14T14:49:35Z</time>
			</trkpt>
			<trkpt lat="47.68586937541069" lon="20.732841366640077">
				<ele>91.53557567391545</ele>
				<time>2026-06-14T14:49:37Z</time>
			</trkpt>
			<trkpt lat="47.685893347363425" lon="20.732856300753138">
				<ele>91.3490396514535</ele>
				<time>2026-06-14T14:49:39Z</time>
			</trkpt>
			<trkpt lat="47.685916126915735" lon="20.73287062052614">
				<ele>91.4167843600735</ele>
				<time>2026-06-14T14:49:41Z</time>
			</trkpt>
			<trkpt lat="47.68592825295107" lon="20.732881170199803">
				<ele>91.8390082269907</ele>
				<time>2026-06-14T14:49:43Z</time>
			</trkpt>
			<trkpt lat="47.685939546361965" lon="20.73288799942606">
				<ele>91.07588747143745</ele>
				<time>2026-06-14T14:49:46Z</time>
			</trkpt>
			<trkpt lat="47.685952643166985" lon="20.732891527501227">
				<ele>90.42115260381252</ele>
				<time>2026-06-14T14:49:49Z</time>
			</trkpt>
			<trkpt lat="47.68596664674575" lon="20.73289649549568">
				<ele>91.07590252906084</ele>
				<time>2026-06-14T14:49:51Z</time>
			</trkpt>
			<trkpt lat="47.68598339629478" lon="20.732902516520618">
				<ele>91.47396347206086</ele>
				<time>2026-06-14T14:49:54Z</time>
			</trkpt>
			<trkpt lat="47.68599829631722" lon="20.73291085925195">
				<ele>91.3949612537399</ele>
				<time>2026-06-14T14:49:56Z</time>
			</trkpt>
			<trkpt lat="47.686029494355076" lon="20.732920853783213">
				<ele>91.3061979515478</ele>
				<time>2026-06-14T14:49:59Z</time>
			</trkpt>
			<trkpt lat="47.68605540819835" lon="20.732929145709534">
				<ele>90.63613287638873</ele>
				<time>2026-06-14T14:50:02Z</time>
			</trkpt>
			<trkpt lat="47.68607332589664" lon="20.73293337284617">
				<ele>90.268514694646</ele>
				<time>2026-06-14T14:50:05Z</time>
			</trkpt>
			<trkpt lat="47.68608999183197" lon="20.732930774678675">
				<ele>90.64541046600789</ele>
				<time>2026-06-14T14:50:08Z</time>
			</trkpt>
			<trkpt lat="47.68610756045602" lon="20.732920507894047">
				<ele>90.17568753194064</ele>
				<time>2026-06-14T14:50:11Z</time>
			</trkpt>
			<trkpt lat="47.686142880731424" lon="20.732882148207224">
				<ele>91.51137230824679</ele>
				<time>2026-06-14T14:50:25Z</time>
			</trkpt>
			<trkpt lat="47.68618643811264" lon="20.73283229535839">
				<ele>91.8968805167824</ele>
				<time>2026-06-14T14:50:35Z</time>
			</trkpt>
			<trkpt lat="47.68619461762517" lon="20.73281675484436">
				<ele>91.83148203790188</ele>
				<time>2026-06-14T14:50:38Z</time>
			</trkpt>
			<trkpt lat="47.68619736709955" lon="20.732804884936368">
				<ele>91.72447985969484</ele>
				<time>2026-06-14T14:50:40Z</time>
			</trkpt>
			<trkpt lat="47.68620643811521" lon="20.732784395925922">
				<ele>91.30533499643207</ele>
				<time>2026-06-14T14:50:43Z</time>
			</trkpt>
			<trkpt lat="47.686217014562395" lon="20.732765956602737">
				<ele>91.60464763082564</ele>
				<time>2026-06-14T14:50:45Z</time>
			</trkpt>
			<trkpt lat="47.68622996289915" lon="20.732754495929324">
				<ele>91.46652672439814</ele>
				<time>2026-06-14T14:50:47Z</time>
			</trkpt>
			<trkpt lat="47.68624970768626" lon="20.73275826930307">
				<ele>91.04371309280396</ele>
				<time>2026-06-14T14:50:58Z</time>
			</trkpt>
			<trkpt lat="47.68624996888531" lon="20.73277414185235">
				<ele>90.26578953024</ele>
				<time>2026-06-14T14:51:01Z</time>
			</trkpt>
			<trkpt lat="47.686243162692335" lon="20.732782898398526">
				<ele>90.30720942467451</ele>
				<time>2026-06-14T14:51:03Z</time>
			</trkpt>
			<trkpt lat="47.68623330747295" lon="20.732799644574275">
				<ele>90.14524088799953</ele>
				<time>2026-06-14T14:51:05Z</time>
			</trkpt>
			<trkpt lat="47.686222014177886" lon="20.732832751267196">
				<ele>89.37179300095886</ele>
				<time>2026-06-14T14:51:07Z</time>
			</trkpt>
			<trkpt lat="47.686191780170475" lon="20.732879436526805">
				<ele>90.77502254489809</ele>
				<time>2026-06-14T14:51:17Z</time>
			</trkpt>
			<trkpt lat="47.686175501414276" lon="20.73285558355325">
				<ele>91.27449671085924</ele>
				<time>2026-06-14T14:51:29Z</time>
			</trkpt>
			<trkpt lat="47.68618429603261" lon="20.732833930008386">
				<ele>90.68407179508358</ele>
				<time>2026-06-14T14:51:37Z</time>
			</trkpt>
			<trkpt lat="47.68619598549591" lon="20.73281030548655">
				<ele>90.44609363749623</ele>
				<time>2026-06-14T14:51:38Z</time>
			</trkpt>
			<trkpt lat="47.68620760173885" lon="20.73278832217169">
				<ele>90.3616616083309</ele>
				<time>2026-06-14T14:51:39Z</time>
			</trkpt>
			<trkpt lat="47.686226947831116" lon="20.73274807243762">
				<ele>89.60302286408842</ele>
				<time>2026-06-14T14:51:42Z</time>
			</trkpt>
			<trkpt lat="47.686246158390745" lon="20.732724241763865">
				<ele>91.40016768034548</ele>
				<time>2026-06-14T14:51:44Z</time>
			</trkpt>
			<trkpt lat="47.686268925171895" lon="20.732719481508216">
				<ele>91.47003702167422</ele>
				<time>2026-06-14T14:51:49Z</time>
			</trkpt>
			<trkpt lat="47.68626117424107" lon="20.732740053498663">
				<ele>90.36885630339384</ele>
				<time>2026-06-14T14:51:51Z</time>
			</trkpt>
			<trkpt lat="47.686243948820454" lon="20.73278133413226">
				<ele>91.60259635746479</ele>
				<time>2026-06-14T14:52:00Z</time>
			</trkpt>
			<trkpt lat="47.68623449045135" lon="20.73280831648728">
				<ele>92.29637052770704</ele>
				<time>2026-06-14T14:52:04Z</time>
			</trkpt>
			<trkpt lat="47.686222995602726" lon="20.73283062608294">
				<ele>90.77617927920073</ele>
				<time>2026-06-14T14:52:11Z</time>
			</trkpt>
			<trkpt lat="47.68621227952962" lon="20.732836653921545">
				<ele>90.23015539254993</ele>
				<time>2026-06-14T14:52:13Z</time>
			</trkpt>
			<trkpt lat="47.68619610383781" lon="20.732829042275384">
				<ele>89.22622113395482</ele>
				<time>2026-06-14T14:52:16Z</time>
			</trkpt>
			<trkpt lat="47.686171122039205" lon="20.73282482270038">
				<ele>92.83140256721526</ele>
				<time>2026-06-14T14:53:46Z</time>
			</trkpt>
			<trkpt lat="47.68617035181014" lon="20.73284344544141">
				<ele>91.90652077179402</ele>
				<time>2026-06-14T14:53:57Z</time>
			</trkpt>
			<trkpt lat="47.68617566616286" lon="20.732802342962195">
				<ele>91.65633376222104</ele>
				<time>2026-06-14T14:54:33Z</time>
			</trkpt>
			<trkpt lat="47.686167114448175" lon="20.732798226958217">
				<ele>91.86626913957298</ele>
				<time>2026-06-14T14:54:36Z</time>
			</trkpt>
			<trkpt lat="47.68615936432546" lon="20.732809176915243">
				<ele>91.58323080278933</ele>
				<time>2026-06-14T14:54:42Z</time>
			</trkpt>
			<trkpt lat="47.686160668221746" lon="20.732824657545095">
				<ele>91.03910105489194</ele>
				<time>2026-06-14T14:54:48Z</time>
			</trkpt>
			<trkpt lat="47.686159791602684" lon="20.732852688995788">
				<ele>90.67949443589896</ele>
				<time>2026-06-14T14:55:00Z</time>
			</trkpt>
			<trkpt lat="47.68616269806407" lon="20.73285469849069">
				<ele>90.69946979079396</ele>
				<time>2026-06-14T14:55:13Z</time>
			</trkpt>
			<trkpt lat="47.68617089785375" lon="20.732841097604624">
				<ele>90.69160481356084</ele>
				<time>2026-06-14T14:55:22Z</time>
			</trkpt>
			<trkpt lat="47.686183157078695" lon="20.732824371444885">
				<ele>92.43510740902275</ele>
				<time>2026-06-14T14:55:25Z</time>
			</trkpt>
			<trkpt lat="47.686191205413856" lon="20.732804475441917">
				<ele>92.36918014101684</ele>
				<time>2026-06-14T14:55:28Z</time>
			</trkpt>
			<trkpt lat="47.68620669396759" lon="20.732781711381353">
				<ele>92.05994727369398</ele>
				<time>2026-06-14T14:55:29Z</time>
			</trkpt>
			<trkpt lat="47.68622516962004" lon="20.73275753322876">
				<ele>91.9775757798925</ele>
				<time>2026-06-14T14:55:32Z</time>
			</trkpt>
			<trkpt lat="47.68623814086549" lon="20.73273906056333">
				<ele>91.0522902160883</ele>
				<time>2026-06-14T14:55:38Z</time>
			</trkpt>
			<trkpt lat="47.686249094984376" lon="20.732713192533783">
				<ele>90.01691209897399</ele>
				<time>2026-06-14T14:55:43Z</time>
			</trkpt>
			<trkpt lat="47.686270248092534" lon="20.732694881086836">
				<ele>90.41469069756567</ele>
				<time>2026-06-14T14:55:45Z</time>
			</trkpt>
			<trkpt lat="47.68629715647421" lon="20.732697877341568">
				<ele>90.83920904994011</ele>
				<time>2026-06-14T14:55:47Z</time>
			</trkpt>
			<trkpt lat="47.68631311980017" lon="20.732708182146563">
				<ele>91.15121792629361</ele>
				<time>2026-06-14T14:55:49Z</time>
			</trkpt>
			<trkpt lat="47.68632410207491" lon="20.73271949778252">
				<ele>91.73068263102323</ele>
				<time>2026-06-14T14:55:51Z</time>
			</trkpt>
			<trkpt lat="47.68634330515983" lon="20.73274221133357">
				<ele>91.89271521754563</ele>
				<time>2026-06-14T14:55:53Z</time>
			</trkpt>
			<trkpt lat="47.68636565037774" lon="20.732773941912846">
				<ele>92.22680388763547</ele>
				<time>2026-06-14T14:55:55Z</time>
			</trkpt>
			<trkpt lat="47.68638333283387" lon="20.73280935794007">
				<ele>91.81814656499773</ele>
				<time>2026-06-14T14:55:57Z</time>
			</trkpt>
			<trkpt lat="47.6863940543128" lon="20.73282951057886">
				<ele>91.40344510786235</ele>
				<time>2026-06-14T14:55:59Z</time>
			</trkpt>
			<trkpt lat="47.68641413597679" lon="20.732844984466563">
				<ele>91.3023767862469</ele>
				<time>2026-06-14T14:56:01Z</time>
			</trkpt>
			<trkpt lat="47.68644333416583" lon="20.732857649122156">
				<ele>91.19832301326096</ele>
				<time>2026-06-14T14:56:03Z</time>
			</trkpt>
			<trkpt lat="47.686472266708876" lon="20.73285853820302">
				<ele>91.15410461649299</ele>
				<time>2026-06-14T14:56:05Z</time>
			</trkpt>
			<trkpt lat="47.68649414023736" lon="20.732854065202186">
				<ele>91.43305101618171</ele>
				<time>2026-06-14T14:56:08Z</time>
			</trkpt>
			<trkpt lat="47.686502017367694" lon="20.732841635996614">
				<ele>91.71632767096162</ele>
				<time>2026-06-14T14:56:10Z</time>
			</trkpt>
			<trkpt lat="47.6865114224566" lon="20.73282232123335">
				<ele>92.06432893592864</ele>
				<time>2026-06-14T14:56:12Z</time>
			</trkpt>
			<trkpt lat="47.68651885903161" lon="20.732796983008377">
				<ele>91.9278773413971</ele>
				<time>2026-06-14T14:56:14Z</time>
			</trkpt>
			<trkpt lat="47.686522809992084" lon="20.7327658950062">
				<ele>91.48365749232471</ele>
				<time>2026-06-14T14:56:16Z</time>
			</trkpt>
			<trkpt lat="47.686547159499014" lon="20.732725528891777">
				<ele>90.25809365976602</ele>
				<time>2026-06-14T14:56:43Z</time>
			</trkpt>
			<trkpt lat="47.68653879986149" lon="20.73270380489218">
				<ele>92.13768216688186</ele>
				<time>2026-06-14T14:57:14Z</time>
			</trkpt>
			<trkpt lat="47.686529909570986" lon="20.73270999731526">
				<ele>92.50520792137831</ele>
				<time>2026-06-14T14:57:21Z</time>
			</trkpt>
			<trkpt lat="47.68652624939852" lon="20.73272479534675">
				<ele>92.96235702000558</ele>
				<time>2026-06-14T14:57:24Z</time>
			</trkpt>
			<trkpt lat="47.686538500966876" lon="20.73274074249782">
				<ele>92.3395840479061</ele>
				<time>2026-06-14T14:57:43Z</time>
			</trkpt>
			<trkpt lat="47.6865441231779" lon="20.732727893566434">
				<ele>92.25305244140327</ele>
				<time>2026-06-14T14:57:47Z</time>
			</trkpt>
			<trkpt lat="47.68654410926335" lon="20.732735329937146">
				<ele>91.22361740935594</ele>
				<time>2026-06-14T14:57:52Z</time>
			</trkpt>
			<trkpt lat="47.68653611313763" lon="20.73273728329112">
				<ele>91.53935818653554</ele>
				<time>2026-06-14T14:57:56Z</time>
			</trkpt>
			<trkpt lat="47.68654163969078" lon="20.73273414565619">
				<ele>91.7939349738881</ele>
				<time>2026-06-14T14:58:15Z</time>
			</trkpt>
			<trkpt lat="47.686535584739836" lon="20.7327395610113">
				<ele>95.16755343601108</ele>
				<time>2026-06-14T14:58:22Z</time>
			</trkpt>
			<trkpt lat="47.68652574653186" lon="20.732746439161783">
				<ele>94.67449766397476</ele>
				<time>2026-06-14T14:58:28Z</time>
			</trkpt>
			<trkpt lat="47.6865344304278" lon="20.732747812263774">
				<ele>97.45620839949697</ele>
				<time>2026-06-14T14:58:51Z</time>
			</trkpt>
			<trkpt lat="47.686532064541595" lon="20.73276297985836">
				<ele>99.00350771471858</ele>
				<time>2026-06-14T14:58:58Z</time>
			</trkpt>
			<trkpt lat="47.68653454957421" lon="20.732759316298285">
				<ele>97.7725206464529</ele>
				<time>2026-06-14T14:59:00Z</time>
			</trkpt>
		</trkseg>
	</trk>
</gpx>
